invoice_id,text_source,ocr_confidence,vendor_tax_id,vendor_name,invoice_number,po_number,invoice_date,due_date,terms_days,total,subtotal,tax,currency,is_credit_memo
AP-0000003,pdf_text,,TX-0002-28786,Cobalt Services LLC,INV-0002-000003,PO-252098,2025-11-30,2025-12-15,15.0,1529.87,1296.5,233.37,INR,False
AP-0000007,pdf_text,,TX-0051-19602,Summit Digital Ltd.,,,,,,,,,,False
AP-0000013,pdf_text,,TX-0038-45747,Beacon Analytics Ltd.,INV-0038-000013,PO-251181,2025-12-14,2026-01-13,30.0,11288.59,11288.59,0.0,USD,False
AP-0000018,ocr,95.80851855555555,TX-0054-19609,Crescent Logistics LLC,INV-0054-000018,,2025-12-11,2026-01-10,30.0,7634.58,7052.73,581.85,USD,False
AP-0000023,pdf_text,,TX-0024-91040,Evergreen Solutions Inc.,INV-0024-000023,PO-251951,2025-12-02,2025-12-17,15.0,8498.14,7023.26,1474.88,EUR,False
AP-0000034,pdf_text,,TX-0117-90487,Atlas Consulting LLC,INV-0117-000034,PO-251552,2025-12-07,2026-01-06,30.0,3620.49,3448.09,172.4,CAD,False
AP-0000040,ocr,95.34360808536586,TX-0042-54837,Summit Systems LLC,PO-250763,INV-0042-000040,2025-12-06,,60.0,7099.41,7099.41,0.0,USD,False
AP-0000042,pdf_text,,TX-0086-70653,Summit Systems LLC,INV-0086-000042,PO-251219,2025-11-29,2026-01-13,45.0,14654.26,13537.42,1116.84,USD,False
AP-0000051,pdf_text,,TX-0049-19644,Harbor Resources LLC,INV-0049-000051,PO-250477,2025-12-26,2026-01-25,30.0,3937.53,3254.16,683.37,EUR,False
AP-0000054,pdf_text,,TX-0064-39165,Oakmont Supply Ltd.,INV-0064-000054,PO-251149,2025-12-20,2026-01-19,30.0,1098.23,1045.93,52.3,CAD,False
AP-0000059,pdf_text,,TX-0066-17224,Stonebridge Networks Ltd.,INV-0066-000059,PO-251322,2025-12-02,2026-01-01,30.0,4821.64,4821.64,0.0,USD,False
AP-0000064,pdf_text,,TX-0120-96327,Oakmont Advisors Group,INV-0120-000064,PO-250803,2025-12-27,2026-01-26,30.0,3935.02,3747.64,187.38,CAD,False
AP-0000067,ocr,95.75916736486485,TX-0002-28786,Cobalt Services LLC,INV-0002-000067,PO-252098,2025-12-13,2025-12-28,15.0,4356.78,,,INR,False
AP-0000080,pdf_text,,TX-0135-50499,Summit Systems LLC,INV-0135-000080,PO-252090,2025-12-01,2025-12-31,30.0,12502.96,11550.08,952.88,USD,False
AP-0000085,pdf_text,,TX-0059-74622,Pioneer Solutions Group,INV-0059-000085,PO-251823,2025-11-21,2026-01-05,45.0,6414.76,5925.88,488.88,USD,False
AP-0000093,pdf_text,,TX-0115-48708,Ironwood Services Group,INV-0115-000093,PO-251686,2025-12-24,2026-01-08,15.0,49674.06,41052.94,8621.12,EUR,False
AP-0000102,pdf_text,,TX-0029-56211,Crescent Technologies LLC,INV-0029-000102,PO-252327,2025-12-12,2025-12-27,15.0,1623.83,1500.07,123.76,USD,False
AP-0000118,pdf_text,,TX-0037-24439,Redwood Supply LLC,INV-0037-000118,PO-250349,2025-11-19,2025-12-19,30.0,5951.79,4918.83,1032.96,EUR,False
AP-0000134,pdf_text,,TX-0109-51449,Blue Ridge Analytics LLC,INV-0109-000134,PO-250657,2025-12-10,2026-01-09,30.0,47597.55,47597.55,0.0,USD,False
AP-0000139,pdf_text,,TX-0113-54591,Stonebridge Logistics Inc.,INV-0113-000139,PO-250700,2025-12-11,2025-12-26,15.0,8108.28,6701.06,1407.22,EUR,False
AP-0000140,pdf_text,,TX-0013-11961,Atlas Services LLC,INV-0013-000140,PO-252035,2025-12-17,2026-01-31,45.0,8219.14,8219.14,0.0,USD,False
AP-0000165,pdf_text,,TX-0003-12255,Cobalt Technologies Group,INV-0003-000165,PO-252174,2025-12-20,2026-01-19,30.0,3486.6,2881.49,605.11,EUR,False
AP-0000166,pdf_text,,TX-0097-36111,Clearview Analytics Ltd.,INV-0097-000166,PO-251096,2025-11-19,2026-01-03,45.0,19939.83,16616.53,3323.3,GBP,False
AP-0000168,pdf_text,,TX-0067-45894,Summit Systems LLC,INV-0067-000168,PO-251285,2025-12-16,2026-01-15,30.0,30389.27,30389.27,0.0,USD,False
AP-0000183,pdf_text,,TX-0107-50949,Silverline Advisors Inc.,INV-0107-000183,PO-251453,2025-11-18,2026-01-17,60.0,71956.68,66472.68,5484.0,USD,False
AP-0000184,pdf_text,,TX-0113-54591,Stonebridge Logistics Inc.,INV-0113-000184,PO-250032,2025-11-19,2026-01-03,45.0,6587.89,5444.54,1143.35,EUR,False
AP-0000188,ocr,95.9239062857143,TX-0106-56495,Oakmont Analytics Inc.,INV-0106-000188,PO-250953,2025-12-21,2026-02-04,45.0,7693.09,7693.09,0.0,USD,False
AP-0000190,pdf_text,,TX-0063-67062,Copperfield Systems Inc.,,,,,,,,4126.05,,False
AP-0000193,ocr,95.47577665671643,TX-0060-58175,Clearview Solutions LLC,INV-0060-000193,PO-250118,2025-11-22,2025-12-07,15.0,20669.34,,,USD,True
AP-0000204,pdf_text,,TX-0029-56211,Crescent Technologies LLC,INV-0029-000204,PO-251337,2025-12-02,2026-01-16,45.0,9809.37,9061.77,747.6,USD,False
AP-0000231,pdf_text,,TX-0014-36758,Summit Logistics Group,,,,,,,,,,False
AP-0000252,pdf_text,,TX-0087-76038,Atlas Digital Ltd.,INV-0087-000252,PO-250906,2025-12-14,2025-12-29,15.0,5976.88,4939.57,1037.31,EUR,False
AP-0000254,pdf_text,,TX-0077-86128,Beacon Solutions LLC,INV-0077-000254,PO-250560,2025-11-28,2025-12-28,30.0,9656.15,9656.15,0.0,USD,True
AP-0000257,pdf_text,,TX-0092-15472,Summit Resources Group,INV-0092-000257,PO-252031,2025-12-01,2025-12-16,15.0,6454.17,6454.17,0.0,USD,False
AP-0000261,ocr,95.1737109230769,TX-0100-21510,Summit Logistics Inc.,,,,,,,,,,False
AP-0000266,ocr,91.59921561038959,TX-0037-24439,Redwood Supply LLC,INV-0037-000266,PO-250507,,2026-01-13,30.0,253.29,209.33,43.96,EUR,False
AP-0000270,pdf_text,,TX-0090-82710,Summit Systems LLC,INV-0090-000270,PO-252340,2025-12-10,2026-01-24,45.0,982.22,982.22,0.0,USD,False
AP-0000274,pdf_text,,TX-0118-10046,Stonebridge Logistics Ltd.,INV-0118-000274,PO-250721,2025-12-01,2025-12-31,30.0,4030.79,3723.59,307.2,USD,False
AP-0000286,pdf_text,,TX-0078-49721,Crescent Networks Ltd.,INV-0078-000286,PO-250071,2025-11-17,2025-12-17,30.0,65118.14,65118.14,0.0,USD,False
AP-0000287,pdf_text,,TX-0115-48708,Ironwood Services Group,INV-0115-000287,PO-251488,2025-12-20,2026-01-04,15.0,3879.08,3205.85,673.23,EUR,False
AP-0000293,pdf_text,,TX-0093-95568,Summit Systems LLC,INV-0093-000293,PO-250172,2025-11-29,2025-12-14,15.0,3094.42,2858.59,235.83,USD,False
AP-0000296,pdf_text,,TX-0092-15472,Summit Resources Group,INV-0092-000296,PO-251894,2025-12-05,2025-12-20,15.0,6316.07,6316.07,0.0,USD,False
AP-0000298,pdf_text,,TX-0002-28786,Cobalt Services LLC,INV-0002-000298,PO-252334,2025-11-30,2025-12-15,15.0,10594.37,8828.64,1765.73,GBP,False
AP-0000300,pdf_text,,TX-0005-88178,Atlas Resources Inc.,INV-0005-000300,PO-251279,2025-11-30,2025-12-30,30.0,10248.05,10248.05,0.0,USD,False
AP-0000317,pdf_text,,TX-0037-24439,Redwood Supply LLC,INV-0037-000317,PO-250737,2025-11-17,2025-12-17,30.0,6674.21,5515.88,1158.33,EUR,False
AP-0000328,ocr,95.36589285365854,TX-0034-94278,Summit Systems LLC,INV-0034-000328,PO-250491,2025-12-14,2026-01-13,30.0,11930.52,11930.52,0.0,USD,False
AP-0000333,pdf_text,,TX-0118-10046,Stonebridge Logistics Ltd.,INV-0118-000333,PO-251084,2025-12-22,2026-01-21,30.0,4446.53,4107.65,338.88,USD,False
AP-0000343,pdf_text,,TX-0001-43105,Evergreen Consulting Group,INV-0001-000343,PO-252366,2025-12-05,2026-01-04,30.0,3285.85,2784.62,501.23,INR,False
AP-0000356,pdf_text,,TX-0012-74674,Oakmont Technologies LLC,INV-0012-000356,PO-250668,2025-12-09,2026-01-08,30.0,6847.66,6847.66,0.0,USD,False
AP-0000358,pdf_text,,TX-0053-42836,Oakmont Supply Group,INV-0053-000358,PO-251722,2025-12-23,2026-01-22,30.0,2040.53,1872.05,168.48,SGD,False
AP-0000374,ocr,94.30601289411764,TX-0011-62098,Summit Systems LLC,INV-001,1-000374,2025-12-16,2026-01-15,30.0,10593.73,10593.73,0.0,USD,False
AP-0000378,ocr,95.1093671625,TX-0061-83099,Copperfield Services Inc.,INV-0061-000378,PO-252301,2025-12-17,2026-01-16,30.0,14118.68,14118.68,0.0,USD,False
AP-0000379,pdf_text,,TX-0115-48708,Ironwood Services Group,INV-0115-000379,PO-251488,2025-12-19,2026-01-03,15.0,2329.43,1925.15,404.28,EUR,False
AP-0000390,ocr,85.64933930612244,TX-0063-67062,Copperfield Systems Inc.,,,,,,,,213.76,,False
AP-0000395,pdf_text,,TX-0115-48708,Ironwood Services Group,INV-0115-000395,PO-250010,2025-12-21,2026-01-05,15.0,2975.86,2459.39,516.47,EUR,False
AP-0000413,ocr,94.92175285882354,TX-0010-16923,Blue Ridge Supply LLC,INV-0010-000413,PO-250985,2025-12-11,2026-02-09,60.0,56503.49,53812.85,2690.64,CAD,False
AP-0000421,pdf_text,,TX-0032-86220,Harbor Networks Group,INV-0032-000421,PO-250552,2025-11-26,2026-01-10,45.0,4357.81,3997.99,359.82,SGD,False
AP-0000422,pdf_text,,TX-0052-68137,Evergreen Consulting LLC,INV-0052-000422,PO-252372,2025-12-07,2026-01-06,30.0,21283.99,21283.99,0.0,USD,False
AP-0000423,pdf_text,,TX-0041-11074,Juniper Advisors Ltd.,,,,,,,,2745.89,,False
AP-0000440,pdf_text,,TX-0043-75924,Crescent Analytics Group,,,,,,,,,,False
AP-0000446,pdf_text,,TX-0011-62098,Summit Systems LLC,INV-0011-000446,PO-252265,2025-12-28,2026-01-27,30.0,4471.33,4471.33,0.0,USD,False
AP-0000455,pdf_text,,TX-0061-83099,Copperfield Services Inc.,INV-0061-000455,PO-250195,2025-12-11,2026-01-10,30.0,16783.17,16783.17,0.0,USD,False
AP-0000459,pdf_text,,TX-0054-19609,Crescent Logistics LLC,INV-0054-000459,PO-250127,2025-12-25,2026-01-24,30.0,1180.53,1090.56,89.97,USD,False
AP-0000474,pdf_text,,TX-0049-19644,Harbor Resources LLC,INV-0049-000474,PO-250477,2025-12-17,2026-01-16,30.0,3959.68,3272.46,687.22,EUR,False
AP-0000482,pdf_text,,TX-0062-17232,Summit Systems LLC,INV-0062-000482,PO-252175,2025-12-11,2026-01-10,30.0,23360.42,23360.42,0.0,USD,False
AP-0000488,pdf_text,,TX-0100-21510,Summit Logistics Inc.,,,,,,,,,,False
AP-0000489,pdf_text,,TX-0050-69493,Ironwood Services Ltd.,INV-0050-000489,PO-250622,2025-12-21,2026-01-20,30.0,8945.37,8206.76,738.61,SGD,False
AP-0000504,pdf_text,,TX-0073-32545,Beacon Services LLC,INV-0073-000504,PO-250617,2025-12-05,2026-01-04,30.0,153097.46,153097.46,0.0,USD,False
AP-0000511,pdf_text,,TX-0118-10046,Stonebridge Logistics Ltd.,INV-0118-000511,PO-251761,2025-12-27,2026-01-26,30.0,1276.77,1179.46,97.31,USD,False
AP-0000518,pdf_text,,TX-0042-54837,Summit Systems LLC,INV-0042-000518,PO-250740,2025-12-02,2026-01-31,60.0,12983.76,12983.76,0.0,USD,False
AP-0000538,pdf_text,,TX-0053-42836,Oakmont Supply Group,INV-0053-000538,PO-251041,2025-12-31,2026-01-30,30.0,66612.37,61112.27,5500.1,SGD,False
AP-0000555,pdf_text,,TX-0004-83750,Harbor Networks Ltd.,,,,,,,,1153.71,,False
AP-0000558,pdf_text,,TX-0092-15472,Summit Resources Group,INV-0092-000558,PO-251236,2025-12-24,2026-01-08,15.0,39968.69,39968.69,0.0,USD,False
AP-0000563,pdf_text,,TX-0078-49721,Crescent Networks Ltd.,INV-0078-000563,PO-251655,2025-12-03,2026-01-02,30.0,3833.15,3833.15,0.0,USD,False
AP-0000576,pdf_text,,TX-0063-67062,Copperfield Systems Inc.,,,,,,,,96.02,,False
AP-0000579,pdf_text,,TX-0129-39742,Blue Ridge Digital Ltd.,INV-0129-000579,PO-252169,2025-12-10,2026-01-09,30.0,7078.15,5849.71,1228.44,EUR,False
AP-0000581,pdf_text,,TX-0081-73770,Silverline Supply Group,INV-0081-000581,PO-250055,2025-12-23,2026-01-22,30.0,1238.48,1238.48,0.0,USD,True
AP-0000590,pdf_text,,TX-0133-30576,Cobalt Partners Group,INV-0133-000590,PO-251320,2025-12-04,2026-01-18,45.0,7104.47,7104.47,0.0,USD,False
AP-0000591,pdf_text,,TX-0073-32545,Beacon Services LLC,INV-0073-000591,PO-251400,2025-12-17,2026-01-16,30.0,8535.2,8535.2,0.0,USD,False
AP-0000608,ocr,93.16384575308642,TX-0087-76038,Atlas Digital Ltd.,INV-0087-000608,PO-250525,2025-12-30,2026-02-28,60.0,19658.6,16246.78,3411.82,EUR,False
AP-0000612,pdf_text,,TX-0118-10046,Stonebridge Logistics Ltd.,INV-0118-000612,PO-252179,2025-12-13,2026-01-12,30.0,14029.4,12960.18,1069.22,USD,False
AP-0000615,pdf_text,,TX-0015-69124,Clearview Digital Inc.,INV-0015-000615,PO-251739,2025-12-01,2025-12-31,30.0,3515.64,3515.64,0.0,USD,False
AP-0000621,pdf_text,,TX-0130-24969,Harbor Technologies Ltd.,INV-0130-000621,PO-252251,2025-11-21,2026-01-20,60.0,10988.58,9081.47,1907.11,EUR,False
AP-0000630,pdf_text,,TX-0065-32403,Stonebridge Networks Inc.,INV-0065-000630,PO-251071,2025-12-14,2026-01-13,30.0,10916.96,10916.96,0.0,USD,False
AP-0000632,ocr,94.03654011392406,TX-0050-69493,Ironwood Services Ltd.,INV-0050-000632,PO-252341,2025-12-29,2026-01-28,30.0,24054.91,24054.91,0.0,USD,False
AP-0000637,pdf_text,,TX-0059-74622,Pioneer Solutions Group,INV-0059-000637,PO-251186,2025-12-25,2026-02-08,45.0,6915.08,6388.06,527.02,USD,False
AP-0000638,pdf_text,,TX-0011-62098,Summit Systems LLC,INV-0011-000638,PO-250084,2025-12-03,2026-02-01,60.0,1357.7,1357.7,0.0,USD,False
AP-0000641,pdf_text,,TX-0097-36111,Clearview Analytics Ltd.,INV-0097-000641,PO-251282,2025-12-23,2026-02-06,45.0,2767.24,2306.03,461.21,GBP,False
AP-0000653,pdf_text,,TX-0086-70653,Summit Systems LLC,INV-0086-000653,PO-251760,2025-12-06,2026-01-20,45.0,4962.11,4583.94,378.17,USD,False
AP-0000658,pdf_text,,TX-0019-24934,Summit Resources Group,INV-0019-000658,PO-251194,2025-12-08,2026-02-06,60.0,10262.52,9773.83,488.69,CAD,False
AP-0000659,pdf_text,,TX-0133-30576,Cobalt Partners Group,INV-0133-000659,PO-251685,2025-12-07,2026-01-21,45.0,1697.38,1697.38,0.0,USD,False
AP-0000667,pdf_text,,TX-0127-49996,Ironwood Solutions Inc.,INV-0127-000667,PO-250211,2025-12-13,2026-01-27,45.0,39249.33,36258.04,2991.29,USD,False
AP-0000672,pdf_text,,TX-0029-56211,Crescent Technologies LLC,INV-0029-000672,PO-252327,2025-12-10,2025-12-25,15.0,5958.64,5504.52,454.12,USD,False
AP-0000696,pdf_text,,TX-0024-91040,Evergreen Solutions Inc.,INV-0024-000696,PO-251182,2025-12-18,2026-01-02,15.0,3979.3,3288.68,690.62,EUR,False
AP-0000712,pdf_text,,TX-0101-51229,Juniper Technologies LLC,INV-0101-000712,PO-252124,2025-12-03,2025-12-18,15.0,11663.17,9638.98,2024.19,EUR,False
AP-0000713,ocr,95.40898016853932,TX-0091-39995,Oakmont Advisors Group,INV-0091-000713,PO-251369,2025-12-24,2026-02-22,60.0,13749.33,12614.06,1135.27,SGD,False
AP-0000717,pdf_text,,TX-0079-81417,Brightpath Technologies LLC,,,,,,,,,,False
AP-0000719,ocr,95.45673726666666,TX-0131-83608,Copperfield Systems LLC,INV-0131-000719,PO-250735,2025-12-06,2026-01-05,30.0,15407.43,15407.43,0.0,USD,False
AP-0000726,pdf_text,,TX-0039-91527,Blue Ridge Networks Group,INV-0039-000726,PO-250453,2025-11-29,2026-01-13,45.0,5909.48,5909.48,0.0,USD,False
AP-0000733,pdf_text,,TX-0028-83716,Harbor Consulting Ltd.,,,,,,,,3887.72,,False
AP-0000734,pdf_text,,TX-0015-69124,Clearview Digital Inc.,INV-0015-000734,PO-251102,2025-11-20,2025-12-20,30.0,2207.59,2207.59,0.0,USD,False
AP-0000735,pdf_text,,TX-0038-45747,Beacon Analytics Ltd.,INV-0038-000735,PO-251181,2025-12-28,2026-01-12,15.0,5336.4,5336.4,0.0,USD,False
AP-0000736,pdf_text,,TX-0038-45747,Beacon Analytics Ltd.,INV-0038-000736,PO-251315,2025-12-11,2026-02-09,60.0,4040.13,4040.13,0.0,USD,False
AP-0000738,pdf_text,,TX-0054-19609,Crescent Logistics LLC,INV-0054-000738,PO-X000738,2025-11-19,2025-12-04,15.0,3918.8,3620.14,298.66,USD,False
AP-0000743,pdf_text,,TX-0011-62098,Summit Systems LLC,INV-0011-000743,PO-252101,2025-11-25,2025-12-25,30.0,3907.05,3907.05,0.0,USD,False
AP-0000746,pdf_text,,TX-0102-39905,Blue Ridge Analytics Inc.,INV-0102-000746,,2025-12-11,2025-12-26,15.0,5419.35,4478.8,940.55,EUR,False
AP-0000753,pdf_text,,TX-0082-48109,Cobalt Partners Ltd.,INV-0082-000753,PO-251737,2025-12-08,2025-12-23,15.0,1039.79,960.55,79.24,USD,False
AP-0000755,pdf_text,,TX-0031-87911,Lighthouse Systems Inc.,,,,,,,,,,False
AP-0000761,pdf_text,,TX-0025-19498,Summit Systems LLC,INV-0025-000761,PO-250162,2025-12-07,2026-02-05,60.0,4388.69,4054.22,334.47,USD,False
AP-0000773,pdf_text,,TX-0100-21510,Summit Logistics Inc.,,,,,,,,,,False
AP-0000774,pdf_text,,TX-0130-24969,Harbor Technologies Ltd.,INV-0130-000774,PO-252251,2025-11-16,2026-01-15,60.0,9011.23,7447.3,1563.93,EUR,False
AP-0000779,pdf_text,,TX-0054-19609,Crescent Logistics LLC,INV-0054-000779,PO-250035,2025-11-21,2025-12-21,30.0,39377.0,36375.98,3001.02,USD,False
AP-0000783,pdf_text,,TX-0085-56800,Harbor Resources LLC,INV-0085-000783,PO-250478,2025-12-12,2026-01-11,30.0,2855.39,2855.39,0.0,USD,False
AP-0000804,pdf_text,,TX-0053-42836,Oakmont Supply Group,INV-0053-000804,PO-250772,2025-12-17,2026-01-16,30.0,8696.7,7978.62,718.08,SGD,False
AP-0000807,pdf_text,,TX-0093-95568,Summit Systems LLC,INV-0093-000807,PO-252234,2025-12-07,2025-12-22,15.0,4458.21,4118.44,339.77,USD,False
AP-0000810,pdf_text,,TX-0059-74622,Pioneer Solutions Group,INV-0059-000810,PO-251568,2025-11-18,2026-01-02,45.0,16268.29,15028.44,1239.85,USD,False
AP-0000824,pdf_text,,TX-0091-39995,Oakmont Advisors Group,INV-0091-000824,PO-250582,2025-12-27,2026-02-25,60.0,1063.68,975.85,87.83,SGD,False
AP-0000830,pdf_text,,TX-0061-83099,Copperfield Services Inc.,INV-0061-000830,PO-251480,2025-12-08,2026-01-07,30.0,13940.26,13940.26,0.0,USD,False
AP-0000832,pdf_text,,TX-0022-47741,Lighthouse Solutions LLC,,,,,,,,178.05,,False
AP-0000833,pdf_text,,TX-0093-95568,Summit Systems LLC,INV-0093-000833,PO-252095,2025-11-20,2026-01-04,45.0,13199.23,12193.28,1005.95,USD,False
AP-0000843,pdf_text,,TX-0048-57091,Oakmont Systems Inc.,INV-0048-000843,PO-251290,2025-12-19,2026-01-03,15.0,223.94,206.87,17.07,USD,False
AP-0000844,pdf_text,,TX-0105-55701,Ironwood Analytics Inc.,INV-0105-000844,PO-251076,2025-11-21,2026-01-05,45.0,2313.24,2313.24,0.0,USD,False
AP-0000852,pdf_text,,TX-0113-54591,Stonebridge Logistics Inc.,INV-0113-000852,PO-251406,2025-12-26,2026-02-09,45.0,87975.96,72707.4,15268.56,EUR,False
AP-0000853,pdf_text,,TX-0123-99977,Oakmont Analytics Ltd.,,,,,,,,371.25,,False
AP-0000865,pdf_text,,TX-0053-42836,Oakmont Supply Group,INV-0053-000865,PO-251056,2025-12-19,2026-01-18,30.0,3471.14,3184.53,286.61,SGD,False
AP-0000873,pdf_text,,TX-0133-30576,Cobalt Partners Group,INV-0133-000873,PO-250527,2025-12-24,2026-02-07,45.0,27067.85,27067.85,0.0,USD,False
AP-0000875,pdf_text,,TX-0053-42836,Oakmont Supply Group,INV-0053-000875,PO-250248,2025-12-28,2026-01-27,30.0,44959.97,41247.68,3712.29,SGD,False
AP-0000884,pdf_text,,TX-0116-23088,Juniper Supply LLC,INV-0116-000884,PO-250591,2025-12-23,2026-02-21,60.0,183805.11,183805.11,0.0,USD,False
AP-0000889,ocr,95.46603622666667,TX-0017-46110,Cobalt Analytics Group,INV-0017-000889,PO-251646,2025-11-28,2026-01-12,45.0,265855.34,,,GBP,False
AP-0000906,pdf_text,,TX-0137-44191,Pioneer Consulting Ltd.,INV-0137-000906,PO-251356,2025-11-23,2025-12-23,30.0,15102.51,15102.51,0.0,USD,True
AP-0000910,ocr,94.81450821052631,TX-0090-82710,Summit Systems LLC,INV-0090-000910,PO-250970,2025-12-25,2026-02-08,45.0,11717.53,11717.53,0.0,USD,False
AP-0000918,pdf_text,,TX-0049-19644,Harbor Resources LLC,INV-0049-000918,PO-251578,2025-11-22,2025-12-22,30.0,12362.26,10216.74,2145.52,EUR,False
AP-0000925,pdf_text,,TX-0001-43105,Evergreen Consulting Group,INV-0001-000925,PO-251139,2025-11-20,2025-12-20,30.0,30529.68,25872.61,4657.07,INR,False
AP-0000927,ocr,95.66329812820514,TX-0088-45873,Atlas Systems Group,INV-0088-000927,PO-250592,2025-11-27,2025-12-27,30.0,5557.19,5557.19,0.0,USD,False
AP-0000930,pdf_text,,TX-0033-48829,Northstar Advisors LLC,,,,,,,,,,False
AP-0000934,ocr,95.68893063333331,TX-0042-54837,Summit Systems LLC,,,,,,5204.63,5204.63,0.0,USD,False
AP-0000936,ocr,94.537503925,TX-0081-73770,Silverline Supply Group,INV-008,PO-251876,2025-12-13,2026-01-12,30.0,4697.77,,,USD,False
AP-0000938,pdf_text,,TX-0048-57091,Oakmont Systems Inc.,INV-0048-000938,PO-251988,2025-12-29,2026-01-13,15.0,11886.26,10980.38,905.88,USD,False
AP-0000947,pdf_text,,TX-0100-21510,Summit Logistics Inc.,,,,,,,,,,False
AP-0000952,pdf_text,,TX-0016-44050,Redwood Consulting LLC,INV-0016-000952,PO-250864,2025-12-28,2026-01-12,15.0,10668.7,8817.11,1851.59,EUR,False
AP-0000960,pdf_text,,TX-0125-42798,Brightpath Resources Ltd.,INV-0125-000960,PO-251244,2025-11-25,2025-12-25,30.0,5298.79,4379.17,919.62,EUR,False
AP-0000962,pdf_text,,TX-0139-47222,Summit Systems LLC,INV-0139-000962,PO-251745,2025-11-23,2025-12-23,30.0,11545.91,11545.91,0.0,USD,True
AP-0000963,pdf_text,,TX-0095-51083,Crescent Supply Ltd.,INV-0095-000963,PO-250011,2025-11-29,2025-12-29,30.0,1635.75,1635.75,0.0,USD,False
AP-0000970,pdf_text,,TX-0076-41538,Summit Systems LLC,INV-0076-000970,PO-250454,2025-11-25,2026-01-24,60.0,3231.53,2670.69,560.84,EUR,False
AP-0000977,pdf_text,,TX-0041-11074,Juniper Advisors Ltd.,,,,,,,,363.06,,False
AP-0000983,pdf_text,,TX-0037-24439,Redwood Supply LLC,INV-0037-000983,PO-251961,2025-12-22,2026-01-21,30.0,9362.42,7737.54,1624.88,EUR,True
AP-0000990,pdf_text,,TX-0058-42609,Brightpath Logistics Inc.,,,,,,,,10803.34,,False
AP-0000991,ocr,95.36897952173912,TX-0017-46110,Cobalt Analytics Group,INV-0017-000991,PO-251646,2025-12-06,2026-01-20,45.0,65960.51,,,GBP,False
AP-0001005,pdf_text,,TX-0106-56495,Oakmont Analytics Inc.,INV-0106-001005,PO-251837,2025-11-26,2026-01-10,45.0,12442.65,12442.65,0.0,USD,False
AP-0001007,pdf_text,,TX-0128-19285,Harbor Systems LLC,INV-0128-001007,PO-251159,2025-12-17,2026-01-31,45.0,3131.72,2893.04,238.68,USD,False
AP-0001011,pdf_text,,TX-0096-18776,Copperfield Systems Group,INV-0096-001011,,2025-11-23,2025-12-23,30.0,5473.79,5213.13,260.66,CAD,False
AP-0001016,ocr,95.35295418918918,TX-0078-49721,Crescent Networks Ltd.,INV-0078-001016,PO-251655,2025-12-12,,30.0,1702.34,,,USD,False
AP-0001019,pdf_text,,TX-0129-39742,Blue Ridge Digital Ltd.,INV-0129-001019,PO-251636,2025-12-06,2026-01-20,45.0,15938.91,13172.65,2766.26,EUR,False
AP-0001026,pdf_text,,TX-0010-16923,Blue Ridge Supply LLC,INV-0010-001026,PO-250999,2025-12-11,2026-01-10,30.0,200523.01,190974.3,9548.71,CAD,False
AP-0001035,pdf_text,,TX-0104-57614,Oakmont Operations Group,INV-0104-001035,PO-250984,2025-12-13,2025-12-28,15.0,750.75,750.75,0.0,USD,False
AP-0001040,pdf_text,,TX-0082-48109,Cobalt Partners Ltd.,INV-0082-001040,PO-251388,2025-12-13,2025-12-28,15.0,5772.39,5332.46,439.93,USD,False
AP-0001042,pdf_text,,TX-0052-68137,Evergreen Consulting LLC,INV-0052-001042,PO-252372,2025-12-09,2026-01-08,30.0,16042.26,16042.26,0.0,USD,False
AP-0001050,pdf_text,,TX-0087-76038,Atlas Digital Ltd.,INV-0087-001050,PO-250190,2025-12-07,2026-02-05,60.0,5560.79,4595.69,965.1,EUR,False
AP-0001057,pdf_text,,TX-0006-57912,Beacon Solutions LLC,INV-0006-001057,PO-250703,2025-11-18,2026-01-17,60.0,7210.13,6866.79,343.34,CAD,False
AP-0001060,pdf_text,,TX-0134-16068,Atlas Resources Ltd.,,,,,,,,,,False
AP-0001067,pdf_text,,TX-0064-39165,Oakmont Supply Ltd.,INV-0064-001067,PO-251681,2025-12-03,2026-02-01,60.0,6173.63,5879.65,293.98,CAD,False
AP-0001087,pdf_text,,TX-0064-39165,Oakmont Supply Ltd.,INV-0064-001087,PO-250223,2025-12-28,2026-01-27,30.0,26654.08,25384.84,1269.24,CAD,False
AP-0001091,pdf_text,,TX-0118-10046,Stonebridge Logistics Ltd.,INV-0118-001091,PO-250351,2025-11-24,2025-12-24,30.0,25596.31,23645.55,1950.76,USD,False
AP-0001094,pdf_text,,TX-0124-51957,Brightpath Systems Ltd.,INV-0124-001094,PO-250793,2025-12-04,2025-12-19,15.0,15162.01,14440.01,722.0,CAD,False
AP-0001110,pdf_text,,TX-0015-69124,Clearview Digital Inc.,INV-0015-001110,PO-252223,2025-11-25,2025-12-25,30.0,7082.54,7082.54,0.0,USD,False
AP-0001115,pdf_text,,TX-0105-55701,Ironwood Analytics Inc.,INV-0105-001115,PO-250689,2025-12-08,2026-01-22,45.0,3801.86,3801.86,0.0,USD,False
AP-0001138,pdf_text,,TX-0055-46775,Silverline Analytics Group,INV-0055-001138,PO-252182,2025-12-23,2026-01-22,30.0,8149.8,7476.88,672.92,SGD,False
AP-0001143,ocr,95.18788816438355,TX-0055-46775,Silverline Analytics Group,INV-0055-001143,PO-252182,2025-12-11,2026-01-10,30.0,9126.32,753.55,0.0,SGD,False
AP-0001145,pdf_text,,TX-0136-10386,Clearview Services Inc.,INV-0136-001145,PO-251500,2025-12-16,2026-01-30,45.0,6206.72,5694.24,512.48,SGD,False
AP-0001157,pdf_text,,TX-0129-39742,Blue Ridge Digital Ltd.,INV-0129-001157,PO-252219,2025-11-30,2026-01-14,45.0,31153.47,31153.47,0.0,USD,False
AP-0001178,pdf_text,,TX-0054-19609,Crescent Logistics LLC,INV-0054-001178,PO-251111,2025-12-17,2026-01-16,30.0,619.5,572.29,47.21,USD,False
AP-0001180,pdf_text,,TX-0107-50949,Silverline Advisors Inc.,INV-0107-001180,PO-250140,2025-12-21,2026-02-19,60.0,6895.79,6370.24,525.55,USD,False
AP-0001183,pdf_text,,TX-0107-50949,Silverline Advisors Inc.,INV-0107-001183,PO-252050,2025-12-07,2026-02-05,60.0,38978.29,36007.66,2970.63,USD,False
AP-0001184,pdf_text,,TX-0140-96185,Blue Ridge Operations Inc.,INV-0140-001184,PO-251819,2025-12-20,2026-01-19,30.0,6887.94,6887.94,0.0,USD,False
AP-0001185,pdf_text,,TX-0128-19285,Harbor Systems LLC,INV-0128-001185,PO-251159,2025-12-30,2026-02-13,45.0,1547.16,1429.25,117.91,USD,False
AP-0001195,ocr,93.34524031764707,,Harbor Networks Group,INV-0032-001195,PO-250552,2025-11-30,2026-01-14,45.0,2858.96,2622.9,236.06,SGD,False
AP-0001198,pdf_text,,TX-0019-24934,Summit Resources Group,INV-0019-001198,PO-252116,2025-12-03,2026-02-01,60.0,23383.82,22270.3,1113.52,CAD,False
AP-0001217,pdf_text,,TX-0059-74622,Pioneer Solutions Group,INV-0059-001217,PO-250443,2025-11-28,2026-01-12,45.0,11533.34,10654.36,878.98,USD,False
AP-0001218,pdf_text,,TX-0032-86220,Harbor Networks Group,INV-0032-001218,PO-250552,2025-12-02,2026-01-16,45.0,1066.68,978.61,88.07,SGD,False
AP-0001222,ocr,94.90149592207793,,Cobalt Partners Ltd.,INV-0082-001222,PO-251021,2025-12-02,2025-12-17,15.0,772.28,713.42,58.86,USD,False
AP-0001239,pdf_text,,TX-0057-94723,Lighthouse Supply Ltd.,INV-0057-001239,PO-252254,2025-11-20,2025-12-20,30.0,10618.83,10618.83,0.0,USD,False
AP-0001240,pdf_text,,TX-0090-82710,Summit Systems LLC,INV-0090-001240,PO-250348,2025-12-04,2026-01-18,45.0,7812.12,7812.12,0.0,USD,False
AP-0001242,pdf_text,,TX-0054-19609,Crescent Logistics LLC,INV-0054-001242,PO-252121,2025-12-05,2026-01-04,30.0,8292.03,7660.07,631.96,USD,False
AP-0001246,pdf_text,,TX-0063-67062,Copperfield Systems Inc.,,,,,,,,192.05,,True
AP-0001264,pdf_text,,TX-0030-52947,Crescent Networks Inc.,,,,,,,,2956.99,,False
AP-0001265,pdf_text,,TX-0015-69124,Clearview Digital Inc.,INV-0015-001265,PO-251251,2025-12-27,2026-01-26,30.0,5369.73,5369.73,0.0,USD,False
AP-0001266,pdf_text,,TX-0132-11639,Atlas Supply Group,INV-0132-001266,,2025-12-04,2026-02-02,60.0,4155.14,3838.47,316.67,USD,False
AP-0001268,pdf_text,,TX-0034-94278,Summit Systems LLC,INV-0034-001268,PO-250491,2025-12-01,2025-12-31,30.0,5129.51,5129.51,0.0,USD,True
AP-0001269,pdf_text,,TX-0115-48708,Ironwood Services Group,INV-0115-001269,PO-251300,2025-12-08,2025-12-23,15.0,571.65,472.44,99.21,EUR,False
AP-0001271,pdf_text,,TX-0081-73770,Silverline Supply Group,INV-0081-001271,PO-251876,2025-12-17,2026-01-16,30.0,559.84,559.84,0.0,USD,False
AP-0001277,pdf_text,,TX-0086-70653,Summit Systems LLC,INV-0086-001277,PO-252337,2025-12-17,2026-01-31,45.0,3447.17,3184.45,262.72,USD,False
AP-0001283,ocr,92.86514456976744,TX-0003-12255,Cobalt Technologies Group,INV-0003-001283,PO-252174,2025-11-19,2025-12-19,30.0,2635.54,2233.51,402.03,INR,False
AP-0001300,pdf_text,,TX-0136-10386,Clearview Services Inc.,INV-0136-001300,PO-251298,2025-12-25,2026-02-08,45.0,5567.71,5107.99,459.72,SGD,False
AP-0001304,pdf_text,,TX-0137-44191,Pioneer Consulting Ltd.,INV-0137-001304,PO-251114,2025-12-12,2026-01-26,45.0,13174.31,13174.31,0.0,USD,False
AP-0001305,pdf_text,,TX-0016-44050,Redwood Consulting LLC,INV-0016-001305,PO-250618,2025-12-08,2025-12-23,15.0,17079.82,14115.55,2964.27,EUR,False
AP-0001314,pdf_text,,TX-0062-17232,Summit Systems LLC,INV-0062-001314,PO-252175,2025-11-20,2025-12-20,30.0,17820.62,17820.62,0.0,USD,False
AP-0001322,pdf_text,,TX-0015-69124,Clearview Digital Inc.,INV-0015-001110,PO-252223,2025-11-29,2025-12-29,30.0,7082.54,7082.54,0.0,USD,False
AP-0001325,pdf_text,,TX-0100-21510,Summit Logistics Inc.,,,,,,,,,,False
AP-0001326,pdf_text,,TX-0015-69124,Clearview Digital Inc.,INV-0015-001326,PO-251102,2025-12-30,2026-01-29,30.0,1024.07,1024.07,0.0,USD,False
AP-0001339,pdf_text,,TX-0118-10046,Stonebridge Logistics Ltd.,INV-0118-001339,PO-250915,2025-11-28,2025-12-28,30.0,7583.22,7005.28,577.94,USD,False
AP-0001359,pdf_text,,TX-0028-83716,Harbor Consulting Ltd.,,,,,,,,119.91,,False
AP-0001361,pdf_text,,TX-0067-45894,Summit Systems LLC,INV-0067-001361,PO-250463,2025-11-29,2025-12-29,30.0,10181.41,10181.41,0.0,USD,False
AP-0001363,ocr,88.71897252083333,TX-0079-81417,Brightpath Technologies LLC,,,,,,,,,,False
AP-0001369,pdf_text,,TX-0030-52947,Crescent Networks Inc.,,,,,,,,504.77,,False
AP-0001377,ocr,96.07779492207793,TX-0045-69725,Atlas Services LLC,INV-0045-001377,PO-252017,2025-11-20,2026-01-04,45.0,23790.02,23790.02,0.0,USD,False
AP-0001383,pdf_text,,TX-0088-45873,Atlas Systems Group,INV-0088-001383,PO-252045,2025-12-14,2026-01-13,30.0,1895.08,1895.08,0.0,USD,False
AP-0001401,ocr,95.39795792134832,TX-0036-11692,Summit Systems LLC,INV-0036-001401,PO-250517,2025-12-27,2026-01-26,30.0,5850.29,5850.29,0.0,USD,False
AP-0001413,pdf_text,,TX-0050-69493,Ironwood Services Ltd.,INV-0050-001413,PO-250622,2025-11-30,2025-12-30,30.0,5316.16,5316.16,0.0,USD,False
AP-0001416,pdf_text,,TX-0023-34364,Evergreen Systems LLC,INV-0023-001416,PO-252365,2025-11-22,2026-01-06,45.0,22469.28,18569.65,3899.63,EUR,False
AP-0001431,ocr,93.28304271910113,TX-0006-57912,Beacon Solutions LLC,INV-0006-001431,PO-252230,2025-12-26,2026-02-24,60.0,20836.21,19844.01,992.2,CAD,False
AP-0001434,pdf_text,,TX-0107-50949,Silverline Advisors Inc.,INV-0107-001434,PO-252050,2025-12-14,2026-02-12,60.0,6953.55,6423.6,529.95,USD,False
AP-0001436,pdf_text,,TX-0067-45894,Summit Systems LLC,INV-0067-001436,PO-250833,2025-11-28,2025-12-28,30.0,5331.34,5331.34,0.0,USD,False
AP-0001446,pdf_text,,TX-0088-45873,Atlas Systems Group,INV-0088-001446,PO-252185,2025-12-15,2026-01-14,30.0,17844.25,17844.25,0.0,USD,False
AP-0001447,pdf_text,,TX-0039-91527,Blue Ridge Networks Group,INV-0039-001447,PO-250573,2025-12-18,2026-02-01,45.0,8529.36,8529.36,0.0,USD,False
AP-0001457,pdf_text,,TX-0127-49996,Ironwood Solutions Inc.,INV-0127-001457,PO-250166,2025-12-18,2026-02-01,45.0,15429.74,14253.8,1175.94,USD,False
AP-0001464,pdf_text,,TX-0071-54213,Summit Services LLC,INV-0071-001464,PO-250979,2025-11-19,2025-12-19,30.0,10831.32,10831.32,0.0,USD,False
AP-0001465,pdf_text,,TX-0112-59988,Crescent Systems Group,INV-0112-001465,PO-250159,2025-11-29,2025-12-29,30.0,18314.99,18314.99,0.0,USD,False
AP-0001484,pdf_text,,TX-0081-73770,Silverline Supply Group,INV-0081-001484,PO-250880,2025-12-11,2026-01-10,30.0,3135.6,3135.6,0.0,USD,False
AP-0001487,pdf_text,,TX-0108-54358,Summit Supply Ltd.,INV-0108-001487,PO-250336,2025-12-05,2026-02-03,60.0,37517.09,35730.56,1786.53,CAD,False
AP-0001491,pdf_text,,TX-0067-45894,Summit Systems LLC,INV-0067-001491,PO-250833,2025-12-23,2026-01-22,30.0,2653.38,2653.38,0.0,USD,False
AP-0001496,pdf_text,,TX-0018-72351,Summit Systems LLC,INV-0018-001496,PO-251451,2025-11-25,2025-12-25,30.0,4929.72,4929.72,0.0,USD,False
AP-0001500,pdf_text,,TX-0069-10137,Summit Systems LLC,INV-0069-001500,PO-250048,2025-11-25,2025-12-25,30.0,14158.29,14158.29,0.0,USD,False
AP-0001503,pdf_text,,TX-0124-51957,Brightpath Systems Ltd.,INV-0124-001503,PO-251473,2025-12-04,2025-12-19,15.0,1729.13,1646.79,82.34,CAD,False
AP-0001507,pdf_text,,TX-0073-32545,Beacon Services LLC,INV-0073-001507,PO-250617,2025-12-30,2026-01-29,30.0,162521.12,162521.12,0.0,USD,False
AP-0001508,pdf_text,,TX-0065-32403,Stonebridge Networks Inc.,INV-0065-001508,PO-251677,2025-12-22,2026-01-21,30.0,16072.2,16072.2,0.0,USD,False
AP-0001514,pdf_text,,TX-0086-70653,Summit Systems LLC,INV-0086-001514,PO-251840,2025-12-21,2026-02-04,45.0,23719.69,21911.95,1807.74,USD,False
AP-0001529,pdf_text,,TX-0054-19609,Crescent Logistics LLC,INV-0054-001529,PO-251618,2025-11-24,2025-12-24,30.0,8520.4,7871.04,649.36,USD,False
AP-0001532,pdf_text,,TX-0138-43552,Atlas Partners Group,INV-0138-001532,PO-250890,2025-11-25,2025-12-25,30.0,6242.88,5727.41,515.47,SGD,False
AP-0001534,pdf_text,,TX-0100-21510,Summit Logistics Inc.,,,,,,,,,,False
AP-0001541,ocr,95.03063034177215,TX-0014-36758,Summit Logistics Group,,,,,,,,,,False
AP-0001544,ocr,92.68953215217391,TX-0125-42798,Brightpath Resources Ltd.,INV-0125-001544,PO-250378,2025-12-19,2026-01-18,30.0,1942.83,1605.64,337.19,EUR,False
AP-0001549,pdf_text,,TX-0032-86220,Harbor Networks Group,INV-0032-000344,PO-251957,2025-11-23,2026-01-07,45.0,33088.25,30356.19,2732.06,SGD,False
AP-0001553,pdf_text,,TX-0053-42836,Oakmont Supply Group,INV-0053-001553,PO-251722,2025-11-23,2025-12-23,30.0,2162.52,1983.96,178.56,SGD,False
AP-0001562,pdf_text,,TX-0084-70345,Redwood Supply LLC,INV-0084-001562,PO-250272,2025-12-10,2026-01-09,30.0,11448.89,9461.89,1987.0,EUR,True
AP-0001570,pdf_text,,TX-0119-27534,Evergreen Systems Group,,,,,,,,724.1,,True
AP-0001572,pdf_text,,TX-0129-39742,Blue Ridge Digital Ltd.,INV-0129-001572,PO-251636,2025-11-27,2026-01-11,45.0,8152.08,8152.08,0.0,USD,False
AP-0001573,pdf_text,,TX-0081-73770,Silverline Supply Group,INV-0081-001573,PO-250291,2025-12-28,2026-01-27,30.0,149821.81,149821.81,0.0,USD,False
AP-0001586,pdf_text,,TX-0063-67062,Copperfield Systems Inc.,,,,,,,,532.66,,False
AP-0001588,pdf_text,,TX-0088-45873,Atlas Systems Group,INV-0088-001588,PO-252207,2025-12-20,2026-01-19,30.0,23927.7,23927.7,0.0,USD,False
AP-0001597,pdf_text,,TX-0063-67062,Copperfield Systems Inc.,,,,,,,,391.25,,False
AP-0001599,pdf_text,,TX-0055-46775,Silverline Analytics Group,INV-0055-001599,PO-251663,2025-12-18,2026-01-17,30.0,1447.22,1327.72,119.5,SGD,False
AP-0001604,pdf_text,,TX-0013-11961,Atlas Services LLC,INV-0013-001604,PO-250656,2025-12-30,2026-02-13,45.0,194484.99,194484.99,0.0,USD,False
AP-0001615,ocr,95.63650534042554,TX-0131-83608,Copperfield Systems LLC,INV-0131-001615,PO-250735,2025-12-24,2026-01-23,30.0,3519.9,3519.9,0.0,USD,False
AP-0001618,pdf_text,,TX-0140-96185,Blue Ridge Operations Inc.,INV-0140-001618,PO-252194,2025-11-19,2025-12-19,30.0,2214.9,2214.9,0.0,USD,False
AP-0001619,pdf_text,,TX-0037-24439,Redwood Supply LLC,INV-0037-001619,PO-250349,2025-12-18,2026-01-17,30.0,5376.77,4443.61,933.16,EUR,False
AP-0001621,pdf_text,,TX-0087-76038,Atlas Digital Ltd.,INV-0087-001621,PO-252144,2025-12-18,2026-02-16,60.0,33914.81,28028.77,5886.04,EUR,False
AP-0001624,pdf_text,,TX-0071-54213,Summit Services LLC,INV-0071-001624,PO-250979,2025-12-30,2026-01-29,30.0,3937.53,3937.53,0.0,USD,False
AP-0001626,pdf_text,,TX-0040-49956,Evergreen Digital LLC,INV-0040-001626,PO-251782,2025-12-04,2026-01-03,30.0,5767.02,4766.13,1000.89,EUR,False
AP-0001627,pdf_text,,TX-0010-16923,Blue Ridge Supply LLC,INV-0010-001627,PO-X001627,2025-12-13,2026-01-27,45.0,1923.13,1831.55,91.58,CAD,False
AP-0001629,ocr,95.1605408625,TX-0058-42609,Brightpath Logistics Inc.,,,,,,,,3213.87,,False
AP-0001635,pdf_text,,TX-0015-69124,Clearview Digital Inc.,INV-0015-001635,PO-252223,2025-12-04,2026-01-03,30.0,5952.21,5952.21,0.0,USD,False
AP-0001636,pdf_text,,TX-0055-46775,Silverline Analytics Group,INV-0055-001636,PO-252182,2025-12-15,2026-01-29,45.0,26495.4,24307.71,2187.69,SGD,False
AP-0001647,pdf_text,,TX-0063-67062,Copperfield Systems Inc.,,,,,,,,243.64,,False
AP-0001648,pdf_text,,TX-0101-51229,Juniper Technologies LLC,INV-0101-001648,PO-252068,2025-11-29,2025-12-14,15.0,3100.58,2562.46,538.12,EUR,False
AP-0001655,ocr,91.14214859302325,TX-0076-41538,Summit Systems LLC,INV-0076-001655,_,2025-12-10,2026-02-08,60.0,8918.45,7370.62,1547.83,EUR,False
AP-0001662,pdf_text,,TX-0063-67062,Copperfield Systems Inc.,,,,,,,,229.56,,True
AP-0001669,pdf_text,,TX-0032-86220,Harbor Networks Group,INV-0032-001669,PO-250964,2025-12-26,2026-02-09,45.0,46186.11,42372.58,3813.53,SGD,False
AP-0001671,pdf_text,,TX-0108-54358,Summit Supply Ltd.,INV-0108-001671,PO-250355,2025-12-19,2026-02-17,60.0,13859.9,13199.9,660.0,CAD,False
AP-0001672,pdf_text,,TX-0027-23409,Harbor Resources LLC,INV-0027-001672,,2025-12-06,2026-01-05,30.0,5253.62,5253.62,0.0,USD,False
AP-0001682,pdf_text,,TX-0095-51083,Crescent Supply Ltd.,INV-0095-001682,PO-251294,2025-12-30,2026-01-29,30.0,9906.68,9906.68,0.0,USD,False
AP-0001683,pdf_text,,TX-0118-10046,Stonebridge Logistics Ltd.,INV-0118-001683,PO-250721,2025-12-10,2026-01-09,30.0,4241.71,3918.44,323.27,USD,False
AP-0001686,pdf_text,,TX-0073-32545,Beacon Services LLC,INV-0073-001686,PO-250551,2025-12-27,2026-01-26,30.0,6511.24,6511.24,0.0,USD,False
AP-0001689,pdf_text,,TX-0073-32545,Beacon Services LLC,INV-0073-001689,PO-250617,2025-12-13,2026-01-12,30.0,603045.04,603045.04,0.0,USD,False
AP-0001697,pdf_text,,TX-0112-59988,Crescent Systems Group,INV-0112-001697,PO-252159,2025-11-19,2025-12-19,30.0,2023.85,2023.85,0.0,USD,True
AP-0001706,pdf_text,,TX-0131-83608,Copperfield Systems LLC,INV-0131-001706,PO-250735,2025-12-27,2026-01-26,30.0,1792.14,1792.14,0.0,USD,False
AP-0001716,pdf_text,,TX-0048-57091,Oakmont Systems Inc.,INV-0048-001716,PO-252125,2025-11-20,2025-12-05,15.0,2151.59,1987.61,163.98,USD,False
AP-0001720,pdf_text,,TX-0038-45747,Beacon Analytics Ltd.,INV-0038-001720,,2025-11-30,2025-12-30,30.0,2406.38,2406.38,0.0,USD,False
AP-0001732,pdf_text,,TX-0008-41136,Lighthouse Supply Inc.,,,,,,,,,,False
AP-0001742,pdf_text,,TX-0080-26211,Juniper Resources Inc.,INV-0080-001742,PO-251458,2025-12-10,2026-01-09,30.0,118292.35,97762.27,20530.08,EUR,False
AP-0001759,pdf_text,,TX-0053-42836,Oakmont Supply Group,INV-0053-001759,PO-250772,2025-11-21,2025-12-21,30.0,9970.79,8308.99,1661.8,GBP,False
AP-0001763,pdf_text,,TX-0011-62098,Summit Systems LLC,INV-0011-001763,PO-252265,2025-12-18,2026-01-17,30.0,15962.91,15962.91,0.0,USD,False
AP-0001768,ocr,92.65199775268817,TX-0083-82789,Summit Systems LLC,INV-0083-001768,PO-251196,2025-12-12,2025-12-27,15.0,41592.32,38422.47,3169.85,USD,False
AP-0001769,pdf_text,,TX-0084-70345,Redwood Supply LLC,INV-0084-001769,PO-251105,2025-11-27,2025-12-27,30.0,15843.85,13094.09,2749.76,EUR,False
AP-0001771,pdf_text,,TX-0017-46110,Cobalt Analytics Group,INV-0017-001771,PO-252200,2025-12-07,2026-01-21,45.0,6545.83,5454.86,1090.97,GBP,False
AP-0001773,pdf_text,,TX-0138-43552,Atlas Partners Group,INV-0138-001773,PO-250890,2025-12-13,2026-01-12,30.0,7062.18,5836.51,1225.67,EUR,False
AP-0001782,pdf_text,,TX-0052-68137,Evergreen Consulting LLC,INV-0052-001782,PO-251061,2025-11-18,2025-12-18,30.0,5035.6,5035.6,0.0,USD,False
AP-0001785,pdf_text,,TX-0015-69124,Clearview Digital Inc.,INV-0015-001785,PO-251059,2025-12-29,2026-01-28,30.0,46031.44,46031.44,0.0,USD,False
AP-0001788,ocr,94.62894156989246,TX-0052-68137,Evergreen Consulting LLC,INV-0052-001788,,2025-12-13,2026-01-12,30.0,1085.8,1085.8,0.0,USD,False
AP-0001790,pdf_text,,TX-0067-45894,Summit Systems LLC,INV-0067-001790,PO-251669,2025-12-12,2026-01-11,30.0,2752.8,2752.8,0.0,USD,False
AP-0001804,pdf_text,,TX-0126-41894,Blue Ridge Digital LLC,INV-0126-001804,PO-250496,2025-11-21,2025-12-21,30.0,7197.71,6649.15,548.56,USD,False
AP-0001805,ocr,95.54025935443039,TX-0091-39995,Oakmont Advisors Group,,,,,,22301.82,20460.39,1841.43,SGD,False
AP-0001811,pdf_text,,TX-0117-90487,Atlas Consulting LLC,INV-0117-001811,PO-251750,2025-11-21,2025-12-21,30.0,103468.9,98541.81,4927.09,CAD,False
AP-0001812,pdf_text,,TX-0114-88629,Beacon Logistics Group,INV-0114-001812,,2025-12-06,2026-01-05,30.0,27025.51,24965.83,2059.68,USD,False
AP-0001817,pdf_text,,TX-0100-21510,Summit Logistics Inc.,,,,,,,,,,False
AP-0001834,pdf_text,,TX-0100-21510,Summit Logistics Inc.,,,,,,,,,,False
AP-0001842,pdf_text,,TX-0127-49996,Ironwood Solutions Inc.,INV-0127-001842,PO-250211,2025-12-08,2026-01-22,45.0,31080.37,28711.66,2368.71,USD,False
AP-0001847,pdf_text,,TX-0124-51957,Brightpath Systems Ltd.,INV-0124-001847,PO-250188,2025-12-04,2025-12-19,15.0,17420.59,16591.04,829.55,CAD,False
AP-0001853,pdf_text,,TX-0005-88178,Atlas Resources Inc.,INV-0005-001853,PO-250835,2025-11-23,2025-12-23,30.0,791.77,791.77,0.0,USD,False
AP-0001858,pdf_text,,TX-0140-96185,Blue Ridge Operations Inc.,INV-0140-001858,PO-251819,2025-12-06,2026-01-05,30.0,25091.15,25091.15,0.0,USD,False
AP-0001861,pdf_text,,TX-0106-56495,Oakmont Analytics Inc.,INV-0106-001861,PO-252026,2025-12-25,2026-02-08,45.0,12256.74,12256.74,0.0,USD,False
AP-0001893,pdf_text,,TX-0131-83608,Copperfield Systems LLC,INV-0131-001893,PO-250042,2025-12-20,2026-01-19,30.0,4121.21,4121.21,0.0,USD,False
AP-0001899,ocr,95.10886072,TX-0065-32403,Stonebridge Networks Inc.,INV-0065-001899,PO-251728,2025-12-28,2026-01-27,30.0,8024.27,8024.27,0.0,USD,False
AP-0001902,pdf_text,,TX-0061-83099,Copperfield Services Inc.,INV-0061-001902,PO-252301,2025-12-26,2026-02-24,60.0,10969.7,10969.7,0.0,USD,False
AP-0001908,pdf_text,,TX-0021-37068,Brightpath Operations LLC,INV-0021-001908,PO-250954,2025-12-08,2026-01-22,45.0,4309.41,3980.98,328.43,USD,False
AP-0001913,pdf_text,,TX-0015-69124,Clearview Digital Inc.,INV-0015-001913,PO-251102,2025-11-24,2025-12-24,30.0,2127.38,2127.38,0.0,USD,False
AP-0001915,pdf_text,,TX-0043-75924,Crescent Analytics Group,,,,,,,,,,False
AP-0001922,pdf_text,,TX-0086-70653,Summit Systems LLC,INV-0086-001922,,2025-12-14,2026-01-28,45.0,1368.09,1263.82,104.27,USD,False
AP-0001938,ocr,95.0170582142857,TX-0135-50499,Summit Systems LLC,INV-0135-001938,PO-250106,2025-12-10,2026-01-24,45.0,21548.29,19906.04,1642.25,USD,False
AP-0001940,pdf_text,,TX-0003-12255,Cobalt Technologies Group,INV-0003-001940,PO-251242,2025-12-31,2026-01-30,30.0,5717.85,4725.5,992.35,EUR,False
AP-0001945,pdf_text,,TX-0001-43105,Evergreen Consulting Group,INV-0001-001945,PO-250608,2025-11-26,2025-12-26,30.0,5330.13,4517.06,813.07,INR,False
AP-0001948,pdf_text,,TX-0047-37316,Stonebridge Advisors Group,INV-0047-001948,PO-250201,2025-12-10,2026-01-09,30.0,7655.03,6326.47,1328.56,EUR,False
AP-0001962,pdf_text,,TX-0132-11639,Atlas Supply Group,INV-0132-001962,PO-252311,2025-12-30,2026-02-13,45.0,495.23,457.49,37.74,USD,False
AP-0001964,pdf_text,,TX-0002-28786,Cobalt Services LLC,INV-0002-001964,PO-252002,2025-11-30,2025-12-15,15.0,4814.95,4080.47,734.48,INR,False
AP-0001966,pdf_text,,TX-0127-49996,Ironwood Solutions Inc.,INV-0127-001966,PO-250166,2025-11-28,2026-01-12,45.0,1862.42,1720.48,141.94,USD,False
AP-0001984,pdf_text,,TX-0100-21510,Summit Logistics Inc.,,,,,,,,,,False
AP-0001989,pdf_text,,TX-0140-96185,Blue Ridge Operations Inc.,INV-0140-001989,PO-251744,2025-12-14,2026-01-13,30.0,21498.92,21498.92,0.0,USD,False
AP-0001991,ocr,95.67568693023257,TX-0070-80671,Beacon Services LLC,INV-0070-001991,PO-250407,2025-12-01,2025-12-16,15.0,38923.78,38923.78,0.0,USD,False
AP-0002001,ocr,94.93405046835444,TX-0075-26492,Evergreen Digital Group,,,,,,,,556.95,,False
AP-0002004,pdf_text,,TX-0070-80671,Beacon Services LLC,INV-0070-002004,PO-251674,2025-12-26,2026-02-24,60.0,6608.9,6608.9,0.0,USD,False
AP-0002033,pdf_text,,TX-0090-82710,Summit Systems LLC,INV-0090-002033,PO-250348,2025-12-30,2026-02-28,60.0,4953.17,4953.17,0.0,USD,False
AP-0002034,pdf_text,,TX-0009-87210,Harbor Digital LLC,INV-0009-002034,PO-252126,2025-12-30,2026-02-13,45.0,9434.11,9434.11,0.0,USD,True
AP-0002038,pdf_text,,TX-0097-36111,Clearview Analytics Ltd.,INV-0097-002038,PO-252078,2025-12-13,2026-01-27,45.0,3580.52,2983.77,596.75,GBP,False
AP-0002043,pdf_text,,TX-0014-36758,Summit Logistics Group,,,,,,,,,,False
AP-0002055,pdf_text,,TX-0003-12255,Cobalt Technologies Group,INV-0003-002055,PO-251867,2025-12-04,2026-01-03,30.0,7312.2,6043.14,1269.06,EUR,False
AP-0002057,ocr,95.76618141304348,TX-0005-88178,Atlas Resources Inc.,INV-0005-002057,PO-250053,2025-11-30,2025-12-30,30.0,37322.83,37322.83,0.0,USD,False
AP-0002058,pdf_text,,TX-0052-68137,Evergreen Consulting LLC,INV-0052-002058,PO-252384,2025-11-20,2025-12-20,30.0,1191.4,1191.4,0.0,USD,False
AP-0002059,pdf_text,,TX-0078-49721,Crescent Networks Ltd.,INV-0078-002059,PO-252190,2025-12-03,2026-01-02,30.0,3939.72,3939.72,0.0,USD,False
AP-0002066,pdf_text,,TX-0054-19609,Crescent Logistics LLC,INV-0054-002066,PO-252181,2025-12-12,2026-01-11,30.0,1919.52,1773.23,146.29,USD,False
AP-0002071,pdf_text,,TX-0053-42836,Oakmont Supply Group,INV-0053-002071,PO-251065,2025-12-05,2026-01-04,30.0,17298.33,15870.03,1428.3,SGD,False
AP-0002080,pdf_text,,TX-0086-70653,Summit Systems LLC,INV-0086-002080,PO-251841,2025-12-25,2026-02-08,45.0,20108.56,18576.04,1532.52,USD,False
AP-0002086,pdf_text,,TX-0030-52947,Crescent Networks Inc.,,,,,,,,1226.31,,False
AP-0002094,pdf_text,,TX-0100-21510,Summit Logistics Inc.,,,,,,,,,,False
AP-0002099,pdf_text,,TX-0008-41136,Lighthouse Supply Inc.,,,,,,,,,,False
AP-0002102,pdf_text,,TX-0117-90487,Atlas Consulting LLC,INV-0117-002102,PO-251263,2025-11-30,2025-12-30,30.0,7136.91,6797.06,339.85,CAD,False
AP-0002104,pdf_text,,TX-0003-12255,Cobalt Technologies Group,INV-0003-002104,PO-252014,2025-12-17,2026-01-16,30.0,2385.32,1971.34,413.98,EUR,False
AP-0002111,pdf_text,,TX-0005-88178,Atlas Resources Inc.,INV-0005-002111,PO-250053,2025-12-17,2026-01-16,30.0,11497.05,11497.05,0.0,USD,False
AP-0002114,pdf_text,,TX-0018-72351,Summit Systems LLC,INV-0018-002114,PO-251612,2025-11-23,2025-12-23,30.0,4135.76,4135.76,0.0,USD,False
AP-0002115,pdf_text,,TX-0002-28786,Cobalt Services LLC,INV-0002-002115,PO-252002,2025-11-23,2026-01-22,60.0,4283.4,3630.0,653.4,INR,False
AP-0002116,pdf_text,,TX-0114-88629,Beacon Logistics Group,INV-0114-002116,PO-251650,2025-11-24,2025-12-24,30.0,30158.83,27860.35,2298.48,USD,False
AP-0002121,pdf_text,,TX-0124-51957,Brightpath Systems Ltd.,INV-0124-002121,PO-251888,2025-12-03,2025-12-18,15.0,4377.44,4168.99,208.45,CAD,False
AP-0002133,ocr,94.7447668809524,TX-0118-10046,Stonebridge Logistics Ltd.,INV-0118-002133,PO-252134,2025-12-17,2026-01-16,30.0,386.58,,,USD,False
AP-0002141,pdf_text,,TX-0036-11692,Summit Systems LLC,INV-0036-002141,PO-251759,2025-12-03,2026-01-02,30.0,2151.02,2151.02,0.0,USD,False
AP-0002149,pdf_text,,TX-0001-43105,Evergreen Consulting Group,INV-0001-002149,PO-252366,2025-12-24,2026-01-23,30.0,1167.83,989.69,178.14,INR,False
AP-0002151,pdf_text,,TX-0027-23409,Harbor Resources LLC,INV-0027-002151,PO-251884,2025-12-11,2026-01-10,30.0,6482.64,6482.64,0.0,USD,False
AP-0002168,pdf_text,,TX-0095-51083,Crescent Supply Ltd.,INV-0095-002168,PO-250011,2025-12-03,2026-01-17,45.0,6458.2,6458.2,0.0,USD,False
AP-0002171,pdf_text,,TX-0094-30896,Copperfield Systems Group,INV-0094-002171,PO-251470,2025-12-05,2026-01-04,30.0,831.9,705.0,126.9,INR,False
AP-0002178,pdf_text,,TX-0054-19609,Crescent Logistics LLC,INV-0054-002178,PO-250242,2025-12-16,2026-01-15,30.0,10924.42,10091.84,832.58,USD,False
AP-0002180,pdf_text,,TX-0038-45747,Beacon Analytics Ltd.,INV-0038-002180,PO-252037,2025-12-23,2026-01-22,30.0,8069.12,8069.12,0.0,USD,False
AP-0002186,pdf_text,,TX-0005-88178,Atlas Resources Inc.,INV-0005-002186,PO-251060,2025-12-27,2026-01-26,30.0,43124.91,43124.91,0.0,USD,False
AP-0002187,pdf_text,,TX-0024-91040,Evergreen Solutions Inc.,INV-0024-002187,PO-250796,2025-12-08,2025-12-23,15.0,116991.69,96687.35,20304.34,EUR,False
AP-0002189,pdf_text,,TX-0117-90487,Atlas Consulting LLC,INV-0117-002189,PO-250387,2025-11-30,2025-12-30,30.0,1068.76,1017.87,50.89,CAD,False
AP-0002192,pdf_text,,TX-0110-54537,Ironwood Networks Ltd.,,,,,,,,,,False
AP-0002213,pdf_text,,TX-0046-43936,Beacon Solutions LLC,INV-0046-002213,PO-250420,2025-12-30,2026-02-28,60.0,3161.8,3161.8,0.0,USD,False
AP-0002214,pdf_text,,TX-0002-28786,Cobalt Services LLC,INV-0002-002214,PO-252098,2025-12-12,2025-12-27,15.0,1700.71,1441.28,259.43,INR,False
AP-0002219,pdf_text,,TX-0121-33255,Cobalt Systems Inc.,,,,,,,,,,False
AP-0002235,pdf_text,,TX-0001-43105,Evergreen Consulting Group,INV-0001-002235,PO-251434,2025-12-25,2026-01-24,30.0,17220.76,14593.86,2626.9,INR,False
AP-0002236,pdf_text,,TX-0097-36111,Clearview Analytics Ltd.,INV-0097-000826,PO-252148,2025-12-19,2026-02-02,45.0,2586.79,2155.66,431.13,GBP,False
AP-0002237,pdf_text,,TX-0054-19609,Crescent Logistics LLC,INV-0054-002237,PO-252121,2025-12-31,2026-01-30,30.0,7413.12,6848.15,564.97,USD,False
AP-0002243,pdf_text,,TX-0049-19644,Harbor Resources LLC,INV-0049-002243,PO-250565,2025-12-20,2026-01-19,30.0,1966.85,1625.5,341.35,EUR,False
AP-0002248,pdf_text,,TX-0125-42798,Brightpath Resources Ltd.,INV-0125-002248,PO-251791,2025-12-15,2026-01-14,30.0,289189.46,238999.55,50189.91,EUR,False
AP-0002250,pdf_text,,TX-0033-48829,Northstar Advisors LLC,,,,,,,,,,False
AP-0002251,ocr,93.30757797647057,,Crescent Logistics LLC,INV-0054-002251,PO-251066,2025-12-20,2026-01-19,30.0,4715.97,4356.55,359.42,USD,False
AP-0002259,pdf_text,,TX-0140-96185,Blue Ridge Operations Inc.,INV-0140-002259,PO-251522,2025-11-22,2025-12-22,30.0,15422.37,15422.37,0.0,USD,False
AP-0002266,ocr,91.54118494623657,TX-0089-88461,Atlas Supply LLC,,,,,,,,,,False
AP-0002274,pdf_text,,TX-0023-34364,Evergreen Systems LLC,INV-0023-002274,PO-250369,2025-12-18,2026-02-01,45.0,31441.26,25984.51,5456.75,EUR,False
AP-0002275,pdf_text,,TX-0106-56495,Oakmont Analytics Inc.,INV-0106-002275,PO-251166,2025-12-06,2026-01-20,45.0,4135.49,4135.49,0.0,USD,False
AP-0002276,ocr,95.42702102777778,TX-0112-59988,Crescent Systems Group,INV-0112-002276,PO-250898,2025-11-17,2025-12-17,30.0,43666.16,,,USD,False
AP-0002285,pdf_text,,TX-0092-15472,Summit Resources Group,INV-0092-002285,PO-251562,2025-11-26,2025-12-11,15.0,2140.98,2140.98,0.0,USD,False
AP-0002288,pdf_text,,TX-0032-86220,Harbor Networks Group,INV-0032-002288,PO-250922,2025-11-23,2026-01-07,45.0,4190.8,3844.77,346.03,SGD,False
AP-0002294,ocr,95.52174787209303,TX-0046-43936,Beacon Solutions LLC,INV-0046-002294,PO-251026,2025-12-30,2026-02-28,60.0,5077.73,5077.73,0.0,USD,False
AP-0002302,pdf_text,,TX-0032-86220,Harbor Networks Group,INV-0032-002302,PO-250552,2025-12-02,2026-01-16,45.0,2664.6,2444.59,220.01,SGD,False
AP-0002309,pdf_text,,TX-0051-19602,Summit Digital Ltd.,,,,,,,,,,False
AP-0002311,pdf_text,,TX-0005-88178,Atlas Resources Inc.,INV-0005-002311,PO-250053,2025-12-08,2026-01-07,30.0,34940.01,34940.01,0.0,USD,False
AP-0002312,ocr,90.63336211363638,TX-0076-41538,Summit Systems LLC,INV-0076-002312,PO-250937,2025-12-02,2026-01-31,60.0,66115.75,54641.12,11474.63,EUR,False
AP-0002319,pdf_text,,TX-0070-80671,Beacon Services LLC,INV-0070-002319,,2025-11-27,2025-12-12,15.0,2357.67,2357.67,0.0,USD,False
AP-0002320,pdf_text,,TX-0109-51449,Blue Ridge Analytics LLC,INV-0109-002320,PO-250657,2025-11-26,2025-12-26,30.0,17202.36,17202.36,0.0,USD,True
AP-0002322,pdf_text,,TX-0113-54591,Stonebridge Logistics Inc.,INV-0113-002322,PO-250356,2025-12-10,2026-01-24,45.0,2503.38,2068.91,434.47,EUR,False
AP-0002325,pdf_text,,TX-0086-70653,Summit Systems LLC,INV-0086-002307,PO-252178,2025-12-17,2026-01-31,45.0,3775.1,3487.39,287.71,USD,False
AP-0002329,pdf_text,,TX-0117-90487,Atlas Consulting LLC,INV-0117-002329,PO-251268,2025-12-02,2026-01-01,30.0,7038.88,6703.7,335.18,CAD,True
AP-0002333,pdf_text,,TX-0029-56211,Crescent Technologies LLC,INV-0029-002333,PO-252327,2025-12-01,2025-12-16,15.0,5621.08,5192.68,428.4,USD,False
AP-0002336,pdf_text,,TX-0057-94723,Lighthouse Supply Ltd.,INV-0057-002336,PO-252254,2025-11-30,2025-12-30,30.0,12171.72,12171.72,0.0,USD,False
AP-0002339,pdf_text,,TX-0054-19609,Crescent Logistics LLC,INV-0054-002339,PO-251111,2025-12-22,2026-01-21,30.0,2045.61,1889.71,155.9,USD,False
AP-0002354,ocr,94.0653233814433,TX-0053-42836,Oakmont Supply Group,INV-0053-002354,PO-252391,2025-12-11,2026-01-10,30.0,16548.69,15182.28,1366.41,SGD,False
AP-0002355,pdf_text,,TX-0056-21648,Oakmont Services LLC,,,,,,,,897.88,,False
AP-0002360,pdf_text,,TX-0131-83608,Copperfield Systems LLC,INV-0131-002360,PO-250335,2025-11-24,2025-12-24,30.0,4875.82,4875.82,0.0,USD,False
AP-0002363,pdf_text,,TX-0055-46775,Silverline Analytics Group,INV-0055-002363,PO-251359,2025-12-30,2026-01-29,30.0,18462.56,16938.13,1524.43,SGD,False
AP-0002380,pdf_text,,TX-0035-47483,Pioneer Networks Ltd.,,,,,,,,,,False
AP-0002387,pdf_text,,TX-0003-12255,Cobalt Technologies Group,INV-0003-002387,PO-251594,2025-12-26,2026-01-25,30.0,2038.31,1684.55,353.76,EUR,False
AP-0002389,pdf_text,,TX-0121-33255,Cobalt Systems Inc.,,,,,,,,,,False
AP-0002390,pdf_text,,TX-0023-34364,Evergreen Systems LLC,INV-0023-002390,PO-252102,2025-12-21,2026-02-04,45.0,49059.3,40544.88,8514.42,EUR,False
AP-0002394,pdf_text,,TX-0057-94723,Lighthouse Supply Ltd.,INV-0057-002394,PO-250309,2025-12-02,2026-01-01,30.0,10589.02,10589.02,0.0,USD,False
AP-0002399,ocr,95.02758071764707,TX-0034-94278,Summit Systems LLC,,,,,,17200.97,16381.88,819.09,CAD,False
AP-0002401,pdf_text,,TX-0005-88178,Atlas Resources Inc.,INV-0005-002401,PO-250053,2025-12-09,2026-01-08,30.0,165819.11,165819.11,0.0,USD,False
AP-0002402,pdf_text,,TX-0079-81417,Brightpath Technologies LLC,,,,,,,,,,False
AP-0002409,pdf_text,,TX-0125-42798,Brightpath Resources Ltd.,INV-0125-002409,PO-251984,2025-12-28,2026-01-27,30.0,10672.94,8820.61,1852.33,EUR,False
AP-0002412,ocr,94.80788126388887,TX-0129-39742,Blue Ridge Digital Ltd.,INV-0129-002412,PO-252219,2025-11-23,2026-01-07,45.0,9225.4,,,USD,False
AP-0002413,pdf_text,,TX-0002-28786,Cobalt Services LLC,INV-0002-001437,PO-252270,2025-11-19,2025-12-04,15.0,22256.18,18861.17,3395.01,INR,False
AP-0002417,ocr,90.8284827037037,TX-0087-76038,Atlas Digital Ltd.,INV-0087-002417,,2025-12-23,2026-01-07,15.0,47805.0,39508.26,8296.74,EUR,False
AP-0002435,pdf_text,,TX-0079-81417,Brightpath Technologies LLC,,,,,,,,,,False
AP-0002442,pdf_text,,TX-0127-49996,Ironwood Solutions Inc.,INV-0127-002442,PO-251566,2025-12-12,2026-01-26,45.0,2120.09,1958.51,161.58,USD,False
AP-0002445,pdf_text,,TX-0083-82789,Summit Systems LLC,INV-0083-002445,PO-251196,2025-11-27,2025-12-12,15.0,27304.84,25223.87,2080.97,USD,False
AP-0002457,pdf_text,,TX-0113-54591,Stonebridge Logistics Inc.,INV-0113-002457,PO-250787,2025-12-16,2026-01-30,45.0,9121.41,7538.36,1583.05,EUR,False
AP-0002491,pdf_text,,TX-0104-57614,Oakmont Operations Group,INV-0104-002491,PO-251712,2025-12-04,2025-12-19,15.0,1789.19,1789.19,0.0,USD,False
AP-0002492,pdf_text,,TX-0087-76038,Atlas Digital Ltd.,INV-0087-002492,PO-250906,2025-11-25,2026-01-24,60.0,1751.03,1447.13,303.9,EUR,False
AP-0002501,pdf_text,,TX-0087-76038,Atlas Digital Ltd.,INV-0087-002501,PO-252144,2025-12-07,2026-02-05,60.0,83262.65,68812.11,14450.54,EUR,False
AP-0002507,pdf_text,,TX-0102-39905,Blue Ridge Analytics Inc.,INV-0102-002507,PO-251632,2025-12-13,2025-12-28,15.0,11278.78,9321.31,1957.47,EUR,False
AP-0002513,pdf_text,,TX-0109-51449,Blue Ridge Analytics LLC,INV-0109-002513,PO-251004,2025-12-09,2026-01-08,30.0,5123.87,5123.87,0.0,USD,False
AP-0002517,pdf_text,,TX-0002-28786,Cobalt Services LLC,INV-0002-002517,PO-252098,2025-12-17,2026-01-01,15.0,7634.69,6470.08,1164.61,INR,False
AP-0002518,pdf_text,,TX-0025-19498,Summit Systems LLC,INV-0025-002518,PO-250162,2025-12-23,2026-02-21,60.0,5142.87,4750.92,391.95,USD,False
AP-0002521,pdf_text,,TX-0119-27534,Evergreen Systems Group,,,,,,,,374.26,,False
AP-0002522,pdf_text,,TX-0107-50949,Silverline Advisors Inc.,INV-0107-002522,PO-251605,2025-11-27,2026-01-26,60.0,21741.27,20084.31,1656.96,USD,False
AP-0002528,pdf_text,,TX-0090-82710,Summit Systems LLC,INV-0090-002528,PO-250970,2025-11-17,2026-01-01,45.0,2817.2,2817.2,0.0,USD,False
AP-0002536,ocr,95.90449017241377,TX-0059-74622,Pioneer Solutions Group,INV-0059-002536,PO-251568,2025-11-27,2026-01-11,45.0,4999.54,4618.51,381.03,USD,False
AP-0002538,pdf_text,,TX-0049-19644,Harbor Resources LLC,INV-0049-002538,PO-251915,2025-12-06,2026-01-05,30.0,1734.65,1433.6,301.05,EUR,False
AP-0002543,pdf_text,,TX-0031-87911,Lighthouse Systems Inc.,,,,,,,,,,False
AP-0002556,pdf_text,,TX-0118-10046,Stonebridge Logistics Ltd.,INV-0118-002556,PO-251084,2025-12-27,2026-01-26,30.0,10164.92,9390.23,774.69,USD,False
AP-0002558,pdf_text,,TX-0076-41538,Summit Systems LLC,INV-0076-002558,PO-250937,2025-12-28,2026-02-26,60.0,74061.15,61207.56,12853.59,EUR,False
AP-0002567,pdf_text,,TX-0049-19644,Harbor Resources LLC,INV-0049-002567,PO-250431,2025-12-14,2026-01-13,30.0,2509.09,2073.63,435.46,EUR,False
AP-0002569,pdf_text,,TX-0054-19609,Crescent Logistics LLC,INV-0054-002569,PO-250974,2025-12-11,2026-01-10,30.0,2796.03,2582.94,213.09,USD,False
AP-0002576,pdf_text,,TX-0059-74622,Pioneer Solutions Group,INV-0059-002576,PO-251568,2025-11-20,2026-01-04,45.0,6091.52,5627.27,464.25,USD,False
AP-0002592,pdf_text,,TX-0090-82710,Summit Systems LLC,INV-0090-002592,PO-251733,2025-12-29,2026-02-12,45.0,235820.15,235820.15,0.0,USD,False
AP-0002596,ocr,95.1306343409091,TX-0050-69493,Ironwood Services Ltd.,INV-0050-002222,PO-251082,2025-11-23,2025-12-23,30.0,3058.41,2912.77,145.64,CAD,False
AP-0002600,pdf_text,,TX-0132-11639,Atlas Supply Group,INV-0132-002600,PO-X002600,2025-12-04,2026-02-02,60.0,4048.44,3739.9,308.54,USD,False
AP-0002607,pdf_text,,TX-0116-23088,Juniper Supply LLC,INV-0116-002607,PO-251796,2025-12-11,2026-02-09,60.0,13789.15,13789.15,0.0,USD,False
AP-0002609,pdf_text,,TX-0020-45960,Copperfield Partners Group,INV-0020-002609,PO-250232,2025-12-26,2026-02-24,60.0,24670.76,24670.76,0.0,USD,False
AP-0002618,pdf_text,,TX-0034-94278,Summit Systems LLC,INV-0034-002618,PO-X002618,2025-12-13,2026-01-12,30.0,16667.71,16667.71,0.0,USD,False
AP-0002628,pdf_text,,TX-0115-48708,Ironwood Services Group,INV-0115-002628,PO-250010,2025-12-22,2026-01-06,15.0,2654.59,2193.88,460.71,EUR,False
AP-0002632,pdf_text,,TX-0039-91527,Blue Ridge Networks Group,INV-0039-002632,PO-250573,2025-12-06,2025-12-21,15.0,8835.04,8835.04,0.0,USD,False
AP-0002641,pdf_text,,TX-0061-83099,Copperfield Services Inc.,INV-0061-002641,PO-250334,2025-12-03,2026-01-02,30.0,14321.52,14321.52,0.0,USD,False
AP-0002642,pdf_text,,TX-0017-46110,Cobalt Analytics Group,INV-0017-002642,PO-252200,2025-12-18,2026-02-01,45.0,3966.71,3305.59,661.12,GBP,False
AP-0002645,pdf_text,,TX-0107-50949,Silverline Advisors Inc.,INV-0107-002645,PO-251453,2025-12-07,2026-02-05,60.0,20116.18,18583.08,1533.1,USD,False
AP-0002653,pdf_text,,TX-0083-82789,Summit Systems LLC,INV-0083-002653,PO-250229,2025-12-30,2026-01-14,15.0,4150.4,3834.09,316.31,USD,False
AP-0002658,pdf_text,,TX-0092-15472,Summit Resources Group,INV-0092-002658,PO-251877,2025-12-16,2025-12-31,15.0,5369.18,5369.18,0.0,USD,False
AP-0002664,pdf_text,,TX-0011-62098,Summit Systems LLC,INV-0011-002664,PO-250865,2025-12-09,2026-01-08,30.0,19041.74,19041.74,0.0,USD,False
AP-0002667,pdf_text,,TX-0104-57614,Oakmont Operations Group,INV-0104-002667,PO-250056,2025-12-30,2026-01-14,15.0,4285.36,4285.36,0.0,USD,False
AP-0002669,ocr,94.56541599999998,TX-0064-39165,Oakmont Supply Ltd.,INV-0064-002669,PO-250926,2025-11-27,2025-12-12,15.0,19496.4,16247.0,3249.4,GBP,False
AP-0002672,pdf_text,,TX-0068-22381,Redwood Technologies Inc.,INV-0068-002672,PO-251260,2025-12-17,2026-02-15,60.0,8861.99,8439.99,422.0,CAD,False
AP-0002685,ocr,94.50007859302326,,Atlas Supply Group,INV-0132-002685,PO-252131,2025-12-23,2026-02-21,60.0,38722.04,35770.94,2951.1,USD,False
AP-0002688,pdf_text,,TX-0044-84195,Harbor Analytics Ltd.,INV-0044-002688,PO-250003,2025-11-20,2025-12-05,15.0,830.02,830.02,0.0,USD,False
AP-0002694,pdf_text,,TX-0105-55701,Ironwood Analytics Inc.,INV-0105-002694,PO-250689,2025-12-25,2026-02-08,45.0,12192.5,12192.5,0.0,USD,False
AP-0002701,pdf_text,,TX-0037-24439,Redwood Supply LLC,INV-0037-002701,PO-252161,2025-12-29,2026-01-28,30.0,30469.56,25181.45,5288.11,EUR,False
AP-0002704,pdf_text,,TX-0037-24439,Redwood Supply LLC,INV-0037-002704,PO-250737,2025-11-24,2025-12-24,30.0,7514.56,6210.38,1304.18,EUR,False
AP-0002713,pdf_text,,TX-0007-69764,Redwood Logistics Ltd.,INV-0007-002713,PO-251127,2025-11-30,2025-12-15,15.0,35117.69,29760.75,5356.94,INR,False
AP-0002716,pdf_text,,TX-0105-55701,Ironwood Analytics Inc.,INV-0105-002716,PO-252302,2025-12-11,2026-01-25,45.0,13395.8,13395.8,0.0,USD,False
AP-0002723,pdf_text,,TX-0093-95568,Summit Systems LLC,INV-0093-002723,PO-250623,2025-12-05,2026-01-04,30.0,3110.35,2873.3,237.05,USD,False
AP-0002728,pdf_text,,TX-0139-47222,Summit Systems LLC,INV-0139-002728,PO-250869,2025-12-08,2026-01-07,30.0,11079.24,11079.24,0.0,USD,False
AP-0002735,pdf_text,,TX-0079-81417,Brightpath Technologies LLC,,,,,,,,,,False
AP-0002741,ocr,93.36785409090908,,Northstar Advisors LLC,,,,,,,,,,False
AP-0002752,ocr,95.69317846341463,TX-0140-96185,Blue Ridge Operations Inc.,INV-0140-002752,PO-250916,2025-11-23,2026-01-07,45.0,14092.24,14092.24,0.0,USD,False
AP-0002753,pdf_text,,TX-0104-57614,Oakmont Operations Group,INV-0104-002753,PO-251974,2025-12-17,2026-01-01,15.0,7828.16,7828.16,0.0,USD,False
AP-0002756,pdf_text,,TX-0087-76038,Atlas Digital Ltd.,INV-0087-002756,PO-250190,2025-11-20,2026-01-19,60.0,1196.37,988.74,207.63,EUR,False
AP-0002772,pdf_text,,TX-0081-73770,Silverline Supply Group,INV-0081-002772,PO-251876,2025-11-29,2025-12-29,30.0,4933.41,4933.41,0.0,USD,False
AP-0002773,ocr,95.49844839080461,TX-0061-83099,Copperfield Services Inc.,INV-0061-002773,PO-251480,2025-12-06,2026-01-05,30.0,33513.73,,,USD,False
AP-0002783,pdf_text,,TX-0001-43105,Evergreen Consulting Group,INV-0001-002783,PO-252366,2025-12-30,2026-01-29,30.0,2358.73,1998.92,359.81,INR,False
AP-0002801,pdf_text,,TX-0123-99977,Oakmont Analytics Ltd.,,,,,,,,749.44,,False
AP-0002805,pdf_text,,TX-0069-10137,Summit Systems LLC,INV-0069-002805,PO-250138,2025-12-08,2026-01-07,30.0,4627.08,4627.08,0.0,USD,False
AP-0002818,pdf_text,,TX-0116-23088,Juniper Supply LLC,INV-0116-002818,PO-251796,2025-12-28,2026-02-26,60.0,4551.87,4551.87,0.0,USD,False
AP-0002820,pdf_text,,TX-0067-45894,Summit Systems LLC,INV-0067-002820,PO-250806,2025-12-13,2026-01-12,30.0,16567.28,16567.28,0.0,USD,False
AP-0002838,pdf_text,,TX-0042-54837,Summit Systems LLC,INV-0042-002838,PO-251184,2025-11-28,2026-01-27,60.0,20792.84,20792.84,0.0,USD,False
AP-0002842,pdf_text,,TX-0055-46775,Silverline Analytics Group,INV-0055-002842,PO-252182,2025-12-24,2026-01-23,30.0,21976.9,20162.29,1814.61,SGD,False
AP-0002852,pdf_text,,TX-0126-41894,Blue Ridge Digital LLC,INV-0126-002852,PO-250496,2025-12-15,2026-01-14,30.0,27707.44,25595.79,2111.65,USD,False
AP-0002853,pdf_text,,TX-0017-46110,Cobalt Analytics Group,INV-0017-002853,PO-251799,2025-11-25,2026-01-09,45.0,29507.14,24589.28,4917.86,GBP,False
AP-0002854,pdf_text,,TX-0035-47483,Pioneer Networks Ltd.,,,,,,,,,,False
AP-0002859,ocr,94.97116138202247,TX-0043-75924,Crescent Analytics Group,,,,,,,,,,False
AP-0002860,pdf_text,,TX-0090-82710,Summit Systems LLC,INV-0090-002860,PO-250970,2025-11-26,2026-01-10,45.0,9387.6,9387.6,0.0,USD,False
AP-0002861,pdf_text,,TX-0083-82789,Summit Systems LLC,INV-0083-002861,PO-251196,2025-12-02,2025-12-17,15.0,18017.68,16644.51,1373.17,USD,False
AP-0002862,ocr,95.94710802531647,TX-0015-69124,Clearview Digital Inc.,INV-0015-002862,PO-252223,2025-11-23,2025-12-23,30.0,1960.78,1960.78,0.0,USD,False
AP-0002866,pdf_text,,TX-0005-88178,Atlas Resources Inc.,INV-0005-002866,PO-250438,2025-12-19,2026-01-18,30.0,6750.41,6750.41,0.0,USD,False
AP-0002887,pdf_text,,TX-0042-54837,Summit Systems LLC,INV-0042-002887,PO-250570,2025-11-15,2026-01-14,60.0,7013.05,7013.05,0.0,USD,False
AP-0002897,pdf_text,,TX-0024-91040,Evergreen Solutions Inc.,INV-0024-002897,PO-250086,2025-12-21,2026-01-05,15.0,6868.08,5676.1,1191.98,EUR,False
AP-0002898,pdf_text,,TX-0137-44191,Pioneer Consulting Ltd.,INV-0137-002898,PO-251114,2025-12-01,2025-12-31,30.0,3017.41,3017.41,0.0,USD,False
AP-0002900,pdf_text,,TX-0120-96327,Oakmont Advisors Group,INV-0120-002900,PO-251660,2025-12-15,2026-01-14,30.0,3888.89,3703.7,185.19,CAD,False
AP-0002923,pdf_text,,TX-0043-75924,Crescent Analytics Group,,,,,,,,,,False
AP-0002928,ocr,95.86169137974684,TX-0131-83608,Copperfield Systems LLC,INV-0131-002928,PO-250735,2025-12-04,2026-01-03,30.0,1532.43,1532.43,0.0,USD,False
AP-0002935,pdf_text,,TX-0002-28786,Cobalt Services LLC,INV-0002-002935,PO-252098,2025-12-21,2026-01-05,15.0,27064.42,22935.95,4128.47,INR,False
AP-0002954,ocr,95.16621851764705,TX-0056-21648,Oakmont Services LLC,,,,,,,,610.03,,False
AP-0002969,pdf_text,,TX-0028-83716,Harbor Consulting Ltd.,,,,,,,,6582.03,,False
AP-0002975,pdf_text,,TX-0031-87911,Lighthouse Systems Inc.,,,,,,,,,,False
AP-0002980,pdf_text,,TX-0068-22381,Redwood Technologies Inc.,INV-0068-002980,PO-252080,2025-12-06,2026-01-05,30.0,3469.49,3304.28,165.21,CAD,False
AP-0002981,pdf_text,,TX-0048-57091,Oakmont Systems Inc.,INV-0048-002981,PO-251925,2025-12-06,2025-12-21,15.0,23360.33,21579.98,1780.35,USD,False
AP-0002984,ocr,93.36593091666667,TX-0011-62098,Summit Systems LLC,,,,,,30745.34,30745.34,0.0,USD,False
AP-0002990,pdf_text,,TX-0093-95568,Summit Systems LLC,INV-0093-002990,PO-252234,2025-11-23,2025-12-08,15.0,9480.11,8757.61,722.5,USD,False
AP-0002994,pdf_text,,TX-0113-54591,Stonebridge Logistics Inc.,INV-0113-002994,PO-251484,2025-11-20,2026-01-04,45.0,105113.0,86870.25,18242.75,EUR,False
AP-0003015,ocr,93.12284593181818,TX-0125-42798,Brightpath Resources Ltd.,INV-0125-003015,PO-25165,2025-12-06,2026-01-05,30.0,13898.98,11486.76,2412.22,EUR,False
AP-0003023,ocr,94.31757141111112,TX-0071-54213,Summit Services LLC,INV-0071-003023,PO-250666,2025-12-31,2026-01-30,30.0,2751.48,,,USD,False
AP-0003024,pdf_text,,TX-0011-62098,Summit Systems LLC,INV-0011-003024,PO-250715,2025-12-26,2026-01-10,15.0,31236.5,31236.5,0.0,USD,False
AP-0003026,pdf_text,,TX-0108-54358,Summit Supply Ltd.,INV-0108-003026,PO-250355,2025-12-25,2026-02-23,60.0,89541.37,85277.5,4263.87,CAD,False
AP-0003028,ocr,94.36761833333331,TX-0064-39165,Oakmont Supply Ltd.,INV-0064-003028,PO-251705,2025-11-16,2025-12-16,30.0,1248.68,1189.22,59.46,CAD,False
AP-0003030,ocr,95.52565100961539,TX-0094-30896,Copperfield Systems Group,INV-0094-003030,PO-251365,2025-12-02,2026-01-01,30.0,518.98,439.81,79.17,INR,False
AP-0003037,pdf_text,,TX-0015-69124,Clearview Digital Inc.,INV-0015-003037,PO-X003037,2025-12-19,2026-01-18,30.0,4085.49,4085.49,0.0,USD,False
AP-0003050,pdf_text,,TX-0053-42836,Oakmont Supply Group,INV-0053-003050,PO-250248,2025-11-21,2025-12-21,30.0,30525.85,28005.37,2520.48,SGD,False
AP-0003055,ocr,95.01513114634146,TX-0140-96185,Blue Ridge Operations Inc.,INV-0140-003055,PO-251744,2025-12-01,2025-12-31,30.0,24807.28,24807.28,0.0,USD,False
AP-0003057,pdf_text,,TX-0138-43552,Atlas Partners Group,INV-0138-003057,PO-250254,2025-12-05,2026-01-04,30.0,4551.12,3761.26,789.86,EUR,False
AP-0003058,pdf_text,,TX-0129-39742,Blue Ridge Digital Ltd.,INV-0129-001428,PO-252219,2025-11-26,2025-12-26,30.0,1439.98,1439.98,0.0,USD,False
AP-0003060,pdf_text,,TX-0103-92209,Silverline Services Group,INV-0103-003060,PO-251785,2025-11-26,2026-01-10,45.0,1418.63,1418.63,0.0,USD,False
AP-0003068,pdf_text,,TX-0095-51083,Crescent Supply Ltd.,INV-0095-003068,PO-251294,2025-12-05,2026-01-04,30.0,2625.31,2625.31,0.0,USD,False
AP-0003070,pdf_text,,TX-0114-88629,Beacon Logistics Group,INV-0114-003070,PO-251650,2025-12-14,2026-01-13,30.0,23253.67,21481.45,1772.22,USD,False
AP-0003081,pdf_text,,TX-0046-43936,Beacon Solutions LLC,INV-0046-003081,PO-252155,2025-11-17,2026-01-16,60.0,122671.74,122671.74,0.0,USD,True
AP-0003082,ocr,95.2359452804878,TX-0137-44191,Pioneer Consulting Ltd.,INV-0137-003082,PO-251114,2025-11-19,2025-12-19,30.0,13463.96,13463.96,0.0,USD,False
AP-0003084,pdf_text,,TX-0092-15472,Summit Resources Group,INV-0092-003084,PO-251877,2025-12-19,2026-01-03,15.0,10211.86,10211.86,0.0,USD,False
AP-0003085,pdf_text,,TX-0075-26492,Evergreen Digital Group,,,,,,,,40.33,,False
AP-0003090,pdf_text,,TX-0137-44191,Pioneer Consulting Ltd.,INV-0137-003090,PO-252347,2025-12-25,2026-01-24,30.0,1163.17,1163.17,0.0,USD,False
AP-0003093,pdf_text,,TX-0138-43552,Atlas Partners Group,INV-0138-003093,PO-251567,2025-11-30,2025-12-30,30.0,14204.73,11739.45,2465.28,EUR,False
AP-0003098,pdf_text,,TX-0086-70653,Summit Systems LLC,INV-0086-003098,PO-251477,2025-12-11,2026-01-25,45.0,14421.8,13322.68,1099.12,USD,False
AP-0003100,pdf_text,,TX-0089-88461,Atlas Supply LLC,,,,,,,,,,False
AP-0003101,pdf_text,,TX-0130-24969,Harbor Technologies Ltd.,INV-0130-003101,PO-250471,2025-11-24,2026-01-23,60.0,2166.44,1790.45,375.99,EUR,False
AP-0003102,pdf_text,,TX-0128-19285,Harbor Systems LLC,INV-0128-003102,PO-251185,2025-11-17,2026-01-01,45.0,11960.68,11049.13,911.55,USD,False
AP-0003105,pdf_text,,TX-0070-80671,Beacon Services LLC,INV-0070-003105,PO-250030,2025-11-15,2025-12-15,30.0,61977.67,61977.67,0.0,USD,False
AP-0003108,pdf_text,,TX-0052-68137,Evergreen Consulting LLC,INV-0052-003108,PO-250759,2025-12-13,2026-01-12,30.0,887.43,887.43,0.0,USD,False
AP-0003116,pdf_text,,TX-0041-11074,Juniper Advisors Ltd.,,,,,,,,201.64,,False
AP-0003118,ocr,94.1562691904762,TX-0140-96185,Blue Ridge Operations Inc.,INV-0140-003118,PO-251744,2025-12-27,2026-01-26,30.0,4307.96,4307.96,0.0,USD,False
AP-0003121,pdf_text,,TX-0138-43552,Atlas Partners Group,INV-0138-003121,PO-251068,2025-12-28,2026-02-11,45.0,5626.62,4650.1,976.52,EUR,False
AP-0003136,pdf_text,,TX-0009-87210,Harbor Digital LLC,INV-0009-003136,PO-250933,2025-12-28,2026-02-11,45.0,23962.37,23962.37,0.0,USD,False
AP-0003141,pdf_text,,TX-0033-48829,Northstar Advisors LLC,,,,,,,,,,False
AP-0003147,pdf_text,,TX-0052-68137,Evergreen Consulting LLC,INV-0052-003147,PO-252330,2025-12-14,2026-01-13,30.0,1171.79,1171.79,0.0,USD,False
AP-0003153,ocr,93.61217801298702,TX-0031-87911,Lighthouse Systems Inc.,,,,,,,,,,False
AP-0003155,pdf_text,,TX-0065-32403,Stonebridge Networks Inc.,INV-0065-003155,PO-251728,2025-12-05,2026-01-04,30.0,5775.81,5775.81,0.0,USD,False
AP-0003159,pdf_text,,TX-0031-87911,Lighthouse Systems Inc.,,,,,,,,,,False
AP-0003162,pdf_text,,TX-0140-96185,Blue Ridge Operations Inc.,INV-0140-003162,PO-251416,2025-12-17,2026-01-16,30.0,37470.34,37470.34,0.0,USD,False
AP-0003165,pdf_text,,TX-0052-68137,Evergreen Consulting LLC,INV-0052-003165,PO-252330,2025-12-15,2026-01-14,30.0,5950.23,5950.23,0.0,USD,False
AP-0003167,pdf_text,,TX-0094-30896,Copperfield Systems Group,INV-0094-003167,PO-250274,2025-11-14,2025-12-14,30.0,2024.4,1715.59,308.81,INR,False
AP-0003169,pdf_text,,TX-0014-36758,Summit Logistics Group,,,,,,,,,,False
AP-0003173,pdf_text,,TX-0062-17232,Summit Systems LLC,INV-0062-003173,PO-252062,2025-11-21,2025-12-21,30.0,703.76,703.76,0.0,USD,True
AP-0003175,pdf_text,,TX-0048-57091,Oakmont Systems Inc.,INV-0048-003175,PO-252294,2025-11-20,2025-12-05,15.0,7341.37,6781.87,559.5,USD,False
AP-0003187,pdf_text,,TX-0043-75924,Crescent Analytics Group,,,,,,,,,,False
AP-0003189,pdf_text,,TX-0096-18776,Copperfield Systems Group,INV-0096-003189,PO-252312,2025-12-14,2026-01-13,30.0,129290.96,123134.25,6156.71,CAD,True
AP-0003197,ocr,95.49299288541665,TX-0062-17232,Summit Systems LLC,,,,,,319.2,319.2,0.0,USD,False
AP-0003211,pdf_text,,TX-0054-19609,Crescent Logistics LLC,INV-0054-003211,PO-252121,2025-12-30,2026-01-29,30.0,16560.47,15298.36,1262.11,USD,False
AP-0003214,ocr,94.99975935,TX-0140-96185,Blue Ridge Operations Inc.,INV-0140-003214,PO-250531,2025-11-24,2025-12-24,30.0,12511.0,,,USD,False
AP-0003216,pdf_text,,TX-0107-50949,Silverline Advisors Inc.,INV-0107-003216,PO-252050,2025-11-23,2026-01-22,60.0,9073.35,8381.85,691.5,USD,False
AP-0003217,pdf_text,,TX-0105-55701,Ironwood Analytics Inc.,INV-0105-003217,PO-251076,2025-12-25,2026-02-08,45.0,14151.93,14151.93,0.0,USD,False
AP-0003235,pdf_text,,TX-0078-49721,Crescent Networks Ltd.,INV-0078-001798,PO-250071,2025-12-19,2026-01-18,30.0,3784.63,3784.63,0.0,USD,False
AP-0003241,pdf_text,,TX-0126-41894,Blue Ridge Digital LLC,INV-0126-003241,PO-251735,2025-12-19,2026-01-18,30.0,45453.54,41989.41,3464.13,USD,False
AP-0003246,pdf_text,,TX-0050-69493,Ironwood Services Ltd.,INV-0050-003246,PO-250070,2025-12-14,2026-01-28,45.0,12941.3,12941.3,0.0,USD,False
AP-0003249,pdf_text,,TX-0123-99977,Oakmont Analytics Ltd.,,,,,,,,13439.25,,False
AP-0003252,pdf_text,,TX-0120-96327,Oakmont Advisors Group,INV-0120-003252,PO-250366,2025-12-23,2026-01-22,30.0,8938.4,8512.76,425.64,CAD,False
AP-0003255,ocr,95.73655656179774,TX-0015-69124,Clearview Digital Inc.,INV-0015-003255,PO-251102,2025-12-23,2026-01-22,30.0,2124.69,2124.69,0.0,USD,False
AP-0003262,pdf_text,,TX-0070-80671,Beacon Services LLC,INV-0070-003262,PO-250407,2025-12-07,2025-12-22,15.0,28401.12,28401.12,0.0,USD,False
AP-0003266,pdf_text,,TX-0061-83099,Copperfield Services Inc.,INV-0061-003266,PO-251480,2025-12-24,2026-01-23,30.0,22962.05,22962.05,0.0,USD,False
AP-0003267,pdf_text,,TX-0074-79332,Harbor Analytics Ltd.,INV-0074-003267,PO-251683,2025-12-20,2026-01-19,30.0,1777.86,1777.86,0.0,USD,False
AP-0003276,pdf_text,,TX-0135-50499,Summit Systems LLC,INV-0135-003276,PO-252023,2025-12-20,2026-01-19,30.0,4351.89,4020.22,331.67,USD,False
AP-0003277,pdf_text,,TX-0045-69725,Atlas Services LLC,INV-0045-003277,PO-252369,2025-11-28,2026-01-12,45.0,684.78,684.78,0.0,USD,False
AP-0003280,ocr,95.20490418181816,TX-0073-32545,Beacon Services LLC,INV-0073-003280,PO-250551,2025-12-12,2026-01-11,30.0,36444.4,36444.4,0.0,USD,False
AP-0003289,pdf_text,,TX-0044-84195,Harbor Analytics Ltd.,INV-0044-003289,PO-250228,2025-11-16,2026-01-15,60.0,1222.5,1222.5,0.0,USD,False
AP-0003290,pdf_text,,TX-0004-83750,Harbor Networks Ltd.,,,,,,,,159.62,,False
AP-0003298,pdf_text,,TX-0029-56211,Crescent Technologies LLC,INV-0029-003298,PO-251752,2025-12-08,2025-12-23,15.0,5541.01,5118.72,422.29,USD,False
AP-0003301,pdf_text,,TX-0101-51229,Juniper Technologies LLC,INV-0101-003301,PO-250002,2025-12-13,2025-12-28,15.0,25820.15,21338.97,4481.18,EUR,False
AP-0003314,pdf_text,,TX-0069-10137,Summit Systems LLC,INV-0069-003314,PO-250804,2025-12-15,2026-01-14,30.0,2328.77,2328.77,0.0,USD,False
AP-0003320,ocr,92.71739757647059,TX-0084-70345,Redwood Supply LLC,INV-0084-003320,PO-250272,2025-12-18,2026-01-17,30.0,,,21.0,,False
AP-0003322,ocr,92.70291691463416,TX-0014-36758,Summit Logistics Group,,,,,,,,,,False
AP-0003323,pdf_text,,TX-0056-21648,Oakmont Services LLC,,,,,,,,256.45,,False
AP-0003329,pdf_text,,TX-0034-94278,Summit Systems LLC,INV-0034-003329,PO-X003329,2025-12-17,2026-01-16,30.0,6808.37,6808.37,0.0,USD,False
AP-0003333,pdf_text,,TX-0017-46110,Cobalt Analytics Group,INV-0017-003333,PO-251983,2025-11-16,2025-12-31,45.0,100229.28,83524.4,16704.88,GBP,False
AP-0003339,pdf_text,,TX-0099-76362,Copperfield Networks Ltd.,,,,,,,,,,True
AP-0003341,pdf_text,,TX-0009-87210,Harbor Digital LLC,INV-0009-003341,PO-252126,2025-12-09,2026-01-23,45.0,102321.59,102321.59,0.0,USD,False
AP-0003353,pdf_text,,TX-0140-96185,Blue Ridge Operations Inc.,INV-0140-003353,PO-251522,2025-12-08,2026-01-07,30.0,8945.5,8945.5,0.0,USD,False
AP-0003357,pdf_text,,TX-0066-17224,Stonebridge Networks Ltd.,INV-0066-003357,PO-252158,2025-11-23,2025-12-23,30.0,14360.85,14360.85,0.0,USD,False
AP-0003360,pdf_text,,TX-0102-39905,Blue Ridge Analytics Inc.,INV-0102-003360,PO-251392,2025-12-26,2026-01-10,15.0,10377.04,8576.07,1800.97,EUR,False
AP-0003362,pdf_text,,TX-0130-24969,Harbor Technologies Ltd.,INV-0130-003362,PO-250780,2025-12-01,2026-01-30,60.0,5351.05,4422.36,928.69,EUR,False
AP-0003363,ocr,94.97369074698796,TX-0099-76362,Copperfield Networks Ltd.,,,,,,,,,,False
AP-0003371,pdf_text,,TX-0027-23409,Harbor Resources LLC,INV-0027-003371,PO-251884,2025-12-28,2026-01-27,30.0,3081.93,3081.93,0.0,USD,False
AP-0003375,ocr,93.87592046249999,TX-0081-73770,Silverline Supply Group,INV-008,PO-250433,2025-12-09,2026-01-08,30.0,2771.4,2771.4,0.0,USD,False
AP-0003380,pdf_text,,TX-0057-94723,Lighthouse Supply Ltd.,INV-0057-003380,PO-250309,2025-12-06,2026-01-05,30.0,39259.03,39259.03,0.0,USD,False
AP-0003383,ocr,95.68493368085103,TX-0054-19609,Crescent Logistics LLC,INV-0054-003383,PO-250974,2025-11-21,2025-12-21,30.0,12569.82,11611.84,957.98,USD,False
AP-0003384,pdf_text,,TX-0119-27534,Evergreen Systems Group,,,,,,,,5553.14,,False
AP-0003388,pdf_text,,TX-0117-90487,Atlas Consulting LLC,INV-0117-003388,PO-251268,2025-11-29,2025-12-14,15.0,27190.23,25895.46,1294.77,CAD,False
AP-0003390,pdf_text,,TX-0042-54837,Summit Systems LLC,INV-0042-003390,PO-250570,2025-12-26,2026-02-24,60.0,1366.85,1366.85,0.0,USD,False
AP-0003392,pdf_text,,TX-0068-22381,Redwood Technologies Inc.,INV-0068-003392,PO-251772,2025-11-27,2025-12-12,15.0,58802.69,56002.56,2800.13,CAD,False
AP-0003405,ocr,93.596199247191,TX-0051-19602,Summit Digital Ltd.,,,,,,,,,,False
AP-0003407,pdf_text,,TX-0090-82710,Summit Systems LLC,INV-0090-003407,PO-252058,2025-12-24,2026-02-07,45.0,11842.92,11842.92,0.0,USD,False
AP-0003412,pdf_text,,TX-0132-11639,Atlas Supply Group,INV-0132-003412,PO-250939,2025-11-23,2026-01-22,60.0,4434.98,4096.98,338.0,USD,False
AP-0003424,ocr,94.58266316326531,TX-0118-10046,Stonebridge Logistics Ltd.,INV-0118-003424,PO-251761,2025-12-12,2026-01-11,30.0,5304.35,,,USD,False
AP-0003429,pdf_text,,TX-0061-83099,Copperfield Services Inc.,INV-0061-003429,PO-250805,2025-12-05,2026-01-04,30.0,18537.06,18537.06,0.0,USD,False
AP-0003430,pdf_text,,TX-0004-83750,Harbor Networks Ltd.,,,,,,,,226.41,,False
AP-0003432,pdf_text,,TX-0036-11692,Summit Systems LLC,INV-0036-003432,PO-250566,2025-12-08,2026-01-07,30.0,4790.89,4790.89,0.0,USD,False
AP-0003433,pdf_text,,TX-0050-69493,Ironwood Services Ltd.,INV-0050-003433,PO-251499,2025-12-09,2026-01-08,30.0,4908.73,4908.73,0.0,USD,False
AP-0003434,pdf_text,,TX-0049-19644,Harbor Resources LLC,INV-0049-003434,PO-251915,2025-12-21,2026-01-20,30.0,2583.41,2135.05,448.36,EUR,True
AP-0003438,ocr,95.07196125714283,TX-0029-56211,Crescent Technologies LLC,INV-0029-003438,PO-252138,2025-12-21,2026-01-05,15.0,47494.12,,43874.48,USD,False
AP-0003441,pdf_text,,TX-0037-24439,Redwood Supply LLC,INV-0037-003441,PO-250349,2025-11-20,2025-12-20,30.0,5645.13,4665.4,979.73,EUR,False
AP-0003444,pdf_text,,TX-0035-47483,Pioneer Networks Ltd.,,,,,,,,,,False
AP-0003445,pdf_text,,TX-0049-19644,Harbor Resources LLC,INV-0049-003445,PO-250431,2025-11-29,2025-12-29,30.0,2731.86,2257.74,474.12,EUR,False
AP-0003446,pdf_text,,TX-0137-44191,Pioneer Consulting Ltd.,INV-0137-000906,PO-251426,2025-12-24,2026-01-23,30.0,15102.51,15102.51,0.0,USD,False
AP-0003457,pdf_text,,TX-0007-69764,Redwood Logistics Ltd.,INV-0007-003457,PO-250626,2025-11-25,2025-12-10,15.0,6037.63,5116.64,920.99,INR,False
AP-0003458,pdf_text,,TX-0010-16923,Blue Ridge Supply LLC,INV-0010-003458,PO-250059,2025-12-08,2026-01-07,30.0,22912.22,21821.16,1091.06,CAD,False
AP-0003467,pdf_text,,TX-0001-43105,Evergreen Consulting Group,INV-0001-003467,PO-252099,2025-12-05,2026-01-04,30.0,2348.1,1989.92,358.18,INR,False
AP-0003469,pdf_text,,TX-0031-87911,Lighthouse Systems Inc.,,,,,,,,,,False
AP-0003470,pdf_text,,TX-0039-91527,Blue Ridge Networks Group,INV-0039-003470,PO-251447,2025-12-27,2026-02-10,45.0,445.9,445.9,0.0,USD,False
AP-0003477,pdf_text,,TX-0048-57091,Oakmont Systems Inc.,INV-0048-003477,PO-250852,2025-11-24,2025-12-09,15.0,36512.65,30427.21,6085.44,GBP,False
AP-0003484,pdf_text,,TX-0031-87911,Lighthouse Systems Inc.,,,,,,,,,,False
AP-0003486,pdf_text,,TX-0009-87210,Harbor Digital LLC,INV-0009-003486,PO-252126,2025-11-24,2026-01-08,45.0,9460.44,9460.44,0.0,USD,True
AP-0003494,pdf_text,,TX-0050-69493,Ironwood Services Ltd.,INV-0050-003494,PO-250070,2025-12-09,2026-01-08,30.0,13479.38,13479.38,0.0,USD,False
AP-0003497,pdf_text,,TX-0038-45747,Beacon Analytics Ltd.,INV-0038-003497,PO-251862,2025-12-16,2026-01-15,30.0,5901.61,5901.61,0.0,USD,False
AP-0003501,pdf_text,,TX-0117-90487,Atlas Consulting LLC,INV-0117-003501,PO-250282,2025-12-24,2026-01-08,15.0,16633.45,15841.38,792.07,CAD,False
AP-0003502,pdf_text,,TX-0079-81417,Brightpath Technologies LLC,,,,,,,,905.82,,False
AP-0003517,pdf_text,,TX-0064-39165,Oakmont Supply Ltd.,INV-0064-003517,PO-251903,2025-12-07,2026-01-06,30.0,8955.14,8528.7,426.44,CAD,False
AP-0003527,pdf_text,,TX-0072-14104,Silverline Systems LLC,INV-0072-003527,PO-250038,2025-12-01,2025-12-31,30.0,6589.83,6045.72,544.11,SGD,False
AP-0003530,pdf_text,,TX-0088-45873,Atlas Systems Group,INV-0088-003530,PO-252352,2025-12-07,2026-01-06,30.0,87723.96,87723.96,0.0,USD,False
AP-0003534,pdf_text,,TX-0125-42798,Brightpath Resources Ltd.,INV-0125-003534,PO-251651,2025-12-07,2026-01-06,30.0,2634.67,2177.41,457.26,EUR,False
AP-0003539,pdf_text,,TX-0062-17232,Summit Systems LLC,INV-0062-003539,PO-X003539,2025-11-25,2025-12-25,30.0,7330.13,7330.13,0.0,USD,False
AP-0003546,ocr,95.07311652112676,TX-0122-68733,Summit Operations Ltd.,INV-0122-003546,PO-251706,2025-11-23,2026-01-07,45.0,3997.64,,,USD,False
AP-0003554,ocr,95.88938647887322,TX-0061-83099,Copperfield Services Inc.,INV-0061-003554,PO-251205,2025-12-16,2026-01-15,30.0,96028.04,96028.04,0.0,USD,False
AP-0003571,ocr,94.51457431034481,TX-0122-68733,Summit Operations Ltd.,INV-0122-003571,PO-251229,2025-12-16,2026-01-30,45.0,3549.86,3549.86,0.0,USD,False
AP-0003580,pdf_text,,TX-0093-95568,Summit Systems LLC,INV-0093-003580,PO-251917,2025-12-28,2026-01-12,15.0,16403.49,15153.34,1250.15,USD,False
AP-0003582,pdf_text,,TX-0113-54591,Stonebridge Logistics Inc.,INV-0113-003582,,2025-12-02,2026-01-16,45.0,25236.81,20856.87,4379.94,EUR,False
AP-0003594,pdf_text,,TX-0114-88629,Beacon Logistics Group,INV-0114-003594,PO-251650,2025-12-25,2026-01-24,30.0,30929.62,28572.4,2357.22,USD,False
AP-0003603,pdf_text,,TX-0091-39995,Oakmont Advisors Group,INV-0091-003603,PO-251193,2025-11-23,2026-01-22,60.0,3442.39,3158.16,284.23,SGD,False
AP-0003610,pdf_text,,TX-0011-62098,Summit Systems LLC,INV-0011-003610,PO-250084,2025-12-18,2026-02-16,60.0,4004.06,4004.06,0.0,USD,False
AP-0003614,pdf_text,,TX-0124-51957,Brightpath Systems Ltd.,INV-0124-003614,PO-250945,2025-12-15,2025-12-30,15.0,6146.39,5853.7,292.69,CAD,False
AP-0003620,pdf_text,,TX-0090-82710,Summit Systems LLC,INV-0090-003620,PO-250348,2025-12-19,2026-02-02,45.0,5642.91,5642.91,0.0,USD,False
AP-0003627,pdf_text,,TX-0013-11961,Atlas Services LLC,INV-0013-003627,PO-251907,2025-12-02,2026-01-16,45.0,7859.12,7859.12,0.0,USD,False
AP-0003639,ocr,94.10775371134022,TX-0100-21510,Summit Logistics Inc.,,,,,,,,,,False
AP-0003648,pdf_text,,TX-0088-45873,Atlas Systems Group,INV-0088-003648,PO-251892,2025-12-29,2026-01-28,30.0,4910.04,4910.04,0.0,USD,True
AP-0003657,pdf_text,,TX-0017-46110,Cobalt Analytics Group,INV-0017-003657,PO-251912,2025-12-03,2026-01-02,30.0,14197.29,11831.08,2366.21,GBP,True
AP-0003672,pdf_text,,TX-0018-72351,Summit Systems LLC,INV-0018-003672,PO-251209,2025-12-21,2026-01-20,30.0,30859.88,30859.88,0.0,USD,False
AP-0003685,pdf_text,,TX-0140-96185,Blue Ridge Operations Inc.,INV-0140-003685,PO-251464,2025-12-20,2026-01-19,30.0,6074.11,6074.11,0.0,USD,False
AP-0003691,pdf_text,,TX-0123-99977,Oakmont Analytics Ltd.,,,,,,,,2516.7,,False
AP-0003695,pdf_text,,TX-0065-32403,Stonebridge Networks Inc.,INV-0065-003695,PO-251728,2025-12-17,2026-01-16,30.0,6280.3,6280.3,0.0,USD,False
AP-0003703,ocr,95.1651293943662,TX-0112-59988,Crescent Systems Group,INV-0112-003703,PO-252388,2025-11-25,2025-12-25,30.0,2584.76,,,USD,False
AP-0003707,pdf_text,,TX-0084-70345,Redwood Supply LLC,INV-0084-003707,PO-251105,2025-11-23,2025-12-23,30.0,18621.99,15390.07,3231.92,EUR,False
AP-0003711,pdf_text,,TX-0069-10137,Summit Systems LLC,INV-0069-003711,PO-250048,2025-12-10,2026-01-09,30.0,12642.09,12642.09,0.0,USD,False
AP-0003726,pdf_text,,TX-0042-54837,Summit Systems LLC,INV-0042-003726,PO-250763,2025-11-18,2026-01-17,60.0,9329.21,9329.21,0.0,USD,False
AP-0003736,pdf_text,,TX-0081-73770,Silverline Supply Group,INV-0081-003736,PO-251926,2025-11-30,2025-12-30,30.0,3916.94,3916.94,0.0,USD,False
AP-0003737,pdf_text,,TX-0086-70653,Summit Systems LLC,INV-0086-003737,PO-252178,2025-11-22,2026-01-06,45.0,3579.94,3307.1,272.84,USD,False
AP-0003740,pdf_text,,TX-0104-57614,Oakmont Operations Group,INV-0104-003740,PO-250056,2025-12-19,2026-02-17,60.0,122530.19,122530.19,0.0,USD,False
AP-0003743,pdf_text,,TX-0084-70345,Redwood Supply LLC,INV-0084-003743,PO-250272,2025-11-30,2025-12-30,30.0,16024.92,13243.74,2781.18,EUR,True
AP-0003748,ocr,94.42180956944445,TX-0117-90487,Atlas Consulting LLC,INV-0117-003748,PO-251466,2025-12-11,2026-01-10,30.0,80333.31,76507.91,3825.4,CAD,True
AP-0003752,ocr,95.36463425531915,TX-0086-70653,Summit Systems LLC,INV-0086-003752,PO-252025,2025-12-12,2026-01-26,45.0,1836.99,1696.99,140.0,USD,False
AP-0003754,pdf_text,,TX-0075-26492,Evergreen Digital Group,,,,,,,,770.54,,False
AP-0003758,pdf_text,,TX-0116-23088,Juniper Supply LLC,INV-0116-003758,PO-250878,2025-12-07,2026-02-05,60.0,26509.84,26509.84,0.0,USD,False
AP-0003764,pdf_text,,TX-0120-96327,Oakmont Advisors Group,INV-0120-003764,PO-252030,2025-11-23,2025-12-23,30.0,10544.1,10042.0,502.1,CAD,False
AP-0003771,ocr,93.82257017647059,TX-0101-51229,Juniper Technologies LLC,INV-0101-003771,_,2025-11-29,2025-12-14,15.0,4653.72,,21.0,EUR,False
AP-0003773,pdf_text,,TX-0138-43552,Atlas Partners Group,INV-0138-003773,PO-251126,2025-12-16,2026-01-15,30.0,9605.06,7938.07,1666.99,EUR,False
AP-0003775,pdf_text,,TX-0001-43105,Evergreen Consulting Group,INV-0001-003775,PO-251139,2025-11-21,2025-12-21,30.0,7548.09,6396.69,1151.4,INR,False
AP-0003780,pdf_text,,TX-0131-83608,Copperfield Systems LLC,INV-0131-003780,PO-X003780,2025-12-02,2026-01-01,30.0,47797.56,47797.56,0.0,USD,False
AP-0003782,ocr,93.0021645647059,TX-0028-83716,Harbor Consulting Ltd.,,,,,,,,429.6,,False
AP-0003785,pdf_text,,TX-0066-17224,Stonebridge Networks Ltd.,INV-0066-003785,PO-252158,2025-12-22,2026-01-21,30.0,4788.65,4788.65,0.0,USD,False
AP-0003791,pdf_text,,TX-0071-54213,Summit Services LLC,INV-0071-003791,PO-250666,2025-12-03,2026-01-02,30.0,14689.43,14689.43,0.0,USD,False
AP-0003798,ocr,94.87348662650604,TX-0118-10046,Stonebridge Logistics Ltd.,INV-0118-003798,PO-250721,2025-11-29,2025-12-14,15.0,22789.8,,,USD,False
AP-0003800,pdf_text,,TX-0015-69124,Clearview Digital Inc.,INV-0015-003800,PO-251059,2025-11-22,2026-01-21,60.0,23122.89,23122.89,0.0,USD,False
AP-0003811,pdf_text,,TX-0106-56495,Oakmont Analytics Inc.,INV-0106-003811,PO-252026,2025-12-17,2026-01-31,45.0,8878.17,8878.17,0.0,USD,False
AP-0003815,pdf_text,,TX-0058-42609,Brightpath Logistics Inc.,,,,,,,,2957.18,,False
AP-0003819,ocr,90.45291305208333,TX-0047-37316,Stonebridge Advisors Group,INV-0047-003819,PO-252226,2025-11-17,2025-12-17,30.0,14190.76,11727.9,2462.86,EUR,False
AP-0003821,ocr,95.7075624117647,TX-0096-18776,Copperfield Systems Group,INV-0096-003821,PO-252293,2025-11-16,2025-12-16,30.0,8413.02,8012.4,400.62,CAD,False
AP-0003822,pdf_text,,TX-0054-19609,Crescent Logistics LLC,INV-0054-003822,PO-250127,2025-12-29,2026-01-28,30.0,1704.96,1575.02,129.94,USD,False
AP-0003828,pdf_text,,TX-0041-11074,Juniper Advisors Ltd.,,,,,,,,172.88,,False
AP-0003831,pdf_text,,TX-0014-36758,Summit Logistics Group,,,,,,,,,,False
AP-0003833,ocr,92.78212848421052,TX-0014-36758,Summit Logistics Group,,,,,,,,,,False
AP-0003838,pdf_text,,TX-0111-16923,Summit Systems LLC,INV-0111-003838,PO-250981,2025-12-02,2025-12-17,15.0,17799.91,16443.33,1356.58,USD,False
AP-0003845,pdf_text,,TX-0001-43105,Evergreen Consulting Group,INV-0001-003845,PO-251520,2025-11-23,2025-12-23,30.0,34166.72,28954.85,5211.87,INR,False
AP-0003849,pdf_text,,TX-0022-47741,Lighthouse Solutions LLC,,,,,,,,,,False
AP-0003862,pdf_text,,TX-0107-50949,Silverline Advisors Inc.,INV-0107-003862,PO-252050,2025-12-27,2026-02-25,60.0,3247.07,2999.6,247.47,USD,False
AP-0003869,pdf_text,,TX-0106-56495,Oakmont Analytics Inc.,INV-0106-003869,PO-251166,2025-12-19,2026-02-02,45.0,16349.43,16349.43,0.0,USD,False
AP-0003872,pdf_text,,TX-0070-80671,Beacon Services LLC,INV-0070-003872,,2025-11-27,2025-12-12,15.0,24735.37,24735.37,0.0,USD,False
AP-0003873,pdf_text,,TX-0007-69764,Redwood Logistics Ltd.,INV-0007-003873,PO-250437,2025-12-26,2026-01-10,15.0,2860.4,2424.07,436.33,INR,False
AP-0003881,pdf_text,,TX-0121-33255,Cobalt Systems Inc.,,,,,,,,,,False
AP-0003883,pdf_text,,TX-0135-50499,Summit Systems LLC,INV-0135-003883,PO-251675,2025-12-04,2026-01-03,30.0,2318.26,2141.58,176.68,USD,False
AP-0003889,pdf_text,,TX-0064-39165,Oakmont Supply Ltd.,INV-0064-003889,PO-252071,2025-12-02,2026-01-01,30.0,6553.14,6241.09,312.05,CAD,False
AP-0003895,pdf_text,,TX-0055-46775,Silverline Analytics Group,INV-0055-003895,PO-251234,2025-12-08,2026-01-07,30.0,15011.71,13772.21,1239.5,SGD,False
AP-0003896,ocr,94.99751906315788,TX-0127-49996,Ironwood Solutions Inc.,INV-0127-003896,PO-250460,2025-11-28,2026-01-12,45.0,8921.57,8241.64,679.93,USD,False
AP-0003900,pdf_text,,TX-0017-46110,Cobalt Analytics Group,INV-0017-003900,PO-251912,2025-11-26,2026-01-10,45.0,15246.86,12705.72,2541.14,GBP,False
AP-0003904,pdf_text,,TX-0013-11961,Atlas Services LLC,INV-0013-003904,PO-252035,2025-12-07,2026-01-21,45.0,6399.87,6399.87,0.0,USD,False
AP-0003909,pdf_text,,TX-0059-74622,Pioneer Solutions Group,INV-0059-003909,PO-251314,2025-12-03,2026-01-17,45.0,59110.23,54605.29,4504.94,USD,False
AP-0003914,pdf_text,,TX-0136-10386,Clearview Services Inc.,INV-0136-003914,PO-252093,2025-12-02,2026-01-16,45.0,5689.02,5219.28,469.74,SGD,False
AP-0003923,pdf_text,,TX-0053-42836,Oakmont Supply Group,INV-0053-003923,PO-251041,2025-12-01,2025-12-31,30.0,61992.7,56874.04,5118.66,SGD,False
AP-0003936,ocr,95.3194679879518,TX-0073-32545,Beacon Services LLC,INV-0073-003936,PO-251221,,2026-01-25,,38546.04,38546.04,0.0,USD,False
AP-0003937,ocr,94.57517229032257,TX-0064-39165,Oakmont Supply Ltd.,INV-0064-003937,PO-252071,2025-12-10,2026-01-09,30.0,1275.66,1178.44,97.22,USD,False
AP-0003938,pdf_text,,TX-0031-87911,Lighthouse Systems Inc.,,,,,,,,,,False
AP-0003939,pdf_text,,TX-0135-50499,Summit Systems LLC,INV-0135-003939,PO-251675,2025-11-29,2025-12-29,30.0,1580.81,1460.33,120.48,USD,False
AP-0003940,pdf_text,,TX-0054-19609,Crescent Logistics LLC,INV-0054-003940,PO-250242,2025-12-18,2026-01-17,30.0,8173.93,7550.97,622.96,USD,False
AP-0003941,ocr,95.84932291666667,TX-0009-87210,Harbor Digital LLC,,,,,,570.76,570.76,0.0,USD,False
AP-0003945,pdf_text,,TX-0058-42609,Brightpath Logistics Inc.,,,,,,,,4093.02,,False
AP-0003949,pdf_text,,TX-0017-46110,Cobalt Analytics Group,INV-0017-003949,PO-251799,2025-12-31,2026-02-14,45.0,7206.31,6005.26,1201.05,GBP,False
AP-0003963,pdf_text,,TX-0045-69725,Atlas Services LLC,INV-0045-003963,PO-252369,2025-12-24,2026-02-07,45.0,4709.31,4709.31,0.0,USD,False
AP-0003971,ocr,95.17149659036144,TX-0097-36111,Clearview Analytics Ltd.,INV-0097-003971,PO-250375,2025-11-16,2025-12-31,45.0,3436.06,2863.38,572.68,GBP,False
AP-0003973,ocr,95.55958734042554,TX-0107-50949,Silverline Advisors Inc.,INV-0107-003973,PO-250140,2025-12-25,2026-02-23,60.0,2555.05,2360.32,194.73,USD,False
AP-0003975,pdf_text,,TX-0002-28786,Cobalt Services LLC,INV-0002-003975,PO-252334,2025-12-03,2025-12-18,15.0,21476.66,18200.56,3276.1,INR,False
AP-0003985,pdf_text,,TX-0123-99977,Oakmont Analytics Ltd.,,,,,,,,1305.47,,False
AP-0003993,pdf_text,,TX-0071-54213,Summit Services LLC,INV-0071-003993,PO-250666,2025-12-04,2026-01-03,30.0,10059.21,10059.21,0.0,USD,False
AP-0004004,pdf_text,,TX-0029-56211,Crescent Technologies LLC,INV-0029-004004,PO-252327,2025-11-20,2025-12-05,15.0,2589.62,2392.26,197.36,USD,False
AP-0004005,pdf_text,,TX-0014-36758,Summit Logistics Group,,,,,,,,,,False
AP-0004006,pdf_text,,TX-0071-54213,Summit Services LLC,INV-0071-004006,PO-252074,2025-12-30,2026-01-29,30.0,1390.59,1390.59,0.0,USD,False
AP-0004014,ocr,95.64153949411764,TX-0063-67062,Copperfield Systems Inc.,,,,,,,,4145.81,,False
AP-0004031,pdf_text,,TX-0119-27534,Evergreen Systems Group,,,,,,,,1078.11,,False
AP-0004034,pdf_text,,TX-0064-39165,Oakmont Supply Ltd.,INV-0064-004034,PO-252071,2025-11-20,2025-12-20,30.0,960.72,914.97,45.75,CAD,False
AP-0004036,pdf_text,,TX-0018-72351,Summit Systems LLC,INV-0018-004036,PO-251451,2025-12-11,2026-01-10,30.0,38600.67,38600.67,0.0,USD,False
AP-0004037,pdf_text,,TX-0083-82789,Summit Systems LLC,INV-0083-004037,PO-252323,2025-12-19,2026-01-03,15.0,40704.95,37602.73,3102.22,USD,False
AP-0004054,pdf_text,,TX-0020-45960,Copperfield Partners Group,INV-0020-004054,PO-250535,2025-11-21,2026-01-20,60.0,6117.62,6117.62,0.0,USD,False
AP-0004055,pdf_text,,TX-0001-43105,Evergreen Consulting Group,INV-0001-004055,PO-252366,2025-12-03,2026-01-02,30.0,1522.23,1290.03,232.2,INR,False
AP-0004059,pdf_text,,TX-0098-91882,Summit Systems LLC,INV-0098-004059,PO-251482,2025-11-25,2026-01-09,45.0,8337.69,8337.69,0.0,USD,False
AP-0004062,pdf_text,,TX-0044-84195,Harbor Analytics Ltd.,INV-0044-004062,,2025-11-18,2025-12-03,15.0,8000.61,8000.61,0.0,USD,False
AP-0004066,pdf_text,,TX-0136-10386,Clearview Services Inc.,INV-0136-004066,PO-251805,2025-12-27,2026-02-10,45.0,9179.72,8421.76,757.96,SGD,False
AP-0004079,pdf_text,,TX-0108-54358,Summit Supply Ltd.,INV-0108-004079,PO-251668,2025-12-28,2026-02-26,60.0,5853.17,5574.45,278.72,CAD,False
AP-0004080,pdf_text,,TX-0079-81417,Brightpath Technologies LLC,,,,,,,,,,False
AP-0004084,pdf_text,,TX-0003-12255,Cobalt Technologies Group,INV-0003-004084,PO-252174,2025-11-26,2025-12-26,30.0,5905.71,4880.75,1024.96,EUR,False
AP-0004086,pdf_text,,TX-0049-19644,Harbor Resources LLC,INV-0049-004086,PO-250565,2025-12-26,2026-01-25,30.0,7770.66,6422.03,1348.63,EUR,False
AP-0004090,pdf_text,,TX-0112-59988,Crescent Systems Group,INV-0112-004090,PO-250898,2025-12-23,2026-01-22,30.0,28529.63,28529.63,0.0,USD,False
AP-0004095,pdf_text,,TX-0118-10046,Stonebridge Logistics Ltd.,INV-0118-004095,PO-251761,2025-12-19,2026-01-18,30.0,3212.26,2967.45,244.81,USD,False
AP-0004105,ocr,95.50527878749999,TX-0133-30576,Cobalt Partners Group,INV-0133-004105,PO-251685,2025-12-15,2026-01-29,45.0,1295.86,1295.86,0.0,USD,False
AP-0004130,pdf_text,,TX-0114-88629,Beacon Logistics Group,INV-0114-004130,PO-250176,2025-12-31,2026-01-30,30.0,34766.21,32116.59,2649.62,USD,False
AP-0004141,pdf_text,,TX-0100-21510,Summit Logistics Inc.,,,,,,,,,,False
AP-0004145,pdf_text,,TX-0015-69124,Clearview Digital Inc.,INV-0015-004145,PO-252244,2025-12-27,2026-01-26,30.0,31195.37,31195.37,0.0,USD,False
AP-0004149,pdf_text,,TX-0135-50499,Summit Systems LLC,INV-0135-004149,PO-251675,2025-12-21,2026-01-20,30.0,1715.95,1585.17,130.78,USD,False
AP-0004165,ocr,95.91437915789471,TX-0036-11692,Summit Systems LLC,INV-0036-004165,PO-251108,2025-11-29,2026-01-13,45.0,2407.1,2407.1,0.0,USD,False
AP-0004172,pdf_text,,TX-0005-88178,Atlas Resources Inc.,INV-0005-004172,PO-250438,2025-12-02,2026-01-01,30.0,2368.38,2368.38,0.0,USD,False
AP-0004180,pdf_text,,TX-0035-47483,Pioneer Networks Ltd.,,,,,,,,,,False
AP-0004189,ocr,94.153988893617,TX-0134-16068,Atlas Resources Ltd.,,,,,,,,,,False
AP-0004205,pdf_text,,TX-0042-54837,Summit Systems LLC,INV-0042-004205,PO-251206,2025-12-30,2026-02-28,60.0,31844.15,31844.15,0.0,USD,False
AP-0004216,pdf_text,,TX-0006-57912,Beacon Solutions LLC,INV-0006-004216,PO-250513,2025-11-22,2026-01-21,60.0,8125.31,7738.39,386.92,CAD,False
AP-0004220,ocr,86.95963862000002,TX-0004-83750,Harbor Networks Ltd.,,,,,,,,,,False
AP-0004222,pdf_text,,TX-0094-30896,Copperfield Systems Group,INV-0094-004222,PO-251281,2025-12-17,2026-01-16,30.0,3410.42,2890.19,520.23,INR,False
AP-0004242,pdf_text,,TX-0021-37068,Brightpath Operations LLC,INV-0021-004242,PO-250168,2025-12-11,2026-01-25,45.0,26115.64,24125.3,1990.34,USD,False
AP-0004244,ocr,95.80009921917808,TX-0095-51083,Crescent Supply Ltd.,INV-0095-004244,PO-250011,2025-12-30,2026-01-29,30.0,3295.25,3295.25,0.0,USD,False
AP-0004247,pdf_text,,TX-0048-57091,Oakmont Systems Inc.,INV-0048-004247,PO-250179,2025-11-20,2025-12-05,15.0,554.71,512.43,42.28,USD,False
AP-0004254,ocr,95.79610016161617,TX-0054-19609,Crescent Logistics LLC,INV-0054-004254,PO-251052,2025-12-25,2026-01-24,30.0,42000.23,38799.29,3200.94,USD,False
AP-0004267,pdf_text,,TX-0042-54837,Summit Systems LLC,INV-0042-004267,PO-251784,2025-11-19,2026-01-18,60.0,2836.64,2836.64,0.0,USD,False
AP-0004270,pdf_text,,TX-0109-51449,Blue Ridge Analytics LLC,INV-0109-004270,PO-251472,2025-12-13,2026-01-12,30.0,15570.2,15570.2,0.0,USD,False
AP-0004277,pdf_text,,TX-0025-19498,Summit Systems LLC,INV-0025-004277,PO-251630,2025-11-20,2026-01-04,45.0,6388.46,5901.58,486.88,USD,False
AP-0004283,pdf_text,,TX-0067-45894,Summit Systems LLC,INV-0067-004283,PO-251203,2025-12-31,2026-01-30,30.0,4911.35,4911.35,0.0,USD,False
AP-0004294,pdf_text,,TX-0077-86128,Beacon Solutions LLC,INV-0077-004294,PO-252252,2025-11-27,2025-12-27,30.0,4777.59,4777.59,0.0,USD,False
AP-0004298,pdf_text,,TX-0081-73770,Silverline Supply Group,INV-0081-004298,PO-251876,2025-12-13,2026-01-12,30.0,2797.48,2797.48,0.0,USD,False
AP-0004306,pdf_text,,TX-0092-15472,Summit Resources Group,INV-0092-004306,PO-251877,2025-12-17,2026-01-01,15.0,8387.16,8387.16,0.0,USD,False
AP-0004308,ocr,95.49813077922079,TX-0011-62098,Summit Systems LLC,,,,,,5135.52,5135.52,0.0,USD,False
AP-0004315,pdf_text,,TX-0100-21510,Summit Logistics Inc.,,,,,,,,,,False
AP-0004326,pdf_text,,TX-0140-96185,Blue Ridge Operations Inc.,INV-0140-004326,PO-251965,2025-12-31,2026-01-30,30.0,22107.52,22107.52,0.0,USD,False
AP-0004330,pdf_text,,TX-0089-88461,Atlas Supply LLC,,,,,,,,,,False
AP-0004332,pdf_text,,TX-0138-43552,Atlas Partners Group,INV-0138-004332,PO-250890,2025-12-26,2026-01-25,30.0,22134.33,18292.83,3841.5,EUR,False
AP-0004333,pdf_text,,TX-0002-28786,Cobalt Services LLC,INV-0002-004333,PO-252002,2025-12-24,2026-01-08,15.0,2058.58,1744.56,314.02,INR,False
AP-0004338,ocr,95.53369082191782,TX-0055-46775,Silverline Analytics Group,INV-0055-004338,PO-251359,2025-12-02,2026-01-01,30.0,2242.48,,,SGD,False
AP-0004353,pdf_text,,TX-0060-58175,Clearview Solutions LLC,INV-0060-004353,PO-250693,2025-12-31,2026-01-15,15.0,18863.1,18863.1,0.0,USD,False
AP-0004355,ocr,95.35094165957449,TX-0004-83750,Harbor Networks Ltd.,,,,,,,,336.2,,False
AP-0004359,pdf_text,,TX-0015-69124,Clearview Digital Inc.,INV-0015-004359,PO-252244,2025-12-16,2026-01-15,30.0,78915.1,78915.1,0.0,USD,False
AP-0004367,pdf_text,,TX-0001-43105,Evergreen Consulting Group,INV-0001-004367,PO-252001,2025-11-28,2025-12-28,30.0,8811.42,7467.31,1344.11,INR,False
AP-0004370,ocr,95.0786440927835,TX-0025-19498,Summit Systems LLC,INV-0025-004370,PO-250162,2025-12-29,2026-02-27,60.0,4082.73,3771.58,311.15,USD,True
AP-0004374,pdf_text,,TX-0011-62098,Summit Systems LLC,INV-0011-004374,PO-252101,2025-11-19,2025-12-19,30.0,15823.38,15823.38,0.0,USD,False
AP-0004376,pdf_text,,TX-0040-49956,Evergreen Digital LLC,INV-0040-004376,PO-252064,2025-12-31,2026-01-30,30.0,18069.11,14933.15,3135.96,EUR,False
AP-0004401,pdf_text,,TX-0079-81417,Brightpath Technologies LLC,,,,,,,,,,False
AP-0004406,pdf_text,,TX-0111-16923,Summit Systems LLC,INV-0111-004406,PO-250163,2025-12-06,2025-12-21,15.0,2172.69,2007.1,165.59,USD,False
AP-0004410,ocr,94.95000765591399,TX-0107-50949,Silverline Advisors Inc.,INV-0107-004410,PO-250288,2025-11-26,2026-01-25,60.0,5773.69,5333.66,440.03,USD,False
AP-0004415,pdf_text,,TX-0092-15472,Summit Resources Group,INV-0092-004415,PO-251873,2025-12-30,2026-01-14,15.0,9400.11,9400.11,0.0,USD,False
AP-0004422,pdf_text,,TX-0069-10137,Summit Systems LLC,INV-0069-004422,PO-250138,2025-12-02,2026-01-01,30.0,12859.04,12859.04,0.0,USD,False
AP-0004427,pdf_text,,TX-0003-12255,Cobalt Technologies Group,INV-0003-004427,PO-251087,2025-12-13,2026-01-12,30.0,47791.77,39497.33,8294.44,EUR,False
AP-0004430,pdf_text,,TX-0083-82789,Summit Systems LLC,INV-0083-004430,PO-250921,2025-12-04,2025-12-19,15.0,21099.26,19491.23,1608.03,USD,False
AP-0004435,pdf_text,,TX-0055-46775,Silverline Analytics Group,INV-0055-004435,PO-250001,2025-12-06,2026-01-05,30.0,799.37,733.37,66.0,SGD,False
AP-0004440,pdf_text,,TX-0136-10386,Clearview Services Inc.,INV-0136-004440,PO-251340,2025-11-22,2026-01-06,45.0,13758.86,12622.81,1136.05,SGD,False
AP-0004443,pdf_text,,TX-0006-57912,Beacon Solutions LLC,INV-0006-004443,PO-250510,2025-11-21,2026-01-20,60.0,14848.32,14141.26,707.06,CAD,False
AP-0004455,pdf_text,,TX-0001-43105,Evergreen Consulting Group,INV-0001-004455,PO-250777,2025-12-09,2026-01-08,30.0,106490.0,90245.76,16244.24,INR,False
AP-0004461,pdf_text,,TX-0118-10046,Stonebridge Logistics Ltd.,INV-0118-004461,PO-251084,2025-12-08,2026-01-07,30.0,11934.54,11024.98,909.56,USD,False
AP-0004469,pdf_text,,TX-0089-88461,Atlas Supply LLC,,,,,,,,,,False
AP-0004471,pdf_text,,TX-0053-42836,Oakmont Supply Group,INV-0053-004471,PO-250951,2025-12-10,2026-01-09,30.0,22042.11,20222.12,1819.99,SGD,False
AP-0004478,ocr,94.87918943421053,TX-0117-90487,Atlas Consulting LLC,INV-0117-004478,PO-251423,2025-12-30,2026-01-29,30.0,7505.77,7148.35,357.42,CAD,False
AP-0004497,pdf_text,,TX-0082-48109,Cobalt Partners Ltd.,INV-0082-004497,PO-250104,2025-11-26,2025-12-11,15.0,291.07,268.89,22.18,USD,False
AP-0004499,pdf_text,,TX-0005-88178,Atlas Resources Inc.,INV-0005-004499,PO-251045,2025-11-25,2025-12-25,30.0,5915.25,5915.25,0.0,USD,False
AP-0004502,pdf_text,,TX-0054-19609,Crescent Logistics LLC,INV-0054-004502,PO-250035,2025-12-02,2026-01-01,30.0,20996.12,19395.95,1600.17,USD,False
AP-0004508,ocr,91.45288997674419,TX-0121-33255,Cobalt Systems Inc.,,,,,,,,,,False
AP-0004521,pdf_text,,TX-0031-87911,Lighthouse Systems Inc.,,,,,,,,,,False
AP-0004522,ocr,95.71879117241379,TX-0001-43105,Evergreen Consulting Group,INV-0001-004522,PO-251520,2025-11-19,2025-12-19,30.0,78620.13,66627.23,11992.9,INR,False
AP-0004524,pdf_text,,TX-0128-19285,Harbor Systems LLC,INV-0128-004524,PO-251185,2025-12-03,2026-01-17,45.0,23253.69,19378.08,3875.61,GBP,False
AP-0004531,pdf_text,,TX-0039-91527,Blue Ridge Networks Group,INV-0039-004531,PO-251414,2025-12-11,2026-01-25,45.0,17973.56,17973.56,0.0,USD,False
AP-0004540,pdf_text,,TX-0059-74622,Pioneer Solutions Group,INV-0059-004540,PO-251186,2025-12-08,2026-01-22,45.0,10439.15,9643.56,795.59,USD,False
AP-0004548,pdf_text,,TX-0066-17224,Stonebridge Networks Ltd.,INV-0066-004548,PO-250266,2025-12-07,2026-01-06,30.0,66613.63,66613.63,0.0,USD,False
AP-0004550,pdf_text,,TX-0030-52947,Crescent Networks Inc.,,,,,,,,1583.38,,False
AP-0004551,pdf_text,,TX-0109-51449,Blue Ridge Analytics LLC,INV-0109-004551,PO-251004,2025-11-25,2026-01-24,60.0,6052.27,6052.27,0.0,USD,False
AP-0004556,pdf_text,,TX-0088-45873,Atlas Systems Group,INV-0088-004556,PO-250345,2025-11-20,2025-12-20,30.0,100305.94,100305.94,0.0,USD,False
AP-0004564,pdf_text,,TX-0033-48829,Northstar Advisors LLC,,,,,,,,,,False
AP-0004572,pdf_text,,TX-0136-10386,Clearview Services Inc.,INV-0136-004572,PO-250502,2025-12-15,2026-01-29,45.0,4613.39,4232.47,380.92,SGD,False
AP-0004573,pdf_text,,TX-0120-96327,Oakmont Advisors Group,INV-0120-004573,PO-252030,2025-12-06,2026-01-05,30.0,19391.1,18467.71,923.39,CAD,False
AP-0004578,pdf_text,,TX-0057-94723,Lighthouse Supply Ltd.,INV-0057-004578,PO-250600,2025-11-26,2025-12-26,30.0,2008.51,2008.51,0.0,USD,False
AP-0004583,pdf_text,,TX-0073-32545,Beacon Services LLC,INV-0073-004583,PO-251221,2025-12-28,2026-01-27,30.0,49976.1,49976.1,0.0,USD,False
AP-0004584,pdf_text,,TX-0083-82789,Summit Systems LLC,INV-0083-004584,PO-251412,2025-11-21,2025-12-06,15.0,17205.87,15894.57,1311.3,USD,False
AP-0004588,pdf_text,,TX-0123-99977,Oakmont Analytics Ltd.,,,,,,,,640.64,,False
AP-0004611,pdf_text,,TX-0083-82789,Summit Systems LLC,INV-0083-004611,PO-251158,2025-12-14,2025-12-29,15.0,60538.43,55924.65,4613.78,USD,False
AP-0004621,pdf_text,,TX-0046-43936,Beacon Solutions LLC,INV-0046-004621,PO-252155,2025-11-28,2026-01-27,60.0,28507.16,28507.16,0.0,USD,False
AP-0004633,pdf_text,,TX-0117-90487,Atlas Consulting LLC,INV-0117-004633,PO-252193,2025-12-09,2026-01-08,30.0,27419.62,26113.92,1305.7,CAD,False
AP-0004636,pdf_text,,TX-0011-62098,Summit Systems LLC,INV-0011-004636,PO-252265,2025-12-30,2026-01-29,30.0,25576.82,25576.82,0.0,USD,False
AP-0004639,pdf_text,,TX-0055-46775,Silverline Analytics Group,INV-0055-004639,PO-250718,2025-11-29,2025-12-29,30.0,652.79,598.89,53.9,SGD,False
AP-0004643,ocr,93.21242216853932,TX-0121-33255,Cobalt Systems Inc.,,,,,,,,,,False
AP-0004675,pdf_text,,TX-0084-70345,Redwood Supply LLC,INV-0084-004675,PO-250272,2025-12-22,2026-01-21,30.0,10458.08,8643.04,1815.04,EUR,False
AP-0004678,pdf_text,,TX-0059-74622,Pioneer Solutions Group,INV-0059-004678,PO-251823,2025-12-12,2026-01-26,45.0,63789.89,58928.3,4861.59,USD,False
AP-0004682,pdf_text,,TX-0072-14104,Silverline Systems LLC,INV-0072-004682,PO-252076,2025-12-14,2026-01-13,30.0,6240.74,5725.45,515.29,SGD,False
AP-0004694,pdf_text,,TX-0049-19644,Harbor Resources LLC,INV-0049-004694,PO-251915,2025-12-22,2026-01-21,30.0,2175.58,1798.0,377.58,EUR,False
AP-0004697,pdf_text,,TX-0085-56800,Harbor Resources LLC,INV-0085-004697,PO-251401,2025-12-18,2026-01-17,30.0,7805.03,7805.03,0.0,USD,False
AP-0004699,pdf_text,,TX-0011-62098,Summit Systems LLC,INV-0011-004106,PO-252101,2025-12-31,2026-01-30,30.0,19450.51,19450.51,0.0,USD,False
AP-0004715,pdf_text,,TX-0082-48109,Cobalt Partners Ltd.,INV-0082-004715,PO-251489,2025-11-23,2025-12-08,15.0,6243.71,5767.86,475.85,USD,False
AP-0004716,pdf_text,,TX-0032-86220,Harbor Networks Group,INV-0032-004716,PO-250922,2025-11-20,2026-01-04,45.0,16833.23,15443.33,1389.9,SGD,False
AP-0004719,pdf_text,,TX-0114-88629,Beacon Logistics Group,INV-0114-004719,PO-250176,2025-11-24,2025-12-24,30.0,32442.46,29969.94,2472.52,USD,False
AP-0004720,pdf_text,,TX-0102-39905,Blue Ridge Analytics Inc.,INV-0102-004720,PO-251195,2025-12-27,2026-01-11,15.0,13813.56,11416.17,2397.39,EUR,False
AP-0004727,pdf_text,,TX-0046-43936,Beacon Solutions LLC,INV-0046-004727,PO-251026,2025-12-03,2026-02-01,60.0,1083.79,1083.79,0.0,USD,False
AP-0004729,pdf_text,,TX-0130-24969,Harbor Technologies Ltd.,INV-0130-004729,PO-250780,2025-11-30,2026-01-29,60.0,11247.54,9295.49,1952.05,EUR,False
AP-0004730,pdf_text,,TX-0022-47741,Lighthouse Solutions LLC,,,,,,,,341.12,,False
AP-0004737,pdf_text,,TX-0006-57912,Beacon Solutions LLC,INV-0006-004737,PO-250131,2025-12-13,2026-02-11,60.0,38263.1,36441.05,1822.05,CAD,False
AP-0004738,pdf_text,,TX-0025-19498,Summit Systems LLC,INV-0025-004738,PO-250162,2025-11-24,2026-01-23,60.0,4591.29,4241.38,349.91,USD,True
AP-0004740,pdf_text,,TX-0139-47222,Summit Systems LLC,INV-0139-004740,PO-250869,2025-11-22,2025-12-22,30.0,40536.81,40536.81,0.0,USD,False
AP-0004746,pdf_text,,TX-0069-10137,Summit Systems LLC,INV-0069-004746,PO-250257,2025-11-25,2025-12-25,30.0,6585.51,6585.51,0.0,USD,False
AP-0004747,pdf_text,,TX-0009-87210,Harbor Digital LLC,INV-0009-004747,PO-252126,2025-11-22,2026-01-06,45.0,5291.01,5291.01,0.0,USD,False
AP-0004751,pdf_text,,TX-0047-37316,Stonebridge Advisors Group,INV-0047-004751,PO-252344,2025-12-27,2026-02-10,45.0,1448.84,1197.39,251.45,EUR,False
AP-0004761,pdf_text,,TX-0053-42836,Oakmont Supply Group,INV-0053-004761,PO-250772,2025-12-05,2026-01-04,30.0,4643.7,4260.28,383.42,SGD,False
AP-0004772,pdf_text,,TX-0062-17232,Summit Systems LLC,INV-0062-004772,PO-251533,2025-12-12,2026-01-11,30.0,25521.92,25521.92,0.0,USD,False
AP-0004778,pdf_text,,TX-0117-90487,Atlas Consulting LLC,INV-0117-004778,PO-250327,2025-12-12,2026-01-11,30.0,33123.49,31546.18,1577.31,CAD,False
AP-0004779,pdf_text,,TX-0063-67062,Copperfield Systems Inc.,,,,,,,,306.53,,False
AP-0004780,pdf_text,,TX-0048-57091,Oakmont Systems Inc.,INV-0048-004780,PO-250619,2025-11-18,2025-12-18,30.0,14423.93,13324.65,1099.28,USD,False
AP-0004786,pdf_text,,TX-0028-83716,Harbor Consulting Ltd.,,,,,,,,483.52,,False
AP-0004788,pdf_text,,TX-0036-11692,Summit Systems LLC,INV-0036-004788,PO-251759,2025-11-16,2025-12-16,30.0,8371.23,8371.23,0.0,USD,False
AP-0004789,pdf_text,,TX-0004-83750,Harbor Networks Ltd.,,,,,,,,151.44,,False
AP-0004794,pdf_text,,TX-0094-30896,Copperfield Systems Group,INV-0094-004794,PO-251227,2025-12-11,2025-12-26,15.0,36238.06,30710.22,5527.84,INR,False
AP-0004801,pdf_text,,TX-0024-91040,Evergreen Solutions Inc.,INV-0024-004801,PO-251585,2025-12-08,2025-12-23,15.0,8717.59,7204.62,1512.97,EUR,False
AP-0004803,pdf_text,,TX-0053-42836,Oakmont Supply Group,INV-0053-004803,PO-250248,2025-12-13,2026-01-12,30.0,30206.0,27711.93,2494.07,SGD,False
AP-0004810,pdf_text,,TX-0078-49721,Crescent Networks Ltd.,INV-0078-004810,PO-252348,2025-12-10,2026-01-09,30.0,9527.59,9527.59,0.0,USD,False
AP-0004831,pdf_text,,TX-0021-37068,Brightpath Operations LLC,INV-0021-004831,PO-250889,2025-11-15,2025-12-30,45.0,1530.36,1413.73,116.63,USD,False
AP-0004834,pdf_text,,TX-0052-68137,Evergreen Consulting LLC,INV-0052-004834,PO-250434,2025-12-12,2026-02-10,60.0,10063.05,10063.05,0.0,USD,False
AP-0004835,pdf_text,,TX-0132-11639,Atlas Supply Group,INV-0132-004835,PO-252131,2025-11-19,2026-01-18,60.0,38581.99,35641.56,2940.43,USD,False
AP-0004839,ocr,95.44141482222223,TX-0027-23409,Harbor Resources LLC,INV-0027-004839,PO-251884,2025-12-13,2026-01-12,30.0,2964.21,2964.21,0.0,USD,False
AP-0004844,pdf_text,,TX-0060-58175,Clearview Solutions LLC,INV-0060-004844,PO-250815,2025-12-19,2026-01-03,15.0,4073.06,4073.06,0.0,USD,False
AP-0004846,pdf_text,,TX-0100-21510,Summit Logistics Inc.,,,,,,,,,,False
AP-0004848,pdf_text,,TX-0048-57091,Oakmont Systems Inc.,INV-0048-004848,PO-250619,2025-12-11,2025-12-26,15.0,10373.1,9582.54,790.56,USD,False
AP-0004854,pdf_text,,TX-0104-57614,Oakmont Operations Group,INV-0104-004854,PO-252091,2025-12-26,2026-01-10,15.0,3817.87,3817.87,0.0,USD,False
AP-0004855,pdf_text,,TX-0059-74622,Pioneer Solutions Group,INV-0059-004855,PO-250443,2025-11-25,2026-01-09,45.0,3176.79,2934.68,242.11,USD,False
AP-0004857,ocr,89.05635613541666,Tx-0041-11074,Juniper Advisors Ltd.,,,,,,,,,,False
AP-0004859,pdf_text,,TX-0099-76362,Copperfield Networks Ltd.,,,,,,,,,,False
AP-0004864,pdf_text,,TX-0081-73770,Silverline Supply Group,INV-0081-004864,PO-250055,2025-12-18,2026-02-16,60.0,5904.77,5904.77,0.0,USD,False
AP-0004876,pdf_text,,TX-0037-24439,Redwood Supply LLC,INV-0037-004876,PO-252161,2025-12-26,2026-01-10,15.0,6138.97,5073.53,1065.44,EUR,False
AP-0004888,pdf_text,,TX-0050-69493,Ironwood Services Ltd.,INV-0050-004888,PO-252172,2025-11-25,2025-12-25,30.0,589.83,589.83,0.0,USD,False
AP-0004894,pdf_text,,TX-0042-54837,Summit Systems LLC,INV-0042-004894,PO-250740,2025-12-27,2026-02-25,60.0,5671.58,5671.58,0.0,USD,False
AP-0004896,pdf_text,,TX-0012-74674,Oakmont Technologies LLC,INV-0012-004896,PO-251012,2025-12-31,2026-01-30,30.0,4109.34,4109.34,0.0,USD,False
AP-0004900,pdf_text,,TX-0063-67062,Copperfield Systems Inc.,,,,,,,,243.64,,False
AP-0004902,pdf_text,,TX-0139-47222,Summit Systems LLC,INV-0139-004902,PO-251745,2025-11-19,2025-12-19,30.0,7732.2,7732.2,0.0,USD,False
AP-0004909,pdf_text,,TX-0104-57614,Oakmont Operations Group,INV-0104-004909,PO-250984,2025-12-03,2025-12-18,15.0,512.33,512.33,0.0,USD,False
AP-0004913,pdf_text,,TX-0019-24934,Summit Resources Group,INV-0019-004913,PO-250436,2025-11-25,2026-01-24,60.0,3893.74,3708.32,185.42,CAD,False
AP-0004923,ocr,95.7249134090909,TX-0038-45747,Beacon Analytics Ltd.,INV-0038-004923,PO-251862,2025-12-08,2026-01-07,30.0,9295.14,9295.14,0.0,USD,False
AP-0004932,ocr,94.30645994936708,TX-0063-67062,Copperfield Systems Inc.,,,,,,,,209.87,,False
AP-0004934,pdf_text,,TX-0105-55701,Ironwood Analytics Inc.,INV-0105-004934,PO-250689,2025-11-30,2026-01-14,45.0,12337.79,12337.79,0.0,USD,False
AP-0004935,pdf_text,,TX-0115-48708,Ironwood Services Group,INV-0115-004935,PO-252147,2025-11-20,2025-12-05,15.0,2539.03,2098.37,440.66,EUR,False
AP-0004936,pdf_text,,TX-0113-54591,Stonebridge Logistics Inc.,INV-0113-004936,PO-250738,2025-12-25,2026-02-08,45.0,2512.28,2076.26,436.02,EUR,False
AP-0004942,pdf_text,,TX-0133-30576,Cobalt Partners Group,INV-0133-004942,PO-250677,2025-12-27,2026-02-10,45.0,12452.79,12452.79,0.0,USD,False
AP-0004945,pdf_text,,TX-0041-11074,Juniper Advisors Ltd.,,,,,,,,516.04,,False
AP-0004957,pdf_text,,TX-0047-37316,Stonebridge Advisors Group,INV-0047-004957,PO-252344,2025-12-31,2026-01-30,30.0,13495.56,11153.36,2342.2,EUR,False
AP-0004958,ocr,95.22486640963855,TX-0002-28786,Cobalt Services LLC,INV-0002-004958,,2025-12-05,,15.0,47752.66,,,INR,False
AP-0004959,pdf_text,,TX-0090-82710,Summit Systems LLC,INV-0090-004959,PO-251145,2025-12-17,2026-01-31,45.0,2943.27,2943.27,0.0,USD,False
AP-0004962,pdf_text,,TX-0034-94278,Summit Systems LLC,INV-0034-004962,PO-252206,2025-12-02,2026-01-01,30.0,42772.18,42772.18,0.0,USD,True
AP-0004966,ocr,94.32735810588235,TX-0102-39905,Blue Ridge Analytics Inc.,INV-0102-004966,PO-251857,2025-12-31,2026-01-15,15.0,3773.57,3118.65,654.92,EUR,False
AP-0004973,ocr,95.87651775581395,TX-0045-69725,Atlas Services LLC,INV-0045-004973,PO-252369,2025-12-14,2026-01-28,45.0,1427.58,1427.58,0.0,USD,False
AP-0004978,pdf_text,,TX-0107-50949,Silverline Advisors Inc.,INV-0107-004978,PO-250140,2025-12-11,2026-02-09,60.0,5048.29,4631.46,416.83,SGD,False
AP-0004979,pdf_text,,TX-0012-74674,Oakmont Technologies LLC,INV-0012-004979,PO-251517,2025-12-17,2026-01-16,30.0,8546.04,8546.04,0.0,USD,False
AP-0004980,pdf_text,,TX-0140-96185,Blue Ridge Operations Inc.,INV-0140-004980,PO-251464,2025-11-22,2025-12-22,30.0,25008.14,25008.14,0.0,USD,False
AP-0004987,pdf_text,,TX-0102-39905,Blue Ridge Analytics Inc.,INV-0102-004987,PO-250384,2025-11-28,2025-12-13,15.0,17352.53,14340.93,3011.6,EUR,False
AP-0004989,pdf_text,,TX-0140-96185,Blue Ridge Operations Inc.,INV-0140-004989,PO-252198,2025-12-21,2026-01-20,30.0,34088.39,34088.39,0.0,USD,False
AP-0004996,pdf_text,,TX-0115-48708,Ironwood Services Group,INV-0115-004996,PO-251686,2025-12-08,2025-12-23,15.0,25932.53,21431.84,4500.69,EUR,False
