invoice_id,channel,layout,vendor_id,vendor_name,tax_id,country,invoice_number,invoice_date,due_date,terms_days,po_number,currency,total,subtotal,tax,tax_label,tax_rate,department,cost_center,doc_title,file,scanned,line_count
AP-0004522,Email,A,V-0001,Evergreen Consulting Group,TX-0001-43105,India,INV-0001-004522,2025-11-19,2025-12-19,30,PO-251520,INR,78620.13,66627.23,11992.9,GST,0.18,Marketing,MAR-296,Invoice,AP-0004522.pdf,True,1
AP-0000028,EDI,A,V-0127,Ironwood Solutions Inc.,TX-0127-49996,United States,INV-0127-000028,2025-11-14,2025-12-29,45,PO-252247,USD,1963.38,1813.75,149.63,Sales tax,0.0825,Sales,SAL-284,Invoice,,False,1
AP-0004401,Supplier portal,E,V-0079,Brightpath Technologies LLC,TX-0079-81417,United States,INV-0079-004401,2025-11-18,2025-12-18,30,PO-250778,USD,45646.26,45646.26,0.0,Sales tax,0.0,IT,IT-126,Invoice,AP-0004401.pdf,False,3
AP-0003289,Supplier portal,B,V-0044,Blue Ridge Resources LLC,TX-0044-84195,United States,INV-0044-003289,2025-11-16,2026-01-15,60,PO-250228,USD,1222.5,1222.5,0.0,Sales tax,0.0,People,PEO-188,Invoice,AP-0003289.pdf,False,2
AP-0003167,Supplier portal,A,V-0094,Copperfield Systems Group,TX-0094-30896,India,INV-0094-003167,2025-11-14,2025-12-14,30,PO-250274,INR,2024.4,1715.59,308.81,GST,0.18,Sales,SAL-418,Invoice,AP-0003167.pdf,False,1
AP-0000183,Email,C,V-0107,Silverline Advisors Inc.,TX-0107-50949,United States,INV-0107-000183,2025-11-18,2026-01-17,60,PO-251453,USD,71956.68,66472.68,5484.0,Sales tax,0.0825,Security,SEC-449,Invoice,AP-0000183.pdf,False,1
AP-0001057,Supplier portal,B,V-0006,Copperfield Digital Group,TX-0006-57912,Canada,INV-0006-001057,2025-11-18,2026-01-17,60,PO-250703,CAD,7210.13,6866.79,343.34,GST,0.05,Facilities,FAC-264,Invoice,AP-0001057.pdf,False,2
AP-0003082,Email,A,V-0137,Pioneer Consulting Ltd.,TX-0137-44191,United States,INV-0137-003082,2025-11-19,2025-12-19,30,PO-251114,USD,13463.96,13463.96,0.0,Sales tax,0.0,Customer Success,CUS-358,Invoice,AP-0003082.pdf,True,2
AP-0003102,Email,A,V-0128,Harbor Systems LLC,TX-0128-19285,United States,INV-0128-003102,2025-11-17,2026-01-01,45,PO-251185,USD,11960.68,11049.13,911.55,Sales tax,0.0825,Customer Success,CUS-459,Invoice,AP-0003102.pdf,False,2
AP-0002458,EDI,A,V-0137,Pioneer Consulting Ltd.,TX-0137-44191,United States,INV-0137-002458,2025-11-15,2025-12-15,30,PO-251114,USD,7621.63,7621.63,0.0,Sales tax,0.0,Customer Success,CUS-358,Invoice,,False,2
AP-0004220,Email,E,V-0004,Harbor Networks Ltd.,TX-0004-83750,United States,INV-0004-004220,2025-11-17,2025-12-17,30,PO-252130,USD,6114.91,5648.88,466.03,Sales tax,0.0825,Engineering,ENG-412,Invoice,AP-0004220.pdf,True,2
AP-0000410,EDI,A,V-0052,Evergreen Consulting LLC,TX-0052-68137,United States,INV-0052-000410,2025-11-19,2025-12-19,30,PO-252384,USD,1282.5,1282.5,0.0,Sales tax,0.0,Finance,FIN-382,Invoice,,False,1
AP-0002954,Email,E,V-0056,Oakmont Services LLC,TX-0056-21648,United States,INV-0056-002954,2025-11-15,2025-11-30,15,PO-251543,USD,8004.39,7394.36,610.03,Sales tax,0.0825,Engineering,ENG-364,Invoice,AP-0002954.pdf,True,1
AP-0000286,Supplier portal,C,V-0078,Crescent Networks Ltd.,TX-0078-49721,United States,INV-0078-000286,2025-11-17,2025-12-17,30,PO-250071,USD,65118.14,65118.14,0.0,Sales tax,0.0,Engineering,ENG-320,Invoice,AP-0000286.pdf,False,2
AP-0002521,Email,E,V-0119,Evergreen Systems Group,TX-0119-27534,United States,INV-0119-002521,2025-11-20,2025-12-20,30,PO-250217,USD,4910.7,4536.44,374.26,Sales tax,0.0825,Sales,SAL-403,Invoice,AP-0002521.pdf,False,2
AP-0003081,Email,C,V-0046,Beacon Solutions LLC,TX-0046-43936,United States,INV-0046-003081,2025-11-17,2026-01-16,60,PO-252155,USD,122671.74,122671.74,0.0,Sales tax,0.0,IT,IT-189,Credit Memo,AP-0003081.pdf,False,2
AP-0003105,Supplier portal,A,V-0070,Beacon Services LLC,TX-0070-80671,United States,INV-0070-003105,2025-11-15,2025-12-15,30,PO-250030,USD,61977.67,61977.67,0.0,Sales tax,0.0,People,PEO-163,Invoice,AP-0003105.pdf,False,3
AP-0000925,Supplier portal,A,V-0001,Evergreen Consulting Group,TX-0001-43105,India,INV-0001-000925,2025-11-20,2025-12-20,30,PO-251139,INR,30529.68,25872.61,4657.07,GST,0.18,Engineering,ENG-291,Invoice,AP-0000925.pdf,False,3
AP-0001834,Supplier portal,E,V-0100,Summit Logistics Inc.,TX-0100-21510,United States,INV-0100-001834,2025-11-20,2025-12-20,30,PO-250672,USD,35117.84,35117.84,0.0,Sales tax,0.0,Sales,SAL-444,Invoice,AP-0001834.pdf,False,3
AP-0002905,EDI,E,V-0031,Lighthouse Systems Inc.,TX-0031-87911,United States,INV-0031-002905,2025-11-18,2025-12-03,15,PO-250418,USD,23705.2,23705.2,0.0,Sales tax,0.0,People,PEO-369,Invoice,,False,1
AP-0004788,Supplier portal,B,V-0036,Juniper Operations Ltd.,TX-0036-11692,United States,INV-0036-004788,2025-11-16,2025-12-16,30,PO-251759,USD,8371.23,8371.23,0.0,Sales tax,0.0,Engineering,ENG-245,Invoice,AP-0004788.pdf,False,2
AP-0003175,Email,C,V-0048,Oakmont Systems Inc.,TX-0048-57091,United States,INV-0048-003175,2025-11-20,2025-12-05,15,PO-252294,USD,7341.37,6781.87,559.5,Sales tax,0.0825,Sales,SAL-121,Invoice,AP-0003175.pdf,False,2
AP-0001583,EDI,E,V-0022,Lighthouse Solutions LLC,TX-0022-47741,United States,INV-0022-001583,2025-11-19,2026-01-03,45,PO-251167,USD,9235.99,8532.09,703.9,Sales tax,0.0825,Security,SEC-289,Invoice,,False,2
AP-0004831,Email,C,V-0021,Brightpath Operations LLC,TX-0021-37068,United States,INV-0021-004831,2025-11-15,2025-12-30,45,PO-250889,USD,1530.36,1413.73,116.63,Sales tax,0.0825,Facilities,FAC-289,Invoice,AP-0004831.pdf,False,3
AP-0002321,EDI,D,V-0113,Stonebridge Logistics Inc.,TX-0113-54591,Ireland,INV-0113-002321,2025-11-20,2026-01-04,45,PO-250787,EUR,2886.47,2385.51,500.96,VAT,0.21,Legal,LEG-264,Invoice,,False,1
AP-0001060,Supplier portal,E,V-0134,Atlas Resources Ltd.,TX-0134-16068,United States,INV-0134-001060,2025-11-17,2025-12-17,30,,USD,8604.52,8604.52,0.0,Sales tax,0.0,Facilities,FAC-417,Invoice,AP-0001060.pdf,False,3
AP-0002430,EDI,E,V-0079,Brightpath Technologies LLC,TX-0079-81417,United States,INV-0079-002430,2025-11-20,2025-12-20,30,PO-250299,USD,36688.29,36688.29,0.0,Sales tax,0.0,People,PEO-300,Invoice,,False,3
AP-0002887,Supplier portal,B,V-0042,Harbor Services Group,TX-0042-54837,United States,INV-0042-002887,2025-11-15,2026-01-14,60,PO-250570,USD,7013.05,7013.05,0.0,Sales tax,0.0,IT,IT-187,Invoice,AP-0002887.pdf,False,1
AP-0000957,EDI,C,V-0071,Summit Services LLC,TX-0071-54213,United States,INV-0071-000957,2025-11-16,2025-12-16,30,PO-250666,USD,13104.39,13104.39,0.0,Sales tax,0.0,Marketing,MAR-444,Invoice,,False,3
AP-0004004,Supplier portal,C,V-0029,Crescent Technologies LLC,TX-0029-56211,United States,INV-0029-004004,2025-11-20,2025-12-05,15,PO-252327,USD,2589.62,2392.26,197.36,Sales tax,0.0825,Customer Success,CUS-370,Invoice,AP-0004004.pdf,False,3
AP-0002528,Supplier portal,B,V-0090,Copperfield Advisors Ltd.,TX-0090-82710,United States,INV-0090-002528,2025-11-17,2026-01-01,45,PO-250970,USD,2817.2,2817.2,0.0,Sales tax,0.0,Engineering,ENG-211,Invoice,AP-0002528.pdf,False,1
AP-0004062,Supplier portal,B,V-0044,Blue Ridge Resources LLC,TX-0044-84195,United States,INV-0044-004062,2025-11-18,2025-12-03,15,,USD,8000.61,8000.61,0.0,Sales tax,0.0,IT,IT-381,Invoice,AP-0004062.pdf,False,3
AP-0000317,Supplier portal,D,V-0037,Redwood Supply LLC,TX-0037-24439,Germany,INV-0037-000317,2025-11-17,2025-12-17,30,PO-250737,EUR,6674.21,5515.88,1158.33,VAT,0.21,Engineering,ENG-251,Invoice,AP-0000317.pdf,False,1
AP-0003028,Email,B,V-0064,Summit Consulting Inc.,TX-0064-39165,Canada,INV-0064-003028,2025-11-16,2025-12-16,30,PO-251705,CAD,1248.68,1189.22,59.46,GST,0.05,Marketing,MAR-361,Invoice,AP-0003028.pdf,True,3
AP-0004247,Supplier portal,C,V-0048,Oakmont Systems Inc.,TX-0048-57091,United States,INV-0048-004247,2025-11-20,2025-12-05,15,PO-250179,USD,554.71,512.43,42.28,Sales tax,0.0825,Marketing,MAR-176,Invoice,AP-0004247.pdf,False,2
AP-0004556,Supplier portal,A,V-0088,Atlas Systems Group,TX-0088-45873,United States,INV-0088-004556,2025-11-20,2025-12-20,30,PO-250345,USD,100305.94,100305.94,0.0,Sales tax,0.0,Legal,LEG-219,Invoice,AP-0004556.pdf,False,3
AP-0003819,Email,D,V-0047,Stonebridge Advisors Group,TX-0047-37316,Ireland,INV-0047-003819,2025-11-17,2025-12-17,30,PO-252226,EUR,14190.76,11727.9,2462.86,VAT,0.21,IT,IT-372,Invoice,AP-0003819.pdf,True,4
AP-0000738,Supplier portal,A,V-0054,Crescent Logistics LLC,TX-0054-19609,United States,INV-0054-000738,2025-11-19,2025-12-04,15,PO-X000738,USD,3918.8,3620.14,298.66,Sales tax,0.0825,Finance,FIN-185,Invoice,AP-0000738.pdf,False,1
AP-0003333,Email,C,V-0017,Cobalt Analytics Group,TX-0017-46110,United Kingdom,INV-0017-003333,2025-11-16,2025-12-31,45,PO-251983,GBP,100229.28,83524.4,16704.88,VAT,0.2,People,PEO-116,Invoice,AP-0003333.pdf,False,1
AP-0000810,Supplier portal,A,V-0059,Pioneer Solutions Group,TX-0059-74622,United States,INV-0059-000810,2025-11-18,2026-01-02,45,PO-251568,USD,16268.29,15028.44,1239.85,Sales tax,0.0825,Marketing,MAR-317,Invoice,AP-0000810.pdf,False,3
AP-0003726,Email,B,V-0042,Harbor Services Group,TX-0042-54837,United States,INV-0042-003726,2025-11-18,2026-01-17,60,PO-250763,USD,9329.21,9329.21,0.0,Sales tax,0.0,Sales,SAL-289,Invoice,AP-0003726.pdf,False,2
AP-0001697,Supplier portal,C,V-0112,Crescent Systems Group,TX-0112-59988,United States,INV-0112-001697,2025-11-19,2025-12-19,30,PO-252159,USD,2023.85,2023.85,0.0,Sales tax,0.0,Customer Success,CUS-263,Credit Memo,AP-0001697.pdf,False,1
AP-0003173,Email,B,V-0062,Juniper Resources Ltd.,TX-0062-17232,United States,INV-0062-003173,2025-11-21,2025-12-21,30,PO-252062,USD,703.76,703.76,0.0,Sales tax,0.0,Engineering,ENG-475,Credit Memo,AP-0003173.pdf,False,2
AP-0001618,Supplier portal,C,V-0140,Blue Ridge Operations Inc.,TX-0140-96185,United States,INV-0140-001618,2025-11-19,2025-12-19,30,PO-252194,USD,2214.9,2214.9,0.0,Sales tax,0.0,Finance,FIN-320,Invoice,AP-0001618.pdf,False,1
AP-0003971,Email,A,V-0097,Clearview Analytics Ltd.,TX-0097-36111,United Kingdom,INV-0097-003971,2025-11-16,2025-12-31,45,PO-250375,GBP,3436.06,2863.38,572.68,VAT,0.2,Sales,SAL-290,Invoice,AP-0003971.pdf,True,1
AP-0000774,Email,D,V-0130,Harbor Technologies Ltd.,TX-0130-24969,Germany,INV-0130-000774,2025-11-16,2026-01-15,60,PO-252251,EUR,9011.23,7447.3,1563.93,VAT,0.21,IT,IT-316,Invoice,AP-0000774.pdf,False,2
AP-0003821,Email,A,V-0096,Copperfield Systems Group,TX-0096-18776,Canada,INV-0096-003821,2025-11-16,2025-12-16,30,PO-252293,CAD,8413.02,8012.4,400.62,GST,0.05,People,PEO-273,Invoice,AP-0003821.pdf,True,3
AP-0000085,Supplier portal,A,V-0059,Pioneer Solutions Group,TX-0059-74622,United States,INV-0059-000085,2025-11-21,2026-01-05,45,PO-251823,USD,6414.76,5925.88,488.88,Sales tax,0.0825,People,PEO-230,Invoice,AP-0000085.pdf,False,1
AP-0003141,Supplier portal,E,V-0033,Northstar Advisors LLC,TX-0033-48829,United States,INV-0033-003141,2025-11-17,2026-01-16,60,PO-251987,USD,15135.7,15135.7,0.0,Sales tax,0.0,Engineering,ENG-421,Invoice,AP-0003141.pdf,False,3
AP-0002276,Email,C,V-0112,Crescent Systems Group,TX-0112-59988,United States,INV-0112-002276,2025-11-17,2025-12-17,30,PO-250898,USD,43666.16,43666.16,0.0,Sales tax,0.0,Customer Success,CUS-193,Invoice,AP-0002276.pdf,True,1
AP-0002399,Email,B,V-0034,Beacon Solutions Inc.,TX-0034-94278,United States,INV-0034-002399,2025-11-19,2025-12-19,30,PO-251420,CAD,17200.97,16381.88,819.09,GST,0.05,Sales,SAL-204,Invoice,AP-0002399.pdf,True,1
AP-0004935,Supplier portal,D,V-0115,Ironwood Services Group,TX-0115-48708,Ireland,INV-0115-004935,2025-11-20,2025-12-05,15,PO-252147,EUR,2539.03,2098.37,440.66,VAT,0.21,Sales,SAL-309,Invoice,AP-0004935.pdf,False,1
AP-0000184,Supplier portal,D,V-0113,Stonebridge Logistics Inc.,TX-0113-54591,Ireland,INV-0113-000184,2025-11-19,2026-01-03,45,PO-250032,EUR,6587.89,5444.54,1143.35,VAT,0.21,Customer Success,CUS-129,Invoice,AP-0000184.pdf,False,3
AP-0003050,Supplier portal,C,V-0053,Oakmont Supply Group,TX-0053-42836,Singapore,INV-0053-003050,2025-11-21,2025-12-21,30,PO-250248,SGD,30525.85,28005.37,2520.48,GST,0.09,Security,SEC-339,Invoice,AP-0003050.pdf,False,2
AP-0000118,Supplier portal,D,V-0037,Redwood Supply LLC,TX-0037-24439,Germany,INV-0037-000118,2025-11-19,2025-12-19,30,PO-250349,EUR,5951.79,4918.83,1032.96,VAT,0.21,Sales,SAL-405,Invoice,AP-0000118.pdf,False,3
AP-0003383,Email,A,V-0054,Crescent Logistics LLC,TX-0054-19609,United States,INV-0054-003383,2025-11-21,2025-12-21,30,PO-250974,USD,12569.82,11611.84,957.98,Sales tax,0.0825,Sales,SAL-445,Invoice,AP-0003383.pdf,True,4
AP-0004034,Supplier portal,B,V-0064,Summit Consulting Inc.,TX-0064-39165,Canada,INV-0064-004034,2025-11-20,2025-12-20,30,PO-252071,CAD,960.72,914.97,45.75,GST,0.05,People,PEO-488,Invoice,AP-0004034.pdf,False,1
AP-0002001,Email,E,V-0075,Evergreen Digital Group,TX-0075-26492,United States,INV-0075-001521,2025-11-21,2025-12-21,30,PO-251341,USD,7307.92,6750.97,556.95,Sales tax,0.0825,Facilities,FAC-257,Invoice,AP-0002001.pdf,True,1
AP-0001377,Email,A,V-0045,Atlas Services LLC,TX-0045-69725,United States,INV-0045-001377,2025-11-20,2026-01-04,45,PO-252017,USD,23790.02,23790.02,0.0,Sales tax,0.0,Legal,LEG-119,Invoice,AP-0001377.pdf,True,1
AP-0004012,EDI,D,V-0138,Atlas Partners Group,TX-0138-43552,Ireland,INV-0138-004012,2025-11-20,2025-12-20,30,PO-251567,EUR,10120.91,8364.39,1756.52,VAT,0.21,Sales,SAL-116,Credit Memo,,False,2
AP-0004267,Supplier portal,B,V-0042,Harbor Services Group,TX-0042-54837,United States,INV-0042-004267,2025-11-19,2026-01-18,60,PO-251784,USD,2836.64,2836.64,0.0,Sales tax,0.0,Customer Success,CUS-174,Invoice,AP-0004267.pdf,False,3
AP-0001464,Email,C,V-0071,Summit Services LLC,TX-0071-54213,United States,INV-0071-001464,2025-11-19,2025-12-19,30,PO-250979,USD,10831.32,10831.32,0.0,Sales tax,0.0,Engineering,ENG-338,Invoice,AP-0001464.pdf,False,1
AP-0001239,Supplier portal,A,V-0057,Lighthouse Supply Ltd.,TX-0057-94723,United States,INV-0057-001239,2025-11-20,2025-12-20,30,PO-252254,USD,10618.83,10618.83,0.0,Sales tax,0.0,People,PEO-152,Invoice,AP-0001239.pdf,False,1
AP-0001817,Supplier portal,E,V-0100,Summit Logistics Inc.,TX-0100-21510,United States,INV-0100-001817,2025-11-22,2025-12-22,30,PO-251398,USD,8928.64,8928.64,0.0,Sales tax,0.0,Legal,LEG-402,Invoice,AP-0001817.pdf,False,3
AP-0002756,Supplier portal,D,V-0087,Atlas Digital Ltd.,TX-0087-76038,Germany,INV-0087-002756,2025-11-20,2026-01-19,60,PO-250190,EUR,1196.37,988.74,207.63,VAT,0.21,Marketing,MAR-355,Invoice,AP-0002756.pdf,False,2
AP-0000166,Supplier portal,A,V-0097,Clearview Analytics Ltd.,TX-0097-36111,United Kingdom,INV-0097-000166,2025-11-19,2026-01-03,45,PO-251096,GBP,19939.83,16616.53,3323.3,VAT,0.2,Customer Success,CUS-368,Invoice,AP-0000166.pdf,False,1
AP-0002373,EDI,B,V-0027,Harbor Digital LLC,TX-0027-23409,United States,INV-0027-002373,2025-11-20,2025-12-20,30,PO-251884,USD,1021.19,1021.19,0.0,Sales tax,0.0,IT,IT-461,Invoice,,False,2
AP-0004374,Supplier portal,B,V-0011,Oakmont Solutions LLC,TX-0011-62098,United States,INV-0011-004374,2025-11-19,2025-12-19,30,PO-252101,USD,15823.38,15823.38,0.0,Sales tax,0.0,Engineering,ENG-335,Invoice,AP-0004374.pdf,False,1
AP-0001369,Supplier portal,E,V-0030,Crescent Networks Inc.,TX-0030-52947,United States,INV-0030-001369,2025-11-20,2026-01-19,60,PO-250831,USD,6623.21,6118.44,504.77,Sales tax,0.0825,Sales,SAL-280,Invoice,AP-0001369.pdf,False,3
AP-0001570,Supplier portal,E,V-0119,Evergreen Systems Group,TX-0119-27534,United States,INV-0119-001570,2025-11-17,2025-12-17,30,PO-251588,USD,9501.13,8777.03,724.1,Sales tax,0.0825,Facilities,FAC-149,Credit Memo,AP-0001570.pdf,False,4
AP-0000779,Supplier portal,A,V-0054,Crescent Logistics LLC,TX-0054-19609,United States,INV-0054-000779,2025-11-21,2025-12-21,30,PO-250035,USD,39377.0,36375.98,3001.02,Sales tax,0.0825,People,PEO-333,Invoice,AP-0000779.pdf,False,1
AP-0004457,EDI,C,V-0118,Stonebridge Logistics Ltd.,TX-0118-10046,United States,INV-0118-004457,2025-11-22,2025-12-22,30,PO-250798,USD,102949.51,95103.47,7846.04,Sales tax,0.0825,IT,IT-183,Invoice,,False,2
AP-0000679,EDI,A,V-0128,Harbor Systems LLC,TX-0128-19285,United States,INV-0128-000679,2025-11-20,2026-01-04,45,PO-251185,USD,22782.87,21046.53,1736.34,Sales tax,0.0825,Customer Success,CUS-459,Invoice,,False,4
AP-0001662,Supplier portal,E,V-0063,Copperfield Systems Inc.,TX-0063-67062,United States,INV-0063-001662,2025-11-21,2025-12-21,30,PO-251855,USD,3012.17,2782.61,229.56,Sales tax,0.0825,Marketing,MAR-470,Credit Memo,AP-0001662.pdf,False,1
AP-0000190,Email,E,V-0063,Copperfield Systems Inc.,TX-0063-67062,United States,INV-0063-000190,2025-11-22,2025-12-22,30,PO-X000190,USD,54138.78,50012.73,4126.05,Sales tax,0.0825,Security,SEC-123,Invoice,AP-0000190.pdf,False,3
AP-0002576,Supplier portal,A,V-0059,Pioneer Solutions Group,TX-0059-74622,United States,INV-0059-002576,2025-11-20,2026-01-04,45,PO-251568,USD,6091.52,5627.27,464.25,Sales tax,0.0825,Marketing,MAR-317,Invoice,AP-0002576.pdf,False,1
AP-0002975,Email,E,V-0031,Lighthouse Systems Inc.,TX-0031-87911,United States,INV-0031-002975,2025-11-19,2025-12-04,15,PO-250409,USD,842.46,842.46,0.0,Sales tax,0.0,Sales,SAL-335,Invoice,AP-0002975.pdf,False,3
AP-0004716,Supplier portal,A,V-0032,Harbor Networks Group,TX-0032-86220,Singapore,INV-0032-004716,2025-11-20,2026-01-04,45,PO-250922,SGD,16833.23,15443.33,1389.9,GST,0.09,Sales,SAL-262,Invoice,AP-0004716.pdf,False,3
AP-0000833,Supplier portal,B,V-0093,Clearview Systems Inc.,TX-0093-95568,United States,INV-0093-000833,2025-11-20,2026-01-04,45,PO-252095,USD,13199.23,12193.28,1005.95,Sales tax,0.0825,Sales,SAL-375,Invoice,AP-0000833.pdf,False,3
AP-0002259,Supplier portal,C,V-0140,Blue Ridge Operations Inc.,TX-0140-96185,United States,INV-0140-002259,2025-11-22,2025-12-22,30,PO-251522,USD,15422.37,15422.37,0.0,Sales tax,0.0,Sales,SAL-192,Invoice,AP-0002259.pdf,False,2
AP-0003412,Supplier portal,A,V-0132,Atlas Supply Group,TX-0132-11639,United States,INV-0132-003412,2025-11-23,2026-01-22,60,PO-250939,USD,4434.98,4096.98,338.0,Sales tax,0.0825,IT,IT-137,Invoice,AP-0003412.pdf,False,4
AP-0004835,Supplier portal,A,V-0132,Atlas Supply Group,TX-0132-11639,United States,INV-0132-004835,2025-11-19,2026-01-18,60,PO-252131,USD,38581.99,35641.56,2940.43,Sales tax,0.0825,Finance,FIN-160,Invoice,AP-0004835.pdf,False,1
AP-0001314,Supplier portal,B,V-0062,Juniper Resources Ltd.,TX-0062-17232,United States,INV-0062-001314,2025-11-20,2025-12-20,30,PO-252175,USD,17820.62,17820.62,0.0,Sales tax,0.0,Facilities,FAC-389,Invoice,AP-0001314.pdf,False,4
AP-0004440,Supplier portal,A,V-0136,Clearview Services Inc.,TX-0136-10386,Singapore,INV-0136-004440,2025-11-22,2026-01-06,45,PO-251340,SGD,13758.86,12622.81,1136.05,GST,0.09,Marketing,MAR-452,Invoice,AP-0004440.pdf,False,1
AP-0001853,Email,A,V-0005,Atlas Resources Inc.,TX-0005-88178,United States,INV-0005-001853,2025-11-23,2025-12-23,30,PO-250835,USD,791.77,791.77,0.0,Sales tax,0.0,Legal,LEG-222,Invoice,AP-0001853.pdf,False,3
AP-0000621,Supplier portal,D,V-0130,Harbor Technologies Ltd.,TX-0130-24969,Germany,INV-0130-000621,2025-11-21,2026-01-20,60,PO-252251,EUR,10988.58,9081.47,1907.11,VAT,0.21,IT,IT-316,Invoice,AP-0000621.pdf,False,1
AP-0002483,EDI,B,V-0011,Oakmont Solutions LLC,TX-0011-62098,United States,INV-0011-002483,2025-11-20,2025-12-20,30,PO-252265,USD,10972.9,10972.9,0.0,Sales tax,0.0,Customer Success,CUS-229,Invoice,,False,1
AP-0004980,Supplier portal,C,V-0140,Blue Ridge Operations Inc.,TX-0140-96185,United States,INV-0140-004980,2025-11-22,2025-12-22,30,PO-251464,USD,25008.14,25008.14,0.0,Sales tax,0.0,IT,IT-462,Invoice,AP-0004980.pdf,False,3
AP-0004564,Supplier portal,E,V-0033,Northstar Advisors LLC,TX-0033-48829,United States,INV-0033-004564,2025-11-23,2026-01-22,60,PO-250627,USD,7743.09,7743.09,0.0,Sales tax,0.0,Facilities,FAC-198,Invoice,AP-0004564.pdf,False,1
AP-0003484,Supplier portal,E,V-0031,Lighthouse Systems Inc.,TX-0031-87911,United States,INV-0031-003484,2025-11-20,2025-12-05,15,PO-251455,USD,2302.59,2302.59,0.0,Sales tax,0.0,Security,SEC-102,Invoice,AP-0003484.pdf,False,3
AP-0004970,EDI,C,V-0071,Summit Services LLC,TX-0071-54213,United States,INV-0071-004970,2025-11-22,2025-12-22,30,,USD,2043.28,2043.28,0.0,Sales tax,0.0,Marketing,MAR-379,Invoice,,False,2
AP-0001252,EDI,C,V-0055,Silverline Analytics Group,TX-0055-46775,Singapore,INV-0055-000534,2025-11-18,2025-12-18,30,PO-251286,SGD,14004.28,12847.96,1156.32,GST,0.09,Engineering,ENG-229,Invoice,,False,1
AP-0001782,Supplier portal,A,V-0052,Evergreen Consulting LLC,TX-0052-68137,United States,INV-0052-001782,2025-11-18,2025-12-18,30,PO-251061,USD,5035.6,5035.6,0.0,Sales tax,0.0,Sales,SAL-420,Invoice,AP-0001782.pdf,False,2
AP-0004780,Supplier portal,C,V-0048,Oakmont Systems Inc.,TX-0048-57091,United States,INV-0048-004780,2025-11-18,2025-12-18,30,PO-250619,USD,14423.93,13324.65,1099.28,Sales tax,0.0825,Marketing,MAR-240,Invoice,AP-0004780.pdf,False,3
AP-0001283,Email,D,V-0003,Cobalt Technologies Group,TX-0003-12255,Ireland,INV-0003-001283,2025-11-19,2025-12-19,30,PO-252174,INR,2635.54,2233.51,402.03,GST,0.18,People,PEO-438,Invoice,AP-0001283.pdf,True,2
AP-0004740,Supplier portal,B,V-0139,Evergreen Systems Group,TX-0139-47222,United States,INV-0139-004740,2025-11-22,2025-12-22,30,PO-250869,USD,40536.81,40536.81,0.0,Sales tax,0.0,People,PEO-342,Invoice,AP-0004740.pdf,False,3
AP-0004171,EDI,D,V-0026,Oakmont Supply Ltd.,TX-0026-46682,Ireland,INV-0026-004171,2025-11-19,2025-12-04,15,PO-251838,EUR,4643.74,3837.8,805.94,VAT,0.21,Engineering,ENG-420,Invoice,,False,1
AP-0001716,Supplier portal,C,V-0048,Oakmont Systems Inc.,TX-0048-57091,United States,INV-0048-001716,2025-11-20,2025-12-05,15,PO-252125,USD,2151.59,1987.61,163.98,Sales tax,0.0825,Customer Success,CUS-307,Invoice,AP-0001716.pdf,False,1
AP-0000734,Email,A,V-0015,Clearview Digital Inc.,TX-0015-69124,United States,INV-0015-000734,2025-11-20,2025-12-20,30,PO-251102,USD,2207.59,2207.59,0.0,Sales tax,0.0,Engineering,ENG-101,Invoice,AP-0000734.pdf,False,1
AP-0003800,Supplier portal,A,V-0015,Clearview Digital Inc.,TX-0015-69124,United States,INV-0015-003800,2025-11-22,2026-01-21,60,PO-251059,USD,23122.89,23122.89,0.0,Sales tax,0.0,Sales,SAL-222,Invoice,AP-0003800.pdf,False,1
AP-0001759,Email,C,V-0053,Oakmont Supply Group,TX-0053-42836,Singapore,INV-0053-001759,2025-11-21,2025-12-21,30,PO-250772,GBP,9970.79,8308.99,1661.8,VAT,0.2,IT,IT-310,Invoice,AP-0001759.pdf,False,1
AP-0002058,Supplier portal,A,V-0052,Evergreen Consulting LLC,TX-0052-68137,United States,INV-0052-002058,2025-11-20,2025-12-20,30,PO-252384,USD,1191.4,1191.4,0.0,Sales tax,0.0,Finance,FIN-382,Invoice,AP-0002058.pdf,False,2
AP-0004520,EDI,E,V-0100,Summit Logistics Inc.,TX-0100-21510,United States,INV-0100-004520,2025-11-23,2025-12-23,30,PO-250616,USD,11459.85,11459.85,0.0,Sales tax,0.0,Facilities,FAC-416,Invoice,,False,1
AP-0002413,Email,C,V-0002,Cobalt Services LLC,TX-0002-28786,India,INV-0002-001437,2025-11-19,2025-12-04,15,PO-252270,INR,22256.18,18861.17,3395.01,GST,0.18,Sales,SAL-444,Invoice,AP-0002413.pdf,False,1
AP-0003441,Supplier portal,D,V-0037,Redwood Supply LLC,TX-0037-24439,Germany,INV-0037-003441,2025-11-20,2025-12-20,30,PO-250349,EUR,5645.13,4665.4,979.73,VAT,0.21,Sales,SAL-405,Invoice,AP-0003441.pdf,False,2
AP-0002360,Supplier portal,A,V-0131,Copperfield Systems LLC,TX-0131-83608,United States,INV-0131-002360,2025-11-24,2025-12-24,30,PO-250335,USD,4875.82,4875.82,0.0,Sales tax,0.0,Sales,SAL-376,Invoice,AP-0002360.pdf,False,1
AP-0001632,EDI,C,V-0108,Summit Supply Ltd.,TX-0108-54358,Canada,INV-0108-001632,2025-11-23,2026-01-22,60,PO-252304,CAD,35947.22,34235.45,1711.77,GST,0.05,Facilities,FAC-473,Invoice,,False,2
AP-0002994,Email,D,V-0113,Stonebridge Logistics Inc.,TX-0113-54591,Ireland,INV-0113-002994,2025-11-20,2026-01-04,45,PO-251484,EUR,105113.0,86870.25,18242.75,VAT,0.21,IT,IT-283,Invoice,AP-0002994.pdf,False,1
AP-0002114,Supplier portal,B,V-0018,Evergreen Resources Inc.,TX-0018-72351,United States,INV-0018-002114,2025-11-23,2025-12-23,30,PO-251612,USD,4135.76,4135.76,0.0,Sales tax,0.0,Customer Success,CUS-215,Invoice,AP-0002114.pdf,False,1
AP-0004054,Supplier portal,C,V-0020,Copperfield Partners Group,TX-0020-45960,United States,INV-0020-004054,2025-11-21,2026-01-20,60,PO-250535,USD,6117.62,6117.62,0.0,Sales tax,0.0,IT,IT-394,Invoice,AP-0004054.pdf,False,2
AP-0001416,Email,D,V-0023,Evergreen Systems LLC,TX-0023-34364,Germany,INV-0023-001416,2025-11-22,2026-01-06,45,PO-252365,EUR,22469.28,18569.65,3899.63,VAT,0.21,Finance,FIN-197,Invoice,AP-0001416.pdf,False,2
AP-0003938,Supplier portal,E,V-0031,Lighthouse Systems Inc.,TX-0031-87911,United States,INV-0031-003938,2025-11-20,2025-12-05,15,PO-250409,USD,2276.85,2276.85,0.0,Sales tax,0.0,Sales,SAL-335,Invoice,AP-0003938.pdf,False,3
AP-0001814,EDI,C,V-0081,Silverline Supply Group,TX-0081-73770,United States,INV-0081-001814,2025-11-19,2025-12-19,30,PO-250880,USD,991.73,991.73,0.0,Sales tax,0.0,Finance,FIN-469,Credit Memo,,False,1
AP-0003603,Supplier portal,B,V-0091,Summit Resources Ltd.,TX-0091-39995,Singapore,INV-0091-003603,2025-11-23,2026-01-22,60,PO-251193,SGD,3442.39,3158.16,284.23,GST,0.09,Sales,SAL-153,Invoice,AP-0003603.pdf,False,3
AP-0003085,Supplier portal,E,V-0075,Evergreen Digital Group,TX-0075-26492,United States,INV-0075-003085,2025-11-20,2025-12-20,30,PO-251341,USD,529.24,488.91,40.33,Sales tax,0.0825,Facilities,FAC-257,Invoice,AP-0003085.pdf,False,2
AP-0001073,EDI,B,V-0077,Cobalt Operations LLC,TX-0077-86128,United States,INV-0077-001073,2025-11-24,2025-12-24,30,PO-252252,USD,2820.38,2820.38,0.0,Sales tax,0.0,Marketing,MAR-383,Invoice,,False,3
AP-0002043,Supplier portal,E,V-0014,Summit Logistics Group,TX-0014-36758,United States,INV-0014-002043,2025-11-21,2025-12-21,30,PO-251751,USD,3123.88,3123.88,0.0,Sales tax,0.0,Sales,SAL-359,Invoice,AP-0002043.pdf,False,3
AP-0002115,Supplier portal,C,V-0002,Cobalt Services LLC,TX-0002-28786,India,INV-0002-002115,2025-11-23,2026-01-22,60,PO-252002,INR,4283.4,3630.0,653.4,GST,0.18,Facilities,FAC-157,Invoice,AP-0002115.pdf,False,2
AP-0000193,Email,C,V-0060,Clearview Solutions LLC,TX-0060-58175,United States,INV-0060-000193,2025-11-22,2025-12-07,15,PO-250118,USD,20669.34,20669.34,0.0,Sales tax,0.0,IT,IT-198,Credit Memo,AP-0000193.pdf,True,1
AP-0000918,Supplier portal,D,V-0049,Harbor Resources LLC,TX-0049-19644,Germany,INV-0049-000918,2025-11-22,2025-12-22,30,PO-251578,EUR,12362.26,10216.74,2145.52,VAT,0.21,People,PEO-412,Invoice,AP-0000918.pdf,False,4
AP-0004902,Supplier portal,B,V-0139,Evergreen Systems Group,TX-0139-47222,United States,INV-0139-004902,2025-11-19,2025-12-19,30,PO-251745,USD,7732.2,7732.2,0.0,Sales tax,0.0,Facilities,FAC-206,Invoice,AP-0004902.pdf,False,2
AP-0002116,Email,A,V-0114,Beacon Logistics Group,TX-0114-88629,United States,INV-0114-002116,2025-11-24,2025-12-24,30,PO-251650,USD,30158.83,27860.35,2298.48,Sales tax,0.0825,Engineering,ENG-130,Invoice,AP-0002116.pdf,False,1
AP-0004277,Supplier portal,B,V-0025,Oakmont Supply Group,TX-0025-19498,United States,INV-0025-004277,2025-11-20,2026-01-04,45,PO-251630,USD,6388.46,5901.58,486.88,Sales tax,0.0825,IT,IT-181,Invoice,AP-0004277.pdf,False,2
AP-0003775,Email,A,V-0001,Evergreen Consulting Group,TX-0001-43105,India,INV-0001-003775,2025-11-21,2025-12-21,30,PO-251139,INR,7548.09,6396.69,1151.4,GST,0.18,Engineering,ENG-291,Invoice,AP-0003775.pdf,False,2
AP-0000906,Supplier portal,A,V-0137,Pioneer Consulting Ltd.,TX-0137-44191,United States,INV-0137-000906,2025-11-23,2025-12-23,30,PO-251356,USD,15102.51,15102.51,0.0,Sales tax,0.0,IT,IT-220,Credit Memo,AP-0000906.pdf,False,1
AP-0003754,Email,E,V-0075,Evergreen Digital Group,TX-0075-26492,United States,INV-0075-003754,2025-11-20,2025-12-20,30,PO-250858,USD,10110.44,9339.9,770.54,Sales tax,0.0825,Facilities,FAC-394,Invoice,AP-0003754.pdf,False,2
AP-0002543,Email,E,V-0031,Lighthouse Systems Inc.,TX-0031-87911,United States,INV-0031-002543,2025-11-22,2025-12-07,15,PO-250888,USD,17085.13,17085.13,0.0,Sales tax,0.0,Legal,LEG-461,Invoice,AP-0002543.pdf,False,2
AP-0001532,Supplier portal,D,V-0138,Atlas Partners Group,TX-0138-43552,Ireland,INV-0138-001532,2025-11-25,2025-12-25,30,PO-250890,SGD,6242.88,5727.41,515.47,GST,0.09,Security,SEC-456,Invoice,AP-0001532.pdf,False,4
AP-0004859,Email,E,V-0099,Copperfield Networks Ltd.,TX-0099-76362,United States,INV-0099-004859,2025-11-24,2025-12-24,30,,USD,1429.28,1429.28,0.0,Sales tax,0.0,Marketing,MAR-348,Invoice,AP-0004859.pdf,False,3
AP-0004216,Supplier portal,B,V-0006,Copperfield Digital Group,TX-0006-57912,Canada,INV-0006-004216,2025-11-22,2026-01-21,60,PO-250513,CAD,8125.31,7738.39,386.92,GST,0.05,Sales,SAL-380,Invoice,AP-0004216.pdf,False,2
AP-0003477,Supplier portal,C,V-0048,Oakmont Systems Inc.,TX-0048-57091,United States,INV-0048-003477,2025-11-24,2025-12-09,15,PO-250852,GBP,36512.65,30427.21,6085.44,VAT,0.2,Security,SEC-389,Invoice,AP-0003477.pdf,False,1
AP-0004551,Email,A,V-0109,Blue Ridge Analytics LLC,TX-0109-51449,United States,INV-0109-004551,2025-11-25,2026-01-24,60,PO-251004,USD,6052.27,6052.27,0.0,Sales tax,0.0,Marketing,MAR-132,Invoice,AP-0004551.pdf,False,1
AP-0004584,Supplier portal,B,V-0083,Pioneer Services Group,TX-0083-82789,United States,INV-0083-004584,2025-11-21,2025-12-06,15,PO-251412,USD,17205.87,15894.57,1311.3,Sales tax,0.0825,Facilities,FAC-370,Invoice,AP-0004584.pdf,False,1
AP-0000717,Supplier portal,E,V-0079,Brightpath Technologies LLC,TX-0079-81417,United States,INV-0079-000717,2025-11-23,2025-12-23,30,PO-X000717,USD,1108.55,1108.55,0.0,Sales tax,0.0,Finance,FIN-111,Invoice,AP-0000717.pdf,False,3
AP-0002288,Supplier portal,A,V-0032,Harbor Networks Group,TX-0032-86220,Singapore,INV-0032-002288,2025-11-23,2026-01-07,45,PO-250922,SGD,4190.8,3844.77,346.03,GST,0.09,Sales,SAL-262,Invoice,AP-0002288.pdf,False,3
AP-0001804,Supplier portal,C,V-0126,Blue Ridge Digital LLC,TX-0126-41894,United States,INV-0126-001804,2025-11-21,2025-12-21,30,PO-250496,USD,7197.71,6649.15,548.56,Sales tax,0.0825,IT,IT-113,Invoice,AP-0001804.pdf,False,2
AP-0001110,Email,A,V-0015,Clearview Digital Inc.,TX-0015-69124,United States,INV-0015-001110,2025-11-25,2025-12-25,30,PO-252223,USD,7082.54,7082.54,0.0,Sales tax,0.0,People,PEO-462,Invoice,AP-0001110.pdf,False,2
AP-0002862,Email,A,V-0015,Clearview Digital Inc.,TX-0015-69124,United States,INV-0015-002862,2025-11-23,2025-12-23,30,PO-252223,USD,1960.78,1960.78,0.0,Sales tax,0.0,People,PEO-462,Invoice,AP-0002862.pdf,True,1
AP-0001811,Supplier portal,C,V-0117,Atlas Consulting LLC,TX-0117-90487,Canada,INV-0117-001811,2025-11-21,2025-12-21,30,PO-251750,CAD,103468.9,98541.81,4927.09,GST,0.05,Legal,LEG-399,Invoice,AP-0001811.pdf,False,3
AP-0003703,Email,C,V-0112,Crescent Systems Group,TX-0112-59988,United States,INV-0112-003703,2025-11-25,2025-12-25,30,PO-252388,USD,2584.76,2584.76,0.0,Sales tax,0.0,Facilities,FAC-477,Invoice,AP-0003703.pdf,True,1
AP-0001030,EDI,E,V-0079,Brightpath Technologies LLC,TX-0079-81417,United States,INV-0079-001030,2025-11-23,2025-12-23,30,PO-250904,USD,15892.71,15892.71,0.0,Sales tax,0.0,Legal,LEG-444,Invoice,,False,1
AP-0003101,Supplier portal,D,V-0130,Harbor Technologies Ltd.,TX-0130-24969,Germany,INV-0130-003101,2025-11-24,2026-01-23,60,PO-250471,EUR,2166.44,1790.45,375.99,VAT,0.21,Customer Success,CUS-139,Invoice,AP-0003101.pdf,False,2
AP-0002923,Supplier portal,E,V-0043,Crescent Analytics Group,TX-0043-75924,United States,INV-0043-002923,2025-11-22,2026-01-21,60,PO-251773,USD,38639.56,38639.56,0.0,Sales tax,0.0,People,PEO-367,Invoice,AP-0002923.pdf,False,2
AP-0003546,Email,C,V-0122,Summit Operations Ltd.,TX-0122-68733,United States,INV-0122-003546,2025-11-23,2026-01-07,45,PO-251706,USD,3997.64,3997.64,0.0,Sales tax,0.0,IT,IT-299,Invoice,AP-0003546.pdf,True,1
AP-0004704,EDI,E,V-0035,Pioneer Networks Ltd.,TX-0035-47483,United States,INV-0035-004704,2025-11-24,2025-12-24,30,PO-252043,USD,18914.04,18914.04,0.0,Sales tax,0.0,Sales,SAL-229,Invoice,,False,1
AP-0002688,Email,B,V-0044,Blue Ridge Resources LLC,TX-0044-84195,United States,INV-0044-002688,2025-11-20,2025-12-05,15,PO-250003,USD,830.02,830.02,0.0,Sales tax,0.0,Customer Success,CUS-139,Invoice,AP-0002688.pdf,False,2
AP-0004855,Supplier portal,A,V-0059,Pioneer Solutions Group,TX-0059-74622,United States,INV-0059-004855,2025-11-25,2026-01-09,45,PO-250443,USD,3176.79,2934.68,242.11,Sales tax,0.0825,Customer Success,CUS-204,Invoice,AP-0004855.pdf,False,3
AP-0003737,Supplier portal,B,V-0086,Lighthouse Technologies LLC,TX-0086-70653,United States,INV-0086-003737,2025-11-22,2026-01-06,45,PO-252178,USD,3579.94,3307.1,272.84,Sales tax,0.0825,Finance,FIN-401,Invoice,AP-0003737.pdf,False,3
AP-0001011,Email,A,V-0096,Copperfield Systems Group,TX-0096-18776,Canada,INV-0096-001011,2025-11-23,2025-12-23,30,,CAD,5473.79,5213.13,260.66,GST,0.05,IT,IT-304,Invoice,AP-0001011.pdf,False,1
AP-0000007,Supplier portal,E,V-0051,Summit Digital Ltd.,TX-0051-19602,India,INV-0051-000007,2025-11-23,2026-01-07,45,PO-250340,INR,11800.31,10000.26,1800.05,GST,0.18,Customer Success,CUS-416,Invoice,AP-0000007.pdf,False,1
AP-0002704,Supplier portal,D,V-0037,Redwood Supply LLC,TX-0037-24439,Germany,INV-0037-002704,2025-11-24,2025-12-24,30,PO-250737,EUR,7514.56,6210.38,1304.18,VAT,0.21,Engineering,ENG-251,Invoice,AP-0002704.pdf,False,1
AP-0004499,Supplier portal,A,V-0005,Atlas Resources Inc.,TX-0005-88178,United States,INV-0005-004499,2025-11-25,2025-12-25,30,PO-251045,USD,5915.25,5915.25,0.0,Sales tax,0.0,Engineering,ENG-343,Invoice,AP-0004499.pdf,False,1
AP-0001913,Supplier portal,A,V-0015,Clearview Digital Inc.,TX-0015-69124,United States,INV-0015-001913,2025-11-24,2025-12-24,30,PO-251102,USD,2127.38,2127.38,0.0,Sales tax,0.0,Engineering,ENG-101,Invoice,AP-0001913.pdf,False,1
AP-0004031,Supplier portal,E,V-0119,Evergreen Systems Group,TX-0119-27534,United States,INV-0119-004031,2025-11-24,2025-12-24,30,PO-251588,USD,14146.15,13068.04,1078.11,Sales tax,0.0825,Facilities,FAC-149,Invoice,AP-0004031.pdf,False,1
AP-0004084,Email,D,V-0003,Cobalt Technologies Group,TX-0003-12255,Ireland,INV-0003-004084,2025-11-26,2025-12-26,30,PO-252174,EUR,5905.71,4880.75,1024.96,VAT,0.21,People,PEO-438,Invoice,AP-0004084.pdf,False,2
AP-0002946,EDI,C,V-0103,Silverline Services Group,TX-0103-92209,United States,INV-0103-002946,2025-11-24,2026-01-08,45,PO-250745,USD,8362.86,8362.86,0.0,Sales tax,0.0,IT,IT-238,Invoice,,False,1
AP-0001549,Supplier portal,A,V-0032,Harbor Networks Group,TX-0032-86220,Singapore,INV-0032-000344,2025-11-23,2026-01-07,45,PO-251957,SGD,33088.25,30356.19,2732.06,GST,0.09,Legal,LEG-282,Invoice,AP-0001549.pdf,False,3
AP-0000844,Supplier portal,C,V-0105,Ironwood Analytics Inc.,TX-0105-55701,United States,INV-0105-000844,2025-11-21,2026-01-05,45,PO-251076,USD,2313.24,2313.24,0.0,Sales tax,0.0,IT,IT-414,Invoice,AP-0000844.pdf,False,2
AP-0002285,Supplier portal,A,V-0092,Summit Resources Group,TX-0092-15472,United States,INV-0092-002285,2025-11-26,2025-12-11,15,PO-251562,USD,2140.98,2140.98,0.0,Sales tax,0.0,Sales,SAL-250,Invoice,AP-0002285.pdf,False,1
AP-0003845,Supplier portal,A,V-0001,Evergreen Consulting Group,TX-0001-43105,India,INV-0001-003845,2025-11-23,2025-12-23,30,PO-251520,INR,34166.72,28954.85,5211.87,GST,0.18,Marketing,MAR-296,Invoice,AP-0003845.pdf,False,2
AP-0004443,Supplier portal,B,V-0006,Copperfield Digital Group,TX-0006-57912,Canada,INV-0006-004443,2025-11-21,2026-01-20,60,PO-250510,CAD,14848.32,14141.26,707.06,GST,0.05,Facilities,FAC-388,Invoice,AP-0004443.pdf,False,1
AP-0004747,Email,B,V-0009,Blue Ridge Supply LLC,TX-0009-87210,United States,INV-0009-004747,2025-11-22,2026-01-06,45,PO-252126,USD,5291.01,5291.01,0.0,Sales tax,0.0,Sales,SAL-127,Invoice,AP-0004747.pdf,False,1
AP-0003764,Email,C,V-0120,Oakmont Advisors Group,TX-0120-96327,Canada,INV-0120-003764,2025-11-23,2025-12-23,30,PO-252030,CAD,10544.1,10042.0,502.1,GST,0.05,Customer Success,CUS-243,Invoice,AP-0003764.pdf,False,1
AP-0004746,Supplier portal,B,V-0069,Atlas Logistics Inc.,TX-0069-10137,United States,INV-0069-004746,2025-11-25,2025-12-25,30,PO-250257,USD,6585.51,6585.51,0.0,Sales tax,0.0,Customer Success,CUS-102,Invoice,AP-0004746.pdf,False,1
AP-0001005,Supplier portal,A,V-0106,Oakmont Analytics Inc.,TX-0106-56495,United States,INV-0106-001005,2025-11-26,2026-01-10,45,PO-251837,USD,12442.65,12442.65,0.0,Sales tax,0.0,Customer Success,CUS-168,Invoice,AP-0001005.pdf,False,3
AP-0002860,Supplier portal,B,V-0090,Copperfield Advisors Ltd.,TX-0090-82710,United States,INV-0090-002860,2025-11-26,2026-01-10,45,PO-250970,USD,9387.6,9387.6,0.0,Sales tax,0.0,Engineering,ENG-211,Invoice,AP-0002860.pdf,False,2
AP-0001496,Email,B,V-0018,Evergreen Resources Inc.,TX-0018-72351,United States,INV-0018-001496,2025-11-25,2025-12-25,30,PO-251451,USD,4929.72,4929.72,0.0,Sales tax,0.0,Engineering,ENG-361,Invoice,AP-0001496.pdf,False,1
AP-0003058,Email,C,V-0129,Blue Ridge Digital Ltd.,TX-0129-39742,United States,INV-0129-001428,2025-11-26,2025-12-26,30,PO-252219,USD,1439.98,1439.98,0.0,Sales tax,0.0,Security,SEC-440,Invoice,AP-0003058.pdf,False,1
AP-0003893,EDI,D,V-0102,Blue Ridge Analytics Inc.,TX-0102-39905,Germany,INV-0102-003893,2025-11-26,2025-12-11,15,PO-251195,EUR,14264.73,11789.03,2475.7,VAT,0.21,Marketing,MAR-119,Credit Memo,,False,1
AP-0003214,Email,C,V-0140,Blue Ridge Operations Inc.,TX-0140-96185,United States,INV-0140-003214,2025-11-24,2025-12-24,30,PO-250531,USD,12511.0,12511.0,0.0,Sales tax,0.0,Customer Success,CUS-340,Invoice,AP-0003214.pdf,True,2
AP-0004294,Supplier portal,B,V-0077,Cobalt Operations LLC,TX-0077-86128,United States,INV-0077-004294,2025-11-27,2025-12-27,30,PO-252252,USD,4777.59,4777.59,0.0,Sales tax,0.0,Marketing,MAR-383,Invoice,AP-0004294.pdf,False,3
AP-0002962,EDI,D,V-0084,Redwood Supply LLC,TX-0084-70345,Germany,INV-0084-002962,2025-11-22,2026-01-06,45,PO-251105,EUR,3575.18,2954.69,620.49,VAT,0.21,Marketing,MAR-161,Invoice,,False,2
AP-0003216,Supplier portal,C,V-0107,Silverline Advisors Inc.,TX-0107-50949,United States,INV-0107-003216,2025-11-23,2026-01-22,60,PO-252050,USD,9073.35,8381.85,691.5,Sales tax,0.0825,Security,SEC-143,Invoice,AP-0003216.pdf,False,3
AP-0002853,Supplier portal,C,V-0017,Cobalt Analytics Group,TX-0017-46110,United Kingdom,INV-0017-002853,2025-11-25,2026-01-09,45,PO-251799,GBP,29507.14,24589.28,4917.86,VAT,0.2,Security,SEC-427,Invoice,AP-0002853.pdf,False,1
AP-0004521,Email,E,V-0031,Lighthouse Systems Inc.,TX-0031-87911,United States,INV-0031-004521,2025-11-23,2025-12-08,15,PO-250418,USD,33557.05,33557.05,0.0,Sales tax,0.0,People,PEO-369,Invoice,AP-0004521.pdf,False,1
AP-0003457,Supplier portal,A,V-0007,Redwood Logistics Ltd.,TX-0007-69764,India,INV-0007-003457,2025-11-25,2025-12-10,15,PO-250626,INR,6037.63,5116.64,920.99,GST,0.18,Sales,SAL-489,Invoice,AP-0003457.pdf,False,1
AP-0000557,EDI,B,V-0042,Harbor Services Group,TX-0042-54837,United States,INV-0042-000557,2025-11-22,2026-01-21,60,PO-251670,USD,15329.38,15329.38,0.0,Sales tax,0.0,Security,SEC-450,Invoice,,False,1
AP-0002990,Supplier portal,B,V-0093,Clearview Systems Inc.,TX-0093-95568,United States,INV-0093-002990,2025-11-23,2025-12-08,15,PO-252234,USD,9480.11,8757.61,722.5,Sales tax,0.0825,Security,SEC-186,Invoice,AP-0002990.pdf,False,2
AP-0003651,EDI,E,V-0123,Oakmont Analytics Ltd.,TX-0123-99977,United States,INV-0123-003651,2025-11-26,2025-12-26,30,PO-250121,USD,39290.06,36295.67,2994.39,Sales tax,0.0825,IT,IT-257,Invoice,,False,3
AP-0004578,Supplier portal,A,V-0057,Lighthouse Supply Ltd.,TX-0057-94723,United States,INV-0057-004578,2025-11-26,2025-12-26,30,PO-250600,USD,2008.51,2008.51,0.0,Sales tax,0.0,IT,IT-148,Invoice,AP-0004578.pdf,False,2
AP-0000970,Email,D,V-0076,Summit Systems LLC,TX-0076-41538,Ireland,INV-0076-000970,2025-11-25,2026-01-24,60,PO-250454,EUR,3231.53,2670.69,560.84,VAT,0.21,Sales,SAL-445,Invoice,AP-0000970.pdf,False,1
AP-0003357,Supplier portal,A,V-0066,Stonebridge Networks Ltd.,TX-0066-17224,United States,INV-0066-003357,2025-11-23,2025-12-23,30,PO-252158,USD,14360.85,14360.85,0.0,Sales tax,0.0,Facilities,FAC-276,Invoice,AP-0003357.pdf,False,1
AP-0002596,Email,A,V-0050,Ironwood Services Ltd.,TX-0050-69493,United States,INV-0050-002222,2025-11-23,2025-12-23,30,PO-251082,CAD,3058.41,2912.77,145.64,GST,0.05,Finance,FIN-413,Invoice,AP-0002596.pdf,True,1
AP-0002752,Email,C,V-0140,Blue Ridge Operations Inc.,TX-0140-96185,United States,INV-0140-002752,2025-11-23,2026-01-07,45,PO-250916,USD,14092.24,14092.24,0.0,Sales tax,0.0,Finance,FIN-475,Invoice,AP-0002752.pdf,True,2
AP-0004497,Supplier portal,C,V-0082,Cobalt Partners Ltd.,TX-0082-48109,United States,INV-0082-004497,2025-11-26,2025-12-11,15,PO-250104,USD,291.07,268.89,22.18,Sales tax,0.0825,Engineering,ENG-359,Invoice,AP-0004497.pdf,False,4
AP-0000962,Supplier portal,B,V-0139,Evergreen Systems Group,TX-0139-47222,United States,INV-0139-000962,2025-11-23,2025-12-23,30,PO-251745,USD,11545.91,11545.91,0.0,Sales tax,0.0,Facilities,FAC-206,Credit Memo,AP-0000962.pdf,False,1
AP-0003550,EDI,D,V-0130,Harbor Technologies Ltd.,TX-0130-24969,Germany,INV-0130-003550,2025-11-22,2026-01-21,60,PO-252115,EUR,3823.51,3159.93,663.58,VAT,0.21,Finance,FIN-446,Invoice,,False,1
AP-0001769,Supplier portal,D,V-0084,Redwood Supply LLC,TX-0084-70345,Germany,INV-0084-001769,2025-11-27,2025-12-27,30,PO-251105,EUR,15843.85,13094.09,2749.76,VAT,0.21,Marketing,MAR-161,Invoice,AP-0001769.pdf,False,3
AP-0004123,EDI,A,V-0097,Clearview Analytics Ltd.,TX-0097-36111,United Kingdom,INV-0097-004123,2025-11-24,2026-01-08,45,PO-252078,GBP,12217.15,10180.96,2036.19,VAT,0.2,Finance,FIN-101,Invoice,,False,2
AP-0003707,Supplier portal,D,V-0084,Redwood Supply LLC,TX-0084-70345,Germany,INV-0084-003707,2025-11-23,2025-12-23,30,PO-251105,EUR,18621.99,15390.07,3231.92,VAT,0.21,Marketing,MAR-161,Invoice,AP-0003707.pdf,False,1
AP-0002347,EDI,C,V-0122,Summit Operations Ltd.,TX-0122-68733,United States,INV-0122-002347,2025-11-24,2026-01-08,45,PO-251706,USD,3587.57,3587.57,0.0,Sales tax,0.0,IT,IT-299,Invoice,,False,2
AP-0001436,Supplier portal,B,V-0067,Beacon Operations Ltd.,TX-0067-45894,United States,INV-0067-001436,2025-11-28,2025-12-28,30,PO-250833,USD,5331.34,5331.34,0.0,Sales tax,0.0,IT,IT-394,Invoice,AP-0001436.pdf,False,2
AP-0000339,EDI,B,V-0135,Stonebridge Systems LLC,TX-0135-50499,United States,INV-0135-000339,2025-11-27,2025-12-27,30,PO-251675,USD,1245.37,1150.46,94.91,Sales tax,0.0825,Security,SEC-120,Invoice,,False,2
AP-0000743,Supplier portal,B,V-0011,Oakmont Solutions LLC,TX-0011-62098,United States,INV-0011-000743,2025-11-25,2025-12-25,30,PO-252101,USD,3907.05,3907.05,0.0,Sales tax,0.0,Engineering,ENG-335,Invoice,AP-0000743.pdf,False,2
AP-0002380,Email,E,V-0035,Pioneer Networks Ltd.,TX-0035-47483,United States,INV-0035-002380,2025-11-25,2025-12-25,30,,USD,1844.05,1844.05,0.0,Sales tax,0.0,People,PEO-386,Invoice,AP-0002380.pdf,False,3
AP-0003346,EDI,B,V-0086,Lighthouse Technologies LLC,TX-0086-70653,United States,INV-0086-003346,2025-11-24,2026-01-08,45,PO-X003346,USD,42793.87,39532.44,3261.43,Sales tax,0.0825,Security,SEC-402,Invoice,,False,2
AP-0000039,EDI,D,V-0130,Harbor Technologies Ltd.,TX-0130-24969,Germany,INV-0130-000039,2025-11-27,2026-01-26,60,PO-252128,EUR,5662.49,4679.74,982.75,VAT,0.21,Finance,FIN-452,Invoice,,False,1
AP-0003896,Email,A,V-0127,Ironwood Solutions Inc.,TX-0127-49996,United States,INV-0127-003896,2025-11-28,2026-01-12,45,PO-250460,USD,8921.57,8241.64,679.93,Sales tax,0.0825,Security,SEC-142,Invoice,AP-0003896.pdf,True,3
AP-0000866,EDI,B,V-0027,Harbor Digital LLC,TX-0027-23409,United States,INV-0027-000866,2025-11-28,2025-12-28,30,PO-251696,USD,9666.55,9666.55,0.0,Sales tax,0.0,Customer Success,CUS-308,Invoice,,False,3
AP-0001217,Supplier portal,A,V-0059,Pioneer Solutions Group,TX-0059-74622,United States,INV-0059-001217,2025-11-28,2026-01-12,45,PO-250443,USD,11533.34,10654.36,878.98,Sales tax,0.0825,Customer Success,CUS-204,Invoice,AP-0001217.pdf,False,2
AP-0004833,EDI,A,V-0092,Summit Resources Group,TX-0092-15472,United States,INV-0092-004833,2025-11-25,2025-12-10,15,PO-250794,USD,3525.51,3525.51,0.0,Sales tax,0.0,Customer Success,CUS-357,Invoice,,False,1
AP-0002319,Supplier portal,A,V-0070,Beacon Services LLC,TX-0070-80671,United States,INV-0070-002319,2025-11-27,2025-12-12,15,,USD,2357.67,2357.67,0.0,Sales tax,0.0,Facilities,FAC-282,Invoice,AP-0002319.pdf,False,2
AP-0002412,Email,C,V-0129,Blue Ridge Digital Ltd.,TX-0129-39742,United States,INV-0129-002412,2025-11-23,2026-01-07,45,PO-252219,USD,9225.4,9225.4,0.0,Sales tax,0.0,Security,SEC-440,Invoice,AP-0002412.pdf,True,1
AP-0004715,Supplier portal,C,V-0082,Cobalt Partners Ltd.,TX-0082-48109,United States,INV-0082-004715,2025-11-23,2025-12-08,15,PO-251489,USD,6243.71,5767.86,475.85,Sales tax,0.0825,Security,SEC-241,Invoice,AP-0004715.pdf,False,3
AP-0002735,Supplier portal,E,V-0079,Brightpath Technologies LLC,TX-0079-81417,United States,INV-0079-002735,2025-11-23,2025-12-23,30,PO-252105,USD,19365.29,19365.29,0.0,Sales tax,0.0,Sales,SAL-426,Invoice,AP-0002735.pdf,False,3
AP-0001778,EDI,B,V-0013,Cobalt Operations LLC,TX-0013-11961,United States,INV-0013-001778,2025-11-25,2026-01-09,45,PO-250995,USD,16612.27,16612.27,0.0,Sales tax,0.0,Engineering,ENG-365,Invoice,,False,3
AP-0001553,Supplier portal,C,V-0053,Oakmont Supply Group,TX-0053-42836,Singapore,INV-0053-001553,2025-11-23,2025-12-23,30,PO-251722,SGD,2162.52,1983.96,178.56,GST,0.09,Security,SEC-221,Invoice,AP-0001553.pdf,False,2
AP-0000897,EDI,D,V-0016,Redwood Consulting LLC,TX-0016-44050,Ireland,INV-0016-000897,2025-11-28,2025-12-13,15,PO-250618,EUR,98676.29,81550.65,17125.64,VAT,0.21,Finance,FIN-345,Credit Memo,,False,1
AP-0004786,Supplier portal,E,V-0028,Harbor Consulting Ltd.,TX-0028-83716,United Kingdom,INV-0028-004786,2025-11-25,2025-12-10,15,PO-252225,GBP,2901.12,2417.6,483.52,VAT,0.2,Legal,LEG-399,Invoice,AP-0004786.pdf,False,2
AP-0002445,Supplier portal,B,V-0083,Pioneer Services Group,TX-0083-82789,United States,INV-0083-002445,2025-11-27,2025-12-12,15,PO-251196,USD,27304.84,25223.87,2080.97,Sales tax,0.0825,Security,SEC-151,Invoice,AP-0002445.pdf,False,2
AP-0003481,EDI,C,V-0108,Summit Supply Ltd.,TX-0108-54358,Canada,INV-0108-003481,2025-11-27,2026-01-26,60,PO-250336,CAD,51860.24,49390.7,2469.54,GST,0.05,People,PEO-479,Invoice,,False,2
AP-0002669,Email,B,V-0064,Summit Consulting Inc.,TX-0064-39165,Canada,INV-0064-002669,2025-11-27,2025-12-12,15,PO-250926,GBP,19496.4,16247.0,3249.4,VAT,0.2,IT,IT-440,Invoice,AP-0002669.pdf,True,3
AP-0000889,Email,C,V-0017,Cobalt Analytics Group,TX-0017-46110,United Kingdom,INV-0017-000889,2025-11-28,2026-01-12,45,PO-251646,GBP,265855.34,221546.12,44309.22,VAT,0.2,Facilities,FAC-396,Invoice,AP-0000889.pdf,True,1
AP-0001361,Supplier portal,B,V-0067,Beacon Operations Ltd.,TX-0067-45894,United States,INV-0067-001361,2025-11-29,2025-12-29,30,PO-250463,USD,10181.41,10181.41,0.0,Sales tax,0.0,Engineering,ENG-331,Invoice,AP-0001361.pdf,False,3
AP-0004719,Email,A,V-0114,Beacon Logistics Group,TX-0114-88629,United States,INV-0114-004719,2025-11-24,2025-12-24,30,PO-250176,USD,32442.46,29969.94,2472.52,Sales tax,0.0825,People,PEO-190,Invoice,AP-0004719.pdf,False,4
AP-0002536,Email,A,V-0059,Pioneer Solutions Group,TX-0059-74622,United States,INV-0059-002536,2025-11-27,2026-01-11,45,PO-251568,USD,4999.54,4618.51,381.03,Sales tax,0.0825,Marketing,MAR-317,Invoice,AP-0002536.pdf,True,2
AP-0001091,Supplier portal,C,V-0118,Stonebridge Logistics Ltd.,TX-0118-10046,United States,INV-0118-001091,2025-11-24,2025-12-24,30,PO-250351,USD,25596.31,23645.55,1950.76,Sales tax,0.0825,Customer Success,CUS-432,Invoice,AP-0001091.pdf,False,2
AP-0001529,Supplier portal,A,V-0054,Crescent Logistics LLC,TX-0054-19609,United States,INV-0054-001529,2025-11-24,2025-12-24,30,PO-251618,USD,8520.4,7871.04,649.36,Sales tax,0.0825,IT,IT-261,Invoice,AP-0001529.pdf,False,4
AP-0001339,Supplier portal,C,V-0118,Stonebridge Logistics Ltd.,TX-0118-10046,United States,INV-0118-001339,2025-11-28,2025-12-28,30,PO-250915,USD,7583.22,7005.28,577.94,Sales tax,0.0825,Finance,FIN-341,Invoice,AP-0001339.pdf,False,1
AP-0003539,Supplier portal,B,V-0062,Juniper Resources Ltd.,TX-0062-17232,United States,INV-0062-003539,2025-11-25,2025-12-25,30,PO-X003539,USD,7330.13,7330.13,0.0,Sales tax,0.0,Facilities,FAC-321,Invoice,AP-0003539.pdf,False,2
AP-0002492,Supplier portal,D,V-0087,Atlas Digital Ltd.,TX-0087-76038,Germany,INV-0087-002492,2025-11-25,2026-01-24,60,PO-250906,EUR,1751.03,1447.13,303.9,VAT,0.21,Finance,FIN-337,Invoice,AP-0002492.pdf,False,4
AP-0003486,Supplier portal,B,V-0009,Blue Ridge Supply LLC,TX-0009-87210,United States,INV-0009-003486,2025-11-24,2026-01-08,45,PO-252126,USD,9460.44,9460.44,0.0,Sales tax,0.0,Sales,SAL-127,Credit Memo,AP-0003486.pdf,False,1
AP-0001322,Supplier portal,A,V-0015,Clearview Digital Inc.,TX-0015-69124,United States,INV-0015-001110,2025-11-29,2025-12-29,30,PO-252223,USD,7082.54,7082.54,0.0,Sales tax,0.0,People,PEO-462,Invoice,AP-0001322.pdf,False,2
AP-0004846,Supplier portal,E,V-0100,Summit Logistics Inc.,TX-0100-21510,United States,INV-0100-004846,2025-11-27,2025-12-27,30,PO-250672,USD,22491.59,22491.59,0.0,Sales tax,0.0,Sales,SAL-444,Invoice,AP-0004846.pdf,False,3
AP-0000421,Supplier portal,A,V-0032,Harbor Networks Group,TX-0032-86220,Singapore,INV-0032-000421,2025-11-26,2026-01-10,45,PO-250552,SGD,4357.81,3997.99,359.82,GST,0.09,Facilities,FAC-294,Invoice,AP-0000421.pdf,False,3
AP-0000960,Email,D,V-0125,Brightpath Resources Ltd.,TX-0125-42798,Ireland,INV-0125-000960,2025-11-25,2025-12-25,30,PO-251244,EUR,5298.79,4379.17,919.62,VAT,0.21,Sales,SAL-412,Invoice,AP-0000960.pdf,False,3
AP-0003502,Email,E,V-0079,Brightpath Technologies LLC,TX-0079-81417,United States,INV-0079-003502,2025-11-24,2025-12-24,30,PO-250299,EUR,5219.26,4313.44,905.82,VAT,0.21,People,PEO-300,Invoice,AP-0003502.pdf,False,3
AP-0003277,Supplier portal,A,V-0045,Atlas Services LLC,TX-0045-69725,United States,INV-0045-003277,2025-11-28,2026-01-12,45,PO-252369,USD,684.78,684.78,0.0,Sales tax,0.0,People,PEO-418,Invoice,AP-0003277.pdf,False,3
AP-0004738,Supplier portal,B,V-0025,Oakmont Supply Group,TX-0025-19498,United States,INV-0025-004738,2025-11-24,2026-01-23,60,PO-250162,USD,4591.29,4241.38,349.91,Sales tax,0.0825,Facilities,FAC-186,Credit Memo,AP-0004738.pdf,False,2
AP-0002355,Email,E,V-0056,Oakmont Services LLC,TX-0056-21648,United States,INV-0056-002355,2025-11-29,2026-01-13,45,,USD,11781.23,10883.35,897.88,Sales tax,0.0825,Customer Success,CUS-118,Invoice,AP-0002355.pdf,False,3
AP-0002849,EDI,D,V-0115,Ironwood Services Group,TX-0115-48708,Ireland,INV-0115-002849,2025-11-26,2025-12-11,15,PO-250010,EUR,1243.83,1027.96,215.87,VAT,0.21,Engineering,ENG-190,Invoice,,False,1
AP-0004059,Supplier portal,B,V-0098,Cobalt Partners Group,TX-0098-91882,United States,INV-0098-004059,2025-11-25,2026-01-09,45,PO-251482,USD,8337.69,8337.69,0.0,Sales tax,0.0,Security,SEC-108,Invoice,AP-0004059.pdf,False,2
AP-0003900,Supplier portal,C,V-0017,Cobalt Analytics Group,TX-0017-46110,United Kingdom,INV-0017-003900,2025-11-26,2026-01-10,45,PO-251912,GBP,15246.86,12705.72,2541.14,VAT,0.2,People,PEO-182,Invoice,AP-0003900.pdf,False,1
AP-0001278,EDI,A,V-0005,Atlas Resources Inc.,TX-0005-88178,United States,INV-0005-001278,2025-11-30,2026-01-14,45,PO-251279,USD,6662.0,6662.0,0.0,Sales tax,0.0,Engineering,ENG-255,Invoice,,False,3
AP-0001224,EDI,C,V-0133,Cobalt Partners Group,TX-0133-30576,United States,INV-0133-001224,2025-11-26,2026-01-10,45,PO-250677,USD,34709.66,34709.66,0.0,Sales tax,0.0,Sales,SAL-111,Invoice,,False,3
AP-0004913,Supplier portal,B,V-0019,Redwood Systems LLC,TX-0019-24934,Canada,INV-0019-004913,2025-11-25,2026-01-24,60,PO-250436,CAD,3893.74,3708.32,185.42,GST,0.05,Sales,SAL-480,Invoice,AP-0004913.pdf,False,2
AP-0001793,EDI,C,V-0017,Cobalt Analytics Group,TX-0017-46110,United Kingdom,INV-0017-001793,2025-11-30,2026-01-14,45,PO-251646,GBP,235374.43,196145.36,39229.07,VAT,0.2,Facilities,FAC-396,Invoice,,False,1
AP-0003771,Email,D,V-0101,Juniper Technologies LLC,TX-0101-51229,Germany,INV-0101-003771,2025-11-29,2025-12-14,15,,EUR,4653.72,3846.05,807.67,VAT,0.21,Finance,FIN-464,Invoice,AP-0003771.pdf,True,2
AP-0004315,Supplier portal,E,V-0100,Summit Logistics Inc.,TX-0100-21510,United States,INV-0100-004315,2025-11-28,2025-12-28,30,PO-250061,USD,2937.69,2937.69,0.0,Sales tax,0.0,Legal,LEG-311,Invoice,AP-0004315.pdf,False,2
AP-0004888,Email,A,V-0050,Ironwood Services Ltd.,TX-0050-69493,United States,INV-0050-004888,2025-11-25,2025-12-25,30,PO-252172,USD,589.83,589.83,0.0,Sales tax,0.0,Sales,SAL-311,Invoice,AP-0004888.pdf,False,1
AP-0002057,Email,A,V-0005,Atlas Resources Inc.,TX-0005-88178,United States,INV-0005-002057,2025-11-30,2025-12-30,30,PO-250053,USD,37322.83,37322.83,0.0,Sales tax,0.0,Engineering,ENG-211,Invoice,AP-0002057.pdf,True,3
AP-0001534,Supplier portal,E,V-0100,Summit Logistics Inc.,TX-0100-21510,United States,INV-0100-001534,2025-11-29,2025-12-29,30,PO-250061,USD,1548.89,1548.89,0.0,Sales tax,0.0,Legal,LEG-311,Invoice,AP-0001534.pdf,False,3
AP-0003566,EDI,A,V-0127,Ironwood Solutions Inc.,TX-0127-49996,United States,INV-0127-003566,2025-11-26,2026-01-10,45,PO-250620,USD,50983.11,47097.56,3885.55,Sales tax,0.0825,Security,SEC-132,Invoice,,False,2
AP-0003060,Supplier portal,C,V-0103,Silverline Services Group,TX-0103-92209,United States,INV-0103-003060,2025-11-26,2026-01-10,45,PO-251785,USD,1418.63,1418.63,0.0,Sales tax,0.0,Engineering,ENG-348,Invoice,AP-0003060.pdf,False,3
AP-0004639,Supplier portal,C,V-0055,Silverline Analytics Group,TX-0055-46775,Singapore,INV-0055-004639,2025-11-29,2025-12-29,30,PO-250718,SGD,652.79,598.89,53.9,GST,0.09,Sales,SAL-250,Invoice,AP-0004639.pdf,False,1
AP-0001500,Supplier portal,B,V-0069,Atlas Logistics Inc.,TX-0069-10137,United States,INV-0069-001500,2025-11-25,2025-12-25,30,PO-250048,USD,14158.29,14158.29,0.0,Sales tax,0.0,Marketing,MAR-414,Invoice,AP-0001500.pdf,False,3
AP-0003736,Supplier portal,C,V-0081,Silverline Supply Group,TX-0081-73770,United States,INV-0081-003736,2025-11-30,2025-12-30,30,PO-251926,USD,3916.94,3916.94,0.0,Sales tax,0.0,People,PEO-442,Invoice,AP-0003736.pdf,False,1
AP-0003743,Supplier portal,D,V-0084,Redwood Supply LLC,TX-0084-70345,Germany,INV-0084-003743,2025-11-30,2025-12-30,30,PO-250272,EUR,16024.92,13243.74,2781.18,VAT,0.21,Legal,LEG-283,Credit Memo,AP-0003743.pdf,False,1
AP-0001945,Supplier portal,A,V-0001,Evergreen Consulting Group,TX-0001-43105,India,INV-0001-001945,2025-11-26,2025-12-26,30,PO-250608,INR,5330.13,4517.06,813.07,GST,0.18,Sales,SAL-497,Invoice,AP-0001945.pdf,False,2
AP-0001720,Supplier portal,C,V-0038,Beacon Analytics Ltd.,TX-0038-45747,United States,INV-0038-001720,2025-11-30,2025-12-30,30,,USD,2406.38,2406.38,0.0,Sales tax,0.0,Customer Success,CUS-453,Invoice,AP-0001720.pdf,False,3
AP-0004330,Supplier portal,E,V-0089,Atlas Supply LLC,TX-0089-88461,Canada,INV-0089-004330,2025-11-30,2026-01-14,45,PO-251333,CAD,4658.59,4436.75,221.84,GST,0.05,People,PEO-249,Invoice,AP-0004330.pdf,False,4
AP-0003093,Supplier portal,D,V-0138,Atlas Partners Group,TX-0138-43552,Ireland,INV-0138-003093,2025-11-30,2025-12-30,30,PO-251567,EUR,14204.73,11739.45,2465.28,VAT,0.21,Sales,SAL-116,Invoice,AP-0003093.pdf,False,2
AP-0001572,Email,C,V-0129,Blue Ridge Digital Ltd.,TX-0129-39742,United States,INV-0129-001572,2025-11-27,2026-01-11,45,PO-251636,USD,8152.08,8152.08,0.0,Sales tax,0.0,Sales,SAL-319,Invoice,AP-0001572.pdf,False,1
AP-0000300,Supplier portal,A,V-0005,Atlas Resources Inc.,TX-0005-88178,United States,INV-0005-000300,2025-11-30,2025-12-30,30,PO-251279,USD,10248.05,10248.05,0.0,Sales tax,0.0,Engineering,ENG-255,Invoice,AP-0000300.pdf,False,1
AP-0002713,Supplier portal,A,V-0007,Redwood Logistics Ltd.,TX-0007-69764,India,INV-0007-002713,2025-11-30,2025-12-15,15,PO-251127,INR,35117.69,29760.75,5356.94,GST,0.18,Facilities,FAC-352,Invoice,AP-0002713.pdf,False,1
AP-0004987,Supplier portal,D,V-0102,Blue Ridge Analytics Inc.,TX-0102-39905,Germany,INV-0102-004987,2025-11-28,2025-12-13,15,PO-250384,EUR,17352.53,14340.93,3011.6,VAT,0.21,Engineering,ENG-434,Invoice,AP-0004987.pdf,False,2
AP-0002320,Supplier portal,A,V-0109,Blue Ridge Analytics LLC,TX-0109-51449,United States,INV-0109-002320,2025-11-26,2025-12-26,30,PO-250657,USD,17202.36,17202.36,0.0,Sales tax,0.0,Facilities,FAC-256,Credit Memo,AP-0002320.pdf,False,3
AP-0001363,Email,E,V-0079,Brightpath Technologies LLC,TX-0079-81417,United States,INV-0079-001363,2025-11-26,2025-12-26,30,PO-252105,USD,23326.44,23326.44,0.0,Sales tax,0.0,Sales,SAL-426,Invoice,AP-0001363.pdf,True,2
AP-0000254,Email,B,V-0077,Cobalt Operations LLC,TX-0077-86128,United States,INV-0077-000254,2025-11-28,2025-12-28,30,PO-250560,USD,9656.15,9656.15,0.0,Sales tax,0.0,Facilities,FAC-492,Credit Memo,AP-0000254.pdf,False,1
AP-0003527,Email,A,V-0072,Silverline Systems LLC,TX-0072-14104,Singapore,INV-0072-003527,2025-12-01,2025-12-31,30,PO-250038,SGD,6589.83,6045.72,544.11,GST,0.09,Finance,FIN-362,Invoice,AP-0003527.pdf,False,2
AP-0001964,Supplier portal,C,V-0002,Cobalt Services LLC,TX-0002-28786,India,INV-0002-001964,2025-11-30,2025-12-15,15,PO-252002,INR,4814.95,4080.47,734.48,GST,0.18,Facilities,FAC-157,Invoice,AP-0001964.pdf,False,1
AP-0003392,Supplier portal,C,V-0068,Redwood Technologies Inc.,TX-0068-22381,Canada,INV-0068-003392,2025-11-27,2025-12-12,15,PO-251772,CAD,58802.69,56002.56,2800.13,GST,0.05,People,PEO-423,Invoice,AP-0003392.pdf,False,1
AP-0004945,Supplier portal,E,V-0041,Juniper Advisors Ltd.,TX-0041-11074,United States,INV-0041-004945,2025-12-01,2026-01-15,45,,USD,6771.07,6255.03,516.04,Sales tax,0.0825,People,PEO-273,Invoice,AP-0004945.pdf,False,1
AP-0002142,EDI,B,V-0086,Lighthouse Technologies LLC,TX-0086-70653,United States,INV-0086-002142,2025-11-27,2026-01-11,45,PO-251841,USD,11320.7,10457.92,862.78,Sales tax,0.0825,Security,SEC-176,Invoice,,False,2
AP-0000977,Supplier portal,E,V-0041,Juniper Advisors Ltd.,TX-0041-11074,United States,INV-0041-000977,2025-11-26,2026-01-10,45,PO-250755,USD,4763.74,4400.68,363.06,Sales tax,0.0825,People,PEO-214,Invoice,AP-0000977.pdf,False,3
AP-0001586,Supplier portal,E,V-0063,Copperfield Systems Inc.,TX-0063-67062,United States,INV-0063-001586,2025-11-28,2025-12-28,30,PO-250644,USD,6989.11,6456.45,532.66,Sales tax,0.0825,IT,IT-165,Invoice,AP-0001586.pdf,False,1
AP-0003945,Supplier portal,E,V-0058,Brightpath Logistics Inc.,TX-0058-42609,United Kingdom,INV-0058-003945,2025-11-27,2026-01-11,45,PO-251546,GBP,24558.12,20465.1,4093.02,VAT,0.2,Security,SEC-321,Invoice,AP-0003945.pdf,False,2
AP-0001157,Supplier portal,C,V-0129,Blue Ridge Digital Ltd.,TX-0129-39742,United States,INV-0129-001157,2025-11-30,2026-01-14,45,PO-252219,USD,31153.47,31153.47,0.0,Sales tax,0.0,Security,SEC-440,Invoice,AP-0001157.pdf,False,1
AP-0002522,Email,C,V-0107,Silverline Advisors Inc.,TX-0107-50949,United States,INV-0107-002522,2025-11-27,2026-01-26,60,PO-251605,USD,21741.27,20084.31,1656.96,Sales tax,0.0825,IT,IT-374,Invoice,AP-0002522.pdf,False,2
AP-0003798,Email,C,V-0118,Stonebridge Logistics Ltd.,TX-0118-10046,United States,INV-0118-003798,2025-11-29,2025-12-14,15,PO-250721,USD,22789.8,21052.93,1736.87,Sales tax,0.0825,Facilities,FAC-338,Invoice,AP-0003798.pdf,True,2
AP-0001991,Email,A,V-0070,Beacon Services LLC,TX-0070-80671,United States,INV-0070-001991,2025-12-01,2025-12-16,15,PO-250407,USD,38923.78,38923.78,0.0,Sales tax,0.0,Marketing,MAR-354,Invoice,AP-0001991.pdf,True,3
AP-0000390,Email,E,V-0063,Copperfield Systems Inc.,TX-0063-67062,United States,INV-0063-000390,2025-11-30,2026-01-29,60,PO-251448,USD,2804.81,2591.05,213.76,Sales tax,0.0825,Facilities,FAC-377,Invoice,AP-0000390.pdf,True,2
AP-0002102,Email,C,V-0117,Atlas Consulting LLC,TX-0117-90487,Canada,INV-0117-002102,2025-11-30,2025-12-30,30,PO-251263,CAD,7136.91,6797.06,339.85,GST,0.05,Sales,SAL-400,Invoice,AP-0002102.pdf,False,2
AP-0001966,Supplier portal,A,V-0127,Ironwood Solutions Inc.,TX-0127-49996,United States,INV-0127-001966,2025-11-28,2026-01-12,45,PO-250166,USD,1862.42,1720.48,141.94,Sales tax,0.0825,Marketing,MAR-182,Invoice,AP-0001966.pdf,False,2
AP-0002801,Supplier portal,E,V-0123,Oakmont Analytics Ltd.,TX-0123-99977,United States,INV-0123-002801,2025-11-28,2025-12-28,30,PO-251747,USD,9833.52,9084.08,749.44,Sales tax,0.0825,Sales,SAL-431,Invoice,AP-0002801.pdf,False,3
AP-0003828,Supplier portal,E,V-0041,Juniper Advisors Ltd.,TX-0041-11074,United States,INV-0041-003828,2025-11-29,2026-01-13,45,PO-252364,USD,2268.44,2095.56,172.88,Sales tax,0.0825,Engineering,ENG-404,Invoice,AP-0003828.pdf,False,2
AP-0003159,Email,E,V-0031,Lighthouse Systems Inc.,TX-0031-87911,United States,INV-0031-003159,2025-11-26,2025-12-11,15,PO-250498,USD,3567.68,3567.68,0.0,Sales tax,0.0,Finance,FIN-259,Invoice,AP-0003159.pdf,False,3
AP-0004410,Email,C,V-0107,Silverline Advisors Inc.,TX-0107-50949,United States,INV-0107-004410,2025-11-26,2026-01-25,60,PO-250288,USD,5773.69,5333.66,440.03,Sales tax,0.0825,People,PEO-309,Invoice,AP-0004410.pdf,True,3
AP-0002192,Supplier portal,E,V-0110,Ironwood Networks Ltd.,TX-0110-54537,India,INV-0110-002192,2025-11-29,2025-12-29,30,PO-250021,INR,25088.73,21261.64,3827.09,GST,0.18,Engineering,ENG-478,Invoice,AP-0002192.pdf,False,1
AP-0001648,Email,D,V-0101,Juniper Technologies LLC,TX-0101-51229,Germany,INV-0101-001648,2025-11-29,2025-12-14,15,PO-252068,EUR,3100.58,2562.46,538.12,VAT,0.21,IT,IT-138,Invoice,AP-0001648.pdf,False,1
AP-0004900,Supplier portal,E,V-0063,Copperfield Systems Inc.,TX-0063-67062,United States,INV-0063-001647,2025-12-01,2025-12-31,30,PO-252381,USD,3196.88,2953.24,243.64,Sales tax,0.0825,Facilities,FAC-165,Invoice,AP-0004900.pdf,False,1
AP-0002394,Email,A,V-0057,Lighthouse Supply Ltd.,TX-0057-94723,United States,INV-0057-002394,2025-12-02,2026-01-01,30,PO-250309,USD,10589.02,10589.02,0.0,Sales tax,0.0,IT,IT-410,Invoice,AP-0002394.pdf,False,2
AP-0000298,Supplier portal,C,V-0002,Cobalt Services LLC,TX-0002-28786,India,INV-0002-000298,2025-11-30,2025-12-15,15,PO-252334,GBP,10594.37,8828.64,1765.73,VAT,0.2,Engineering,ENG-140,Invoice,AP-0000298.pdf,False,1
AP-0004141,Supplier portal,E,V-0100,Summit Logistics Inc.,TX-0100-21510,United States,INV-0100-004141,2025-12-01,2025-12-31,30,PO-250497,USD,817.14,817.14,0.0,Sales tax,0.0,Legal,LEG-398,Invoice,AP-0004141.pdf,False,2
AP-0000440,Supplier portal,E,V-0043,Crescent Analytics Group,TX-0043-75924,United States,INV-0043-000440,2025-11-27,2026-01-26,60,PO-250227,USD,1920.87,1920.87,0.0,Sales tax,0.0,Finance,FIN-301,Invoice,AP-0000440.pdf,False,2
AP-0003830,EDI,A,V-0032,Harbor Networks Group,TX-0032-86220,Singapore,INV-0032-003830,2025-11-30,2026-01-14,45,,SGD,993.34,911.32,82.02,GST,0.09,Engineering,ENG-101,Invoice,,False,2
AP-0003872,Supplier portal,A,V-0070,Beacon Services LLC,TX-0070-80671,United States,INV-0070-003872,2025-11-27,2025-12-12,15,,USD,24735.37,24735.37,0.0,Sales tax,0.0,People,PEO-214,Invoice,AP-0003872.pdf,False,1
AP-0000927,Email,A,V-0088,Atlas Systems Group,TX-0088-45873,United States,INV-0088-000927,2025-11-27,2025-12-27,30,PO-250592,USD,5557.19,5557.19,0.0,Sales tax,0.0,Legal,LEG-238,Invoice,AP-0000927.pdf,True,1
AP-0003920,EDI,D,V-0080,Juniper Resources Inc.,TX-0080-26211,Ireland,INV-0080-003920,2025-11-30,2025-12-30,30,PO-250673,EUR,54546.61,45079.84,9466.77,VAT,0.21,People,PEO-306,Invoice,,False,1
AP-0003153,Email,E,V-0031,Lighthouse Systems Inc.,TX-0031-87911,United States,INV-0031-003153,2025-11-28,2025-12-13,15,PO-251455,USD,6415.06,6415.06,0.0,Sales tax,0.0,Security,SEC-102,Invoice,AP-0003153.pdf,True,1
AP-0002074,EDI,A,V-0088,Atlas Systems Group,TX-0088-45873,United States,INV-0088-002074,2025-12-01,2025-12-31,30,PO-252362,USD,8077.99,8077.99,0.0,Sales tax,0.0,IT,IT-394,Credit Memo,,False,2
AP-0002292,EDI,C,V-0104,Oakmont Operations Group,TX-0104-57614,United States,INV-0104-002292,2025-12-02,2025-12-17,15,PO-251974,USD,4903.34,4903.34,0.0,Sales tax,0.0,Marketing,MAR-170,Invoice,,False,1
AP-0004934,Supplier portal,C,V-0105,Ironwood Analytics Inc.,TX-0105-55701,United States,INV-0105-004934,2025-11-30,2026-01-14,45,PO-250689,USD,12337.79,12337.79,0.0,Sales tax,0.0,IT,IT-217,Invoice,AP-0004934.pdf,False,2
AP-0000003,Email,C,V-0002,Cobalt Services LLC,TX-0002-28786,India,INV-0002-000003,2025-11-30,2025-12-15,15,PO-252098,INR,1529.87,1296.5,233.37,GST,0.18,Customer Success,CUS-437,Invoice,AP-0000003.pdf,False,1
AP-0003923,Email,C,V-0053,Oakmont Supply Group,TX-0053-42836,Singapore,INV-0053-003923,2025-12-01,2025-12-31,30,PO-251041,SGD,61992.7,56874.04,5118.66,GST,0.09,People,PEO-154,Invoice,AP-0003923.pdf,False,4
AP-0000042,Email,B,V-0086,Lighthouse Technologies LLC,TX-0086-70653,United States,INV-0086-000042,2025-11-29,2026-01-13,45,PO-251219,USD,14654.26,13537.42,1116.84,Sales tax,0.0825,Facilities,FAC-470,Invoice,AP-0000042.pdf,False,2
AP-0003388,Supplier portal,C,V-0117,Atlas Consulting LLC,TX-0117-90487,Canada,INV-0117-003388,2025-11-29,2025-12-14,15,PO-251268,CAD,27190.23,25895.46,1294.77,GST,0.05,Finance,FIN-276,Invoice,AP-0003388.pdf,False,4
AP-0002329,Email,C,V-0117,Atlas Consulting LLC,TX-0117-90487,Canada,INV-0117-002329,2025-12-02,2026-01-01,30,PO-251268,CAD,7038.88,6703.7,335.18,GST,0.05,Finance,FIN-276,Credit Memo,AP-0002329.pdf,False,4
AP-0003780,Supplier portal,A,V-0131,Copperfield Systems LLC,TX-0131-83608,United States,INV-0131-003780,2025-12-02,2026-01-01,30,PO-X003780,USD,47797.56,47797.56,0.0,Sales tax,0.0,Facilities,FAC-161,Invoice,AP-0003780.pdf,False,3
AP-0002336,Email,A,V-0057,Lighthouse Supply Ltd.,TX-0057-94723,United States,INV-0057-002336,2025-11-30,2025-12-30,30,PO-252254,USD,12171.72,12171.72,0.0,Sales tax,0.0,People,PEO-152,Invoice,AP-0002336.pdf,False,1
AP-0003427,EDI,D,V-0138,Atlas Partners Group,TX-0138-43552,Ireland,INV-0138-003427,2025-12-03,2026-01-02,30,PO-251575,EUR,11686.79,9658.5,2028.29,VAT,0.21,IT,IT-444,Invoice,,False,2
AP-0001268,Email,B,V-0034,Beacon Solutions Inc.,TX-0034-94278,United States,INV-0034-001268,2025-12-01,2025-12-31,30,PO-250491,USD,5129.51,5129.51,0.0,Sales tax,0.0,Marketing,MAR-177,Credit Memo,AP-0001268.pdf,False,1
AP-0000563,Supplier portal,C,V-0078,Crescent Networks Ltd.,TX-0078-49721,United States,INV-0078-000563,2025-12-03,2026-01-02,30,PO-251655,USD,3833.15,3833.15,0.0,Sales tax,0.0,Legal,LEG-312,Invoice,AP-0000563.pdf,False,1
AP-0004727,Supplier portal,C,V-0046,Beacon Solutions LLC,TX-0046-43936,United States,INV-0046-004727,2025-12-03,2026-02-01,60,PO-251026,USD,1083.79,1083.79,0.0,Sales tax,0.0,Legal,LEG-364,Invoice,AP-0004727.pdf,False,1
AP-0004588,Supplier portal,E,V-0123,Oakmont Analytics Ltd.,TX-0123-99977,United States,INV-0123-004588,2025-11-29,2025-12-29,30,PO-251163,USD,8405.91,7765.27,640.64,Sales tax,0.0825,Facilities,FAC-157,Invoice,AP-0004588.pdf,False,2
AP-0000023,Email,D,V-0024,Evergreen Solutions Inc.,TX-0024-91040,Germany,INV-0024-000023,2025-12-02,2025-12-17,15,PO-251951,EUR,8498.14,7023.26,1474.88,VAT,0.21,Marketing,MAR-115,Invoice,AP-0000023.pdf,False,1
AP-0000963,Email,A,V-0095,Crescent Supply Ltd.,TX-0095-51083,United States,INV-0095-000963,2025-11-29,2025-12-29,30,PO-250011,USD,1635.75,1635.75,0.0,Sales tax,0.0,Security,SEC-470,Invoice,AP-0000963.pdf,False,3
AP-0002838,Supplier portal,B,V-0042,Harbor Services Group,TX-0042-54837,United States,INV-0042-002838,2025-11-28,2026-01-27,60,PO-251184,USD,20792.84,20792.84,0.0,Sales tax,0.0,Finance,FIN-443,Invoice,AP-0002838.pdf,False,3
AP-0003941,Email,B,V-0009,Blue Ridge Supply LLC,TX-0009-87210,United States,INV-0009-003941,2025-11-29,2026-01-13,45,PO-251580,USD,570.76,570.76,0.0,Sales tax,0.0,Security,SEC-360,Invoice,AP-0003941.pdf,True,3
AP-0003838,Supplier portal,B,V-0111,Brightpath Solutions Inc.,TX-0111-16923,United States,INV-0111-003838,2025-12-02,2025-12-17,15,PO-250981,USD,17799.91,16443.33,1356.58,Sales tax,0.0825,Finance,FIN-228,Invoice,AP-0003838.pdf,False,2
AP-0004172,Supplier portal,A,V-0005,Atlas Resources Inc.,TX-0005-88178,United States,INV-0005-004172,2025-12-02,2026-01-01,30,PO-250438,USD,2368.38,2368.38,0.0,Sales tax,0.0,Customer Success,CUS-119,Invoice,AP-0004172.pdf,False,2
AP-0004367,Email,A,V-0001,Evergreen Consulting Group,TX-0001-43105,India,INV-0001-004367,2025-11-28,2025-12-28,30,PO-252001,INR,8811.42,7467.31,1344.11,GST,0.18,Sales,SAL-143,Invoice,AP-0004367.pdf,False,3
AP-0004909,Supplier portal,C,V-0104,Oakmont Operations Group,TX-0104-57614,United States,INV-0104-004909,2025-12-03,2025-12-18,15,PO-250984,USD,512.33,512.33,0.0,Sales tax,0.0,IT,IT-462,Invoice,AP-0004909.pdf,False,2
AP-0001465,Supplier portal,C,V-0112,Crescent Systems Group,TX-0112-59988,United States,INV-0112-001465,2025-11-29,2025-12-29,30,PO-250159,USD,18314.99,18314.99,0.0,Sales tax,0.0,IT,IT-473,Invoice,AP-0001465.pdf,False,1
AP-0004729,Supplier portal,D,V-0130,Harbor Technologies Ltd.,TX-0130-24969,Germany,INV-0130-004729,2025-11-30,2026-01-29,60,PO-250780,EUR,11247.54,9295.49,1952.05,VAT,0.21,Sales,SAL-436,Invoice,AP-0004729.pdf,False,4
AP-0002861,Supplier portal,B,V-0083,Pioneer Services Group,TX-0083-82789,United States,INV-0083-002861,2025-12-02,2025-12-17,15,PO-251196,USD,18017.68,16644.51,1373.17,Sales tax,0.0825,Security,SEC-151,Invoice,AP-0002861.pdf,False,1
AP-0004962,Supplier portal,B,V-0034,Beacon Solutions Inc.,TX-0034-94278,United States,INV-0034-004962,2025-12-02,2026-01-01,30,PO-252206,USD,42772.18,42772.18,0.0,Sales tax,0.0,Legal,LEG-131,Credit Memo,AP-0004962.pdf,False,1
AP-0002141,Supplier portal,B,V-0036,Juniper Operations Ltd.,TX-0036-11692,United States,INV-0036-002141,2025-12-03,2026-01-02,30,PO-251759,USD,2151.02,2151.02,0.0,Sales tax,0.0,Engineering,ENG-245,Invoice,AP-0002141.pdf,False,3
AP-0003939,Supplier portal,B,V-0135,Stonebridge Systems LLC,TX-0135-50499,United States,INV-0135-003939,2025-11-29,2025-12-29,30,PO-251675,USD,1580.81,1460.33,120.48,Sales tax,0.0825,Security,SEC-120,Invoice,AP-0003939.pdf,False,4
AP-0004621,Supplier portal,C,V-0046,Beacon Solutions LLC,TX-0046-43936,United States,INV-0046-004621,2025-11-28,2026-01-27,60,PO-252155,USD,28507.16,28507.16,0.0,Sales tax,0.0,IT,IT-189,Invoice,AP-0004621.pdf,False,3
AP-0003067,EDI,B,V-0062,Juniper Resources Ltd.,TX-0062-17232,United States,INV-0062-003067,2025-12-01,2025-12-31,30,,USD,7586.89,7586.89,0.0,Sales tax,0.0,People,PEO-253,Invoice,,False,1
AP-0000080,Supplier portal,B,V-0135,Stonebridge Systems LLC,TX-0135-50499,United States,INV-0135-000080,2025-12-01,2025-12-31,30,PO-252090,USD,12502.96,11550.08,952.88,Sales tax,0.0825,Engineering,ENG-118,Invoice,AP-0000080.pdf,False,1
AP-0001195,Email,A,V-0032,Harbor Networks Group,TX-0032-86220,Singapore,INV-0032-001195,2025-11-30,2026-01-14,45,PO-250552,SGD,2858.96,2622.9,236.06,GST,0.09,Facilities,FAC-294,Invoice,AP-0001195.pdf,True,1
AP-0001218,Supplier portal,A,V-0032,Harbor Networks Group,TX-0032-86220,Singapore,INV-0032-001218,2025-12-02,2026-01-16,45,PO-250552,SGD,1066.68,978.61,88.07,GST,0.09,Facilities,FAC-294,Invoice,AP-0001218.pdf,False,1
AP-0002491,Supplier portal,C,V-0104,Oakmont Operations Group,TX-0104-57614,United States,INV-0104-002491,2025-12-04,2025-12-19,15,PO-251712,USD,1789.19,1789.19,0.0,Sales tax,0.0,Legal,LEG-359,Invoice,AP-0002491.pdf,False,1
AP-0002333,Supplier portal,C,V-0029,Crescent Technologies LLC,TX-0029-56211,United States,INV-0029-002333,2025-12-01,2025-12-16,15,PO-252327,USD,5621.08,5192.68,428.4,Sales tax,0.0825,Customer Success,CUS-370,Invoice,AP-0002333.pdf,False,3
AP-0000555,Supplier portal,E,V-0004,Harbor Networks Ltd.,TX-0004-83750,United States,INV-0004-000555,2025-12-03,2026-01-02,30,PO-251746,USD,15138.12,13984.41,1153.71,Sales tax,0.0825,Sales,SAL-373,Invoice,AP-0000555.pdf,False,1
AP-0003445,Supplier portal,D,V-0049,Harbor Resources LLC,TX-0049-19644,Germany,INV-0049-003445,2025-11-29,2025-12-29,30,PO-250431,EUR,2731.86,2257.74,474.12,VAT,0.21,Customer Success,CUS-387,Invoice,AP-0003445.pdf,False,1
AP-0002189,Supplier portal,C,V-0117,Atlas Consulting LLC,TX-0117-90487,Canada,INV-0117-002189,2025-11-30,2025-12-30,30,PO-250387,CAD,1068.76,1017.87,50.89,GST,0.05,Sales,SAL-386,Invoice,AP-0002189.pdf,False,3
AP-0000773,Supplier portal,E,V-0100,Summit Logistics Inc.,TX-0100-21510,United States,INV-0100-000773,2025-12-03,2026-01-02,30,PO-250061,USD,3236.64,3236.64,0.0,Sales tax,0.0,Legal,LEG-311,Invoice,AP-0000773.pdf,False,1
AP-0002772,Email,C,V-0081,Silverline Supply Group,TX-0081-73770,United States,INV-0081-002772,2025-11-29,2025-12-29,30,PO-251876,USD,4933.41,4933.41,0.0,Sales tax,0.0,Facilities,FAC-316,Invoice,AP-0002772.pdf,False,2
AP-0001094,Email,A,V-0124,Brightpath Systems Ltd.,TX-0124-51957,Canada,INV-0124-001094,2025-12-04,2025-12-19,15,PO-250793,CAD,15162.01,14440.01,722.0,GST,0.05,Finance,FIN-336,Invoice,AP-0001094.pdf,False,3
AP-0002086,Supplier portal,E,V-0030,Crescent Networks Inc.,TX-0030-52947,United States,INV-0030-002086,2025-12-01,2026-01-30,60,PO-250957,USD,16090.69,14864.38,1226.31,Sales tax,0.0825,Marketing,MAR-357,Invoice,AP-0002086.pdf,False,3
AP-0004165,Email,B,V-0036,Juniper Operations Ltd.,TX-0036-11692,United States,INV-0036-004165,2025-11-29,2026-01-13,45,PO-251108,USD,2407.1,2407.1,0.0,Sales tax,0.0,Marketing,MAR-458,Invoice,AP-0004165.pdf,True,3
AP-0002302,Supplier portal,A,V-0032,Harbor Networks Group,TX-0032-86220,Singapore,INV-0032-002302,2025-12-02,2026-01-16,45,PO-250552,SGD,2664.6,2444.59,220.01,GST,0.09,Facilities,FAC-294,Invoice,AP-0002302.pdf,False,2
AP-0002059,Supplier portal,C,V-0078,Crescent Networks Ltd.,TX-0078-49721,United States,INV-0078-002059,2025-12-03,2026-01-02,30,PO-252190,USD,3939.72,3939.72,0.0,Sales tax,0.0,Engineering,ENG-351,Invoice,AP-0002059.pdf,False,2
AP-0000257,Supplier portal,A,V-0092,Summit Resources Group,TX-0092-15472,United States,INV-0092-000257,2025-12-01,2025-12-16,15,PO-252031,USD,6454.17,6454.17,0.0,Sales tax,0.0,Facilities,FAC-162,Invoice,AP-0000257.pdf,False,1
AP-0001684,EDI,D,V-0026,Oakmont Supply Ltd.,TX-0026-46682,Ireland,INV-0026-001684,2025-12-04,2025-12-19,15,PO-251405,EUR,11967.67,9890.64,2077.03,VAT,0.21,Sales,SAL-168,Invoice,,False,1
AP-0001413,Supplier portal,A,V-0050,Ironwood Services Ltd.,TX-0050-69493,United States,INV-0050-001413,2025-11-30,2025-12-30,30,PO-250622,USD,5316.16,5316.16,0.0,Sales tax,0.0,Customer Success,CUS-425,Invoice,AP-0001413.pdf,False,2
AP-0000293,Supplier portal,B,V-0093,Clearview Systems Inc.,TX-0093-95568,United States,INV-0093-000293,2025-11-29,2025-12-14,15,PO-250172,USD,3094.42,2858.59,235.83,Sales tax,0.0825,People,PEO-446,Invoice,AP-0000293.pdf,False,2
AP-0003030,Email,A,V-0094,Copperfield Systems Group,TX-0094-30896,India,INV-0094-003030,2025-12-02,2026-01-01,30,PO-251365,INR,518.98,439.81,79.17,GST,0.18,Sales,SAL-396,Invoice,AP-0003030.pdf,True,3
AP-0004647,EDI,A,V-0066,Stonebridge Networks Ltd.,TX-0066-17224,United States,INV-0066-004647,2025-11-30,2025-12-30,30,PO-252158,USD,5484.97,5484.97,0.0,Sales tax,0.0,Facilities,FAC-276,Invoice,,False,1
AP-0000261,Email,E,V-0100,Summit Logistics Inc.,TX-0100-21510,United States,INV-0100-000261,2025-12-03,2026-01-02,30,PO-250616,USD,25705.01,25705.01,0.0,Sales tax,0.0,Facilities,FAC-416,Invoice,AP-0000261.pdf,True,1
AP-0000726,Supplier portal,C,V-0039,Blue Ridge Networks Group,TX-0039-91527,United States,INV-0039-000726,2025-11-29,2026-01-13,45,PO-250453,USD,5909.48,5909.48,0.0,Sales tax,0.0,Marketing,MAR-209,Invoice,AP-0000726.pdf,False,3
AP-0002266,Email,E,V-0089,Atlas Supply LLC,TX-0089-88461,Canada,INV-0089-002266,2025-12-02,2026-01-16,45,PO-251333,CAD,2134.76,2033.1,101.66,GST,0.05,People,PEO-249,Invoice,AP-0002266.pdf,True,2
AP-0002898,Supplier portal,A,V-0137,Pioneer Consulting Ltd.,TX-0137-44191,United States,INV-0137-002898,2025-12-01,2025-12-31,30,PO-251114,USD,3017.41,3017.41,0.0,Sales tax,0.0,Customer Success,CUS-358,Invoice,AP-0002898.pdf,False,2
AP-0000343,Email,A,V-0001,Evergreen Consulting Group,TX-0001-43105,India,INV-0001-000343,2025-12-05,2026-01-04,30,PO-252366,INR,3285.85,2784.62,501.23,GST,0.18,Security,SEC-343,Invoice,AP-0000343.pdf,False,3
AP-0002854,Email,E,V-0035,Pioneer Networks Ltd.,TX-0035-47483,United States,INV-0035-002854,2025-12-02,2026-01-01,30,PO-252228,USD,56767.32,56767.32,0.0,Sales tax,0.0,People,PEO-338,Invoice,AP-0002854.pdf,False,1
AP-0003055,Email,C,V-0140,Blue Ridge Operations Inc.,TX-0140-96185,United States,INV-0140-003055,2025-12-01,2025-12-31,30,PO-251744,USD,24807.28,24807.28,0.0,Sales tax,0.0,Marketing,MAR-483,Invoice,AP-0003055.pdf,True,2
AP-0004502,Supplier portal,A,V-0054,Crescent Logistics LLC,TX-0054-19609,United States,INV-0054-004502,2025-12-02,2026-01-01,30,PO-250035,USD,20996.12,19395.95,1600.17,Sales tax,0.0825,People,PEO-333,Invoice,AP-0004502.pdf,False,1
AP-0004265,EDI,A,V-0007,Redwood Logistics Ltd.,TX-0007-69764,India,INV-0007-004265,2025-12-01,2025-12-16,15,PO-X004265,INR,5079.28,4304.47,774.81,GST,0.18,Facilities,FAC-418,Invoice,,False,3
AP-0000204,Supplier portal,C,V-0029,Crescent Technologies LLC,TX-0029-56211,United States,INV-0029-000204,2025-12-02,2026-01-16,45,PO-251337,USD,9809.37,9061.77,747.6,Sales tax,0.0825,Legal,LEG-404,Invoice,AP-0000204.pdf,False,3
AP-0003582,Supplier portal,D,V-0113,Stonebridge Logistics Inc.,TX-0113-54591,Ireland,INV-0113-003582,2025-12-02,2026-01-16,45,,EUR,25236.81,20856.87,4379.94,VAT,0.21,People,PEO-220,Invoice,AP-0003582.pdf,False,3
AP-0001240,Supplier portal,B,V-0090,Copperfield Advisors Ltd.,TX-0090-82710,United States,INV-0090-001240,2025-12-04,2026-01-18,45,PO-250348,USD,7812.12,7812.12,0.0,Sales tax,0.0,Sales,SAL-113,Invoice,AP-0001240.pdf,False,2
AP-0000712,Supplier portal,D,V-0101,Juniper Technologies LLC,TX-0101-51229,Germany,INV-0101-000712,2025-12-03,2025-12-18,15,PO-252124,EUR,11663.17,9638.98,2024.19,VAT,0.21,Legal,LEG-316,Invoice,AP-0000712.pdf,False,3
AP-0001144,EDI,B,V-0006,Copperfield Digital Group,TX-0006-57912,Canada,INV-0006-001144,2025-11-30,2026-01-29,60,PO-250067,CAD,3510.05,3342.9,167.15,GST,0.05,Facilities,FAC-424,Invoice,,False,2
AP-0000615,Supplier portal,A,V-0015,Clearview Digital Inc.,TX-0015-69124,United States,INV-0015-000615,2025-12-01,2025-12-31,30,PO-251739,USD,3515.64,3515.64,0.0,Sales tax,0.0,Finance,FIN-198,Invoice,AP-0000615.pdf,False,2
AP-0002928,Email,A,V-0131,Copperfield Systems LLC,TX-0131-83608,United States,INV-0131-002928,2025-12-04,2026-01-03,30,PO-250735,USD,1532.43,1532.43,0.0,Sales tax,0.0,Customer Success,CUS-297,Invoice,AP-0002928.pdf,True,1
AP-0003243,EDI,A,V-0054,Crescent Logistics LLC,TX-0054-19609,United States,INV-0054-003243,2025-12-04,2025-12-19,15,PO-252181,USD,2748.24,2538.79,209.45,Sales tax,0.0825,Finance,FIN-362,Invoice,,False,2
AP-0003889,Supplier portal,B,V-0064,Summit Consulting Inc.,TX-0064-39165,Canada,INV-0064-003889,2025-12-02,2026-01-01,30,PO-252071,CAD,6553.14,6241.09,312.05,GST,0.05,People,PEO-488,Invoice,AP-0003889.pdf,False,1
AP-0004925,EDI,E,V-0041,Juniper Advisors Ltd.,TX-0041-11074,United States,INV-0041-004925,2025-12-02,2026-01-16,45,PO-252012,USD,6985.23,6452.87,532.36,Sales tax,0.0825,Finance,FIN-427,Invoice,,False,3
AP-0001067,Supplier portal,B,V-0064,Summit Consulting Inc.,TX-0064-39165,Canada,INV-0064-001067,2025-12-03,2026-02-01,60,PO-251681,CAD,6173.63,5879.65,293.98,GST,0.05,Facilities,FAC-257,Invoice,AP-0001067.pdf,False,3
AP-0003657,Supplier portal,C,V-0017,Cobalt Analytics Group,TX-0017-46110,United Kingdom,INV-0017-003657,2025-12-03,2026-01-02,30,PO-251912,GBP,14197.29,11831.08,2366.21,VAT,0.2,People,PEO-182,Credit Memo,AP-0003657.pdf,False,1
AP-0000274,Supplier portal,C,V-0118,Stonebridge Logistics Ltd.,TX-0118-10046,United States,INV-0118-000274,2025-12-01,2025-12-31,30,PO-250721,USD,4030.79,3723.59,307.2,Sales tax,0.0825,Facilities,FAC-338,Invoice,AP-0000274.pdf,False,4
AP-0003914,Supplier portal,A,V-0136,Clearview Services Inc.,TX-0136-10386,Singapore,INV-0136-003914,2025-12-02,2026-01-16,45,PO-252093,SGD,5689.02,5219.28,469.74,GST,0.09,Marketing,MAR-382,Invoice,AP-0003914.pdf,False,1
AP-0000296,Supplier portal,A,V-0092,Summit Resources Group,TX-0092-15472,United States,INV-0092-000296,2025-12-05,2025-12-20,15,PO-251894,USD,6316.07,6316.07,0.0,Sales tax,0.0,Sales,SAL-204,Invoice,AP-0000296.pdf,False,2
AP-0003362,Supplier portal,D,V-0130,Harbor Technologies Ltd.,TX-0130-24969,Germany,INV-0130-003362,2025-12-01,2026-01-30,60,PO-250780,EUR,5351.05,4422.36,928.69,VAT,0.21,Sales,SAL-436,Invoice,AP-0003362.pdf,False,1
AP-0001635,Email,A,V-0015,Clearview Digital Inc.,TX-0015-69124,United States,INV-0015-001635,2025-12-04,2026-01-03,30,PO-252223,USD,5952.21,5952.21,0.0,Sales tax,0.0,People,PEO-462,Invoice,AP-0001635.pdf,False,1
AP-0001198,Supplier portal,B,V-0019,Redwood Systems LLC,TX-0019-24934,Canada,INV-0019-001198,2025-12-03,2026-02-01,60,PO-252116,CAD,23383.82,22270.3,1113.52,GST,0.05,Customer Success,CUS-313,Invoice,AP-0001198.pdf,False,2
AP-0004664,EDI,A,V-0059,Pioneer Solutions Group,TX-0059-74622,United States,INV-0059-004664,2025-12-03,2026-01-17,45,PO-251314,USD,28949.2,26742.91,2206.29,Sales tax,0.0825,Sales,SAL-275,Invoice,,False,3
AP-0002538,Supplier portal,D,V-0049,Harbor Resources LLC,TX-0049-19644,Germany,INV-0049-002538,2025-12-06,2026-01-05,30,PO-251915,EUR,1734.65,1433.6,301.05,VAT,0.21,Sales,SAL-332,Invoice,AP-0002538.pdf,False,1
AP-0000059,Supplier portal,A,V-0066,Stonebridge Networks Ltd.,TX-0066-17224,United States,INV-0066-000059,2025-12-02,2026-01-01,30,PO-251322,USD,4821.64,4821.64,0.0,Sales tax,0.0,Engineering,ENG-344,Invoice,AP-0000059.pdf,False,1
AP-0003734,EDI,B,V-0098,Cobalt Partners Group,TX-0098-91882,United States,INV-0098-003734,2025-12-06,2026-01-20,45,PO-X003734,USD,11056.67,11056.67,0.0,Sales tax,0.0,Sales,SAL-428,Invoice,,False,3
AP-0002632,Supplier portal,C,V-0039,Blue Ridge Networks Group,TX-0039-91527,United States,INV-0039-002632,2025-12-06,2025-12-21,15,PO-250573,USD,8835.04,8835.04,0.0,Sales tax,0.0,Legal,LEG-304,Invoice,AP-0002632.pdf,False,3
AP-0003128,EDI,C,V-0074,Harbor Analytics Ltd.,TX-0074-79332,United States,INV-0074-003128,2025-12-04,2025-12-19,15,PO-252029,USD,16104.15,16104.15,0.0,Sales tax,0.0,Legal,LEG-130,Invoice,,False,1
AP-0003068,Supplier portal,A,V-0095,Crescent Supply Ltd.,TX-0095-51083,United States,INV-0095-003068,2025-12-05,2026-01-04,30,PO-251294,USD,2625.31,2625.31,0.0,Sales tax,0.0,Sales,SAL-362,Invoice,AP-0003068.pdf,False,3
AP-0002171,Supplier portal,A,V-0094,Copperfield Systems Group,TX-0094-30896,India,INV-0094-002171,2025-12-05,2026-01-04,30,PO-251470,INR,831.9,705.0,126.9,GST,0.18,People,PEO-202,Invoice,AP-0002171.pdf,False,1
AP-0000518,Supplier portal,B,V-0042,Harbor Services Group,TX-0042-54837,United States,INV-0042-000518,2025-12-02,2026-01-31,60,PO-250740,USD,12983.76,12983.76,0.0,Sales tax,0.0,Sales,SAL-175,Invoice,AP-0000518.pdf,False,3
AP-0003627,Supplier portal,B,V-0013,Cobalt Operations LLC,TX-0013-11961,United States,INV-0013-003627,2025-12-02,2026-01-16,45,PO-251907,USD,7859.12,7859.12,0.0,Sales tax,0.0,IT,IT-254,Invoice,AP-0003627.pdf,False,1
AP-0003985,Email,E,V-0123,Oakmont Analytics Ltd.,TX-0123-99977,United States,INV-0123-003985,2025-12-04,2026-01-03,30,PO-251380,USD,17129.4,15823.93,1305.47,Sales tax,0.0825,IT,IT-313,Invoice,AP-0003985.pdf,False,1
AP-0001242,Email,A,V-0054,Crescent Logistics LLC,TX-0054-19609,United States,INV-0054-001242,2025-12-05,2026-01-04,30,PO-252121,USD,8292.03,7660.07,631.96,Sales tax,0.0825,Finance,FIN-280,Invoice,AP-0001242.pdf,False,4
AP-0002055,Supplier portal,D,V-0003,Cobalt Technologies Group,TX-0003-12255,Ireland,INV-0003-002055,2025-12-04,2026-01-03,30,PO-251867,EUR,7312.2,6043.14,1269.06,VAT,0.21,Customer Success,CUS-101,Invoice,AP-0002055.pdf,False,2
AP-0002641,Supplier portal,C,V-0061,Copperfield Services Inc.,TX-0061-83099,United States,INV-0061-002641,2025-12-03,2026-01-02,30,PO-250334,USD,14321.52,14321.52,0.0,Sales tax,0.0,Marketing,MAR-499,Invoice,AP-0002641.pdf,False,2
AP-0003791,Email,C,V-0071,Summit Services LLC,TX-0071-54213,United States,INV-0071-003791,2025-12-03,2026-01-02,30,PO-250666,USD,14689.43,14689.43,0.0,Sales tax,0.0,Marketing,MAR-444,Invoice,AP-0003791.pdf,False,1
AP-0000961,EDI,A,V-0131,Copperfield Systems LLC,TX-0131-83608,United States,INV-0131-000961,2025-12-03,2026-01-02,30,PO-250042,USD,4000.0,4000.0,0.0,Sales tax,0.0,Legal,LEG-443,Invoice,,False,1
AP-0000225,EDI,E,V-0035,Pioneer Networks Ltd.,TX-0035-47483,United States,INV-0035-000225,2025-12-02,2026-01-01,30,PO-251083,USD,21599.05,21599.05,0.0,Sales tax,0.0,Security,SEC-376,Invoice,,False,3
AP-0001626,Email,D,V-0040,Evergreen Digital LLC,TX-0040-49956,Ireland,INV-0040-001626,2025-12-04,2026-01-03,30,PO-251782,EUR,5767.02,4766.13,1000.89,VAT,0.21,Engineering,ENG-385,Invoice,AP-0001626.pdf,False,1
AP-0001335,EDI,C,V-0071,Summit Services LLC,TX-0071-54213,United States,INV-0071-001335,2025-12-06,2026-01-05,30,PO-252199,USD,1389.03,1389.03,0.0,Sales tax,0.0,IT,IT-264,Invoice,,False,3
AP-0004422,Supplier portal,B,V-0069,Atlas Logistics Inc.,TX-0069-10137,United States,INV-0069-004422,2025-12-02,2026-01-01,30,PO-250138,USD,12859.04,12859.04,0.0,Sales tax,0.0,Finance,FIN-223,Invoice,AP-0004422.pdf,False,1
AP-0004573,Supplier portal,C,V-0120,Oakmont Advisors Group,TX-0120-96327,Canada,INV-0120-004573,2025-12-06,2026-01-05,30,PO-252030,CAD,19391.1,18467.71,923.39,GST,0.05,Customer Success,CUS-243,Invoice,AP-0004573.pdf,False,3
AP-0001025,EDI,E,V-0119,Evergreen Systems Group,TX-0119-27534,United States,INV-0119-001025,2025-12-01,2025-12-31,30,PO-251588,USD,74906.03,69197.26,5708.77,Sales tax,0.0825,Facilities,FAC-149,Invoice,,False,2
AP-0002640,EDI,C,V-0133,Cobalt Partners Group,TX-0133-30576,United States,INV-0133-002640,2025-12-05,2026-01-19,45,PO-251685,USD,2519.7,2519.7,0.0,Sales tax,0.0,Finance,FIN-202,Invoice,,False,3
AP-0004796,EDI,C,V-0078,Crescent Networks Ltd.,TX-0078-49721,United States,INV-0078-004796,2025-12-04,2026-01-03,30,PO-252066,USD,27346.22,27346.22,0.0,Sales tax,0.0,Marketing,MAR-390,Invoice,,False,2
AP-0001266,Supplier portal,A,V-0132,Atlas Supply Group,TX-0132-11639,United States,INV-0132-001266,2025-12-04,2026-02-02,60,,USD,4155.14,3838.47,316.67,Sales tax,0.0825,Marketing,MAR-311,Invoice,AP-0001266.pdf,False,4
AP-0000733,Email,E,V-0028,Harbor Consulting Ltd.,TX-0028-83716,United Kingdom,INV-0028-000733,2025-12-03,2026-01-02,30,PO-250612,GBP,23326.32,19438.6,3887.72,VAT,0.2,IT,IT-356,Invoice,AP-0000733.pdf,False,3
AP-0003015,Email,D,V-0125,Brightpath Resources Ltd.,TX-0125-42798,Ireland,INV-0125-003015,2025-12-06,2026-01-05,30,PO-251651,EUR,13898.98,11486.76,2412.22,VAT,0.21,Marketing,MAR-298,Invoice,AP-0003015.pdf,True,2
AP-0003262,Supplier portal,A,V-0070,Beacon Services LLC,TX-0070-80671,United States,INV-0070-003262,2025-12-07,2025-12-22,15,PO-250407,USD,28401.12,28401.12,0.0,Sales tax,0.0,Marketing,MAR-354,Invoice,AP-0003262.pdf,False,1
AP-0001718,EDI,B,V-0067,Beacon Operations Ltd.,TX-0067-45894,United States,INV-0067-001718,2025-12-04,2026-01-03,30,PO-251203,USD,7346.61,7346.61,0.0,Sales tax,0.0,Customer Success,CUS-427,Invoice,,False,2
AP-0003155,Email,C,V-0065,Stonebridge Networks Inc.,TX-0065-32403,United States,INV-0065-003155,2025-12-05,2026-01-04,30,PO-251728,USD,5775.81,5775.81,0.0,Sales tax,0.0,People,PEO-281,Invoice,AP-0003155.pdf,False,3
AP-0000853,Supplier portal,E,V-0123,Oakmont Analytics Ltd.,TX-0123-99977,United States,INV-0123-000853,2025-12-03,2026-01-02,30,PO-251747,USD,4871.27,4500.02,371.25,Sales tax,0.0825,Sales,SAL-431,Invoice,AP-0000853.pdf,False,2
AP-0001222,Email,C,V-0082,Cobalt Partners Ltd.,TX-0082-48109,United States,INV-0082-001222,2025-12-02,2025-12-17,15,PO-251021,USD,772.28,713.42,58.86,Sales tax,0.0825,Facilities,FAC-221,Invoice,AP-0001222.pdf,True,1
AP-0001672,Email,B,V-0027,Harbor Digital LLC,TX-0027-23409,United States,INV-0027-001672,2025-12-06,2026-01-05,30,,USD,5253.62,5253.62,0.0,Sales tax,0.0,Marketing,MAR-375,Invoice,AP-0001672.pdf,False,2
AP-0000548,EDI,A,V-0045,Atlas Services LLC,TX-0045-69725,United States,INV-0045-000548,2025-12-05,2026-01-19,45,PO-251363,USD,53288.32,53288.32,0.0,Sales tax,0.0,Customer Success,CUS-252,Invoice,,False,3
AP-0002950,EDI,B,V-0064,Summit Consulting Inc.,TX-0064-39165,Canada,INV-0064-002950,2025-12-02,2026-01-01,30,PO-251903,CAD,1698.77,1617.88,80.89,GST,0.05,Facilities,FAC-185,Invoice,,False,3
AP-0000719,Email,A,V-0131,Copperfield Systems LLC,TX-0131-83608,United States,INV-0131-000719,2025-12-06,2026-01-05,30,PO-250735,USD,15407.43,15407.43,0.0,Sales tax,0.0,Customer Success,CUS-297,Invoice,AP-0000719.pdf,True,1
AP-0001183,Email,C,V-0107,Silverline Advisors Inc.,TX-0107-50949,United States,INV-0107-001183,2025-12-07,2026-02-05,60,PO-252050,USD,38978.29,36007.66,2970.63,Sales tax,0.0825,Security,SEC-143,Invoice,AP-0001183.pdf,False,2
AP-0000422,Supplier portal,A,V-0052,Evergreen Consulting LLC,TX-0052-68137,United States,INV-0052-000422,2025-12-07,2026-01-06,30,PO-252372,USD,21283.99,21283.99,0.0,Sales tax,0.0,Engineering,ENG-146,Invoice,AP-0000422.pdf,False,3
AP-0003975,Supplier portal,C,V-0002,Cobalt Services LLC,TX-0002-28786,India,INV-0002-003975,2025-12-03,2025-12-18,15,PO-252334,INR,21476.66,18200.56,3276.1,GST,0.18,Engineering,ENG-140,Invoice,AP-0003975.pdf,False,1
AP-0004524,Email,A,V-0128,Harbor Systems LLC,TX-0128-19285,United States,INV-0128-004524,2025-12-03,2026-01-17,45,PO-251185,GBP,23253.69,19378.08,3875.61,VAT,0.2,Customer Success,CUS-459,Invoice,AP-0004524.pdf,False,3
AP-0002312,Email,D,V-0076,Summit Systems LLC,TX-0076-41538,Ireland,INV-0076-002312,2025-12-02,2026-01-31,60,PO-250937,EUR,66115.75,54641.12,11474.63,VAT,0.21,Facilities,FAC-460,Invoice,AP-0002312.pdf,True,2
AP-0000659,Supplier portal,C,V-0133,Cobalt Partners Group,TX-0133-30576,United States,INV-0133-000659,2025-12-07,2026-01-21,45,PO-251685,USD,1697.38,1697.38,0.0,Sales tax,0.0,Finance,FIN-202,Invoice,AP-0000659.pdf,False,1
AP-0003517,Supplier portal,B,V-0064,Summit Consulting Inc.,TX-0064-39165,Canada,INV-0064-003517,2025-12-07,2026-01-06,30,PO-251903,CAD,8955.14,8528.7,426.44,GST,0.05,Facilities,FAC-185,Invoice,AP-0003517.pdf,False,3
AP-0002385,EDI,A,V-0132,Atlas Supply Group,TX-0132-11639,United States,INV-0132-002385,2025-12-06,2026-02-04,60,,USD,8234.23,7606.68,627.55,Sales tax,0.0825,Marketing,MAR-406,Invoice,,False,2
AP-0003444,Email,E,V-0035,Pioneer Networks Ltd.,TX-0035-47483,United States,INV-0035-003444,2025-12-02,2026-01-01,30,PO-250385,USD,3386.63,3386.63,0.0,Sales tax,0.0,Legal,LEG-211,Invoice,AP-0003444.pdf,False,2
AP-0002071,Supplier portal,C,V-0053,Oakmont Supply Group,TX-0053-42836,Singapore,INV-0053-002071,2025-12-05,2026-01-04,30,PO-251065,SGD,17298.33,15870.03,1428.3,GST,0.09,Marketing,MAR-240,Invoice,AP-0002071.pdf,False,4
AP-0001487,Supplier portal,C,V-0108,Summit Supply Ltd.,TX-0108-54358,Canada,INV-0108-001487,2025-12-05,2026-02-03,60,PO-250336,CAD,37517.09,35730.56,1786.53,GST,0.05,People,PEO-479,Invoice,AP-0001487.pdf,False,2
AP-0004338,Email,C,V-0055,Silverline Analytics Group,TX-0055-46775,Singapore,INV-0055-004338,2025-12-02,2026-01-01,30,PO-251359,SGD,2242.48,2057.32,185.16,GST,0.09,Security,SEC-305,Invoice,AP-0004338.pdf,True,1
AP-0000504,Supplier portal,B,V-0073,Pioneer Partners Ltd.,TX-0073-32545,United States,INV-0073-000504,2025-12-05,2026-01-04,30,PO-250617,USD,153097.46,153097.46,0.0,Sales tax,0.0,Marketing,MAR-266,Invoice,AP-0000504.pdf,False,1
AP-0003883,Supplier portal,B,V-0135,Stonebridge Systems LLC,TX-0135-50499,United States,INV-0135-003883,2025-12-04,2026-01-03,30,PO-251675,USD,2318.26,2141.58,176.68,Sales tax,0.0825,Security,SEC-120,Invoice,AP-0003883.pdf,False,1
AP-0004055,Email,A,V-0001,Evergreen Consulting Group,TX-0001-43105,India,INV-0001-004055,2025-12-03,2026-01-02,30,PO-252366,INR,1522.23,1290.03,232.2,GST,0.18,Security,SEC-343,Invoice,AP-0004055.pdf,False,1
AP-0002121,Email,A,V-0124,Brightpath Systems Ltd.,TX-0124-51957,Canada,INV-0124-002121,2025-12-03,2025-12-18,15,PO-251888,CAD,4377.44,4168.99,208.45,GST,0.05,Engineering,ENG-310,Invoice,AP-0002121.pdf,False,1
AP-0000640,EDI,A,V-0127,Ironwood Solutions Inc.,TX-0127-49996,United States,INV-0127-000640,2025-12-04,2026-01-18,45,PO-250303,USD,6370.34,5884.84,485.5,Sales tax,0.0825,Finance,FIN-487,Invoice,,False,3
AP-0002435,Email,E,V-0079,Brightpath Technologies LLC,TX-0079-81417,United States,INV-0079-002435,2025-12-07,2026-01-06,30,PO-251422,USD,5528.26,5528.26,0.0,Sales tax,0.0,Legal,LEG-309,Invoice,AP-0002435.pdf,False,3
AP-0001503,Supplier portal,A,V-0124,Brightpath Systems Ltd.,TX-0124-51957,Canada,INV-0124-001503,2025-12-04,2025-12-19,15,PO-251473,CAD,1729.13,1646.79,82.34,GST,0.05,IT,IT-374,Invoice,AP-0001503.pdf,False,1
AP-0000912,EDI,D,V-0084,Redwood Supply LLC,TX-0084-70345,Germany,INV-0084-000912,2025-12-05,2026-01-04,30,PO-250272,EUR,15736.35,13005.25,2731.1,VAT,0.21,Legal,LEG-283,Invoice,,False,1
AP-0004080,Email,E,V-0079,Brightpath Technologies LLC,TX-0079-81417,United States,INV-0079-004080,2025-12-05,2026-01-04,30,PO-250778,USD,14059.58,14059.58,0.0,Sales tax,0.0,IT,IT-126,Invoice,AP-0004080.pdf,False,3
AP-0001305,Email,D,V-0016,Redwood Consulting LLC,TX-0016-44050,Ireland,INV-0016-001305,2025-12-08,2025-12-23,15,PO-250618,EUR,17079.82,14115.55,2964.27,VAT,0.21,Finance,FIN-345,Invoice,AP-0001305.pdf,False,2
AP-0002728,Email,B,V-0139,Evergreen Systems Group,TX-0139-47222,United States,INV-0139-002728,2025-12-08,2026-01-07,30,PO-250869,USD,11079.24,11079.24,0.0,Sales tax,0.0,People,PEO-342,Invoice,AP-0002728.pdf,False,2
AP-0003909,Supplier portal,A,V-0059,Pioneer Solutions Group,TX-0059-74622,United States,INV-0059-003909,2025-12-03,2026-01-17,45,PO-251314,USD,59110.23,54605.29,4504.94,Sales tax,0.0825,Sales,SAL-275,Invoice,AP-0003909.pdf,False,1
AP-0002219,Email,E,V-0121,Cobalt Systems Inc.,TX-0121-33255,United States,INV-0121-002219,2025-12-05,2026-01-19,45,PO-251623,USD,4180.82,4180.82,0.0,Sales tax,0.0,Customer Success,CUS-241,Invoice,AP-0002219.pdf,False,3
AP-0004406,Supplier portal,B,V-0111,Brightpath Solutions Inc.,TX-0111-16923,United States,INV-0111-004406,2025-12-06,2025-12-21,15,PO-250163,USD,2172.69,2007.1,165.59,Sales tax,0.0825,Finance,FIN-225,Invoice,AP-0004406.pdf,False,2
AP-0001915,Supplier portal,E,V-0043,Crescent Analytics Group,TX-0043-75924,United States,INV-0043-001915,2025-12-07,2026-02-05,60,,USD,26677.71,26677.71,0.0,Sales tax,0.0,Security,SEC-163,Invoice,AP-0001915.pdf,False,2
AP-0003111,EDI,B,V-0019,Redwood Systems LLC,TX-0019-24934,Canada,INV-0019-003111,2025-12-08,2026-02-06,60,PO-250436,GBP,3562.58,2968.82,593.76,VAT,0.2,Sales,SAL-480,Invoice,,False,3
AP-0000823,EDI,D,V-0113,Stonebridge Logistics Inc.,TX-0113-54591,Ireland,INV-0113-000823,2025-12-03,2026-01-17,45,PO-251406,EUR,19075.25,15764.67,3310.58,VAT,0.21,People,PEO-480,Credit Memo,,False,1
AP-0001858,Supplier portal,C,V-0140,Blue Ridge Operations Inc.,TX-0140-96185,United States,INV-0140-001858,2025-12-06,2026-01-05,30,PO-251819,USD,25091.15,25091.15,0.0,Sales tax,0.0,Engineering,ENG-432,Invoice,AP-0001858.pdf,False,3
AP-0002980,Supplier portal,C,V-0068,Redwood Technologies Inc.,TX-0068-22381,Canada,INV-0068-002980,2025-12-06,2026-01-05,30,PO-252080,CAD,3469.49,3304.28,165.21,GST,0.05,Finance,FIN-189,Invoice,AP-0002980.pdf,False,2
AP-0003530,Email,A,V-0088,Atlas Systems Group,TX-0088-45873,United States,INV-0088-003530,2025-12-07,2026-01-06,30,PO-252352,USD,87723.96,87723.96,0.0,Sales tax,0.0,IT,IT-439,Invoice,AP-0003530.pdf,False,3
AP-0002600,Supplier portal,A,V-0132,Atlas Supply Group,TX-0132-11639,United States,INV-0132-002600,2025-12-04,2026-02-02,60,PO-X002600,USD,4048.44,3739.9,308.54,Sales tax,0.0825,People,PEO-383,Invoice,AP-0002600.pdf,False,1
AP-0002275,Supplier portal,A,V-0106,Oakmont Analytics Inc.,TX-0106-56495,United States,INV-0106-002275,2025-12-06,2026-01-20,45,PO-251166,USD,4135.49,4135.49,0.0,Sales tax,0.0,IT,IT-153,Invoice,AP-0002275.pdf,False,1
AP-0003323,Supplier portal,E,V-0056,Oakmont Services LLC,TX-0056-21648,United States,INV-0056-003323,2025-12-04,2026-01-18,45,PO-251543,USD,3365.0,3108.55,256.45,Sales tax,0.0825,Engineering,ENG-364,Invoice,AP-0003323.pdf,False,3
AP-0002402,Supplier portal,E,V-0079,Brightpath Technologies LLC,TX-0079-81417,United States,INV-0079-002402,2025-12-03,2026-01-02,30,PO-252105,USD,5778.71,5778.71,0.0,Sales tax,0.0,Sales,SAL-426,Invoice,AP-0002402.pdf,False,1
AP-0000638,Email,B,V-0011,Oakmont Solutions LLC,TX-0011-62098,United States,INV-0011-000638,2025-12-03,2026-02-01,60,PO-250084,USD,1357.7,1357.7,0.0,Sales tax,0.0,People,PEO-345,Invoice,AP-0000638.pdf,False,2
AP-0004430,Email,B,V-0083,Pioneer Services Group,TX-0083-82789,United States,INV-0083-004430,2025-12-04,2025-12-19,15,PO-250921,USD,21099.26,19491.23,1608.03,Sales tax,0.0825,People,PEO-387,Invoice,AP-0004430.pdf,False,2
AP-0002981,Supplier portal,C,V-0048,Oakmont Systems Inc.,TX-0048-57091,United States,INV-0048-002981,2025-12-06,2025-12-21,15,PO-251925,USD,23360.33,21579.98,1780.35,Sales tax,0.0825,Marketing,MAR-245,Invoice,AP-0002981.pdf,False,1
AP-0004958,Email,C,V-0002,Cobalt Services LLC,TX-0002-28786,India,INV-0002-004958,2025-12-05,2025-12-20,15,,INR,47752.66,40468.36,7284.3,GST,0.18,Marketing,MAR-243,Invoice,AP-0004958.pdf,True,2
AP-0004801,Supplier portal,D,V-0024,Evergreen Solutions Inc.,TX-0024-91040,Germany,INV-0024-004801,2025-12-08,2025-12-23,15,PO-251585,EUR,8717.59,7204.62,1512.97,VAT,0.21,Finance,FIN-344,Invoice,AP-0004801.pdf,False,1
AP-0002773,Email,C,V-0061,Copperfield Services Inc.,TX-0061-83099,United States,INV-0061-002773,2025-12-06,2026-01-05,30,PO-251480,USD,33513.73,33513.73,0.0,Sales tax,0.0,People,PEO-125,Invoice,AP-0002773.pdf,True,3
AP-0002168,Supplier portal,A,V-0095,Crescent Supply Ltd.,TX-0095-51083,United States,INV-0095-002168,2025-12-03,2026-01-17,45,PO-250011,USD,6458.2,6458.2,0.0,Sales tax,0.0,Security,SEC-470,Invoice,AP-0002168.pdf,False,3
AP-0003758,Email,C,V-0116,Juniper Supply LLC,TX-0116-23088,United States,INV-0116-003758,2025-12-07,2026-02-05,60,PO-250878,USD,26509.84,26509.84,0.0,Sales tax,0.0,Marketing,MAR-249,Invoice,AP-0003758.pdf,False,3
AP-0000590,Email,C,V-0133,Cobalt Partners Group,TX-0133-30576,United States,INV-0133-000590,2025-12-04,2026-01-18,45,PO-251320,USD,7104.47,7104.47,0.0,Sales tax,0.0,Finance,FIN-443,Invoice,AP-0000590.pdf,False,2
AP-0000577,EDI,C,V-0002,Cobalt Services LLC,TX-0002-28786,India,INV-0002-000577,2025-12-04,2025-12-19,15,PO-252270,INR,13981.39,11848.64,2132.75,GST,0.18,Sales,SAL-444,Invoice,,False,3
AP-0002311,Supplier portal,A,V-0005,Atlas Resources Inc.,TX-0005-88178,United States,INV-0005-002311,2025-12-08,2026-01-07,30,PO-250053,USD,34940.01,34940.01,0.0,Sales tax,0.0,Engineering,ENG-211,Invoice,AP-0002311.pdf,False,1
AP-0000807,Supplier portal,B,V-0093,Clearview Systems Inc.,TX-0093-95568,United States,INV-0093-000807,2025-12-07,2025-12-22,15,PO-252234,USD,4458.21,4118.44,339.77,Sales tax,0.0825,Security,SEC-186,Invoice,AP-0000807.pdf,False,1
AP-0003904,Supplier portal,B,V-0013,Cobalt Operations LLC,TX-0013-11961,United States,INV-0013-003904,2025-12-07,2026-01-21,45,PO-252035,USD,6399.87,6399.87,0.0,Sales tax,0.0,Customer Success,CUS-344,Invoice,AP-0003904.pdf,False,1
AP-0001269,Supplier portal,D,V-0115,Ironwood Services Group,TX-0115-48708,Ireland,INV-0115-001269,2025-12-08,2025-12-23,15,PO-251300,EUR,571.65,472.44,99.21,VAT,0.21,Marketing,MAR-155,Invoice,AP-0001269.pdf,False,1
AP-0002723,Supplier portal,B,V-0093,Clearview Systems Inc.,TX-0093-95568,United States,INV-0093-002723,2025-12-05,2026-01-04,30,PO-250623,USD,3110.35,2873.3,237.05,Sales tax,0.0825,Marketing,MAR-319,Invoice,AP-0002723.pdf,False,1
AP-0003298,Supplier portal,C,V-0029,Crescent Technologies LLC,TX-0029-56211,United States,INV-0029-003298,2025-12-08,2025-12-23,15,PO-251752,USD,5541.01,5118.72,422.29,Sales tax,0.0825,Facilities,FAC-189,Invoice,AP-0003298.pdf,False,1
AP-0003993,Email,C,V-0071,Summit Services LLC,TX-0071-54213,United States,INV-0071-003993,2025-12-04,2026-01-03,30,PO-250666,USD,10059.21,10059.21,0.0,Sales tax,0.0,Marketing,MAR-444,Invoice,AP-0003993.pdf,False,2
AP-0004761,Supplier portal,C,V-0053,Oakmont Supply Group,TX-0053-42836,Singapore,INV-0053-004761,2025-12-05,2026-01-04,30,PO-250772,SGD,4643.7,4260.28,383.42,GST,0.09,IT,IT-310,Invoice,AP-0004761.pdf,False,1
AP-0004435,Supplier portal,C,V-0055,Silverline Analytics Group,TX-0055-46775,Singapore,INV-0055-004435,2025-12-06,2026-01-05,30,PO-250001,SGD,799.37,733.37,66.0,GST,0.09,IT,IT-432,Invoice,AP-0004435.pdf,False,1
AP-0003429,Supplier portal,C,V-0061,Copperfield Services Inc.,TX-0061-83099,United States,INV-0061-003429,2025-12-05,2026-01-04,30,PO-250805,USD,18537.06,18537.06,0.0,Sales tax,0.0,Customer Success,CUS-268,Invoice,AP-0003429.pdf,False,1
AP-0003265,EDI,B,V-0073,Pioneer Partners Ltd.,TX-0073-32545,United States,INV-0073-003265,2025-12-05,2026-01-04,30,PO-251221,USD,52329.99,52329.99,0.0,Sales tax,0.0,Sales,SAL-260,Invoice,,False,2
AP-0003467,Supplier portal,A,V-0001,Evergreen Consulting Group,TX-0001-43105,India,INV-0001-003467,2025-12-05,2026-01-04,30,PO-252099,INR,2348.1,1989.92,358.18,GST,0.18,Finance,FIN-452,Invoice,AP-0003467.pdf,False,4
AP-0001847,Email,A,V-0124,Brightpath Systems Ltd.,TX-0124-51957,Canada,INV-0124-001847,2025-12-04,2025-12-19,15,PO-250188,CAD,17420.59,16591.04,829.55,GST,0.05,Security,SEC-361,Invoice,AP-0001847.pdf,False,2
AP-0000040,Email,B,V-0042,Harbor Services Group,TX-0042-54837,United States,INV-0042-000040,2025-12-06,2026-02-04,60,PO-250763,USD,7099.41,7099.41,0.0,Sales tax,0.0,Sales,SAL-289,Invoice,AP-0000040.pdf,True,1
AP-0000761,Supplier portal,B,V-0025,Oakmont Supply Group,TX-0025-19498,United States,INV-0025-000761,2025-12-07,2026-02-05,60,PO-250162,USD,4388.69,4054.22,334.47,Sales tax,0.0825,Facilities,FAC-186,Invoice,AP-0000761.pdf,False,2
AP-0004455,Supplier portal,A,V-0001,Evergreen Consulting Group,TX-0001-43105,India,INV-0001-004455,2025-12-09,2026-01-08,30,PO-250777,INR,106490.0,90245.76,16244.24,GST,0.18,Engineering,ENG-389,Invoice,AP-0004455.pdf,False,1
AP-0004308,Email,B,V-0011,Oakmont Solutions LLC,TX-0011-62098,United States,INV-0011-004308,2025-12-07,2026-01-06,30,PO-252101,USD,5135.52,5135.52,0.0,Sales tax,0.0,Engineering,ENG-335,Invoice,AP-0004308.pdf,True,1
AP-0002604,EDI,A,V-0005,Atlas Resources Inc.,TX-0005-88178,United States,INV-0005-002604,2025-12-08,2026-01-07,30,PO-250776,USD,817.95,817.95,0.0,Sales tax,0.0,Marketing,MAR-105,Invoice,,False,2
AP-0001042,Email,A,V-0052,Evergreen Consulting LLC,TX-0052-68137,United States,INV-0052-001042,2025-12-09,2026-01-08,30,PO-252372,USD,16042.26,16042.26,0.0,Sales tax,0.0,Engineering,ENG-146,Invoice,AP-0001042.pdf,False,1
AP-0000930,Supplier portal,E,V-0033,Northstar Advisors LLC,TX-0033-48829,United States,INV-0033-000930,2025-12-05,2026-02-03,60,PO-251987,USD,11736.76,11736.76,0.0,Sales tax,0.0,Engineering,ENG-421,Invoice,AP-0000930.pdf,False,2
AP-0002664,Supplier portal,B,V-0011,Oakmont Solutions LLC,TX-0011-62098,United States,INV-0011-002664,2025-12-09,2026-01-08,30,PO-250865,USD,19041.74,19041.74,0.0,Sales tax,0.0,Marketing,MAR-386,Invoice,AP-0002664.pdf,False,3
AP-0004461,Supplier portal,C,V-0118,Stonebridge Logistics Ltd.,TX-0118-10046,United States,INV-0118-004461,2025-12-08,2026-01-07,30,PO-251084,USD,11934.54,11024.98,909.56,Sales tax,0.0825,Security,SEC-103,Invoice,AP-0004461.pdf,False,1
AP-0003339,Supplier portal,E,V-0099,Copperfield Networks Ltd.,TX-0099-76362,United States,INV-0099-003339,2025-12-05,2026-01-04,30,PO-250122,USD,8014.87,8014.87,0.0,Sales tax,0.0,Sales,SAL-361,Credit Memo,AP-0003339.pdf,False,1
AP-0001050,Email,D,V-0087,Atlas Digital Ltd.,TX-0087-76038,Germany,INV-0087-001050,2025-12-07,2026-02-05,60,PO-250190,EUR,5560.79,4595.69,965.1,VAT,0.21,Marketing,MAR-355,Invoice,AP-0001050.pdf,False,2
AP-0000666,EDI,E,V-0079,Brightpath Technologies LLC,TX-0079-81417,United States,INV-0079-000666,2025-12-10,2026-01-09,30,PO-250904,USD,6106.09,6106.09,0.0,Sales tax,0.0,Legal,LEG-444,Invoice,,False,2
AP-0004540,Email,A,V-0059,Pioneer Solutions Group,TX-0059-74622,United States,INV-0059-004540,2025-12-08,2026-01-22,45,PO-251186,USD,10439.15,9643.56,795.59,Sales tax,0.0825,Sales,SAL-248,Invoice,AP-0004540.pdf,False,2
AP-0003380,Supplier portal,A,V-0057,Lighthouse Supply Ltd.,TX-0057-94723,United States,INV-0057-003380,2025-12-06,2026-01-05,30,PO-250309,USD,39259.03,39259.03,0.0,Sales tax,0.0,IT,IT-410,Invoice,AP-0003380.pdf,False,3
AP-0001908,Email,C,V-0021,Brightpath Operations LLC,TX-0021-37068,United States,INV-0021-001908,2025-12-08,2026-01-22,45,PO-250954,USD,4309.41,3980.98,328.43,Sales tax,0.0825,Finance,FIN-342,Invoice,AP-0001908.pdf,False,1
AP-0003057,Supplier portal,D,V-0138,Atlas Partners Group,TX-0138-43552,Ireland,INV-0138-003057,2025-12-05,2026-01-04,30,PO-250254,EUR,4551.12,3761.26,789.86,VAT,0.21,Finance,FIN-128,Invoice,AP-0003057.pdf,False,2
AP-0003831,Supplier portal,E,V-0014,Summit Logistics Group,TX-0014-36758,United States,INV-0014-003831,2025-12-06,2026-01-05,30,PO-250151,USD,6862.76,6862.76,0.0,Sales tax,0.0,Legal,LEG-324,Invoice,AP-0003831.pdf,False,1
AP-0003895,Supplier portal,C,V-0055,Silverline Analytics Group,TX-0055-46775,Singapore,INV-0055-003895,2025-12-08,2026-01-07,30,PO-251234,SGD,15011.71,13772.21,1239.5,GST,0.09,People,PEO-479,Invoice,AP-0003895.pdf,False,1
AP-0001115,Supplier portal,C,V-0105,Ironwood Analytics Inc.,TX-0105-55701,United States,INV-0105-001115,2025-12-08,2026-01-22,45,PO-250689,USD,3801.86,3801.86,0.0,Sales tax,0.0,IT,IT-217,Invoice,AP-0001115.pdf,False,2
AP-0002645,Supplier portal,C,V-0107,Silverline Advisors Inc.,TX-0107-50949,United States,INV-0107-002645,2025-12-07,2026-02-05,60,PO-251453,USD,20116.18,18583.08,1533.1,Sales tax,0.0825,Security,SEC-449,Invoice,AP-0002645.pdf,False,3
AP-0003534,Supplier portal,D,V-0125,Brightpath Resources Ltd.,TX-0125-42798,Ireland,INV-0125-003534,2025-12-07,2026-01-06,30,PO-251651,EUR,2634.67,2177.41,457.26,VAT,0.21,Marketing,MAR-298,Invoice,AP-0003534.pdf,False,2
AP-0002984,Email,B,V-0011,Oakmont Solutions LLC,TX-0011-62098,United States,INV-0011-002984,2025-12-08,2026-01-07,30,PO-250715,USD,30745.34,30745.34,0.0,Sales tax,0.0,Marketing,MAR-475,Invoice,AP-0002984.pdf,True,1
AP-0001228,EDI,D,V-0049,Harbor Resources LLC,TX-0049-19644,Germany,INV-0049-001228,2025-12-10,2026-01-09,30,PO-251578,EUR,4048.35,3345.74,702.61,VAT,0.21,People,PEO-412,Invoice,,False,2
AP-0001048,EDI,A,V-0131,Copperfield Systems LLC,TX-0131-83608,United States,INV-0131-001048,2025-12-05,2025-12-20,15,PO-250735,USD,2405.71,2405.71,0.0,Sales tax,0.0,Customer Success,CUS-297,Invoice,,False,2
AP-0003669,EDI,E,V-0063,Copperfield Systems Inc.,TX-0063-67062,United States,INV-0063-003669,2025-12-06,2026-01-05,30,PO-251448,USD,1357.47,1254.01,103.46,Sales tax,0.0825,Facilities,FAC-377,Invoice,,False,2
AP-0002389,Email,E,V-0121,Cobalt Systems Inc.,TX-0121-33255,United States,INV-0121-002389,2025-12-06,2026-02-04,60,PO-251271,USD,5162.92,5162.92,0.0,Sales tax,0.0,People,PEO-155,Invoice,AP-0002389.pdf,False,2
AP-0002354,Email,C,V-0053,Oakmont Supply Group,TX-0053-42836,Singapore,INV-0053-002354,2025-12-11,2026-01-10,30,PO-252391,SGD,16548.69,15182.28,1366.41,GST,0.09,Security,SEC-131,Invoice,AP-0002354.pdf,True,4
AP-0000356,Email,A,V-0012,Oakmont Technologies LLC,TX-0012-74674,United States,INV-0012-000356,2025-12-09,2026-01-08,30,PO-250668,USD,6847.66,6847.66,0.0,Sales tax,0.0,Facilities,FAC-297,Invoice,AP-0000356.pdf,False,1
AP-0003029,EDI,D,V-0049,Harbor Resources LLC,TX-0049-19644,Germany,INV-0049-003029,2025-12-10,2026-01-09,30,PO-250519,EUR,138712.33,114638.29,24074.04,VAT,0.21,Facilities,FAC-234,Invoice,,False,1
AP-0003748,Email,C,V-0117,Atlas Consulting LLC,TX-0117-90487,Canada,INV-0117-003748,2025-12-11,2026-01-10,30,PO-251466,CAD,80333.31,76507.91,3825.4,GST,0.05,Facilities,FAC-234,Credit Memo,AP-0003748.pdf,True,1
AP-0004548,Supplier portal,A,V-0066,Stonebridge Networks Ltd.,TX-0066-17224,United States,INV-0066-004548,2025-12-07,2026-01-06,30,PO-250266,USD,66613.63,66613.63,0.0,Sales tax,0.0,Legal,LEG-428,Invoice,AP-0004548.pdf,False,2
AP-0004036,Supplier portal,B,V-0018,Evergreen Resources Inc.,TX-0018-72351,United States,INV-0018-004036,2025-12-11,2026-01-10,30,PO-251451,USD,38600.67,38600.67,0.0,Sales tax,0.0,Engineering,ENG-361,Invoice,AP-0004036.pdf,False,2
AP-0001264,Supplier portal,E,V-0030,Crescent Networks Inc.,TX-0030-52947,United States,INV-0030-001264,2025-12-09,2026-02-07,60,PO-250173,USD,38799.25,35842.26,2956.99,Sales tax,0.0825,Facilities,FAC-307,Invoice,AP-0001264.pdf,False,1
AP-0001539,EDI,A,V-0095,Crescent Supply Ltd.,TX-0095-51083,United States,INV-0095-001539,2025-12-09,2026-01-08,30,PO-251294,USD,5188.59,5188.59,0.0,Sales tax,0.0,Sales,SAL-362,Invoice,,False,3
AP-0003711,Supplier portal,B,V-0069,Atlas Logistics Inc.,TX-0069-10137,United States,INV-0069-003711,2025-12-10,2026-01-09,30,PO-250048,USD,12642.09,12642.09,0.0,Sales tax,0.0,Marketing,MAR-414,Invoice,AP-0003711.pdf,False,1
AP-0000034,Email,C,V-0117,Atlas Consulting LLC,TX-0117-90487,Canada,INV-0117-000034,2025-12-07,2026-01-06,30,PO-251552,CAD,3620.49,3448.09,172.4,GST,0.05,Marketing,MAR-380,Invoice,AP-0000034.pdf,False,1
AP-0003166,EDI,B,V-0083,Pioneer Services Group,TX-0083-82789,United States,INV-0083-003166,2025-12-09,2025-12-24,15,PO-251412,USD,8066.63,7451.85,614.78,Sales tax,0.0825,Facilities,FAC-370,Invoice,,False,4
AP-0001359,Supplier portal,E,V-0028,Harbor Consulting Ltd.,TX-0028-83716,United Kingdom,INV-0028-001359,2025-12-08,2026-01-07,30,PO-252173,GBP,719.47,599.56,119.91,VAT,0.2,Facilities,FAC-272,Invoice,AP-0001359.pdf,False,2
AP-0002187,Supplier portal,D,V-0024,Evergreen Solutions Inc.,TX-0024-91040,Germany,INV-0024-002187,2025-12-08,2025-12-23,15,PO-250796,EUR,116991.69,96687.35,20304.34,VAT,0.21,Marketing,MAR-372,Invoice,AP-0002187.pdf,False,3
AP-0001562,Email,D,V-0084,Redwood Supply LLC,TX-0084-70345,Germany,INV-0084-001562,2025-12-10,2026-01-09,30,PO-250272,EUR,11448.89,9461.89,1987.0,VAT,0.21,Legal,LEG-283,Credit Memo,AP-0001562.pdf,False,1
AP-0002607,Supplier portal,C,V-0116,Juniper Supply LLC,TX-0116-23088,United States,INV-0116-002607,2025-12-11,2026-02-09,60,PO-251796,USD,13789.15,13789.15,0.0,Sales tax,0.0,Marketing,MAR-430,Invoice,AP-0002607.pdf,False,1
AP-0004978,Email,C,V-0107,Silverline Advisors Inc.,TX-0107-50949,United States,INV-0107-004978,2025-12-11,2026-02-09,60,PO-250140,SGD,5048.29,4631.46,416.83,GST,0.09,Customer Success,CUS-293,Invoice,AP-0004978.pdf,False,1
AP-0001019,Email,C,V-0129,Blue Ridge Digital Ltd.,TX-0129-39742,United States,INV-0129-001019,2025-12-06,2026-01-20,45,PO-251636,EUR,15938.91,13172.65,2766.26,VAT,0.21,Sales,SAL-319,Invoice,AP-0001019.pdf,False,1
AP-0000736,Email,C,V-0038,Beacon Analytics Ltd.,TX-0038-45747,United States,INV-0038-000736,2025-12-11,2026-02-09,60,PO-251315,USD,4040.13,4040.13,0.0,Sales tax,0.0,Marketing,MAR-389,Invoice,AP-0000736.pdf,False,2
AP-0002805,Supplier portal,B,V-0069,Atlas Logistics Inc.,TX-0069-10137,United States,INV-0069-002805,2025-12-08,2026-01-07,30,PO-250138,USD,4627.08,4627.08,0.0,Sales tax,0.0,Finance,FIN-223,Invoice,AP-0002805.pdf,False,1
AP-0004005,Supplier portal,E,V-0014,Summit Logistics Group,TX-0014-36758,United States,INV-0014-004005,2025-12-11,2026-01-10,30,PO-250680,USD,8360.59,8360.59,0.0,Sales tax,0.0,Finance,FIN-425,Invoice,AP-0004005.pdf,False,1
AP-0004701,EDI,B,V-0090,Copperfield Advisors Ltd.,TX-0090-82710,United States,INV-0090-004701,2025-12-07,2026-01-21,45,PO-251828,USD,12424.82,12424.82,0.0,Sales tax,0.0,Sales,SAL-254,Invoice,,False,1
AP-0004633,Supplier portal,C,V-0117,Atlas Consulting LLC,TX-0117-90487,Canada,INV-0117-004633,2025-12-09,2026-01-08,30,PO-252193,CAD,27419.62,26113.92,1305.7,GST,0.05,People,PEO-108,Invoice,AP-0004633.pdf,False,4
AP-0003494,Supplier portal,A,V-0050,Ironwood Services Ltd.,TX-0050-69493,United States,INV-0050-003494,2025-12-09,2026-01-08,30,PO-250070,USD,13479.38,13479.38,0.0,Sales tax,0.0,Engineering,ENG-293,Invoice,AP-0003494.pdf,False,1
AP-0001812,Supplier portal,A,V-0114,Beacon Logistics Group,TX-0114-88629,United States,INV-0114-001812,2025-12-06,2026-01-05,30,,USD,27025.51,24965.83,2059.68,Sales tax,0.0825,Finance,FIN-459,Invoice,AP-0001812.pdf,False,1
AP-0000134,Supplier portal,A,V-0109,Blue Ridge Analytics LLC,TX-0109-51449,United States,INV-0109-000134,2025-12-10,2026-01-09,30,PO-250657,USD,47597.55,47597.55,0.0,Sales tax,0.0,Facilities,FAC-256,Invoice,AP-0000134.pdf,False,1
AP-0003098,Supplier portal,B,V-0086,Lighthouse Technologies LLC,TX-0086-70653,United States,INV-0086-003098,2025-12-11,2026-01-25,45,PO-251477,USD,14421.8,13322.68,1099.12,Sales tax,0.0825,Sales,SAL-172,Invoice,AP-0003098.pdf,False,2
AP-0001246,Email,E,V-0063,Copperfield Systems Inc.,TX-0063-67062,United States,INV-0063-001246,2025-12-08,2026-01-07,30,PO-251448,USD,2519.97,2327.92,192.05,Sales tax,0.0825,Facilities,FAC-377,Credit Memo,AP-0001246.pdf,False,1
AP-0004242,Supplier portal,C,V-0021,Brightpath Operations LLC,TX-0021-37068,United States,INV-0021-004242,2025-12-11,2026-01-25,45,PO-250168,USD,26115.64,24125.3,1990.34,Sales tax,0.0825,Sales,SAL-454,Invoice,AP-0004242.pdf,False,2
AP-0000991,Email,C,V-0017,Cobalt Analytics Group,TX-0017-46110,United Kingdom,INV-0017-000991,2025-12-06,2026-01-20,45,PO-251646,GBP,65960.51,54967.09,10993.42,VAT,0.2,Facilities,FAC-396,Invoice,AP-0000991.pdf,True,1
AP-0000653,Supplier portal,B,V-0086,Lighthouse Technologies LLC,TX-0086-70653,United States,INV-0086-000653,2025-12-06,2026-01-20,45,PO-251760,USD,4962.11,4583.94,378.17,Sales tax,0.0825,Engineering,ENG-137,Invoice,AP-0000653.pdf,False,2
AP-0003689,EDI,A,V-0045,Atlas Services LLC,TX-0045-69725,United States,INV-0045-003689,2025-12-11,2026-01-25,45,PO-252369,USD,3347.35,3347.35,0.0,Sales tax,0.0,People,PEO-418,Invoice,,False,1
AP-0000231,Supplier portal,E,V-0014,Summit Logistics Group,TX-0014-36758,United States,INV-0014-000231,2025-12-09,2026-01-08,30,PO-250151,USD,3865.69,3865.69,0.0,Sales tax,0.0,Legal,LEG-324,Invoice,AP-0000231.pdf,False,2
AP-0003835,EDI,A,V-0070,Beacon Services LLC,TX-0070-80671,United States,INV-0070-003835,2025-12-10,2025-12-25,15,PO-250407,USD,35917.64,35917.64,0.0,Sales tax,0.0,Marketing,MAR-354,Invoice,,False,3
AP-0003375,Email,C,V-0081,Silverline Supply Group,TX-0081-73770,United States,INV-0081-003375,2025-12-09,2026-01-08,30,PO-250433,USD,2771.4,2771.4,0.0,Sales tax,0.0,Sales,SAL-111,Invoice,AP-0003375.pdf,True,2
AP-0001768,Email,B,V-0083,Pioneer Services Group,TX-0083-82789,United States,INV-0083-001768,2025-12-12,2025-12-27,15,PO-251196,USD,41592.32,38422.47,3169.85,Sales tax,0.0825,Security,SEC-151,Invoice,AP-0001768.pdf,True,1
AP-0001771,Supplier portal,C,V-0017,Cobalt Analytics Group,TX-0017-46110,United Kingdom,INV-0017-001771,2025-12-07,2026-01-21,45,PO-252200,GBP,6545.83,5454.86,1090.97,VAT,0.2,Marketing,MAR-372,Invoice,AP-0001771.pdf,False,1
AP-0000482,Supplier portal,B,V-0062,Juniper Resources Ltd.,TX-0062-17232,United States,INV-0062-000482,2025-12-11,2026-01-10,30,PO-252175,USD,23360.42,23360.42,0.0,Sales tax,0.0,Facilities,FAC-389,Invoice,AP-0000482.pdf,False,2
AP-0002591,EDI,E,V-0022,Lighthouse Solutions LLC,TX-0022-47741,United States,INV-0022-002591,2025-12-12,2026-01-26,45,PO-251047,USD,24877.8,22981.8,1896.0,Sales tax,0.0825,IT,IT-163,Credit Memo,,False,3
AP-0001143,Email,C,V-0055,Silverline Analytics Group,TX-0055-46775,Singapore,INV-0055-001143,2025-12-11,2026-01-10,30,PO-252182,SGD,9126.32,8372.77,753.55,GST,0.09,Security,SEC-383,Invoice,AP-0001143.pdf,True,1
AP-0001742,Supplier portal,D,V-0080,Juniper Resources Inc.,TX-0080-26211,Ireland,INV-0080-001742,2025-12-10,2026-01-09,30,PO-251458,EUR,118292.35,97762.27,20530.08,VAT,0.21,IT,IT-389,Invoice,AP-0001742.pdf,False,1
AP-0004923,Email,C,V-0038,Beacon Analytics Ltd.,TX-0038-45747,United States,INV-0038-004923,2025-12-08,2026-01-07,30,PO-251862,USD,9295.14,9295.14,0.0,Sales tax,0.0,Marketing,MAR-202,Invoice,AP-0004923.pdf,True,3
AP-0004778,Supplier portal,C,V-0117,Atlas Consulting LLC,TX-0117-90487,Canada,INV-0117-004778,2025-12-12,2026-01-11,30,PO-250327,CAD,33123.49,31546.18,1577.31,GST,0.05,Finance,FIN-130,Invoice,AP-0004778.pdf,False,1
AP-0004848,Email,C,V-0048,Oakmont Systems Inc.,TX-0048-57091,United States,INV-0048-004848,2025-12-11,2025-12-26,15,PO-250619,USD,10373.1,9582.54,790.56,Sales tax,0.0825,Marketing,MAR-240,Invoice,AP-0004848.pdf,False,1
AP-0002501,Email,D,V-0087,Atlas Digital Ltd.,TX-0087-76038,Germany,INV-0087-002501,2025-12-07,2026-02-05,60,PO-252144,EUR,83262.65,68812.11,14450.54,VAT,0.21,IT,IT-174,Invoice,AP-0002501.pdf,False,4
AP-0000579,Supplier portal,C,V-0129,Blue Ridge Digital Ltd.,TX-0129-39742,United States,INV-0129-000579,2025-12-10,2026-01-09,30,PO-252169,EUR,7078.15,5849.71,1228.44,VAT,0.21,Engineering,ENG-391,Invoice,AP-0000579.pdf,False,1
AP-0002716,Supplier portal,C,V-0105,Ironwood Analytics Inc.,TX-0105-55701,United States,INV-0105-002716,2025-12-11,2026-01-25,45,PO-252302,USD,13395.8,13395.8,0.0,Sales tax,0.0,IT,IT-257,Invoice,AP-0002716.pdf,False,1
AP-0003432,Email,B,V-0036,Juniper Operations Ltd.,TX-0036-11692,United States,INV-0036-003432,2025-12-08,2026-01-07,30,PO-250566,USD,4790.89,4790.89,0.0,Sales tax,0.0,Finance,FIN-241,Invoice,AP-0003432.pdf,False,3
AP-0003341,Supplier portal,B,V-0009,Blue Ridge Supply LLC,TX-0009-87210,United States,INV-0009-003341,2025-12-09,2026-01-23,45,PO-252126,USD,102321.59,102321.59,0.0,Sales tax,0.0,Sales,SAL-127,Invoice,AP-0003341.pdf,False,1
AP-0000672,Supplier portal,C,V-0029,Crescent Technologies LLC,TX-0029-56211,United States,INV-0029-000672,2025-12-10,2025-12-25,15,PO-252327,USD,5958.64,5504.52,454.12,Sales tax,0.0825,Customer Success,CUS-370,Invoice,AP-0000672.pdf,False,1
AP-0001304,Supplier portal,A,V-0137,Pioneer Consulting Ltd.,TX-0137-44191,United States,INV-0137-001304,2025-12-12,2026-01-26,45,PO-251114,USD,13174.31,13174.31,0.0,Sales tax,0.0,Customer Success,CUS-358,Invoice,AP-0001304.pdf,False,3
AP-0000753,Supplier portal,C,V-0082,Cobalt Partners Ltd.,TX-0082-48109,United States,INV-0082-000753,2025-12-08,2025-12-23,15,PO-251737,USD,1039.79,960.55,79.24,Sales tax,0.0825,Security,SEC-105,Invoice,AP-0000753.pdf,False,4
AP-0000658,Email,B,V-0019,Redwood Systems LLC,TX-0019-24934,Canada,INV-0019-000658,2025-12-08,2026-02-06,60,PO-251194,CAD,10262.52,9773.83,488.69,GST,0.05,Legal,LEG-439,Invoice,AP-0000658.pdf,False,3
AP-0003598,EDI,B,V-0083,Pioneer Services Group,TX-0083-82789,United States,INV-0083-003598,2025-12-07,2025-12-22,15,PO-250921,USD,9877.83,9125.02,752.81,Sales tax,0.0825,People,PEO-387,Invoice,,False,2
AP-0003815,Supplier portal,E,V-0058,Brightpath Logistics Inc.,TX-0058-42609,United Kingdom,INV-0058-003815,2025-12-09,2026-01-23,45,PO-251740,GBP,17743.08,14785.9,2957.18,VAT,0.2,Facilities,FAC-465,Invoice,AP-0003815.pdf,False,1
AP-0003458,Supplier portal,B,V-0010,Copperfield Logistics Ltd.,TX-0010-16923,Canada,INV-0010-003458,2025-12-08,2026-01-07,30,PO-250059,CAD,22912.22,21821.16,1091.06,GST,0.05,Facilities,FAC-234,Invoice,AP-0003458.pdf,False,1
AP-0004857,Email,E,V-0041,Juniper Advisors Ltd.,TX-0041-11074,United States,INV-0041-004857,2025-12-12,2026-01-26,45,PO-252012,USD,31725.13,29307.28,2417.85,Sales tax,0.0825,Finance,FIN-427,Invoice,AP-0004857.pdf,True,2
AP-0001655,Email,D,V-0076,Summit Systems LLC,TX-0076-41538,Ireland,INV-0076-001655,2025-12-10,2026-02-08,60,,EUR,8918.45,7370.62,1547.83,VAT,0.21,Finance,FIN-497,Invoice,AP-0001655.pdf,True,2
AP-0000170,EDI,A,V-0052,Evergreen Consulting LLC,TX-0052-68137,United States,INV-0052-000170,2025-12-11,2026-01-10,30,PO-252372,USD,28635.34,28635.34,0.0,Sales tax,0.0,Engineering,ENG-146,Invoice,,False,3
AP-0002212,EDI,E,V-0100,Summit Logistics Inc.,TX-0100-21510,United States,INV-0100-002212,2025-12-09,2026-01-08,30,PO-250672,USD,32844.83,32844.83,0.0,Sales tax,0.0,Sales,SAL-444,Invoice,,False,3
AP-0000413,Email,B,V-0010,Copperfield Logistics Ltd.,TX-0010-16923,Canada,INV-0010-000413,2025-12-11,2026-02-09,60,PO-250985,CAD,56503.49,53812.85,2690.64,GST,0.05,Legal,LEG-448,Invoice,AP-0000413.pdf,True,1
AP-0001938,Email,B,V-0135,Stonebridge Systems LLC,TX-0135-50499,United States,INV-0135-001938,2025-12-10,2026-01-24,45,PO-250106,USD,21548.29,19906.04,1642.25,Sales tax,0.0825,Engineering,ENG-236,Invoice,AP-0001938.pdf,True,3
AP-0004996,Supplier portal,D,V-0115,Ironwood Services Group,TX-0115-48708,Ireland,INV-0115-004996,2025-12-08,2025-12-23,15,PO-251686,EUR,25932.53,21431.84,4500.69,VAT,0.21,Engineering,ENG-337,Invoice,AP-0004996.pdf,False,2
AP-0002209,EDI,C,V-0104,Oakmont Operations Group,TX-0104-57614,United States,INV-0104-002209,2025-12-09,2025-12-24,15,PO-250984,USD,399.04,399.04,0.0,Sales tax,0.0,IT,IT-462,Invoice,,False,2
AP-0002322,Supplier portal,D,V-0113,Stonebridge Logistics Inc.,TX-0113-54591,Ireland,INV-0113-002322,2025-12-10,2026-01-24,45,PO-250356,EUR,2503.38,2068.91,434.47,VAT,0.21,Marketing,MAR-297,Invoice,AP-0002322.pdf,False,2
AP-0004803,Supplier portal,C,V-0053,Oakmont Supply Group,TX-0053-42836,Singapore,INV-0053-004803,2025-12-13,2026-01-12,30,PO-250248,SGD,30206.0,27711.93,2494.07,GST,0.09,Security,SEC-339,Invoice,AP-0004803.pdf,False,1
AP-0000990,Email,E,V-0058,Brightpath Logistics Inc.,TX-0058-42609,United Kingdom,INV-0058-000990,2025-12-08,2026-01-22,45,PO-251740,GBP,64820.05,54016.71,10803.34,VAT,0.2,Facilities,FAC-465,Invoice,AP-0000990.pdf,False,2
AP-0002495,EDI,E,V-0004,Harbor Networks Ltd.,TX-0004-83750,United States,INV-0004-002495,2025-12-09,2026-01-08,30,PO-251746,USD,8933.96,8253.08,680.88,Sales tax,0.0825,Sales,SAL-373,Invoice,,False,4
AP-0004298,Supplier portal,C,V-0081,Silverline Supply Group,TX-0081-73770,United States,INV-0081-004298,2025-12-13,2026-01-12,30,PO-251876,USD,2797.48,2797.48,0.0,Sales tax,0.0,Facilities,FAC-316,Invoice,AP-0004298.pdf,False,2
AP-0003108,Supplier portal,A,V-0052,Evergreen Consulting LLC,TX-0052-68137,United States,INV-0052-003108,2025-12-13,2026-01-12,30,PO-250759,USD,887.43,887.43,0.0,Sales tax,0.0,Sales,SAL-100,Invoice,AP-0003108.pdf,False,2
AP-0003187,Supplier portal,E,V-0043,Crescent Analytics Group,TX-0043-75924,United States,INV-0043-003187,2025-12-08,2026-02-06,60,PO-250227,USD,2021.9,2021.9,0.0,Sales tax,0.0,Finance,FIN-301,Invoice,AP-0003187.pdf,False,2
AP-0000830,Supplier portal,C,V-0061,Copperfield Services Inc.,TX-0061-83099,United States,INV-0061-000830,2025-12-08,2026-01-07,30,PO-251480,USD,13940.26,13940.26,0.0,Sales tax,0.0,People,PEO-125,Invoice,AP-0000830.pdf,False,3
AP-0004319,EDI,B,V-0077,Cobalt Operations LLC,TX-0077-86128,United States,INV-0077-004319,2025-12-12,2026-01-11,30,PO-250108,USD,42704.3,42704.3,0.0,Sales tax,0.0,Facilities,FAC-248,Invoice,,False,2
AP-0002066,Supplier portal,A,V-0054,Crescent Logistics LLC,TX-0054-19609,United States,INV-0054-002066,2025-12-12,2026-01-11,30,PO-252181,USD,1919.52,1773.23,146.29,Sales tax,0.0825,Finance,FIN-362,Invoice,AP-0002066.pdf,False,2
AP-0004839,Email,B,V-0027,Harbor Digital LLC,TX-0027-23409,United States,INV-0027-004839,2025-12-13,2026-01-12,30,PO-251884,USD,2964.21,2964.21,0.0,Sales tax,0.0,IT,IT-461,Invoice,AP-0004839.pdf,True,2
AP-0002401,Supplier portal,A,V-0005,Atlas Resources Inc.,TX-0005-88178,United States,INV-0005-002401,2025-12-09,2026-01-08,30,PO-250053,USD,165819.11,165819.11,0.0,Sales tax,0.0,Engineering,ENG-211,Invoice,AP-0002401.pdf,False,2
AP-0001425,EDI,D,V-0115,Ironwood Services Group,TX-0115-48708,Ireland,INV-0115-001425,2025-12-11,2025-12-26,15,PO-250093,EUR,30479.24,25189.45,5289.79,VAT,0.21,Facilities,FAC-117,Invoice,,False,1
AP-0003337,EDI,B,V-0064,Summit Consulting Inc.,TX-0064-39165,Canada,INV-0064-003337,2025-12-08,2026-01-07,30,PO-250926,CAD,16510.22,15724.02,786.2,GST,0.05,IT,IT-440,Invoice,,False,1
AP-0003634,EDI,D,V-0115,Ironwood Services Group,TX-0115-48708,Ireland,INV-0115-003634,2025-12-10,2026-01-09,30,PO-X003634,EUR,16737.25,13832.44,2904.81,VAT,0.21,Customer Success,CUS-336,Invoice,,False,1
AP-0002151,Email,B,V-0027,Harbor Digital LLC,TX-0027-23409,United States,INV-0027-002151,2025-12-11,2026-01-10,30,PO-251884,USD,6482.64,6482.64,0.0,Sales tax,0.0,IT,IT-461,Invoice,AP-0002151.pdf,False,3
AP-0001484,Supplier portal,C,V-0081,Silverline Supply Group,TX-0081-73770,United States,INV-0081-001484,2025-12-11,2026-01-10,30,PO-250880,USD,3135.6,3135.6,0.0,Sales tax,0.0,Finance,FIN-469,Invoice,AP-0001484.pdf,False,3
AP-0001842,Supplier portal,A,V-0127,Ironwood Solutions Inc.,TX-0127-49996,United States,INV-0127-001842,2025-12-08,2026-01-22,45,PO-250211,USD,31080.37,28711.66,2368.71,Sales tax,0.0825,Customer Success,CUS-387,Invoice,AP-0001842.pdf,False,2
AP-0003353,Email,C,V-0140,Blue Ridge Operations Inc.,TX-0140-96185,United States,INV-0140-003353,2025-12-08,2026-01-07,30,PO-251522,USD,8945.5,8945.5,0.0,Sales tax,0.0,Sales,SAL-192,Invoice,AP-0003353.pdf,False,3
AP-0001880,EDI,E,V-0041,Juniper Advisors Ltd.,TX-0041-11074,United States,INV-0041-001880,2025-12-12,2026-01-26,45,PO-252012,USD,1394.6,1288.31,106.29,Sales tax,0.0825,Finance,FIN-427,Invoice,,False,3
AP-0001683,Supplier portal,C,V-0118,Stonebridge Logistics Ltd.,TX-0118-10046,United States,INV-0118-001683,2025-12-10,2026-01-09,30,PO-250721,USD,4241.71,3918.44,323.27,Sales tax,0.0825,Facilities,FAC-338,Invoice,AP-0001683.pdf,False,2
AP-0004678,Supplier portal,A,V-0059,Pioneer Solutions Group,TX-0059-74622,United States,INV-0059-004678,2025-12-12,2026-01-26,45,PO-251823,USD,63789.89,58928.3,4861.59,Sales tax,0.0825,People,PEO-230,Invoice,AP-0004678.pdf,False,4
AP-0001383,Supplier portal,A,V-0088,Atlas Systems Group,TX-0088-45873,United States,INV-0088-001383,2025-12-14,2026-01-13,30,PO-252045,USD,1895.08,1895.08,0.0,Sales tax,0.0,Security,SEC-349,Invoice,AP-0001383.pdf,False,3
AP-0000131,EDI,B,V-0011,Oakmont Solutions LLC,TX-0011-62098,United States,INV-0011-000131,2025-12-10,2026-01-09,30,PO-250084,USD,4925.74,4925.74,0.0,Sales tax,0.0,People,PEO-345,Invoice,,False,1
AP-0003246,Supplier portal,A,V-0050,Ironwood Services Ltd.,TX-0050-69493,United States,INV-0050-003246,2025-12-14,2026-01-28,45,PO-250070,USD,12941.3,12941.3,0.0,Sales tax,0.0,Engineering,ENG-293,Invoice,AP-0003246.pdf,False,1
AP-0004810,Supplier portal,C,V-0078,Crescent Networks Ltd.,TX-0078-49721,United States,INV-0078-004810,2025-12-10,2026-01-09,30,PO-252348,USD,9527.59,9527.59,0.0,Sales tax,0.0,Sales,SAL-238,Invoice,AP-0004810.pdf,False,1
AP-0004427,Supplier portal,D,V-0003,Cobalt Technologies Group,TX-0003-12255,Ireland,INV-0003-004427,2025-12-13,2026-01-12,30,PO-251087,EUR,47791.77,39497.33,8294.44,VAT,0.21,Finance,FIN-496,Invoice,AP-0004427.pdf,False,2
AP-0002442,Supplier portal,A,V-0127,Ironwood Solutions Inc.,TX-0127-49996,United States,INV-0127-002442,2025-12-12,2026-01-26,45,PO-251566,USD,2120.09,1958.51,161.58,Sales tax,0.0825,Customer Success,CUS-455,Invoice,AP-0002442.pdf,False,3
AP-0000067,Email,C,V-0002,Cobalt Services LLC,TX-0002-28786,India,INV-0002-000067,2025-12-13,2025-12-28,15,PO-252098,INR,4356.78,3692.19,664.59,GST,0.18,Customer Success,CUS-437,Invoice,AP-0000067.pdf,True,1
AP-0000139,Email,D,V-0113,Stonebridge Logistics Inc.,TX-0113-54591,Ireland,INV-0113-000139,2025-12-11,2025-12-26,15,PO-250700,EUR,8108.28,6701.06,1407.22,VAT,0.21,Finance,FIN-402,Invoice,AP-0000139.pdf,False,1
AP-0000936,Email,C,V-0081,Silverline Supply Group,TX-0081-73770,United States,INV-0081-000936,2025-12-13,2026-01-12,30,PO-251876,USD,4697.77,4697.77,0.0,Sales tax,0.0,Facilities,FAC-316,Invoice,AP-0000936.pdf,True,2
AP-0003433,Supplier portal,A,V-0050,Ironwood Services Ltd.,TX-0050-69493,United States,INV-0050-003433,2025-12-09,2026-01-08,30,PO-251499,USD,4908.73,4908.73,0.0,Sales tax,0.0,People,PEO-324,Invoice,AP-0003433.pdf,False,2
AP-0002567,Supplier portal,D,V-0049,Harbor Resources LLC,TX-0049-19644,Germany,INV-0049-002567,2025-12-14,2026-01-13,30,PO-250431,EUR,2509.09,2073.63,435.46,VAT,0.21,Customer Success,CUS-387,Invoice,AP-0002567.pdf,False,4
AP-0000783,Supplier portal,B,V-0085,Silverline Analytics Inc.,TX-0085-56800,United States,INV-0085-000783,2025-12-12,2026-01-11,30,PO-250478,USD,2855.39,2855.39,0.0,Sales tax,0.0,Facilities,FAC-390,Invoice,AP-0000783.pdf,False,1
AP-0003752,Email,B,V-0086,Lighthouse Technologies LLC,TX-0086-70653,United States,INV-0086-003752,2025-12-12,2026-01-26,45,PO-252025,USD,1836.99,1696.99,140.0,Sales tax,0.0825,Security,SEC-107,Invoice,AP-0003752.pdf,True,2
AP-0003937,Email,B,V-0064,Summit Consulting Inc.,TX-0064-39165,Canada,INV-0064-003937,2025-12-10,2026-01-09,30,PO-252071,USD,1275.66,1178.44,97.22,Sales tax,0.0825,People,PEO-488,Invoice,AP-0003937.pdf,True,2
AP-0002513,Supplier portal,A,V-0109,Blue Ridge Analytics LLC,TX-0109-51449,United States,INV-0109-002513,2025-12-09,2026-01-08,30,PO-251004,USD,5123.87,5123.87,0.0,Sales tax,0.0,Marketing,MAR-132,Invoice,AP-0002513.pdf,False,1
AP-0000270,Supplier portal,B,V-0090,Copperfield Advisors Ltd.,TX-0090-82710,United States,INV-0090-000270,2025-12-10,2026-01-24,45,PO-252340,USD,982.22,982.22,0.0,Sales tax,0.0,Security,SEC-436,Invoice,AP-0000270.pdf,False,3
AP-0001788,Email,A,V-0052,Evergreen Consulting LLC,TX-0052-68137,United States,INV-0052-001788,2025-12-13,2026-01-12,30,PO-252330,USD,1085.8,1085.8,0.0,Sales tax,0.0,Facilities,FAC-131,Invoice,AP-0001788.pdf,True,3
AP-0001948,Supplier portal,D,V-0047,Stonebridge Advisors Group,TX-0047-37316,Ireland,INV-0047-001948,2025-12-10,2026-01-09,30,PO-250201,EUR,7655.03,6326.47,1328.56,VAT,0.21,Customer Success,CUS-306,Invoice,AP-0001948.pdf,False,2
AP-0001597,Email,E,V-0063,Copperfield Systems Inc.,TX-0063-67062,United States,INV-0063-001597,2025-12-09,2026-01-08,30,PO-251793,USD,5133.63,4742.38,391.25,Sales tax,0.0825,Finance,FIN-168,Invoice,AP-0001597.pdf,False,4
AP-0000102,Supplier portal,C,V-0029,Crescent Technologies LLC,TX-0029-56211,United States,INV-0029-000102,2025-12-12,2025-12-27,15,PO-252327,USD,1623.83,1500.07,123.76,Sales tax,0.0825,Customer Success,CUS-370,Invoice,AP-0000102.pdf,False,2
AP-0003169,Supplier portal,E,V-0014,Summit Logistics Group,TX-0014-36758,United States,INV-0014-003169,2025-12-12,2026-01-11,30,PO-252061,USD,2354.97,2354.97,0.0,Sales tax,0.0,IT,IT-335,Invoice,AP-0003169.pdf,False,2
AP-0000612,Supplier portal,C,V-0118,Stonebridge Logistics Ltd.,TX-0118-10046,United States,INV-0118-000612,2025-12-13,2026-01-12,30,PO-252179,USD,14029.4,12960.18,1069.22,Sales tax,0.0825,Finance,FIN-384,Invoice,AP-0000612.pdf,False,1
AP-0002038,Supplier portal,A,V-0097,Clearview Analytics Ltd.,TX-0097-36111,United Kingdom,INV-0097-002038,2025-12-13,2026-01-27,45,PO-252078,GBP,3580.52,2983.77,596.75,VAT,0.2,Finance,FIN-101,Invoice,AP-0002038.pdf,False,1
AP-0004794,Supplier portal,A,V-0094,Copperfield Systems Group,TX-0094-30896,India,INV-0094-004794,2025-12-11,2025-12-26,15,PO-251227,INR,36238.06,30710.22,5527.84,GST,0.18,People,PEO-301,Invoice,AP-0004794.pdf,False,1
AP-0001026,Supplier portal,B,V-0010,Copperfield Logistics Ltd.,TX-0010-16923,Canada,INV-0010-001026,2025-12-11,2026-01-10,30,PO-250999,CAD,200523.01,190974.3,9548.71,GST,0.05,Facilities,FAC-330,Invoice,AP-0001026.pdf,False,1
AP-0004611,Supplier portal,B,V-0083,Pioneer Services Group,TX-0083-82789,United States,INV-0083-004611,2025-12-14,2025-12-29,15,PO-251158,USD,60538.43,55924.65,4613.78,Sales tax,0.0825,Engineering,ENG-106,Invoice,AP-0004611.pdf,False,1
AP-0003070,Supplier portal,A,V-0114,Beacon Logistics Group,TX-0114-88629,United States,INV-0114-003070,2025-12-14,2026-01-13,30,PO-251650,USD,23253.67,21481.45,1772.22,Sales tax,0.0825,Engineering,ENG-130,Invoice,AP-0003070.pdf,False,4
AP-0001541,Email,E,V-0014,Summit Logistics Group,TX-0014-36758,United States,INV-0014-001541,2025-12-15,2026-01-14,30,PO-252100,USD,1657.32,1657.32,0.0,Sales tax,0.0,Legal,LEG-166,Invoice,AP-0001541.pdf,True,1
AP-0002569,Supplier portal,A,V-0054,Crescent Logistics LLC,TX-0054-19609,United States,INV-0054-002569,2025-12-11,2026-01-10,30,PO-250974,USD,2796.03,2582.94,213.09,Sales tax,0.0825,Sales,SAL-445,Invoice,AP-0002569.pdf,False,1
AP-0004471,Supplier portal,C,V-0053,Oakmont Supply Group,TX-0053-42836,Singapore,INV-0053-004471,2025-12-10,2026-01-09,30,PO-250951,SGD,22042.11,20222.12,1819.99,GST,0.09,Legal,LEG-229,Invoice,AP-0004471.pdf,False,2
AP-0002820,Email,B,V-0067,Beacon Operations Ltd.,TX-0067-45894,United States,INV-0067-002820,2025-12-13,2026-01-12,30,PO-250806,USD,16567.28,16567.28,0.0,Sales tax,0.0,Engineering,ENG-179,Invoice,AP-0002820.pdf,False,1
AP-0000018,Email,A,V-0054,Crescent Logistics LLC,TX-0054-19609,United States,INV-0054-000018,2025-12-11,2026-01-10,30,,USD,7634.58,7052.73,581.85,Sales tax,0.0825,Customer Success,CUS-129,Invoice,AP-0000018.pdf,True,1
AP-0000746,Supplier portal,D,V-0102,Blue Ridge Analytics Inc.,TX-0102-39905,Germany,INV-0102-000746,2025-12-11,2025-12-26,15,,EUR,5419.35,4478.8,940.55,VAT,0.21,IT,IT-305,Invoice,AP-0000746.pdf,False,3
AP-0000328,Email,B,V-0034,Beacon Solutions Inc.,TX-0034-94278,United States,INV-0034-000328,2025-12-14,2026-01-13,30,PO-250491,USD,11930.52,11930.52,0.0,Sales tax,0.0,Marketing,MAR-177,Invoice,AP-0000328.pdf,True,1
AP-0003614,Email,A,V-0124,Brightpath Systems Ltd.,TX-0124-51957,Canada,INV-0124-003614,2025-12-15,2025-12-30,15,PO-250945,CAD,6146.39,5853.7,292.69,GST,0.05,Sales,SAL-187,Invoice,AP-0003614.pdf,False,1
AP-0001035,Supplier portal,C,V-0104,Oakmont Operations Group,TX-0104-57614,United States,INV-0104-001035,2025-12-13,2025-12-28,15,PO-250984,USD,750.75,750.75,0.0,Sales tax,0.0,IT,IT-462,Invoice,AP-0001035.pdf,False,3
AP-0003450,EDI,C,V-0017,Cobalt Analytics Group,TX-0017-46110,United Kingdom,INV-0017-003450,2025-12-15,2026-01-29,45,,GBP,9989.08,8324.23,1664.85,VAT,0.2,Engineering,ENG-310,Invoice,,False,1
AP-0000630,Supplier portal,C,V-0065,Stonebridge Networks Inc.,TX-0065-32403,United States,INV-0065-000630,2025-12-14,2026-01-13,30,PO-251071,USD,10916.96,10916.96,0.0,Sales tax,0.0,Legal,LEG-149,Invoice,AP-0000630.pdf,False,1
AP-0000947,Email,E,V-0100,Summit Logistics Inc.,TX-0100-21510,United States,INV-0100-000947,2025-12-14,2026-01-13,30,PO-250616,USD,8008.23,8008.23,0.0,Sales tax,0.0,Facilities,FAC-416,Invoice,AP-0000947.pdf,False,3
AP-0000706,EDI,E,V-0121,Cobalt Systems Inc.,TX-0121-33255,United States,INV-0121-000706,2025-12-11,2026-02-09,60,PO-251869,USD,4186.62,4186.62,0.0,Sales tax,0.0,Legal,LEG-194,Invoice,,False,2
AP-0004105,Email,C,V-0133,Cobalt Partners Group,TX-0133-30576,United States,INV-0133-004105,2025-12-15,2026-01-29,45,PO-251685,USD,1295.86,1295.86,0.0,Sales tax,0.0,Finance,FIN-202,Invoice,AP-0004105.pdf,True,2
AP-0001773,Supplier portal,D,V-0138,Atlas Partners Group,TX-0138-43552,Ireland,INV-0138-001773,2025-12-13,2026-01-12,30,PO-250890,EUR,7062.18,5836.51,1225.67,VAT,0.21,Security,SEC-456,Invoice,AP-0001773.pdf,False,2
AP-0000455,Supplier portal,C,V-0061,Copperfield Services Inc.,TX-0061-83099,United States,INV-0061-000455,2025-12-11,2026-01-10,30,PO-250195,USD,16783.17,16783.17,0.0,Sales tax,0.0,Sales,SAL-269,Invoice,AP-0000455.pdf,False,2
AP-0002457,Supplier portal,D,V-0113,Stonebridge Logistics Inc.,TX-0113-54591,Ireland,INV-0113-002457,2025-12-16,2026-01-30,45,PO-250787,EUR,9121.41,7538.36,1583.05,VAT,0.21,Legal,LEG-264,Invoice,AP-0002457.pdf,False,3
AP-0004834,Email,A,V-0052,Evergreen Consulting LLC,TX-0052-68137,United States,INV-0052-004834,2025-12-12,2026-02-10,60,PO-250434,USD,10063.05,10063.05,0.0,Sales tax,0.0,IT,IT-373,Invoice,AP-0004834.pdf,False,3
AP-0001647,Supplier portal,E,V-0063,Copperfield Systems Inc.,TX-0063-67062,United States,INV-0063-001647,2025-12-12,2026-01-11,30,PO-251448,USD,3196.88,2953.24,243.64,Sales tax,0.0825,Facilities,FAC-377,Invoice,AP-0001647.pdf,False,2
AP-0000168,Supplier portal,B,V-0067,Beacon Operations Ltd.,TX-0067-45894,United States,INV-0067-000168,2025-12-16,2026-01-15,30,PO-251285,USD,30389.27,30389.27,0.0,Sales tax,0.0,Security,SEC-363,Invoice,AP-0000168.pdf,False,3
AP-0003773,Supplier portal,D,V-0138,Atlas Partners Group,TX-0138-43552,Ireland,INV-0138-003773,2025-12-16,2026-01-15,30,PO-251126,EUR,9605.06,7938.07,1666.99,VAT,0.21,Customer Success,CUS-389,Invoice,AP-0003773.pdf,False,1
AP-0001805,Email,B,V-0091,Summit Resources Ltd.,TX-0091-39995,Singapore,INV-0091-001805,2025-12-13,2026-02-11,60,PO-251369,SGD,22301.82,20460.39,1841.43,GST,0.09,Customer Success,CUS-499,Invoice,AP-0001805.pdf,True,2
AP-0004772,Supplier portal,B,V-0062,Juniper Resources Ltd.,TX-0062-17232,United States,INV-0062-004772,2025-12-12,2026-01-11,30,PO-251533,USD,25521.92,25521.92,0.0,Sales tax,0.0,Finance,FIN-156,Invoice,AP-0004772.pdf,False,3
AP-0001922,Supplier portal,B,V-0086,Lighthouse Technologies LLC,TX-0086-70653,United States,INV-0086-001922,2025-12-14,2026-01-28,45,,USD,1368.09,1263.82,104.27,Sales tax,0.0825,Sales,SAL-366,Invoice,AP-0001922.pdf,False,1
AP-0003147,Supplier portal,A,V-0052,Evergreen Consulting LLC,TX-0052-68137,United States,INV-0052-003147,2025-12-14,2026-01-13,30,PO-252330,USD,1171.79,1171.79,0.0,Sales tax,0.0,Facilities,FAC-131,Invoice,AP-0003147.pdf,False,3
AP-0002618,Supplier portal,B,V-0034,Beacon Solutions Inc.,TX-0034-94278,United States,INV-0034-002618,2025-12-13,2026-01-12,30,PO-X002618,USD,16667.71,16667.71,0.0,Sales tax,0.0,People,PEO-400,Invoice,AP-0002618.pdf,False,1
AP-0001790,Supplier portal,B,V-0067,Beacon Operations Ltd.,TX-0067-45894,United States,INV-0067-001790,2025-12-12,2026-01-11,30,PO-251669,USD,2752.8,2752.8,0.0,Sales tax,0.0,IT,IT-465,Invoice,AP-0001790.pdf,False,3
AP-0001299,EDI,B,V-0091,Summit Resources Ltd.,TX-0091-39995,Singapore,INV-0091-000596,2025-12-13,2026-02-11,60,PO-251778,SGD,4836.68,4437.32,399.36,GST,0.09,Finance,FIN-441,Invoice,,False,3
AP-0004531,Email,C,V-0039,Blue Ridge Networks Group,TX-0039-91527,United States,INV-0039-004531,2025-12-11,2026-01-25,45,PO-251414,USD,17973.56,17973.56,0.0,Sales tax,0.0,Legal,LEG-214,Invoice,AP-0004531.pdf,False,3
AP-0003165,Email,A,V-0052,Evergreen Consulting LLC,TX-0052-68137,United States,INV-0052-003165,2025-12-15,2026-01-14,30,PO-252330,USD,5950.23,5950.23,0.0,Sales tax,0.0,Facilities,FAC-131,Invoice,AP-0003165.pdf,False,3
AP-0001016,Email,C,V-0078,Crescent Networks Ltd.,TX-0078-49721,United States,INV-0078-001016,2025-12-12,2026-01-11,30,PO-251655,USD,1702.34,1702.34,0.0,Sales tax,0.0,Legal,LEG-312,Invoice,AP-0001016.pdf,True,1
AP-0000252,Email,D,V-0087,Atlas Digital Ltd.,TX-0087-76038,Germany,INV-0087-000252,2025-12-14,2025-12-29,15,PO-250906,EUR,5976.88,4939.57,1037.31,VAT,0.21,Finance,FIN-337,Invoice,AP-0000252.pdf,False,3
AP-0001689,Supplier portal,B,V-0073,Pioneer Partners Ltd.,TX-0073-32545,United States,INV-0073-001689,2025-12-13,2026-01-12,30,PO-250617,USD,603045.04,603045.04,0.0,Sales tax,0.0,Marketing,MAR-266,Invoice,AP-0001689.pdf,False,1
AP-0001040,Supplier portal,C,V-0082,Cobalt Partners Ltd.,TX-0082-48109,United States,INV-0082-001040,2025-12-13,2025-12-28,15,PO-251388,USD,5772.39,5332.46,439.93,Sales tax,0.0825,Finance,FIN-164,Invoice,AP-0001040.pdf,False,3
AP-0000374,Email,B,V-0011,Oakmont Solutions LLC,TX-0011-62098,United States,INV-0011-000374,2025-12-16,2026-01-15,30,PO-250715,USD,10593.73,10593.73,0.0,Sales tax,0.0,Marketing,MAR-475,Invoice,AP-0000374.pdf,True,2
AP-0000266,Email,D,V-0037,Redwood Supply LLC,TX-0037-24439,Germany,INV-0037-000266,2025-12-14,2026-01-13,30,PO-250507,EUR,253.29,209.33,43.96,VAT,0.21,Security,SEC-245,Invoice,AP-0000266.pdf,True,1
AP-0001627,Email,B,V-0010,Copperfield Logistics Ltd.,TX-0010-16923,Canada,INV-0010-001627,2025-12-13,2026-01-27,45,PO-X001627,CAD,1923.13,1831.55,91.58,GST,0.05,Sales,SAL-430,Invoice,AP-0001627.pdf,False,1
AP-0002428,EDI,C,V-0107,Silverline Advisors Inc.,TX-0107-50949,United States,INV-0107-002428,2025-12-14,2026-02-12,60,PO-252050,USD,9112.09,8417.64,694.45,Sales tax,0.0825,Security,SEC-143,Invoice,,False,1
AP-0004270,Supplier portal,A,V-0109,Blue Ridge Analytics LLC,TX-0109-51449,United States,INV-0109-004270,2025-12-13,2026-01-12,30,PO-251472,USD,15570.2,15570.2,0.0,Sales tax,0.0,Customer Success,CUS-456,Invoice,AP-0004270.pdf,False,1
AP-0002753,Supplier portal,C,V-0104,Oakmont Operations Group,TX-0104-57614,United States,INV-0104-002753,2025-12-17,2026-01-01,15,PO-251974,USD,7828.16,7828.16,0.0,Sales tax,0.0,Marketing,MAR-170,Invoice,AP-0002753.pdf,False,1
AP-0001629,Email,E,V-0058,Brightpath Logistics Inc.,TX-0058-42609,United Kingdom,INV-0058-001629,2025-12-17,2026-01-31,45,,GBP,19283.23,16069.36,3213.87,VAT,0.2,People,PEO-163,Invoice,AP-0001629.pdf,True,1
AP-0000667,Email,A,V-0127,Ironwood Solutions Inc.,TX-0127-49996,United States,INV-0127-000667,2025-12-13,2026-01-27,45,PO-250211,USD,39249.33,36258.04,2991.29,Sales tax,0.0825,Customer Success,CUS-387,Invoice,AP-0000667.pdf,False,1
AP-0003312,EDI,C,V-0117,Atlas Consulting LLC,TX-0117-90487,Canada,INV-0117-003312,2025-12-13,2026-01-12,30,PO-252193,CAD,6182.63,5888.22,294.41,GST,0.05,People,PEO-108,Invoice,,False,4
AP-0003497,Supplier portal,C,V-0038,Beacon Analytics Ltd.,TX-0038-45747,United States,INV-0038-003497,2025-12-16,2026-01-15,30,PO-251862,USD,5901.61,5901.61,0.0,Sales tax,0.0,Marketing,MAR-202,Invoice,AP-0003497.pdf,False,2
AP-0003162,Supplier portal,C,V-0140,Blue Ridge Operations Inc.,TX-0140-96185,United States,INV-0140-003162,2025-12-17,2026-01-16,30,PO-251416,USD,37470.34,37470.34,0.0,Sales tax,0.0,Facilities,FAC-349,Invoice,AP-0003162.pdf,False,3
AP-0000576,Email,E,V-0063,Copperfield Systems Inc.,TX-0063-67062,United States,INV-0063-000576,2025-12-12,2026-01-11,30,PO-251793,USD,1259.91,1163.89,96.02,Sales tax,0.0825,Finance,FIN-168,Invoice,AP-0000576.pdf,False,4
AP-0000488,Supplier portal,E,V-0100,Summit Logistics Inc.,TX-0100-21510,United States,INV-0100-000488,2025-12-17,2026-01-16,30,PO-250631,USD,9091.22,9091.22,0.0,Sales tax,0.0,Engineering,ENG-155,Invoice,AP-0000488.pdf,False,1
AP-0003199,EDI,A,V-0136,Clearview Services Inc.,TX-0136-10386,Singapore,INV-0136-003199,2025-12-13,2026-01-27,45,PO-251340,SGD,6095.31,5592.03,503.28,GST,0.09,Marketing,MAR-452,Invoice,,False,1
AP-0004222,Supplier portal,A,V-0094,Copperfield Systems Group,TX-0094-30896,India,INV-0094-004222,2025-12-17,2026-01-16,30,PO-251281,INR,3410.42,2890.19,520.23,GST,0.18,People,PEO-334,Invoice,AP-0004222.pdf,False,2
AP-0004572,Supplier portal,A,V-0136,Clearview Services Inc.,TX-0136-10386,Singapore,INV-0136-004572,2025-12-15,2026-01-29,45,PO-250502,SGD,4613.39,4232.47,380.92,GST,0.09,Legal,LEG-155,Invoice,AP-0004572.pdf,False,1
AP-0004979,Supplier portal,A,V-0012,Oakmont Technologies LLC,TX-0012-74674,United States,INV-0012-004979,2025-12-17,2026-01-16,30,PO-251517,USD,8546.04,8546.04,0.0,Sales tax,0.0,Customer Success,CUS-330,Invoice,AP-0004979.pdf,False,2
AP-0003280,Email,B,V-0073,Pioneer Partners Ltd.,TX-0073-32545,United States,INV-0073-003280,2025-12-12,2026-01-11,30,PO-250551,USD,36444.4,36444.4,0.0,Sales tax,0.0,Security,SEC-304,Invoice,AP-0003280.pdf,True,2
AP-0003424,Email,C,V-0118,Stonebridge Logistics Ltd.,TX-0118-10046,United States,INV-0118-003424,2025-12-12,2026-01-11,30,PO-251761,USD,5304.35,4900.09,404.26,Sales tax,0.0825,Security,SEC-186,Invoice,AP-0003424.pdf,True,4
AP-0002325,Supplier portal,B,V-0086,Lighthouse Technologies LLC,TX-0086-70653,United States,INV-0086-002307,2025-12-17,2026-01-31,45,PO-252178,USD,3775.1,3487.39,287.71,Sales tax,0.0825,Finance,FIN-401,Invoice,AP-0002325.pdf,False,1
AP-0002741,Email,E,V-0033,Northstar Advisors LLC,TX-0033-48829,United States,INV-0033-002741,2025-12-14,2026-02-12,60,PO-250742,USD,5523.84,5523.84,0.0,Sales tax,0.0,Security,SEC-310,Invoice,AP-0002741.pdf,True,1
AP-0003189,Email,A,V-0096,Copperfield Systems Group,TX-0096-18776,Canada,INV-0096-003189,2025-12-14,2026-01-13,30,PO-252312,CAD,129290.96,123134.25,6156.71,GST,0.05,Engineering,ENG-228,Credit Memo,AP-0003189.pdf,False,1
AP-0000556,EDI,B,V-0034,Beacon Solutions Inc.,TX-0034-94278,United States,INV-0034-000556,2025-12-13,2026-01-12,30,PO-250530,USD,9803.62,9803.62,0.0,Sales tax,0.0,Marketing,MAR-398,Invoice,,False,1
AP-0001446,Email,A,V-0088,Atlas Systems Group,TX-0088-45873,United States,INV-0088-001446,2025-12-15,2026-01-14,30,PO-252185,USD,17844.25,17844.25,0.0,Sales tax,0.0,Customer Success,CUS-488,Invoice,AP-0001446.pdf,False,1
AP-0002214,Supplier portal,C,V-0002,Cobalt Services LLC,TX-0002-28786,India,INV-0002-002214,2025-12-12,2025-12-27,15,PO-252098,INR,1700.71,1441.28,259.43,GST,0.18,Customer Success,CUS-437,Invoice,AP-0002214.pdf,False,3
AP-0002526,EDI,B,V-0006,Copperfield Digital Group,TX-0006-57912,Canada,INV-0006-002526,2025-12-14,2026-02-12,60,PO-250513,CAD,32582.49,31030.94,1551.55,GST,0.05,Sales,SAL-380,Invoice,,False,1
AP-0001434,Supplier portal,C,V-0107,Silverline Advisors Inc.,TX-0107-50949,United States,INV-0107-001434,2025-12-14,2026-02-12,60,PO-252050,USD,6953.55,6423.6,529.95,Sales tax,0.0825,Security,SEC-143,Invoice,AP-0001434.pdf,False,1
AP-0004737,Supplier portal,B,V-0006,Copperfield Digital Group,TX-0006-57912,Canada,INV-0006-004737,2025-12-13,2026-02-11,60,PO-250131,CAD,38263.1,36441.05,1822.05,GST,0.05,Sales,SAL-443,Invoice,AP-0004737.pdf,False,1
AP-0003100,Supplier portal,E,V-0089,Atlas Supply LLC,TX-0089-88461,Canada,INV-0089-003100,2025-12-17,2026-01-31,45,PO-250863,CAD,76001.4,72382.29,3619.11,GST,0.05,Customer Success,CUS-131,Invoice,AP-0003100.pdf,False,4
AP-0004359,Supplier portal,A,V-0015,Clearview Digital Inc.,TX-0015-69124,United States,INV-0015-004359,2025-12-16,2026-01-15,30,PO-252244,USD,78915.1,78915.1,0.0,Sales tax,0.0,Sales,SAL-248,Invoice,AP-0004359.pdf,False,1
AP-0002099,Supplier portal,E,V-0008,Lighthouse Supply Inc.,TX-0008-41136,United States,INV-0008-002099,2025-12-13,2026-01-27,45,PO-252339,USD,34777.85,34777.85,0.0,Sales tax,0.0,Facilities,FAC-408,Invoice,AP-0002099.pdf,False,2
AP-0003499,EDI,C,V-0038,Beacon Analytics Ltd.,TX-0038-45747,United States,INV-0038-003499,2025-12-15,2026-01-14,30,PO-251315,USD,5519.44,5519.44,0.0,Sales tax,0.0,Marketing,MAR-389,Invoice,,False,1
AP-0003772,EDI,C,V-0029,Crescent Technologies LLC,TX-0029-56211,United States,INV-0029-003772,2025-12-15,2025-12-30,15,PO-252138,USD,16699.21,15426.52,1272.69,Sales tax,0.0825,Finance,FIN-407,Invoice,,False,3
AP-0002507,Supplier portal,D,V-0102,Blue Ridge Analytics Inc.,TX-0102-39905,Germany,INV-0102-002507,2025-12-13,2025-12-28,15,PO-251632,EUR,11278.78,9321.31,1957.47,VAT,0.21,Legal,LEG-338,Invoice,AP-0002507.pdf,False,1
AP-0000804,Supplier portal,C,V-0053,Oakmont Supply Group,TX-0053-42836,Singapore,INV-0053-000804,2025-12-17,2026-01-16,30,PO-250772,SGD,8696.7,7978.62,718.08,GST,0.09,IT,IT-310,Invoice,AP-0000804.pdf,False,3
AP-0001007,Supplier portal,A,V-0128,Harbor Systems LLC,TX-0128-19285,United States,INV-0128-001007,2025-12-17,2026-01-31,45,PO-251159,USD,3131.72,2893.04,238.68,Sales tax,0.0825,Legal,LEG-149,Invoice,AP-0001007.pdf,False,2
AP-0001599,Supplier portal,C,V-0055,Silverline Analytics Group,TX-0055-46775,Singapore,INV-0055-001599,2025-12-18,2026-01-17,30,PO-251663,SGD,1447.22,1327.72,119.5,GST,0.09,People,PEO-448,Invoice,AP-0001599.pdf,False,1
AP-0003314,Email,B,V-0069,Atlas Logistics Inc.,TX-0069-10137,United States,INV-0069-003314,2025-12-15,2026-01-14,30,PO-250804,USD,2328.77,2328.77,0.0,Sales tax,0.0,Engineering,ENG-445,Invoice,AP-0003314.pdf,False,2
AP-0002178,Email,A,V-0054,Crescent Logistics LLC,TX-0054-19609,United States,INV-0054-002178,2025-12-16,2026-01-15,30,PO-250242,USD,10924.42,10091.84,832.58,Sales tax,0.0825,Marketing,MAR-293,Invoice,AP-0002178.pdf,False,4
AP-0000013,Email,C,V-0038,Beacon Analytics Ltd.,TX-0038-45747,United States,INV-0038-000013,2025-12-14,2026-01-13,30,PO-251181,USD,11288.59,11288.59,0.0,Sales tax,0.0,Facilities,FAC-450,Invoice,AP-0000013.pdf,False,3
AP-0004723,EDI,E,V-0043,Crescent Analytics Group,TX-0043-75924,United States,INV-0043-004723,2025-12-18,2026-02-16,60,PO-251773,USD,9820.37,9820.37,0.0,Sales tax,0.0,People,PEO-367,Invoice,,False,1
AP-0003301,Email,D,V-0101,Juniper Technologies LLC,TX-0101-51229,Germany,INV-0101-003301,2025-12-13,2025-12-28,15,PO-250002,EUR,25820.15,21338.97,4481.18,VAT,0.21,Finance,FIN-386,Invoice,AP-0003301.pdf,False,3
AP-0003571,Email,C,V-0122,Summit Operations Ltd.,TX-0122-68733,United States,INV-0122-003571,2025-12-16,2026-01-30,45,PO-251229,USD,3549.86,3549.86,0.0,Sales tax,0.0,IT,IT-173,Invoice,AP-0003571.pdf,True,3
AP-0002900,Supplier portal,C,V-0120,Oakmont Advisors Group,TX-0120-96327,Canada,INV-0120-002900,2025-12-15,2026-01-14,30,PO-251660,CAD,3888.89,3703.7,185.19,GST,0.05,Legal,LEG-119,Invoice,AP-0002900.pdf,False,2
AP-0004844,Supplier portal,C,V-0060,Clearview Solutions LLC,TX-0060-58175,United States,INV-0060-004844,2025-12-19,2026-01-03,15,PO-250815,USD,4073.06,4073.06,0.0,Sales tax,0.0,People,PEO-419,Invoice,AP-0004844.pdf,False,2
AP-0004682,Email,A,V-0072,Silverline Systems LLC,TX-0072-14104,Singapore,INV-0072-004682,2025-12-14,2026-01-13,30,PO-252076,SGD,6240.74,5725.45,515.29,GST,0.09,Customer Success,CUS-309,Invoice,AP-0004682.pdf,False,3
AP-0002104,Supplier portal,D,V-0003,Cobalt Technologies Group,TX-0003-12255,Ireland,INV-0003-002104,2025-12-17,2026-01-16,30,PO-252014,EUR,2385.32,1971.34,413.98,VAT,0.21,Facilities,FAC-215,Invoice,AP-0002104.pdf,False,2
AP-0001619,Supplier portal,D,V-0037,Redwood Supply LLC,TX-0037-24439,Germany,INV-0037-001619,2025-12-18,2026-01-17,30,PO-250349,EUR,5376.77,4443.61,933.16,VAT,0.21,Sales,SAL-405,Invoice,AP-0001619.pdf,False,2
AP-0002274,Supplier portal,D,V-0023,Evergreen Systems LLC,TX-0023-34364,Germany,INV-0023-002274,2025-12-18,2026-02-01,45,PO-250369,EUR,31441.26,25984.51,5456.75,VAT,0.21,IT,IT-482,Invoice,AP-0002274.pdf,False,3
AP-0000696,Supplier portal,D,V-0024,Evergreen Solutions Inc.,TX-0024-91040,Germany,INV-0024-000696,2025-12-18,2026-01-02,15,PO-251182,EUR,3979.3,3288.68,690.62,VAT,0.21,Security,SEC-455,Invoice,AP-0000696.pdf,False,1
AP-0004112,EDI,E,V-0100,Summit Logistics Inc.,TX-0100-21510,United States,INV-0100-004112,2025-12-15,2026-02-13,60,PO-250672,USD,20608.44,20608.44,0.0,Sales tax,0.0,Sales,SAL-444,Invoice,,False,3
AP-0001636,Supplier portal,C,V-0055,Silverline Analytics Group,TX-0055-46775,Singapore,INV-0055-001636,2025-12-15,2026-01-29,45,PO-252182,SGD,26495.4,24307.71,2187.69,GST,0.09,Security,SEC-383,Invoice,AP-0001636.pdf,False,1
AP-0003620,Email,B,V-0090,Copperfield Advisors Ltd.,TX-0090-82710,United States,INV-0090-003620,2025-12-19,2026-02-02,45,PO-250348,USD,5642.91,5642.91,0.0,Sales tax,0.0,Sales,SAL-113,Invoice,AP-0003620.pdf,False,3
AP-0004973,Email,A,V-0045,Atlas Services LLC,TX-0045-69725,United States,INV-0045-004973,2025-12-14,2026-01-28,45,PO-252369,USD,1427.58,1427.58,0.0,Sales tax,0.0,People,PEO-418,Invoice,AP-0004973.pdf,True,3
AP-0001277,Supplier portal,B,V-0086,Lighthouse Technologies LLC,TX-0086-70653,United States,INV-0086-001277,2025-12-17,2026-01-31,45,PO-252337,USD,3447.17,3184.45,262.72,Sales tax,0.0825,Sales,SAL-161,Invoice,AP-0001277.pdf,False,2
AP-0001989,Supplier portal,C,V-0140,Blue Ridge Operations Inc.,TX-0140-96185,United States,INV-0140-001989,2025-12-14,2026-01-13,30,PO-251744,USD,21498.92,21498.92,0.0,Sales tax,0.0,Marketing,MAR-483,Invoice,AP-0001989.pdf,False,3
AP-0001181,EDI,B,V-0006,Copperfield Digital Group,TX-0006-57912,Canada,INV-0006-001181,2025-12-19,2026-01-18,30,PO-250067,CAD,1450.17,1381.11,69.06,GST,0.05,Facilities,FAC-424,Invoice,,False,3
AP-0002094,Supplier portal,E,V-0100,Summit Logistics Inc.,TX-0100-21510,United States,INV-0100-002094,2025-12-18,2026-01-17,30,PO-252038,USD,3482.21,3482.21,0.0,Sales tax,0.0,Legal,LEG-122,Invoice,AP-0002094.pdf,False,1
AP-0002874,EDI,B,V-0093,Clearview Systems Inc.,TX-0093-95568,United States,INV-0093-002874,2025-12-17,2026-01-01,15,PO-250741,USD,5008.88,4627.14,381.74,Sales tax,0.0825,Sales,SAL-181,Invoice,,False,1
AP-0004355,Email,E,V-0004,Harbor Networks Ltd.,TX-0004-83750,United States,INV-0004-004355,2025-12-19,2026-01-18,30,PO-252130,USD,4411.38,4075.18,336.2,Sales tax,0.0825,Engineering,ENG-412,Invoice,AP-0004355.pdf,True,3
AP-0002248,Supplier portal,D,V-0125,Brightpath Resources Ltd.,TX-0125-42798,Ireland,INV-0125-002248,2025-12-15,2026-01-14,30,PO-251791,EUR,289189.46,238999.55,50189.91,VAT,0.21,Engineering,ENG-466,Invoice,AP-0002248.pdf,False,3
AP-0001145,Supplier portal,A,V-0136,Clearview Services Inc.,TX-0136-10386,Singapore,INV-0136-001145,2025-12-16,2026-01-30,45,PO-251500,SGD,6206.72,5694.24,512.48,GST,0.09,IT,IT-413,Invoice,AP-0001145.pdf,False,1
AP-0001271,Supplier portal,C,V-0081,Silverline Supply Group,TX-0081-73770,United States,INV-0081-001271,2025-12-17,2026-01-16,30,PO-251876,USD,559.84,559.84,0.0,Sales tax,0.0,Facilities,FAC-316,Invoice,AP-0001271.pdf,False,3
AP-0002133,Email,C,V-0118,Stonebridge Logistics Ltd.,TX-0118-10046,United States,INV-0118-002133,2025-12-17,2026-01-16,30,PO-252134,USD,386.58,357.12,29.46,Sales tax,0.0825,Marketing,MAR-166,Invoice,AP-0002133.pdf,True,3
AP-0003940,Email,A,V-0054,Crescent Logistics LLC,TX-0054-19609,United States,INV-0054-003940,2025-12-18,2026-01-17,30,PO-250242,USD,8173.93,7550.97,622.96,Sales tax,0.0825,Marketing,MAR-293,Invoice,AP-0003940.pdf,False,4
AP-0000165,Email,D,V-0003,Cobalt Technologies Group,TX-0003-12255,Ireland,INV-0003-000165,2025-12-20,2026-01-19,30,PO-252174,EUR,3486.6,2881.49,605.11,VAT,0.21,People,PEO-438,Invoice,AP-0000165.pdf,False,2
AP-0003740,Supplier portal,C,V-0104,Oakmont Operations Group,TX-0104-57614,United States,INV-0104-003740,2025-12-19,2026-02-17,60,PO-250056,USD,122530.19,122530.19,0.0,Sales tax,0.0,People,PEO-286,Invoice,AP-0003740.pdf,False,3
AP-0002169,EDI,A,V-0137,Pioneer Consulting Ltd.,TX-0137-44191,United States,INV-0137-002169,2025-12-15,2026-01-14,30,PO-251356,USD,6001.84,6001.84,0.0,Sales tax,0.0,IT,IT-220,Invoice,,False,3
AP-0004959,Email,B,V-0090,Copperfield Advisors Ltd.,TX-0090-82710,United States,INV-0090-004959,2025-12-17,2026-01-31,45,PO-251145,USD,2943.27,2943.27,0.0,Sales tax,0.0,Engineering,ENG-206,Invoice,AP-0004959.pdf,False,2
AP-0002251,Email,A,V-0054,Crescent Logistics LLC,TX-0054-19609,United States,INV-0054-002251,2025-12-20,2026-01-19,30,PO-251066,USD,4715.97,4356.55,359.42,Sales tax,0.0825,IT,IT-196,Invoice,AP-0002251.pdf,True,2
AP-0002866,Supplier portal,A,V-0005,Atlas Resources Inc.,TX-0005-88178,United States,INV-0005-002866,2025-12-19,2026-01-18,30,PO-250438,USD,6750.41,6750.41,0.0,Sales tax,0.0,Customer Success,CUS-119,Invoice,AP-0002866.pdf,False,2
AP-0002111,Supplier portal,A,V-0005,Atlas Resources Inc.,TX-0005-88178,United States,INV-0005-002111,2025-12-17,2026-01-16,30,PO-250053,USD,11497.05,11497.05,0.0,Sales tax,0.0,Engineering,ENG-211,Invoice,AP-0002111.pdf,False,1
AP-0003469,Supplier portal,E,V-0031,Lighthouse Systems Inc.,TX-0031-87911,United States,INV-0031-003469,2025-12-19,2026-01-03,15,PO-250409,USD,2992.4,2992.4,0.0,Sales tax,0.0,Sales,SAL-335,Invoice,AP-0003469.pdf,False,3
AP-0003290,Supplier portal,E,V-0004,Harbor Networks Ltd.,TX-0004-83750,United States,INV-0004-003290,2025-12-19,2026-01-18,30,PO-251620,USD,2094.42,1934.8,159.62,Sales tax,0.0825,People,PEO-348,Invoice,AP-0003290.pdf,False,2
AP-0002852,Email,C,V-0126,Blue Ridge Digital LLC,TX-0126-41894,United States,INV-0126-002852,2025-12-15,2026-01-14,30,PO-250496,USD,27707.44,25595.79,2111.65,Sales tax,0.0825,IT,IT-113,Invoice,AP-0002852.pdf,False,2
AP-0003168,EDI,C,V-0055,Silverline Analytics Group,TX-0055-46775,Singapore,INV-0055-003168,2025-12-16,2026-01-30,45,PO-250876,SGD,4671.78,4286.04,385.74,GST,0.09,Facilities,FAC-231,Invoice,,False,1
AP-0000489,Supplier portal,A,V-0050,Ironwood Services Ltd.,TX-0050-69493,United States,INV-0050-000489,2025-12-21,2026-01-20,30,PO-250622,SGD,8945.37,8206.76,738.61,GST,0.09,Customer Success,CUS-425,Invoice,AP-0000489.pdf,False,3
AP-0001457,Supplier portal,A,V-0127,Ironwood Solutions Inc.,TX-0127-49996,United States,INV-0127-001457,2025-12-18,2026-02-01,45,PO-250166,USD,15429.74,14253.8,1175.94,Sales tax,0.0825,Marketing,MAR-182,Invoice,AP-0001457.pdf,False,1
AP-0003329,Supplier portal,B,V-0034,Beacon Solutions Inc.,TX-0034-94278,United States,INV-0034-003329,2025-12-17,2026-01-16,30,PO-X003329,USD,6808.37,6808.37,0.0,Sales tax,0.0,Sales,SAL-285,Invoice,AP-0003329.pdf,False,1
AP-0001763,Supplier portal,B,V-0011,Oakmont Solutions LLC,TX-0011-62098,United States,INV-0011-001763,2025-12-18,2026-01-17,30,PO-252265,USD,15962.91,15962.91,0.0,Sales tax,0.0,Customer Success,CUS-229,Invoice,AP-0001763.pdf,False,2
AP-0003526,EDI,B,V-0006,Copperfield Digital Group,TX-0006-57912,Canada,INV-0006-003526,2025-12-20,2026-02-18,60,PO-250513,CAD,6449.5,6142.38,307.12,GST,0.05,Sales,SAL-380,Invoice,,False,1
AP-0003123,EDI,B,V-0044,Blue Ridge Resources LLC,TX-0044-84195,United States,INV-0044-003123,2025-12-18,2026-01-02,15,PO-250193,USD,2154.06,2154.06,0.0,Sales tax,0.0,Finance,FIN-276,Invoice,,False,2
AP-0001178,Supplier portal,A,V-0054,Crescent Logistics LLC,TX-0054-19609,United States,INV-0054-001178,2025-12-17,2026-01-16,30,PO-251111,USD,619.5,572.29,47.21,Sales tax,0.0825,Finance,FIN-109,Invoice,AP-0001178.pdf,False,1
AP-0004989,Supplier portal,C,V-0140,Blue Ridge Operations Inc.,TX-0140-96185,United States,INV-0140-004989,2025-12-21,2026-01-20,30,PO-252198,USD,34088.39,34088.39,0.0,Sales tax,0.0,IT,IT-360,Invoice,AP-0004989.pdf,False,2
AP-0003235,Supplier portal,C,V-0078,Crescent Networks Ltd.,TX-0078-49721,United States,INV-0078-001798,2025-12-19,2026-01-18,30,PO-250071,USD,3784.63,3784.63,0.0,Sales tax,0.0,Engineering,ENG-320,Invoice,AP-0003235.pdf,False,2
AP-0001732,Email,E,V-0008,Lighthouse Supply Inc.,TX-0008-41136,United States,INV-0008-001732,2025-12-18,2026-02-01,45,PO-250528,USD,14798.1,14798.1,0.0,Sales tax,0.0,Customer Success,CUS-114,Invoice,AP-0001732.pdf,False,2
AP-0003691,Email,E,V-0123,Oakmont Analytics Ltd.,TX-0123-99977,United States,INV-0123-003691,2025-12-20,2026-01-19,30,PO-251317,USD,33022.19,30505.49,2516.7,Sales tax,0.0825,Marketing,MAR-211,Invoice,AP-0003691.pdf,False,2
AP-0002517,Supplier portal,C,V-0002,Cobalt Services LLC,TX-0002-28786,India,INV-0002-002517,2025-12-17,2026-01-01,15,PO-252098,INR,7634.69,6470.08,1164.61,GST,0.18,Customer Success,CUS-437,Invoice,AP-0002517.pdf,False,1
AP-0002672,Supplier portal,C,V-0068,Redwood Technologies Inc.,TX-0068-22381,Canada,INV-0068-002672,2025-12-17,2026-02-15,60,PO-251260,CAD,8861.99,8439.99,422.0,GST,0.05,Sales,SAL-340,Invoice,AP-0002672.pdf,False,3
AP-0002658,Supplier portal,A,V-0092,Summit Resources Group,TX-0092-15472,United States,INV-0092-002658,2025-12-16,2025-12-31,15,PO-251877,USD,5369.18,5369.18,0.0,Sales tax,0.0,Marketing,MAR-225,Invoice,AP-0002658.pdf,False,3
AP-0003554,Email,C,V-0061,Copperfield Services Inc.,TX-0061-83099,United States,INV-0061-003554,2025-12-16,2026-01-15,30,PO-251205,USD,96028.04,96028.04,0.0,Sales tax,0.0,Legal,LEG-454,Invoice,AP-0003554.pdf,True,1
AP-0000591,Supplier portal,B,V-0073,Pioneer Partners Ltd.,TX-0073-32545,United States,INV-0073-000591,2025-12-17,2026-01-16,30,PO-251400,USD,8535.2,8535.2,0.0,Sales tax,0.0,Sales,SAL-168,Invoice,AP-0000591.pdf,False,1
AP-0001588,Supplier portal,A,V-0088,Atlas Systems Group,TX-0088-45873,United States,INV-0088-001588,2025-12-20,2026-01-19,30,PO-252207,USD,23927.7,23927.7,0.0,Sales tax,0.0,Facilities,FAC-206,Invoice,AP-0001588.pdf,False,1
AP-0000865,Supplier portal,C,V-0053,Oakmont Supply Group,TX-0053-42836,Singapore,INV-0053-000865,2025-12-19,2026-01-18,30,PO-251056,SGD,3471.14,3184.53,286.61,GST,0.09,Finance,FIN-129,Invoice,AP-0000865.pdf,False,1
AP-0000378,Email,C,V-0061,Copperfield Services Inc.,TX-0061-83099,United States,INV-0061-000378,2025-12-17,2026-01-16,30,PO-252301,USD,14118.68,14118.68,0.0,Sales tax,0.0,IT,IT-490,Invoice,AP-0000378.pdf,True,2
AP-0002766,EDI,A,V-0137,Pioneer Consulting Ltd.,TX-0137-44191,United States,INV-0137-002766,2025-12-19,2026-01-18,30,PO-251426,SGD,10184.33,9343.42,840.91,GST,0.09,Engineering,ENG-260,Invoice,,False,2
AP-0002236,Supplier portal,A,V-0097,Clearview Analytics Ltd.,TX-0097-36111,United Kingdom,INV-0097-000826,2025-12-19,2026-02-02,45,PO-252148,GBP,2586.79,2155.66,431.13,VAT,0.2,Security,SEC-403,Invoice,AP-0002236.pdf,False,4
AP-0003695,Email,C,V-0065,Stonebridge Networks Inc.,TX-0065-32403,United States,INV-0065-003695,2025-12-17,2026-01-16,30,PO-251728,USD,6280.3,6280.3,0.0,Sales tax,0.0,People,PEO-281,Invoice,AP-0003695.pdf,False,3
AP-0004757,EDI,C,V-0017,Cobalt Analytics Group,TX-0017-46110,United Kingdom,INV-0017-004757,2025-12-21,2026-02-04,45,PO-251646,GBP,44231.73,36859.78,7371.95,VAT,0.2,Facilities,FAC-396,Invoice,,False,1
AP-0004095,Email,C,V-0118,Stonebridge Logistics Ltd.,TX-0118-10046,United States,INV-0118-004095,2025-12-19,2026-01-18,30,PO-251761,USD,3212.26,2967.45,244.81,Sales tax,0.0825,Security,SEC-186,Invoice,AP-0004095.pdf,False,1
AP-0002935,Email,C,V-0002,Cobalt Services LLC,TX-0002-28786,India,INV-0002-002935,2025-12-21,2026-01-05,15,PO-252098,INR,27064.42,22935.95,4128.47,GST,0.18,Customer Success,CUS-437,Invoice,AP-0002935.pdf,False,3
AP-0000379,Email,D,V-0115,Ironwood Services Group,TX-0115-48708,Ireland,INV-0115-000379,2025-12-19,2026-01-03,15,PO-251488,EUR,2329.43,1925.15,404.28,VAT,0.21,Finance,FIN-210,Invoice,AP-0000379.pdf,False,3
AP-0000140,Supplier portal,B,V-0013,Cobalt Operations LLC,TX-0013-11961,United States,INV-0013-000140,2025-12-17,2026-01-31,45,PO-252035,USD,8219.14,8219.14,0.0,Sales tax,0.0,Customer Success,CUS-344,Invoice,AP-0000140.pdf,False,2
AP-0000843,Supplier portal,C,V-0048,Oakmont Systems Inc.,TX-0048-57091,United States,INV-0048-000843,2025-12-19,2026-01-03,15,PO-251290,USD,223.94,206.87,17.07,Sales tax,0.0825,Facilities,FAC-440,Invoice,AP-0000843.pdf,False,2
AP-0004189,Email,E,V-0134,Atlas Resources Ltd.,TX-0134-16068,United States,INV-0134-004189,2025-12-18,2026-01-17,30,PO-251078,USD,9265.81,9265.81,0.0,Sales tax,0.0,Finance,FIN-121,Invoice,AP-0004189.pdf,True,3
AP-0000333,Supplier portal,C,V-0118,Stonebridge Logistics Ltd.,TX-0118-10046,United States,INV-0118-000333,2025-12-22,2026-01-21,30,PO-251084,USD,4446.53,4107.65,338.88,Sales tax,0.0825,Security,SEC-103,Invoice,AP-0000333.pdf,False,4
AP-0003276,Supplier portal,B,V-0135,Stonebridge Systems LLC,TX-0135-50499,United States,INV-0135-003276,2025-12-20,2026-01-19,30,PO-252023,USD,4351.89,4020.22,331.67,Sales tax,0.0825,Engineering,ENG-420,Invoice,AP-0003276.pdf,False,3
AP-0001180,Supplier portal,C,V-0107,Silverline Advisors Inc.,TX-0107-50949,United States,INV-0107-001180,2025-12-21,2026-02-19,60,PO-250140,USD,6895.79,6370.24,525.55,Sales tax,0.0825,Customer Success,CUS-293,Invoice,AP-0001180.pdf,False,3
AP-0000395,Supplier portal,D,V-0115,Ironwood Services Group,TX-0115-48708,Ireland,INV-0115-000395,2025-12-21,2026-01-05,15,PO-250010,EUR,2975.86,2459.39,516.47,VAT,0.21,Engineering,ENG-190,Invoice,AP-0000395.pdf,False,2
AP-0003785,Supplier portal,A,V-0066,Stonebridge Networks Ltd.,TX-0066-17224,United States,INV-0066-003785,2025-12-22,2026-01-21,30,PO-252158,USD,4788.65,4788.65,0.0,Sales tax,0.0,Facilities,FAC-276,Invoice,AP-0003785.pdf,False,1
AP-0003267,Email,C,V-0074,Harbor Analytics Ltd.,TX-0074-79332,United States,INV-0074-003267,2025-12-20,2026-01-19,30,PO-251683,USD,1777.86,1777.86,0.0,Sales tax,0.0,Marketing,MAR-214,Invoice,AP-0003267.pdf,False,1
AP-0002243,Supplier portal,D,V-0049,Harbor Resources LLC,TX-0049-19644,Germany,INV-0049-002243,2025-12-20,2026-01-19,30,PO-250565,EUR,1966.85,1625.5,341.35,VAT,0.21,Security,SEC-281,Invoice,AP-0002243.pdf,False,2
AP-0004193,EDI,C,V-0002,Cobalt Services LLC,TX-0002-28786,India,INV-0002-004193,2025-12-22,2026-01-06,15,PO-252098,INR,2168.28,1837.53,330.75,GST,0.18,Customer Success,CUS-437,Invoice,,False,1
AP-0004697,Supplier portal,B,V-0085,Silverline Analytics Inc.,TX-0085-56800,United States,INV-0085-004697,2025-12-18,2026-01-17,30,PO-251401,USD,7805.03,7805.03,0.0,Sales tax,0.0,Marketing,MAR-361,Invoice,AP-0004697.pdf,False,1
AP-0003249,Supplier portal,E,V-0123,Oakmont Analytics Ltd.,TX-0123-99977,United States,INV-0123-003249,2025-12-18,2026-01-17,30,PO-250268,USD,176339.26,162900.01,13439.25,Sales tax,0.0825,Legal,LEG-120,Invoice,AP-0003249.pdf,False,2
AP-0002718,EDI,C,V-0071,Summit Services LLC,TX-0071-54213,United States,INV-0071-002718,2025-12-20,2026-01-19,30,PO-251703,USD,8163.21,8163.21,0.0,Sales tax,0.0,IT,IT-233,Credit Memo,,False,2
AP-0000474,Email,D,V-0049,Harbor Resources LLC,TX-0049-19644,Germany,INV-0049-000474,2025-12-17,2026-01-16,30,PO-250477,EUR,3959.68,3272.46,687.22,VAT,0.21,Security,SEC-180,Invoice,AP-0000474.pdf,False,1
AP-0004306,Supplier portal,A,V-0092,Summit Resources Group,TX-0092-15472,United States,INV-0092-004306,2025-12-17,2026-01-01,15,PO-251877,USD,8387.16,8387.16,0.0,Sales tax,0.0,Marketing,MAR-225,Invoice,AP-0004306.pdf,False,4
AP-0003037,Email,A,V-0015,Clearview Digital Inc.,TX-0015-69124,United States,INV-0015-003037,2025-12-19,2026-01-18,30,PO-X003037,USD,4085.49,4085.49,0.0,Sales tax,0.0,Finance,FIN-385,Invoice,AP-0003037.pdf,False,3
AP-0003320,Email,D,V-0084,Redwood Supply LLC,TX-0084-70345,Germany,INV-0084-003320,2025-12-18,2026-01-17,30,PO-250272,EUR,17637.5,14576.45,3061.05,VAT,0.21,Legal,LEG-283,Invoice,AP-0003320.pdf,True,2
AP-0004730,Supplier portal,E,V-0022,Lighthouse Solutions LLC,TX-0022-47741,United States,INV-0022-004730,2025-12-21,2026-02-04,45,PO-251047,USD,4475.91,4134.79,341.12,Sales tax,0.0825,IT,IT-163,Invoice,AP-0004730.pdf,False,1
AP-0003811,Email,A,V-0106,Oakmont Analytics Inc.,TX-0106-56495,United States,INV-0106-003811,2025-12-17,2026-01-31,45,PO-252026,USD,8878.17,8878.17,0.0,Sales tax,0.0,Legal,LEG-275,Invoice,AP-0003811.pdf,False,1
AP-0003345,EDI,E,V-0063,Copperfield Systems Inc.,TX-0063-67062,United States,INV-0063-003345,2025-12-19,2026-01-18,30,PO-251855,USD,2336.71,2158.62,178.09,Sales tax,0.0825,Marketing,MAR-470,Invoice,,False,2
AP-0000188,Email,A,V-0106,Oakmont Analytics Inc.,TX-0106-56495,United States,INV-0106-000188,2025-12-21,2026-02-04,45,PO-250953,USD,7693.09,7693.09,0.0,Sales tax,0.0,Security,SEC-262,Invoice,AP-0000188.pdf,True,2
AP-0003672,Email,B,V-0018,Evergreen Resources Inc.,TX-0018-72351,United States,INV-0018-003672,2025-12-21,2026-01-20,30,PO-251209,USD,30859.88,30859.88,0.0,Sales tax,0.0,People,PEO-455,Invoice,AP-0003672.pdf,False,3
AP-0004037,Email,B,V-0083,Pioneer Services Group,TX-0083-82789,United States,INV-0083-004037,2025-12-19,2026-01-03,15,PO-252323,USD,40704.95,37602.73,3102.22,Sales tax,0.0825,Legal,LEG-263,Invoice,AP-0004037.pdf,False,2
AP-0001491,Email,B,V-0067,Beacon Operations Ltd.,TX-0067-45894,United States,INV-0067-001491,2025-12-23,2026-01-22,30,PO-250833,USD,2653.38,2653.38,0.0,Sales tax,0.0,IT,IT-394,Invoice,AP-0001491.pdf,False,2
AP-0002233,EDI,C,V-0107,Silverline Advisors Inc.,TX-0107-50949,United States,INV-0107-002233,2025-12-18,2026-02-16,60,PO-252106,USD,8545.71,7894.42,651.29,Sales tax,0.0825,Sales,SAL-121,Invoice,,False,1
AP-0004643,Email,E,V-0121,Cobalt Systems Inc.,TX-0121-33255,United States,INV-0121-004643,2025-12-22,2026-02-20,60,PO-251443,USD,2519.16,2519.16,0.0,Sales tax,0.0,People,PEO-175,Invoice,AP-0004643.pdf,True,2
AP-0001013,EDI,E,V-0008,Lighthouse Supply Inc.,TX-0008-41136,United States,INV-0008-001013,2025-12-21,2026-02-04,45,PO-251390,USD,1548.11,1548.11,0.0,Sales tax,0.0,Security,SEC-152,Invoice,,False,2
AP-0002250,Supplier portal,E,V-0033,Northstar Advisors LLC,TX-0033-48829,United States,INV-0033-002250,2025-12-23,2026-02-21,60,PO-251987,USD,13690.6,13690.6,0.0,Sales tax,0.0,Engineering,ENG-421,Invoice,AP-0002250.pdf,False,2
AP-0000884,Supplier portal,C,V-0116,Juniper Supply LLC,TX-0116-23088,United States,INV-0116-000884,2025-12-23,2026-02-21,60,PO-250591,USD,183805.11,183805.11,0.0,Sales tax,0.0,Engineering,ENG-469,Invoice,AP-0000884.pdf,False,3
AP-0003610,Supplier portal,B,V-0011,Oakmont Solutions LLC,TX-0011-62098,United States,INV-0011-003610,2025-12-18,2026-02-16,60,PO-250084,USD,4004.06,4004.06,0.0,Sales tax,0.0,People,PEO-345,Invoice,AP-0003610.pdf,False,2
AP-0001447,Supplier portal,C,V-0039,Blue Ridge Networks Group,TX-0039-91527,United States,INV-0039-001447,2025-12-18,2026-02-01,45,PO-250573,USD,8529.36,8529.36,0.0,Sales tax,0.0,Legal,LEG-304,Invoice,AP-0001447.pdf,False,2
AP-0002642,Supplier portal,C,V-0017,Cobalt Analytics Group,TX-0017-46110,United Kingdom,INV-0017-002642,2025-12-18,2026-02-01,45,PO-252200,GBP,3966.71,3305.59,661.12,VAT,0.2,Marketing,MAR-372,Invoice,AP-0002642.pdf,False,1
AP-0003255,Email,A,V-0015,Clearview Digital Inc.,TX-0015-69124,United States,INV-0015-003255,2025-12-23,2026-01-22,30,PO-251102,USD,2124.69,2124.69,0.0,Sales tax,0.0,Engineering,ENG-101,Invoice,AP-0003255.pdf,True,3
AP-0004779,Supplier portal,E,V-0063,Copperfield Systems Inc.,TX-0063-67062,United States,INV-0063-004779,2025-12-23,2026-01-22,30,PO-251448,USD,4022.01,3715.48,306.53,Sales tax,0.0825,Facilities,FAC-377,Invoice,AP-0004779.pdf,False,2
AP-0003084,Supplier portal,A,V-0092,Summit Resources Group,TX-0092-15472,United States,INV-0092-003084,2025-12-19,2026-01-03,15,PO-251877,USD,10211.86,10211.86,0.0,Sales tax,0.0,Marketing,MAR-225,Invoice,AP-0003084.pdf,False,3
AP-0000303,EDI,A,V-0001,Evergreen Consulting Group,TX-0001-43105,India,INV-0001-000303,2025-12-19,2026-01-03,15,PO-252001,INR,17687.22,14989.17,2698.05,GST,0.18,Sales,SAL-143,Invoice,,False,1
AP-0001621,Email,D,V-0087,Atlas Digital Ltd.,TX-0087-76038,Germany,INV-0087-001621,2025-12-18,2026-02-16,60,PO-252144,EUR,33914.81,28028.77,5886.04,VAT,0.21,IT,IT-174,Invoice,AP-0001621.pdf,False,1
AP-0001566,EDI,C,V-0017,Cobalt Analytics Group,TX-0017-46110,United Kingdom,INV-0017-001566,2025-12-23,2026-01-22,30,PO-251799,GBP,3957.23,3297.69,659.54,VAT,0.2,Security,SEC-427,Invoice,,False,1
AP-0004864,Supplier portal,C,V-0081,Silverline Supply Group,TX-0081-73770,United States,INV-0081-004864,2025-12-18,2026-02-16,60,PO-250055,USD,5904.77,5904.77,0.0,Sales tax,0.0,Facilities,FAC-157,Invoice,AP-0004864.pdf,False,3
AP-0002180,Supplier portal,C,V-0038,Beacon Analytics Ltd.,TX-0038-45747,United States,INV-0038-002180,2025-12-23,2026-01-22,30,PO-252037,USD,8069.12,8069.12,0.0,Sales tax,0.0,Customer Success,CUS-131,Invoice,AP-0002180.pdf,False,2
AP-0001138,Supplier portal,C,V-0055,Silverline Analytics Group,TX-0055-46775,Singapore,INV-0055-001138,2025-12-23,2026-01-22,30,PO-252182,SGD,8149.8,7476.88,672.92,GST,0.09,Security,SEC-383,Invoice,AP-0001138.pdf,False,1
AP-0001671,Email,C,V-0108,Summit Supply Ltd.,TX-0108-54358,Canada,INV-0108-001671,2025-12-19,2026-02-17,60,PO-250355,CAD,13859.9,13199.9,660.0,GST,0.05,Sales,SAL-307,Invoice,AP-0001671.pdf,False,2
AP-0003508,EDI,C,V-0118,Stonebridge Logistics Ltd.,TX-0118-10046,United States,INV-0118-003508,2025-12-22,2026-01-21,30,PO-251084,USD,15438.86,14262.23,1176.63,Sales tax,0.0825,Security,SEC-103,Invoice,,False,1
AP-0004508,Email,E,V-0121,Cobalt Systems Inc.,TX-0121-33255,United States,INV-0121-004508,2025-12-19,2026-02-17,60,PO-251271,USD,4148.48,4148.48,0.0,Sales tax,0.0,People,PEO-155,Invoice,AP-0004508.pdf,True,1
AP-0000054,Supplier portal,B,V-0064,Summit Consulting Inc.,TX-0064-39165,Canada,INV-0064-000054,2025-12-20,2026-01-19,30,PO-251149,CAD,1098.23,1045.93,52.3,GST,0.05,IT,IT-190,Invoice,AP-0000054.pdf,False,2
AP-0004349,EDI,C,V-0053,Oakmont Supply Group,TX-0053-42836,Singapore,INV-0053-004349,2025-12-23,2026-01-22,30,PO-251041,SGD,108136.73,99208.01,8928.72,GST,0.09,People,PEO-154,Invoice,,False,1
AP-0004149,Email,B,V-0135,Stonebridge Systems LLC,TX-0135-50499,United States,INV-0135-004149,2025-12-21,2026-01-20,30,PO-251675,USD,1715.95,1585.17,130.78,Sales tax,0.0825,Security,SEC-120,Invoice,AP-0004149.pdf,False,1
AP-0003869,Supplier portal,A,V-0106,Oakmont Analytics Inc.,TX-0106-56495,United States,INV-0106-003869,2025-12-19,2026-02-02,45,PO-251166,USD,16349.43,16349.43,0.0,Sales tax,0.0,IT,IT-153,Invoice,AP-0003869.pdf,False,1
AP-0002339,Supplier portal,A,V-0054,Crescent Logistics LLC,TX-0054-19609,United States,INV-0054-002339,2025-12-22,2026-01-21,30,PO-251111,USD,2045.61,1889.71,155.9,Sales tax,0.0825,Finance,FIN-109,Invoice,AP-0002339.pdf,False,1
AP-0002390,Email,D,V-0023,Evergreen Systems LLC,TX-0023-34364,Germany,INV-0023-002390,2025-12-21,2026-02-04,45,PO-252102,EUR,49059.3,40544.88,8514.42,VAT,0.21,Finance,FIN-202,Invoice,AP-0002390.pdf,False,2
AP-0003768,EDI,B,V-0019,Redwood Systems LLC,TX-0019-24934,Canada,INV-0019-003768,2025-12-21,2026-02-19,60,PO-250436,CAD,907.81,864.58,43.23,GST,0.05,Sales,SAL-480,Invoice,,False,1
AP-0003241,Supplier portal,C,V-0126,Blue Ridge Digital LLC,TX-0126-41894,United States,INV-0126-003241,2025-12-19,2026-01-18,30,PO-251735,USD,45453.54,41989.41,3464.13,Sales tax,0.0825,Facilities,FAC-191,Invoice,AP-0003241.pdf,False,4
AP-0001505,EDI,B,V-0044,Blue Ridge Resources LLC,TX-0044-84195,United States,INV-0044-001505,2025-12-19,2026-01-03,15,PO-251682,USD,5180.03,5180.03,0.0,Sales tax,0.0,Engineering,ENG-293,Credit Memo,,False,2
AP-0003446,Email,A,V-0137,Pioneer Consulting Ltd.,TX-0137-44191,United States,INV-0137-000906,2025-12-24,2026-01-23,30,PO-251426,USD,15102.51,15102.51,0.0,Sales tax,0.0,Engineering,ENG-260,Invoice,AP-0003446.pdf,False,1
AP-0003430,Supplier portal,E,V-0004,Harbor Networks Ltd.,TX-0004-83750,United States,INV-0004-003430,2025-12-20,2026-01-19,30,PO-251461,USD,2970.71,2744.3,226.41,Sales tax,0.0825,Marketing,MAR-238,Invoice,AP-0003430.pdf,False,3
AP-0000545,EDI,C,V-0112,Crescent Systems Group,TX-0112-59988,United States,INV-0112-000536,2025-12-20,2026-01-19,30,PO-250898,USD,148780.25,148780.25,0.0,Sales tax,0.0,Customer Success,CUS-193,Invoice,,False,1
AP-0003434,Email,D,V-0049,Harbor Resources LLC,TX-0049-19644,Germany,INV-0049-003434,2025-12-21,2026-01-20,30,PO-251915,EUR,2583.41,2135.05,448.36,VAT,0.21,Sales,SAL-332,Credit Memo,AP-0003434.pdf,False,2
AP-0003685,Supplier portal,C,V-0140,Blue Ridge Operations Inc.,TX-0140-96185,United States,INV-0140-003685,2025-12-20,2026-01-19,30,PO-251464,USD,6074.11,6074.11,0.0,Sales tax,0.0,IT,IT-462,Invoice,AP-0003685.pdf,False,3
AP-0000713,Email,B,V-0091,Summit Resources Ltd.,TX-0091-39995,Singapore,INV-0091-000713,2025-12-24,2026-02-22,60,PO-251369,SGD,13749.33,12614.06,1135.27,GST,0.09,Customer Success,CUS-499,Invoice,AP-0000713.pdf,True,2
AP-0000581,Supplier portal,C,V-0081,Silverline Supply Group,TX-0081-73770,United States,INV-0081-000581,2025-12-23,2026-01-22,30,PO-250055,USD,1238.48,1238.48,0.0,Sales tax,0.0,Facilities,FAC-157,Credit Memo,AP-0000581.pdf,False,3
AP-0001544,Email,D,V-0125,Brightpath Resources Ltd.,TX-0125-42798,Ireland,INV-0125-001544,2025-12-19,2026-01-18,30,PO-250378,EUR,1942.83,1605.64,337.19,VAT,0.21,Customer Success,CUS-283,Invoice,AP-0001544.pdf,True,3
AP-0004333,Supplier portal,C,V-0002,Cobalt Services LLC,TX-0002-28786,India,INV-0002-004333,2025-12-24,2026-01-08,15,PO-252002,INR,2058.58,1744.56,314.02,GST,0.18,Facilities,FAC-157,Invoice,AP-0004333.pdf,False,3
AP-0000358,Supplier portal,C,V-0053,Oakmont Supply Group,TX-0053-42836,Singapore,INV-0053-000358,2025-12-23,2026-01-22,30,PO-251722,SGD,2040.53,1872.05,168.48,GST,0.09,Security,SEC-221,Invoice,AP-0000358.pdf,False,1
AP-0002694,Supplier portal,C,V-0105,Ironwood Analytics Inc.,TX-0105-55701,United States,INV-0105-002694,2025-12-25,2026-02-08,45,PO-250689,USD,12192.5,12192.5,0.0,Sales tax,0.0,IT,IT-217,Invoice,AP-0002694.pdf,False,1
AP-0003501,Supplier portal,C,V-0117,Atlas Consulting LLC,TX-0117-90487,Canada,INV-0117-003501,2025-12-24,2026-01-08,15,PO-250282,CAD,16633.45,15841.38,792.07,GST,0.05,Customer Success,CUS-487,Invoice,AP-0003501.pdf,False,1
AP-0001893,Supplier portal,A,V-0131,Copperfield Systems LLC,TX-0131-83608,United States,INV-0131-001893,2025-12-20,2026-01-19,30,PO-250042,USD,4121.21,4121.21,0.0,Sales tax,0.0,Legal,LEG-443,Invoice,AP-0001893.pdf,False,1
AP-0002080,Supplier portal,B,V-0086,Lighthouse Technologies LLC,TX-0086-70653,United States,INV-0086-002080,2025-12-25,2026-02-08,45,PO-251841,USD,20108.56,18576.04,1532.52,Sales tax,0.0825,Security,SEC-176,Invoice,AP-0002080.pdf,False,1
AP-0002685,Email,A,V-0132,Atlas Supply Group,TX-0132-11639,United States,INV-0132-002685,2025-12-23,2026-02-21,60,PO-252131,USD,38722.04,35770.94,2951.1,Sales tax,0.0825,Finance,FIN-160,Invoice,AP-0002685.pdf,True,2
AP-0004789,Supplier portal,E,V-0004,Harbor Networks Ltd.,TX-0004-83750,United States,INV-0004-004789,2025-12-25,2026-01-24,30,PO-251461,USD,1987.13,1835.69,151.44,Sales tax,0.0825,Marketing,MAR-238,Invoice,AP-0004789.pdf,False,2
AP-0002309,Email,E,V-0051,Summit Digital Ltd.,TX-0051-19602,India,INV-0051-002309,2025-12-22,2026-02-05,45,PO-250026,INR,14908.77,12634.55,2274.22,GST,0.18,IT,IT-411,Invoice,AP-0002309.pdf,False,2
AP-0004694,Supplier portal,D,V-0049,Harbor Resources LLC,TX-0049-19644,Germany,INV-0049-004694,2025-12-22,2026-01-21,30,PO-251915,EUR,2175.58,1798.0,377.58,VAT,0.21,Sales,SAL-332,Invoice,AP-0004694.pdf,False,2
AP-0004014,Email,E,V-0063,Copperfield Systems Inc.,TX-0063-67062,United States,INV-0063-004014,2025-12-20,2026-01-19,30,PO-250251,USD,54398.0,50252.19,4145.81,Sales tax,0.0825,Sales,SAL-274,Invoice,AP-0004014.pdf,True,1
AP-0001508,Supplier portal,C,V-0065,Stonebridge Networks Inc.,TX-0065-32403,United States,INV-0065-001508,2025-12-22,2026-01-21,30,PO-251677,USD,16072.2,16072.2,0.0,Sales tax,0.0,Marketing,MAR-301,Invoice,AP-0001508.pdf,False,2
AP-0003026,Supplier portal,C,V-0108,Summit Supply Ltd.,TX-0108-54358,Canada,INV-0108-003026,2025-12-25,2026-02-23,60,PO-250355,CAD,89541.37,85277.5,4263.87,GST,0.05,Sales,SAL-307,Invoice,AP-0003026.pdf,False,1
AP-0004932,Email,E,V-0063,Copperfield Systems Inc.,TX-0063-67062,United States,INV-0063-004932,2025-12-21,2026-01-20,30,PO-250081,USD,2753.73,2543.86,209.87,Sales tax,0.0825,Finance,FIN-234,Invoice,AP-0004932.pdf,True,1
AP-0003972,EDI,B,V-0135,Stonebridge Systems LLC,TX-0135-50499,United States,INV-0135-003972,2025-12-22,2026-01-21,30,PO-251077,USD,18531.97,17119.6,1412.37,Sales tax,0.0825,Facilities,FAC-298,Invoice,,False,3
AP-0001184,Supplier portal,C,V-0140,Blue Ridge Operations Inc.,TX-0140-96185,United States,INV-0140-001184,2025-12-20,2026-01-19,30,PO-251819,USD,6887.94,6887.94,0.0,Sales tax,0.0,Engineering,ENG-432,Invoice,AP-0001184.pdf,False,1
AP-0000287,Supplier portal,D,V-0115,Ironwood Services Group,TX-0115-48708,Ireland,INV-0115-000287,2025-12-20,2026-01-04,15,PO-251488,EUR,3879.08,3205.85,673.23,VAT,0.21,Finance,FIN-210,Invoice,AP-0000287.pdf,False,2
AP-0000755,Email,E,V-0031,Lighthouse Systems Inc.,TX-0031-87911,United States,INV-0031-000755,2025-12-23,2026-01-07,15,PO-250418,USD,35221.7,35221.7,0.0,Sales tax,0.0,People,PEO-369,Invoice,AP-0000755.pdf,False,3
AP-0001729,EDI,B,V-0135,Stonebridge Systems LLC,TX-0135-50499,United States,INV-0135-001729,2025-12-22,2026-01-21,30,PO-250150,USD,1888.1,1744.2,143.9,Sales tax,0.0825,IT,IT-354,Invoice,,False,3
AP-0002749,EDI,A,V-0127,Ironwood Solutions Inc.,TX-0127-49996,United States,INV-0127-002749,2025-12-21,2026-02-04,45,PO-252019,USD,982.1,907.25,74.85,Sales tax,0.0825,Marketing,MAR-231,Invoice,,False,2
AP-0003197,Email,B,V-0062,Juniper Resources Ltd.,TX-0062-17232,United States,INV-0062-003197,2025-12-23,2026-01-22,30,PO-252062,USD,319.2,319.2,0.0,Sales tax,0.0,Engineering,ENG-475,Invoice,AP-0003197.pdf,True,3
AP-0003116,Email,E,V-0041,Juniper Advisors Ltd.,TX-0041-11074,United States,INV-0041-003116,2025-12-21,2026-02-04,45,PO-252364,USD,2645.82,2444.18,201.64,Sales tax,0.0825,Engineering,ENG-404,Invoice,AP-0003116.pdf,False,2
AP-0003217,Supplier portal,C,V-0105,Ironwood Analytics Inc.,TX-0105-55701,United States,INV-0105-003217,2025-12-25,2026-02-08,45,PO-251076,USD,14151.93,14151.93,0.0,Sales tax,0.0,IT,IT-414,Invoice,AP-0003217.pdf,False,3
AP-0003553,EDI,D,V-0016,Redwood Consulting LLC,TX-0016-44050,Ireland,INV-0016-003553,2025-12-26,2026-01-10,15,PO-250864,EUR,35353.16,29217.49,6135.67,VAT,0.21,Legal,LEG-475,Invoice,,False,3
AP-0003782,Email,E,V-0028,Harbor Consulting Ltd.,TX-0028-83716,United Kingdom,INV-0028-002619,2025-12-22,2026-01-21,30,PO-250540,GBP,2577.58,2147.98,429.6,VAT,0.2,Finance,FIN-306,Invoice,AP-0003782.pdf,True,2
AP-0001669,Supplier portal,A,V-0032,Harbor Networks Group,TX-0032-86220,Singapore,INV-0032-001669,2025-12-26,2026-02-09,45,PO-250964,SGD,46186.11,42372.58,3813.53,GST,0.09,Sales,SAL-241,Invoice,AP-0001669.pdf,False,1
AP-0000983,Supplier portal,D,V-0037,Redwood Supply LLC,TX-0037-24439,Germany,INV-0037-000983,2025-12-22,2026-01-21,30,PO-251961,EUR,9362.42,7737.54,1624.88,VAT,0.21,Engineering,ENG-166,Credit Memo,AP-0000983.pdf,False,3
AP-0001514,Supplier portal,B,V-0086,Lighthouse Technologies LLC,TX-0086-70653,United States,INV-0086-001514,2025-12-21,2026-02-04,45,PO-251840,USD,23719.69,21911.95,1807.74,Sales tax,0.0825,Engineering,ENG-220,Invoice,AP-0001514.pdf,False,4
AP-0003849,Supplier portal,E,V-0022,Lighthouse Solutions LLC,TX-0022-47741,United States,INV-0022-003849,2025-12-25,2026-02-08,45,PO-252041,INR,1956.93,1658.42,298.51,GST,0.18,Sales,SAL-123,Invoice,AP-0003849.pdf,False,4
AP-0001431,Email,B,V-0006,Copperfield Digital Group,TX-0006-57912,Canada,INV-0006-001431,2025-12-26,2026-02-24,60,PO-252230,CAD,20836.21,19844.01,992.2,GST,0.05,Engineering,ENG-115,Invoice,AP-0001431.pdf,True,1
AP-0004936,Supplier portal,D,V-0113,Stonebridge Logistics Inc.,TX-0113-54591,Ireland,INV-0113-004936,2025-12-25,2026-02-08,45,PO-250738,EUR,2512.28,2076.26,436.02,VAT,0.21,Legal,LEG-189,Invoice,AP-0004936.pdf,False,3
AP-0002417,Email,D,V-0087,Atlas Digital Ltd.,TX-0087-76038,Germany,INV-0087-002417,2025-12-23,2026-01-07,15,PO-252144,EUR,47805.0,39508.26,8296.74,VAT,0.21,IT,IT-174,Invoice,AP-0002417.pdf,True,1
AP-0001675,EDI,B,V-0090,Copperfield Advisors Ltd.,TX-0090-82710,United States,INV-0090-001675,2025-12-22,2026-02-05,45,PO-252058,USD,9018.35,9018.35,0.0,Sales tax,0.0,Security,SEC-487,Invoice,,False,3
AP-0004862,EDI,C,V-0002,Cobalt Services LLC,TX-0002-28786,India,INV-0002-004862,2025-12-21,2026-01-05,15,PO-252002,INR,8141.34,6899.44,1241.9,GST,0.18,Facilities,FAC-157,Invoice,,False,2
AP-0002897,Supplier portal,D,V-0024,Evergreen Solutions Inc.,TX-0024-91040,Germany,INV-0024-002897,2025-12-21,2026-01-05,15,PO-250086,EUR,6868.08,5676.1,1191.98,VAT,0.21,Legal,LEG-155,Invoice,AP-0002897.pdf,False,2
AP-0003438,Email,C,V-0029,Crescent Technologies LLC,TX-0029-56211,United States,INV-0029-003438,2025-12-21,2026-01-05,15,PO-252138,USD,47494.12,43874.48,3619.64,Sales tax,0.0825,Finance,FIN-407,Invoice,AP-0003438.pdf,True,1
AP-0004876,Supplier portal,D,V-0037,Redwood Supply LLC,TX-0037-24439,Germany,INV-0037-004876,2025-12-26,2026-01-10,15,PO-252161,EUR,6138.97,5073.53,1065.44,VAT,0.21,Security,SEC-148,Invoice,AP-0004876.pdf,False,3
AP-0001049,EDI,B,V-0085,Silverline Analytics Inc.,TX-0085-56800,United States,INV-0085-001049,2025-12-25,2026-01-24,30,PO-251401,USD,4106.62,4106.62,0.0,Sales tax,0.0,Marketing,MAR-361,Invoice,,False,1
AP-0002628,Supplier portal,D,V-0115,Ironwood Services Group,TX-0115-48708,Ireland,INV-0115-002628,2025-12-22,2026-01-06,15,PO-250010,EUR,2654.59,2193.88,460.71,VAT,0.21,Engineering,ENG-190,Invoice,AP-0002628.pdf,False,2
AP-0002202,EDI,B,V-0009,Blue Ridge Supply LLC,TX-0009-87210,United States,INV-0009-002202,2025-12-25,2026-02-08,45,PO-252126,USD,11982.56,11982.56,0.0,Sales tax,0.0,Sales,SAL-127,Invoice,,False,2
AP-0002235,Supplier portal,A,V-0001,Evergreen Consulting Group,TX-0001-43105,India,INV-0001-002235,2025-12-25,2026-01-24,30,PO-251434,INR,17220.76,14593.86,2626.9,GST,0.18,Legal,LEG-454,Invoice,AP-0002235.pdf,False,3
AP-0004180,Supplier portal,E,V-0035,Pioneer Networks Ltd.,TX-0035-47483,United States,INV-0035-004180,2025-12-23,2026-01-22,30,PO-251581,USD,2907.49,2907.49,0.0,Sales tax,0.0,Customer Success,CUS-163,Invoice,AP-0004180.pdf,False,3
AP-0000558,Supplier portal,A,V-0092,Summit Resources Group,TX-0092-15472,United States,INV-0092-000558,2025-12-24,2026-01-08,15,PO-251236,USD,39968.69,39968.69,0.0,Sales tax,0.0,Security,SEC-245,Invoice,AP-0000558.pdf,False,4
AP-0003963,Supplier portal,A,V-0045,Atlas Services LLC,TX-0045-69725,United States,INV-0045-003963,2025-12-24,2026-02-07,45,PO-252369,USD,4709.31,4709.31,0.0,Sales tax,0.0,People,PEO-418,Invoice,AP-0003963.pdf,False,1
AP-0003973,Email,C,V-0107,Silverline Advisors Inc.,TX-0107-50949,United States,INV-0107-003973,2025-12-25,2026-02-23,60,PO-250140,USD,2555.05,2360.32,194.73,Sales tax,0.0825,Customer Success,CUS-293,Invoice,AP-0003973.pdf,True,3
AP-0004983,EDI,A,V-0050,Ironwood Services Ltd.,TX-0050-69493,United States,INV-0050-004983,2025-12-22,2026-01-21,30,PO-250070,USD,18325.14,18325.14,0.0,Sales tax,0.0,Engineering,ENG-293,Invoice,,False,1
AP-0002185,EDI,B,V-0064,Summit Consulting Inc.,TX-0064-39165,Canada,INV-0064-002185,2025-12-23,2026-01-22,30,PO-251972,CAD,30434.47,28985.21,1449.26,GST,0.05,Marketing,MAR-292,Invoice,,False,1
AP-0004751,Supplier portal,D,V-0047,Stonebridge Advisors Group,TX-0047-37316,Ireland,INV-0047-004751,2025-12-27,2026-02-10,45,PO-252344,EUR,1448.84,1197.39,251.45,VAT,0.21,Security,SEC-208,Invoice,AP-0004751.pdf,False,2
AP-0004090,Supplier portal,C,V-0112,Crescent Systems Group,TX-0112-59988,United States,INV-0112-004090,2025-12-23,2026-01-22,30,PO-250898,USD,28529.63,28529.63,0.0,Sales tax,0.0,Customer Success,CUS-193,Invoice,AP-0004090.pdf,False,1
AP-0003942,EDI,B,V-0006,Copperfield Digital Group,TX-0006-57912,Canada,INV-0006-003942,2025-12-22,2026-02-20,60,PO-250510,CAD,65965.83,62824.6,3141.23,GST,0.05,Facilities,FAC-388,Invoice,,False,1
AP-0002842,Email,C,V-0055,Silverline Analytics Group,TX-0055-46775,Singapore,INV-0055-002842,2025-12-24,2026-01-23,30,PO-252182,SGD,21976.9,20162.29,1814.61,GST,0.09,Security,SEC-383,Invoice,AP-0002842.pdf,False,1
AP-0003390,Email,B,V-0042,Harbor Services Group,TX-0042-54837,United States,INV-0042-003390,2025-12-26,2026-02-24,60,PO-250570,USD,1366.85,1366.85,0.0,Sales tax,0.0,IT,IT-187,Invoice,AP-0003390.pdf,False,2
AP-0000641,Supplier portal,A,V-0097,Clearview Analytics Ltd.,TX-0097-36111,United Kingdom,INV-0097-000641,2025-12-23,2026-02-06,45,PO-251282,GBP,2767.24,2306.03,461.21,VAT,0.2,Customer Success,CUS-495,Invoice,AP-0000641.pdf,False,1
AP-0003833,Email,E,V-0014,Summit Logistics Group,TX-0014-36758,United States,INV-0014-001337,2025-12-22,2026-01-21,30,PO-250151,USD,1877.05,1877.05,0.0,Sales tax,0.0,Legal,LEG-324,Invoice,AP-0003833.pdf,True,3
AP-0004854,Supplier portal,C,V-0104,Oakmont Operations Group,TX-0104-57614,United States,INV-0104-004854,2025-12-26,2026-01-10,15,PO-252091,USD,3817.87,3817.87,0.0,Sales tax,0.0,Sales,SAL-286,Invoice,AP-0004854.pdf,False,1
AP-0003097,EDI,A,V-0096,Copperfield Systems Group,TX-0096-18776,Canada,INV-0096-003097,2025-12-23,2026-02-21,60,PO-251328,CAD,82734.07,78794.35,3939.72,GST,0.05,Facilities,FAC-188,Invoice,,False,2
AP-0003384,Supplier portal,E,V-0119,Evergreen Systems Group,TX-0119-27534,United States,INV-0119-003384,2025-12-22,2026-01-21,30,PO-251419,USD,72863.97,67310.83,5553.14,Sales tax,0.0825,People,PEO-101,Invoice,AP-0003384.pdf,False,1
AP-0002649,EDI,B,V-0083,Pioneer Services Group,TX-0083-82789,United States,INV-0083-002649,2025-12-27,2026-01-26,30,PO-251412,USD,16682.67,15411.24,1271.43,Sales tax,0.0825,Facilities,FAC-370,Invoice,,False,4
AP-0002518,Email,B,V-0025,Oakmont Supply Group,TX-0025-19498,United States,INV-0025-002518,2025-12-23,2026-02-21,60,PO-250162,USD,5142.87,4750.92,391.95,Sales tax,0.0825,Facilities,FAC-186,Invoice,AP-0002518.pdf,False,1
AP-0003252,Supplier portal,C,V-0120,Oakmont Advisors Group,TX-0120-96327,Canada,INV-0120-003252,2025-12-23,2026-01-22,30,PO-250366,CAD,8938.4,8512.76,425.64,GST,0.05,Facilities,FAC-292,Invoice,AP-0003252.pdf,False,2
AP-0002689,EDI,B,V-0077,Cobalt Operations LLC,TX-0077-86128,United States,INV-0077-002689,2025-12-22,2026-02-20,60,PO-250108,USD,43395.62,43395.62,0.0,Sales tax,0.0,Facilities,FAC-248,Invoice,,False,2
AP-0000637,Supplier portal,A,V-0059,Pioneer Solutions Group,TX-0059-74622,United States,INV-0059-000637,2025-12-25,2026-02-08,45,PO-251186,USD,6915.08,6388.06,527.02,Sales tax,0.0825,Sales,SAL-248,Invoice,AP-0000637.pdf,False,2
AP-0004675,Email,D,V-0084,Redwood Supply LLC,TX-0084-70345,Germany,INV-0084-004675,2025-12-22,2026-01-21,30,PO-250272,EUR,10458.08,8643.04,1815.04,VAT,0.21,Legal,LEG-283,Invoice,AP-0004675.pdf,False,3
AP-0000051,Supplier portal,D,V-0049,Harbor Resources LLC,TX-0049-19644,Germany,INV-0049-000051,2025-12-26,2026-01-25,30,PO-250477,EUR,3937.53,3254.16,683.37,VAT,0.21,Security,SEC-180,Invoice,AP-0000051.pdf,False,2
AP-0002556,Email,C,V-0118,Stonebridge Logistics Ltd.,TX-0118-10046,United States,INV-0118-002556,2025-12-27,2026-01-26,30,PO-251084,USD,10164.92,9390.23,774.69,Sales tax,0.0825,Security,SEC-103,Invoice,AP-0002556.pdf,False,3
AP-0004157,EDI,D,V-0102,Blue Ridge Analytics Inc.,TX-0102-39905,Germany,INV-0102-004157,2025-12-28,2026-01-12,15,PO-251392,EUR,2504.98,2070.23,434.75,VAT,0.21,Legal,LEG-372,Invoice,,False,2
AP-0003266,Supplier portal,C,V-0061,Copperfield Services Inc.,TX-0061-83099,United States,INV-0061-003266,2025-12-24,2026-01-23,30,PO-251480,USD,22962.05,22962.05,0.0,Sales tax,0.0,People,PEO-125,Invoice,AP-0003266.pdf,False,3
AP-0003873,Supplier portal,A,V-0007,Redwood Logistics Ltd.,TX-0007-69764,India,INV-0007-003873,2025-12-26,2026-01-10,15,PO-250437,INR,2860.4,2424.07,436.33,GST,0.18,Sales,SAL-200,Invoice,AP-0003873.pdf,False,3
AP-0003658,EDI,B,V-0090,Copperfield Advisors Ltd.,TX-0090-82710,United States,INV-0090-003658,2025-12-24,2026-02-07,45,PO-251828,USD,31953.48,31953.48,0.0,Sales tax,0.0,Sales,SAL-254,Invoice,,False,1
AP-0004469,Supplier portal,E,V-0089,Atlas Supply LLC,TX-0089-88461,Canada,INV-0089-004469,2025-12-25,2026-02-08,45,PO-250031,CAD,2552.23,2430.7,121.53,GST,0.05,IT,IT-124,Invoice,AP-0004469.pdf,False,1
AP-0000459,Supplier portal,A,V-0054,Crescent Logistics LLC,TX-0054-19609,United States,INV-0054-000459,2025-12-25,2026-01-24,30,PO-250127,USD,1180.53,1090.56,89.97,Sales tax,0.0825,Marketing,MAR-123,Invoice,AP-0000459.pdf,False,1
AP-0001615,Email,A,V-0131,Copperfield Systems LLC,TX-0131-83608,United States,INV-0131-001615,2025-12-24,2026-01-23,30,PO-250735,USD,3519.9,3519.9,0.0,Sales tax,0.0,Customer Success,CUS-297,Invoice,AP-0001615.pdf,True,3
AP-0004720,Supplier portal,D,V-0102,Blue Ridge Analytics Inc.,TX-0102-39905,Germany,INV-0102-004720,2025-12-27,2026-01-11,15,PO-251195,EUR,13813.56,11416.17,2397.39,VAT,0.21,Marketing,MAR-119,Invoice,AP-0004720.pdf,False,1
AP-0000064,Supplier portal,C,V-0120,Oakmont Advisors Group,TX-0120-96327,Canada,INV-0120-000064,2025-12-27,2026-01-26,30,PO-250803,CAD,3935.02,3747.64,187.38,GST,0.05,Facilities,FAC-414,Invoice,AP-0000064.pdf,False,2
AP-0000852,Supplier portal,D,V-0113,Stonebridge Logistics Inc.,TX-0113-54591,Ireland,INV-0113-000852,2025-12-26,2026-02-09,45,PO-251406,EUR,87975.96,72707.4,15268.56,VAT,0.21,People,PEO-480,Invoice,AP-0000852.pdf,False,2
AP-0000735,Supplier portal,C,V-0038,Beacon Analytics Ltd.,TX-0038-45747,United States,INV-0038-000735,2025-12-28,2026-01-12,15,PO-251181,USD,5336.4,5336.4,0.0,Sales tax,0.0,Facilities,FAC-450,Invoice,AP-0000735.pdf,False,3
AP-0002969,Supplier portal,E,V-0028,Harbor Consulting Ltd.,TX-0028-83716,United Kingdom,INV-0028-002969,2025-12-28,2026-01-27,30,PO-251100,GBP,39492.15,32910.12,6582.03,VAT,0.2,Sales,SAL-134,Invoice,AP-0002969.pdf,False,3
AP-0003580,Supplier portal,B,V-0093,Clearview Systems Inc.,TX-0093-95568,United States,INV-0093-003580,2025-12-28,2026-01-12,15,PO-251917,USD,16403.49,15153.34,1250.15,Sales tax,0.0825,Facilities,FAC-272,Invoice,AP-0003580.pdf,False,1
AP-0003936,Email,B,V-0073,Pioneer Partners Ltd.,TX-0073-32545,United States,INV-0073-003936,2025-12-26,2026-01-25,30,PO-251221,USD,38546.04,38546.04,0.0,Sales tax,0.0,Sales,SAL-260,Invoice,AP-0003936.pdf,True,1
AP-0001300,Supplier portal,A,V-0136,Clearview Services Inc.,TX-0136-10386,Singapore,INV-0136-001300,2025-12-25,2026-02-08,45,PO-251298,SGD,5567.71,5107.99,459.72,GST,0.09,Customer Success,CUS-432,Invoice,AP-0001300.pdf,False,1
AP-0004332,Supplier portal,D,V-0138,Atlas Partners Group,TX-0138-43552,Ireland,INV-0138-004332,2025-12-26,2026-01-25,30,PO-250890,EUR,22134.33,18292.83,3841.5,VAT,0.21,Security,SEC-456,Invoice,AP-0004332.pdf,False,3
AP-0000873,Supplier portal,C,V-0133,Cobalt Partners Group,TX-0133-30576,United States,INV-0133-000873,2025-12-24,2026-02-07,45,PO-250527,USD,27067.85,27067.85,0.0,Sales tax,0.0,Sales,SAL-245,Invoice,AP-0000873.pdf,False,3
AP-0003405,Email,E,V-0051,Summit Digital Ltd.,TX-0051-19602,India,INV-0051-003405,2025-12-29,2026-02-12,45,PO-250026,INR,8191.0,6941.53,1249.47,GST,0.18,IT,IT-411,Invoice,AP-0003405.pdf,True,3
AP-0002760,EDI,B,V-0011,Oakmont Solutions LLC,TX-0011-62098,United States,INV-0011-002760,2025-12-24,2026-01-23,30,PO-250084,USD,3673.44,3673.44,0.0,Sales tax,0.0,People,PEO-345,Invoice,,False,2
AP-0003090,Supplier portal,A,V-0137,Pioneer Consulting Ltd.,TX-0137-44191,United States,INV-0137-003090,2025-12-25,2026-01-24,30,PO-252347,USD,1163.17,1163.17,0.0,Sales tax,0.0,IT,IT-112,Invoice,AP-0003090.pdf,False,2
AP-0002149,Supplier portal,A,V-0001,Evergreen Consulting Group,TX-0001-43105,India,INV-0001-002149,2025-12-24,2026-01-23,30,PO-252366,INR,1167.83,989.69,178.14,GST,0.18,Security,SEC-343,Invoice,AP-0002149.pdf,False,2
AP-0000093,Supplier portal,D,V-0115,Ironwood Services Group,TX-0115-48708,Ireland,INV-0115-000093,2025-12-24,2026-01-08,15,PO-251686,EUR,49674.06,41052.94,8621.12,VAT,0.21,Engineering,ENG-337,Invoice,AP-0000093.pdf,False,2
AP-0001686,Supplier portal,B,V-0073,Pioneer Partners Ltd.,TX-0073-32545,United States,INV-0073-001686,2025-12-27,2026-01-26,30,PO-250551,USD,6511.24,6511.24,0.0,Sales tax,0.0,Security,SEC-304,Invoice,AP-0001686.pdf,False,3
AP-0003024,Supplier portal,B,V-0011,Oakmont Solutions LLC,TX-0011-62098,United States,INV-0011-003024,2025-12-26,2026-01-10,15,PO-250715,USD,31236.5,31236.5,0.0,Sales tax,0.0,Marketing,MAR-475,Invoice,AP-0003024.pdf,False,3
AP-0003420,EDI,D,V-0130,Harbor Technologies Ltd.,TX-0130-24969,Germany,INV-0130-003420,2025-12-29,2026-02-27,60,PO-252128,EUR,29439.36,24330.05,5109.31,VAT,0.21,Finance,FIN-452,Invoice,,False,2
AP-0004640,EDI,E,V-0035,Pioneer Networks Ltd.,TX-0035-47483,United States,INV-0035-004640,2025-12-25,2026-01-24,30,PO-251267,USD,14987.79,14987.79,0.0,Sales tax,0.0,Customer Success,CUS-264,Invoice,,False,1
AP-0002609,Email,C,V-0020,Copperfield Partners Group,TX-0020-45960,United States,INV-0020-002609,2025-12-26,2026-02-24,60,PO-250232,USD,24670.76,24670.76,0.0,Sales tax,0.0,Facilities,FAC-273,Invoice,AP-0002609.pdf,False,3
AP-0004942,Supplier portal,C,V-0133,Cobalt Partners Group,TX-0133-30576,United States,INV-0133-004942,2025-12-27,2026-02-10,45,PO-250677,USD,12452.79,12452.79,0.0,Sales tax,0.0,Sales,SAL-111,Invoice,AP-0004942.pdf,False,3
AP-0000338,EDI,D,V-0125,Brightpath Resources Ltd.,TX-0125-42798,Ireland,INV-0125-000338,2025-12-29,2026-01-13,15,PO-250378,EUR,6037.33,4989.53,1047.8,VAT,0.21,Customer Success,CUS-283,Invoice,,False,3
AP-0002004,Email,A,V-0070,Beacon Services LLC,TX-0070-80671,United States,INV-0070-002004,2025-12-26,2026-02-24,60,PO-251674,USD,6608.9,6608.9,0.0,Sales tax,0.0,IT,IT-381,Invoice,AP-0002004.pdf,False,3
AP-0000594,EDI,A,V-0137,Pioneer Consulting Ltd.,TX-0137-44191,United States,INV-0137-000594,2025-12-25,2026-01-24,30,PO-252347,USD,225.85,225.85,0.0,Sales tax,0.0,IT,IT-112,Invoice,,False,2
AP-0001325,Supplier portal,E,V-0100,Summit Logistics Inc.,TX-0100-21510,United States,INV-0100-001325,2025-12-28,2026-01-27,30,PO-252133,USD,55353.31,55353.31,0.0,Sales tax,0.0,Finance,FIN-336,Invoice,AP-0001325.pdf,False,2
AP-0000098,EDI,B,V-0073,Pioneer Partners Ltd.,TX-0073-32545,United States,INV-0073-000098,2025-12-24,2026-01-23,30,PO-251221,USD,24897.24,24897.24,0.0,Sales tax,0.0,Sales,SAL-260,Invoice,,False,3
AP-0001785,Supplier portal,A,V-0015,Clearview Digital Inc.,TX-0015-69124,United States,INV-0015-001785,2025-12-29,2026-01-28,30,PO-251059,USD,46031.44,46031.44,0.0,Sales tax,0.0,Sales,SAL-222,Invoice,AP-0001785.pdf,False,2
AP-0000952,Supplier portal,D,V-0016,Redwood Consulting LLC,TX-0016-44050,Ireland,INV-0016-000952,2025-12-28,2026-01-12,15,PO-250864,EUR,10668.7,8817.11,1851.59,VAT,0.21,Legal,LEG-475,Invoice,AP-0000952.pdf,False,3
AP-0003407,Supplier portal,B,V-0090,Copperfield Advisors Ltd.,TX-0090-82710,United States,INV-0090-003407,2025-12-24,2026-02-07,45,PO-252058,USD,11842.92,11842.92,0.0,Sales tax,0.0,Security,SEC-487,Invoice,AP-0003407.pdf,False,1
AP-0004254,Email,A,V-0054,Crescent Logistics LLC,TX-0054-19609,United States,INV-0054-004254,2025-12-25,2026-01-24,30,PO-251052,USD,42000.23,38799.29,3200.94,Sales tax,0.0825,Finance,FIN-111,Invoice,AP-0004254.pdf,True,4
AP-0003862,Supplier portal,C,V-0107,Silverline Advisors Inc.,TX-0107-50949,United States,INV-0107-003862,2025-12-27,2026-02-25,60,PO-252050,USD,3247.07,2999.6,247.47,Sales tax,0.0825,Security,SEC-143,Invoice,AP-0003862.pdf,False,3
AP-0004086,Email,D,V-0049,Harbor Resources LLC,TX-0049-19644,Germany,INV-0049-004086,2025-12-26,2026-01-25,30,PO-250565,EUR,7770.66,6422.03,1348.63,VAT,0.21,Security,SEC-281,Invoice,AP-0004086.pdf,False,3
AP-0001573,Supplier portal,C,V-0081,Silverline Supply Group,TX-0081-73770,United States,INV-0081-001573,2025-12-28,2026-01-27,30,PO-250291,USD,149821.81,149821.81,0.0,Sales tax,0.0,Facilities,FAC-481,Invoice,AP-0001573.pdf,False,2
AP-0003360,Email,D,V-0102,Blue Ridge Analytics Inc.,TX-0102-39905,Germany,INV-0102-003360,2025-12-26,2026-01-10,15,PO-251392,EUR,10377.04,8576.07,1800.97,VAT,0.21,Legal,LEG-372,Invoice,AP-0003360.pdf,False,3
AP-0002859,Email,E,V-0043,Crescent Analytics Group,TX-0043-75924,United States,INV-0043-002859,2025-12-25,2026-02-23,60,PO-251773,USD,5183.84,5183.84,0.0,Sales tax,0.0,People,PEO-367,Invoice,AP-0002859.pdf,True,3
AP-0003594,Email,A,V-0114,Beacon Logistics Group,TX-0114-88629,United States,INV-0114-003594,2025-12-25,2026-01-24,30,PO-251650,USD,30929.62,28572.4,2357.22,Sales tax,0.0825,Engineering,ENG-130,Invoice,AP-0003594.pdf,False,1
AP-0003074,EDI,C,V-0029,Crescent Technologies LLC,TX-0029-56211,United States,INV-0029-003074,2025-12-26,2026-01-10,15,PO-252138,USD,38522.29,35586.41,2935.88,Sales tax,0.0825,Finance,FIN-407,Invoice,,False,2
AP-0000632,Email,A,V-0050,Ironwood Services Ltd.,TX-0050-69493,United States,INV-0050-000632,2025-12-29,2026-01-28,30,PO-252341,USD,24054.91,24054.91,0.0,Sales tax,0.0,Finance,FIN-488,Invoice,AP-0000632.pdf,True,2
AP-0001706,Supplier portal,A,V-0131,Copperfield Systems LLC,TX-0131-83608,United States,INV-0131-001706,2025-12-27,2026-01-26,30,PO-250735,USD,1792.14,1792.14,0.0,Sales tax,0.0,Customer Success,CUS-297,Invoice,AP-0001706.pdf,False,2
AP-0003121,Supplier portal,D,V-0138,Atlas Partners Group,TX-0138-43552,Ireland,INV-0138-003121,2025-12-28,2026-02-11,45,PO-251068,EUR,5626.62,4650.1,976.52,VAT,0.21,People,PEO-382,Invoice,AP-0003121.pdf,False,1
AP-0001899,Email,C,V-0065,Stonebridge Networks Inc.,TX-0065-32403,United States,INV-0065-001899,2025-12-28,2026-01-27,30,PO-251728,USD,8024.27,8024.27,0.0,Sales tax,0.0,People,PEO-281,Invoice,AP-0001899.pdf,True,2
AP-0002653,Supplier portal,B,V-0083,Pioneer Services Group,TX-0083-82789,United States,INV-0083-002653,2025-12-30,2026-01-14,15,PO-250229,USD,4150.4,3834.09,316.31,Sales tax,0.0825,Engineering,ENG-399,Invoice,AP-0002653.pdf,False,4
AP-0000875,Email,C,V-0053,Oakmont Supply Group,TX-0053-42836,Singapore,INV-0053-000875,2025-12-28,2026-01-27,30,PO-250248,SGD,44959.97,41247.68,3712.29,GST,0.09,Security,SEC-339,Invoice,AP-0000875.pdf,False,4
AP-0004066,Supplier portal,A,V-0136,Clearview Services Inc.,TX-0136-10386,Singapore,INV-0136-004066,2025-12-27,2026-02-10,45,PO-251805,SGD,9179.72,8421.76,757.96,GST,0.09,Sales,SAL-432,Invoice,AP-0004066.pdf,False,1
AP-0000832,Supplier portal,E,V-0022,Lighthouse Solutions LLC,TX-0022-47741,United States,INV-0022-000832,2025-12-29,2026-02-12,45,PO-252041,USD,2336.27,2158.22,178.05,Sales tax,0.0825,Sales,SAL-123,Invoice,AP-0000832.pdf,False,2
AP-0002592,Supplier portal,B,V-0090,Copperfield Advisors Ltd.,TX-0090-82710,United States,INV-0090-002592,2025-12-29,2026-02-12,45,PO-251733,USD,235820.15,235820.15,0.0,Sales tax,0.0,Customer Success,CUS-153,Invoice,AP-0002592.pdf,False,2
AP-0004894,Supplier portal,B,V-0042,Harbor Services Group,TX-0042-54837,United States,INV-0042-004894,2025-12-27,2026-02-25,60,PO-250740,USD,5671.58,5671.58,0.0,Sales tax,0.0,Sales,SAL-175,Invoice,AP-0004894.pdf,False,3
AP-0000446,Supplier portal,B,V-0011,Oakmont Solutions LLC,TX-0011-62098,United States,INV-0011-000446,2025-12-28,2026-01-27,30,PO-252265,USD,4471.33,4471.33,0.0,Sales tax,0.0,Customer Success,CUS-229,Invoice,AP-0000446.pdf,False,3
AP-0004340,EDI,B,V-0019,Redwood Systems LLC,TX-0019-24934,Canada,INV-0019-000658,2025-12-27,2026-02-25,60,PO-250847,CAD,10262.52,9773.83,488.69,GST,0.05,Engineering,ENG-211,Invoice,,False,2
AP-0004583,Supplier portal,B,V-0073,Pioneer Partners Ltd.,TX-0073-32545,United States,INV-0073-004583,2025-12-28,2026-01-27,30,PO-251221,USD,49976.1,49976.1,0.0,Sales tax,0.0,Sales,SAL-260,Invoice,AP-0004583.pdf,False,2
AP-0000910,Email,B,V-0090,Copperfield Advisors Ltd.,TX-0090-82710,United States,INV-0090-000910,2025-12-25,2026-02-08,45,PO-250970,USD,11717.53,11717.53,0.0,Sales tax,0.0,Engineering,ENG-211,Invoice,AP-0000910.pdf,True,1
AP-0001604,Supplier portal,B,V-0013,Cobalt Operations LLC,TX-0013-11961,United States,INV-0013-001604,2025-12-30,2026-02-13,45,PO-250656,USD,194484.99,194484.99,0.0,Sales tax,0.0,Security,SEC-307,Invoice,AP-0001604.pdf,False,2
AP-0001861,Supplier portal,A,V-0106,Oakmont Analytics Inc.,TX-0106-56495,United States,INV-0106-001861,2025-12-25,2026-02-08,45,PO-252026,USD,12256.74,12256.74,0.0,Sales tax,0.0,Legal,LEG-275,Invoice,AP-0001861.pdf,False,3
AP-0004255,EDI,D,V-0080,Juniper Resources Inc.,TX-0080-26211,Ireland,INV-0080-004255,2025-12-27,2026-01-26,30,PO-252132,EUR,20406.01,16864.47,3541.54,VAT,0.21,Marketing,MAR-153,Invoice,,False,4
AP-0003829,EDI,C,V-0074,Harbor Analytics Ltd.,TX-0074-79332,United States,INV-0074-003829,2025-12-26,2026-01-25,30,PO-252029,USD,19031.28,19031.28,0.0,Sales tax,0.0,Legal,LEG-130,Invoice,,False,1
AP-0001962,Supplier portal,A,V-0132,Atlas Supply Group,TX-0132-11639,United States,INV-0132-001962,2025-12-30,2026-02-13,45,PO-252311,USD,495.23,457.49,37.74,Sales tax,0.0825,Legal,LEG-472,Invoice,AP-0001962.pdf,False,1
AP-0001185,Email,A,V-0128,Harbor Systems LLC,TX-0128-19285,United States,INV-0128-001185,2025-12-30,2026-02-13,45,PO-251159,USD,1547.16,1429.25,117.91,Sales tax,0.0825,Legal,LEG-149,Invoice,AP-0001185.pdf,False,1
AP-0003363,Email,E,V-0099,Copperfield Networks Ltd.,TX-0099-76362,United States,INV-0099-003363,2025-12-28,2026-01-12,15,PO-251089,USD,34795.82,34795.82,0.0,Sales tax,0.0,Marketing,MAR-289,Invoice,AP-0003363.pdf,True,1
AP-0000423,Supplier portal,E,V-0041,Juniper Advisors Ltd.,TX-0041-11074,United States,INV-0041-000423,2025-12-26,2026-02-09,45,PO-251085,USD,36029.43,33283.54,2745.89,Sales tax,0.0825,Finance,FIN-385,Invoice,AP-0000423.pdf,False,3
AP-0002348,EDI,C,V-0133,Cobalt Partners Group,TX-0133-30576,United States,INV-0133-002348,2025-12-26,2026-02-09,45,PO-251407,USD,7967.2,7967.2,0.0,Sales tax,0.0,Legal,LEG-122,Invoice,,False,1
AP-0002558,Supplier portal,D,V-0076,Summit Systems LLC,TX-0076-41538,Ireland,INV-0076-002558,2025-12-28,2026-02-26,60,PO-250937,EUR,74061.15,61207.56,12853.59,VAT,0.21,Facilities,FAC-460,Invoice,AP-0002558.pdf,False,2
AP-0003118,Email,C,V-0140,Blue Ridge Operations Inc.,TX-0140-96185,United States,INV-0140-003118,2025-12-27,2026-01-26,30,PO-251744,USD,4307.96,4307.96,0.0,Sales tax,0.0,Marketing,MAR-483,Invoice,AP-0003118.pdf,True,3
AP-0000480,EDI,B,V-0093,Clearview Systems Inc.,TX-0093-95568,United States,INV-0093-000480,2025-12-26,2026-01-10,15,PO-251313,USD,72412.5,66893.76,5518.74,Sales tax,0.0825,Facilities,FAC-133,Invoice,,False,3
AP-0004966,Email,D,V-0102,Blue Ridge Analytics Inc.,TX-0102-39905,Germany,INV-0102-004966,2025-12-31,2026-01-15,15,PO-251857,EUR,3773.57,3118.65,654.92,VAT,0.21,Marketing,MAR-294,Invoice,AP-0004966.pdf,True,2
AP-0000511,Supplier portal,C,V-0118,Stonebridge Logistics Ltd.,TX-0118-10046,United States,INV-0118-000511,2025-12-27,2026-01-26,30,PO-251761,USD,1276.77,1179.46,97.31,Sales tax,0.0825,Security,SEC-186,Invoice,AP-0000511.pdf,False,2
AP-0003470,Supplier portal,C,V-0039,Blue Ridge Networks Group,TX-0039-91527,United States,INV-0039-003470,2025-12-27,2026-02-10,45,PO-251447,USD,445.9,445.9,0.0,Sales tax,0.0,People,PEO-442,Invoice,AP-0003470.pdf,False,3
AP-0002387,Supplier portal,D,V-0003,Cobalt Technologies Group,TX-0003-12255,Ireland,INV-0003-002387,2025-12-26,2026-01-25,30,PO-251594,EUR,2038.31,1684.55,353.76,VAT,0.21,Marketing,MAR-230,Invoice,AP-0002387.pdf,False,3
AP-0004699,Supplier portal,B,V-0011,Oakmont Solutions LLC,TX-0011-62098,United States,INV-0011-004106,2025-12-31,2026-01-30,30,PO-252101,USD,19450.51,19450.51,0.0,Sales tax,0.0,Engineering,ENG-335,Invoice,AP-0004699.pdf,False,2
AP-0002409,Supplier portal,D,V-0125,Brightpath Resources Ltd.,TX-0125-42798,Ireland,INV-0125-002409,2025-12-28,2026-01-27,30,PO-251984,EUR,10672.94,8820.61,1852.33,VAT,0.21,IT,IT-147,Invoice,AP-0002409.pdf,False,3
AP-0001401,Email,B,V-0036,Juniper Operations Ltd.,TX-0036-11692,United States,INV-0036-001401,2025-12-27,2026-01-26,30,PO-250517,USD,5850.29,5850.29,0.0,Sales tax,0.0,Facilities,FAC-410,Invoice,AP-0001401.pdf,True,2
AP-0001087,Supplier portal,B,V-0064,Summit Consulting Inc.,TX-0064-39165,Canada,INV-0064-001087,2025-12-28,2026-01-27,30,PO-250223,CAD,26654.08,25384.84,1269.24,GST,0.05,Marketing,MAR-169,Invoice,AP-0001087.pdf,False,2
AP-0001984,Supplier portal,E,V-0100,Summit Logistics Inc.,TX-0100-21510,United States,INV-0100-001984,2025-12-30,2026-01-14,15,PO-250497,USD,346.97,346.97,0.0,Sales tax,0.0,Legal,LEG-398,Invoice,AP-0001984.pdf,False,3
AP-0000834,EDI,E,V-0008,Lighthouse Supply Inc.,TX-0008-41136,United States,INV-0008-000834,2025-12-30,2026-01-29,30,PO-252317,USD,5136.17,5136.17,0.0,Sales tax,0.0,Finance,FIN-159,Invoice,,False,1
AP-0002783,Supplier portal,A,V-0001,Evergreen Consulting Group,TX-0001-43105,India,INV-0001-002783,2025-12-30,2026-01-29,30,PO-252366,INR,2358.73,1998.92,359.81,GST,0.18,Security,SEC-343,Invoice,AP-0002783.pdf,False,1
AP-0003322,Email,E,V-0014,Summit Logistics Group,TX-0014-36758,United States,INV-0014-003322,2025-12-26,2026-01-25,30,PO-252100,USD,5769.65,5769.65,0.0,Sales tax,0.0,Legal,LEG-166,Invoice,AP-0003322.pdf,True,1
AP-0001902,Supplier portal,C,V-0061,Copperfield Services Inc.,TX-0061-83099,United States,INV-0061-001902,2025-12-26,2026-02-24,60,PO-252301,USD,10969.7,10969.7,0.0,Sales tax,0.0,IT,IT-490,Invoice,AP-0001902.pdf,False,1
AP-0004145,Email,A,V-0015,Clearview Digital Inc.,TX-0015-69124,United States,INV-0015-004145,2025-12-27,2026-01-26,30,PO-252244,USD,31195.37,31195.37,0.0,Sales tax,0.0,Sales,SAL-248,Invoice,AP-0004145.pdf,False,3
AP-0004896,Email,A,V-0012,Oakmont Technologies LLC,TX-0012-74674,United States,INV-0012-004896,2025-12-31,2026-01-30,30,PO-251012,USD,4109.34,4109.34,0.0,Sales tax,0.0,IT,IT-105,Invoice,AP-0004896.pdf,False,1
AP-0003136,Supplier portal,B,V-0009,Blue Ridge Supply LLC,TX-0009-87210,United States,INV-0009-003136,2025-12-28,2026-02-11,45,PO-250933,USD,23962.37,23962.37,0.0,Sales tax,0.0,Legal,LEG-364,Invoice,AP-0003136.pdf,False,1
AP-0000824,Supplier portal,B,V-0091,Summit Resources Ltd.,TX-0091-39995,Singapore,INV-0091-000824,2025-12-27,2026-02-25,60,PO-250582,SGD,1063.68,975.85,87.83,GST,0.09,Engineering,ENG-128,Invoice,AP-0000824.pdf,False,2
AP-0004006,Email,C,V-0071,Summit Services LLC,TX-0071-54213,United States,INV-0071-004006,2025-12-30,2026-01-29,30,PO-252074,USD,1390.59,1390.59,0.0,Sales tax,0.0,Legal,LEG-324,Invoice,AP-0004006.pdf,False,1
AP-0004376,Supplier portal,D,V-0040,Evergreen Digital LLC,TX-0040-49956,Ireland,INV-0040-004376,2025-12-31,2026-01-30,30,PO-252064,EUR,18069.11,14933.15,3135.96,VAT,0.21,Customer Success,CUS-183,Invoice,AP-0004376.pdf,False,3
AP-0004120,EDI,E,V-0004,Harbor Networks Ltd.,TX-0004-83750,United States,INV-0004-004120,2025-12-28,2026-01-27,30,PO-251461,USD,3307.16,3055.11,252.05,Sales tax,0.0825,Marketing,MAR-238,Invoice,,False,2
AP-0002701,Email,D,V-0037,Redwood Supply LLC,TX-0037-24439,Germany,INV-0037-002701,2025-12-29,2026-01-28,30,PO-252161,EUR,30469.56,25181.45,5288.11,VAT,0.21,Security,SEC-148,Invoice,AP-0002701.pdf,False,1
AP-0002363,Supplier portal,C,V-0055,Silverline Analytics Group,TX-0055-46775,Singapore,INV-0055-002363,2025-12-30,2026-01-29,30,PO-251359,SGD,18462.56,16938.13,1524.43,GST,0.09,Security,SEC-305,Invoice,AP-0002363.pdf,False,1
AP-0002294,Email,C,V-0046,Beacon Solutions LLC,TX-0046-43936,United States,INV-0046-002294,2025-12-30,2026-02-28,60,PO-251026,USD,5077.73,5077.73,0.0,Sales tax,0.0,Legal,LEG-364,Invoice,AP-0002294.pdf,True,3
AP-0002186,Supplier portal,A,V-0005,Atlas Resources Inc.,TX-0005-88178,United States,INV-0005-002186,2025-12-27,2026-01-26,30,PO-251060,USD,43124.91,43124.91,0.0,Sales tax,0.0,People,PEO-437,Invoice,AP-0002186.pdf,False,1
AP-0001507,Email,B,V-0073,Pioneer Partners Ltd.,TX-0073-32545,United States,INV-0073-001507,2025-12-30,2026-01-29,30,PO-250617,USD,162521.12,162521.12,0.0,Sales tax,0.0,Marketing,MAR-266,Invoice,AP-0001507.pdf,False,2
AP-0002818,Supplier portal,C,V-0116,Juniper Supply LLC,TX-0116-23088,United States,INV-0116-002818,2025-12-28,2026-02-26,60,PO-251796,USD,4551.87,4551.87,0.0,Sales tax,0.0,Marketing,MAR-430,Invoice,AP-0002818.pdf,False,1
AP-0001265,Email,A,V-0015,Clearview Digital Inc.,TX-0015-69124,United States,INV-0015-001265,2025-12-27,2026-01-26,30,PO-251251,USD,5369.73,5369.73,0.0,Sales tax,0.0,Sales,SAL-350,Invoice,AP-0001265.pdf,False,1
AP-0003834,EDI,C,V-0107,Silverline Advisors Inc.,TX-0107-50949,United States,INV-0107-003834,2025-12-30,2026-02-28,60,PO-252050,USD,1630.18,1505.94,124.24,Sales tax,0.0825,Security,SEC-143,Invoice,,False,1
AP-0003648,Supplier portal,A,V-0088,Atlas Systems Group,TX-0088-45873,United States,INV-0088-003648,2025-12-29,2026-01-28,30,PO-251892,USD,4910.04,4910.04,0.0,Sales tax,0.0,Security,SEC-495,Credit Memo,AP-0003648.pdf,False,1
AP-0002213,Supplier portal,C,V-0046,Beacon Solutions LLC,TX-0046-43936,United States,INV-0046-002213,2025-12-30,2026-02-28,60,PO-250420,USD,3161.8,3161.8,0.0,Sales tax,0.0,Sales,SAL-382,Invoice,AP-0002213.pdf,False,1
AP-0001624,Supplier portal,C,V-0071,Summit Services LLC,TX-0071-54213,United States,INV-0071-001624,2025-12-30,2026-01-29,30,PO-250979,USD,3937.53,3937.53,0.0,Sales tax,0.0,Engineering,ENG-338,Invoice,AP-0001624.pdf,False,2
AP-0004478,Email,C,V-0117,Atlas Consulting LLC,TX-0117-90487,Canada,INV-0117-004478,2025-12-30,2026-01-29,30,PO-251423,CAD,7505.77,7148.35,357.42,GST,0.05,Facilities,FAC-428,Invoice,AP-0004478.pdf,True,1
AP-0000934,Email,B,V-0042,Harbor Services Group,TX-0042-54837,United States,INV-0042-000934,2025-12-30,2026-01-14,15,PO-251305,USD,5204.63,5204.63,0.0,Sales tax,0.0,Marketing,MAR-353,Invoice,AP-0000934.pdf,True,2
AP-0004213,EDI,B,V-0018,Evergreen Resources Inc.,TX-0018-72351,United States,INV-0018-004213,2025-12-28,2026-02-26,60,PO-251209,USD,114556.55,114556.55,0.0,Sales tax,0.0,People,PEO-455,Invoice,,False,3
AP-0002597,EDI,E,V-0099,Copperfield Networks Ltd.,TX-0099-76362,United States,INV-0099-002597,2025-12-28,2026-01-12,15,PO-251730,USD,1066.85,1066.85,0.0,Sales tax,0.0,Marketing,MAR-124,Invoice,,False,3
AP-0000938,Email,C,V-0048,Oakmont Systems Inc.,TX-0048-57091,United States,INV-0048-000938,2025-12-29,2026-01-13,15,PO-251988,USD,11886.26,10980.38,905.88,Sales tax,0.0825,People,PEO-259,Invoice,AP-0000938.pdf,False,1
AP-0004353,Supplier portal,C,V-0060,Clearview Solutions LLC,TX-0060-58175,United States,INV-0060-004353,2025-12-31,2026-01-15,15,PO-250693,USD,18863.1,18863.1,0.0,Sales tax,0.0,IT,IT-427,Invoice,AP-0004353.pdf,False,1
AP-0004370,Email,B,V-0025,Oakmont Supply Group,TX-0025-19498,United States,INV-0025-004370,2025-12-29,2026-02-27,60,PO-250162,USD,4082.73,3771.58,311.15,Sales tax,0.0825,Facilities,FAC-186,Credit Memo,AP-0004370.pdf,True,3
AP-0001326,Supplier portal,A,V-0015,Clearview Digital Inc.,TX-0015-69124,United States,INV-0015-001326,2025-12-30,2026-01-29,30,PO-251102,USD,1024.07,1024.07,0.0,Sales tax,0.0,Engineering,ENG-101,Invoice,AP-0001326.pdf,False,3
AP-0002667,Supplier portal,C,V-0104,Oakmont Operations Group,TX-0104-57614,United States,INV-0104-002667,2025-12-30,2026-01-14,15,PO-250056,USD,4285.36,4285.36,0.0,Sales tax,0.0,People,PEO-286,Invoice,AP-0002667.pdf,False,4
AP-0004079,Email,C,V-0108,Summit Supply Ltd.,TX-0108-54358,Canada,INV-0108-004079,2025-12-28,2026-02-26,60,PO-251668,CAD,5853.17,5574.45,278.72,GST,0.05,Engineering,ENG-459,Invoice,AP-0004079.pdf,False,1
AP-0002034,Supplier portal,B,V-0009,Blue Ridge Supply LLC,TX-0009-87210,United States,INV-0009-002034,2025-12-30,2026-02-13,45,PO-252126,USD,9434.11,9434.11,0.0,Sales tax,0.0,Sales,SAL-127,Credit Memo,AP-0002034.pdf,False,2
AP-0001130,EDI,B,V-0085,Silverline Analytics Inc.,TX-0085-56800,United States,INV-0085-001130,2025-12-31,2026-01-30,30,PO-251164,USD,10532.79,10532.79,0.0,Sales tax,0.0,Customer Success,CUS-332,Invoice,,False,1
AP-0004550,Email,E,V-0030,Crescent Networks Inc.,TX-0030-52947,United States,INV-0030-004550,2025-12-28,2026-02-26,60,PO-251445,USD,20775.93,19192.55,1583.38,Sales tax,0.0825,People,PEO-124,Invoice,AP-0004550.pdf,False,2
AP-0001940,Supplier portal,D,V-0003,Cobalt Technologies Group,TX-0003-12255,Ireland,INV-0003-001940,2025-12-31,2026-01-30,30,PO-251242,EUR,5717.85,4725.5,992.35,VAT,0.21,Facilities,FAC-164,Invoice,AP-0001940.pdf,False,1
AP-0003371,Email,B,V-0027,Harbor Digital LLC,TX-0027-23409,United States,INV-0027-003371,2025-12-28,2026-01-27,30,PO-251884,USD,3081.93,3081.93,0.0,Sales tax,0.0,IT,IT-461,Invoice,AP-0003371.pdf,False,2
AP-0004636,Supplier portal,B,V-0011,Oakmont Solutions LLC,TX-0011-62098,United States,INV-0011-004636,2025-12-30,2026-01-29,30,PO-252265,USD,25576.82,25576.82,0.0,Sales tax,0.0,Customer Success,CUS-229,Invoice,AP-0004636.pdf,False,2
AP-0002237,Supplier portal,A,V-0054,Crescent Logistics LLC,TX-0054-19609,United States,INV-0054-002237,2025-12-31,2026-01-30,30,PO-252121,USD,7413.12,6848.15,564.97,Sales tax,0.0825,Finance,FIN-280,Invoice,AP-0002237.pdf,False,4
AP-0004326,Supplier portal,C,V-0140,Blue Ridge Operations Inc.,TX-0140-96185,United States,INV-0140-004326,2025-12-31,2026-01-30,30,PO-251965,USD,22107.52,22107.52,0.0,Sales tax,0.0,Marketing,MAR-453,Invoice,AP-0004326.pdf,False,2
AP-0004130,Supplier portal,A,V-0114,Beacon Logistics Group,TX-0114-88629,United States,INV-0114-004130,2025-12-31,2026-01-30,30,PO-250176,USD,34766.21,32116.59,2649.62,Sales tax,0.0825,People,PEO-190,Invoice,AP-0004130.pdf,False,3
AP-0003639,Email,E,V-0100,Summit Logistics Inc.,TX-0100-21510,United States,INV-0100-003639,2025-12-31,2026-01-30,30,PO-252133,USD,12385.98,12385.98,0.0,Sales tax,0.0,Finance,FIN-336,Invoice,AP-0003639.pdf,True,3
AP-0004415,Supplier portal,A,V-0092,Summit Resources Group,TX-0092-15472,United States,INV-0092-004415,2025-12-30,2026-01-14,15,PO-251873,USD,9400.11,9400.11,0.0,Sales tax,0.0,Facilities,FAC-436,Invoice,AP-0004415.pdf,False,2
AP-0003822,Supplier portal,A,V-0054,Crescent Logistics LLC,TX-0054-19609,United States,INV-0054-003822,2025-12-29,2026-01-28,30,PO-250127,USD,1704.96,1575.02,129.94,Sales tax,0.0825,Marketing,MAR-123,Invoice,AP-0003822.pdf,False,4
AP-0003211,Email,A,V-0054,Crescent Logistics LLC,TX-0054-19609,United States,INV-0054-003211,2025-12-30,2026-01-29,30,PO-252121,USD,16560.47,15298.36,1262.11,Sales tax,0.0825,Finance,FIN-280,Invoice,AP-0003211.pdf,False,3
AP-0004957,Supplier portal,D,V-0047,Stonebridge Advisors Group,TX-0047-37316,Ireland,INV-0047-004957,2025-12-31,2026-01-30,30,PO-252344,EUR,13495.56,11153.36,2342.2,VAT,0.21,Security,SEC-208,Invoice,AP-0004957.pdf,False,4
AP-0000608,Email,D,V-0087,Atlas Digital Ltd.,TX-0087-76038,Germany,INV-0087-000608,2025-12-30,2026-02-28,60,PO-250525,EUR,19658.6,16246.78,3411.82,VAT,0.21,Legal,LEG-480,Invoice,AP-0000608.pdf,True,1
AP-0001682,Supplier portal,A,V-0095,Crescent Supply Ltd.,TX-0095-51083,United States,INV-0095-001682,2025-12-30,2026-01-29,30,PO-251294,USD,9906.68,9906.68,0.0,Sales tax,0.0,Sales,SAL-362,Invoice,AP-0001682.pdf,False,3
AP-0004205,Supplier portal,B,V-0042,Harbor Services Group,TX-0042-54837,United States,INV-0042-004205,2025-12-30,2026-02-28,60,PO-251206,USD,31844.15,31844.15,0.0,Sales tax,0.0,Customer Success,CUS-131,Invoice,AP-0004205.pdf,False,2
AP-0000538,Email,C,V-0053,Oakmont Supply Group,TX-0053-42836,Singapore,INV-0053-000538,2025-12-31,2026-01-30,30,PO-251041,SGD,66612.37,61112.27,5500.1,GST,0.09,People,PEO-154,Invoice,AP-0000538.pdf,False,3
AP-0003023,Email,C,V-0071,Summit Services LLC,TX-0071-54213,United States,INV-0071-003023,2025-12-31,2026-01-30,30,PO-250666,USD,2751.48,2751.48,0.0,Sales tax,0.0,Marketing,MAR-444,Invoice,AP-0003023.pdf,True,3
AP-0004244,Email,A,V-0095,Crescent Supply Ltd.,TX-0095-51083,United States,INV-0095-004244,2025-12-30,2026-01-29,30,PO-250011,USD,3295.25,3295.25,0.0,Sales tax,0.0,Security,SEC-470,Invoice,AP-0004244.pdf,True,1
AP-0002033,Supplier portal,B,V-0090,Copperfield Advisors Ltd.,TX-0090-82710,United States,INV-0090-002033,2025-12-30,2026-02-28,60,PO-250348,USD,4953.17,4953.17,0.0,Sales tax,0.0,Sales,SAL-113,Invoice,AP-0002033.pdf,False,2
AP-0003949,Email,C,V-0017,Cobalt Analytics Group,TX-0017-46110,United Kingdom,INV-0017-003949,2025-12-31,2026-02-14,45,PO-251799,GBP,7206.31,6005.26,1201.05,VAT,0.2,Security,SEC-427,Invoice,AP-0003949.pdf,False,1
AP-0003881,Supplier portal,E,V-0121,Cobalt Systems Inc.,TX-0121-33255,United States,INV-0121-003881,2025-12-31,2026-03-01,60,PO-251869,USD,7719.23,7719.23,0.0,Sales tax,0.0,Legal,LEG-194,Invoice,AP-0003881.pdf,False,2
AP-0004283,Email,B,V-0067,Beacon Operations Ltd.,TX-0067-45894,United States,INV-0067-004283,2025-12-31,2026-01-30,30,PO-251203,USD,4911.35,4911.35,0.0,Sales tax,0.0,Customer Success,CUS-427,Invoice,AP-0004283.pdf,False,2
