invoice_id,text_source,ocr_confidence,vendor_tax_id,vendor_name,invoice_number,invoice_date,due_date,po_number,currency,subtotal,tax,total,terms_days,is_credit_memo,vendor_id,layout,scanned,channel,received,matched_vendor_id,vendor_match_method,po_key,PO Vendor ID,PO Amount,PO Currency,Missing PO,Invalid PO,PO Vendor Mismatch,Currency Mismatch,Invoice Over PO,Payment Terms Mismatch,Inactive Vendor,High-Risk Vendor,Duplicate Invoice,Data Check Reasons,Needs Data Check,Control Flags,Control Flag Count,Decision,Method,Review Risk Probability,line_sum,input_tokens,output_tokens
AP-0004522,perfect,,TX-0001-43105,Evergreen Consulting Group,INV-0001-004522,2025-11-19,2025-12-19,PO-251520,INR,66627.23,11992.9,78620.13,30.0,False,V-0001,A,True,Email,2025-11-19 16:31:16.156,V-0001,tax_id,PO251520,V-0001,237854.54,INR,0,0,0,0,0,0,0,0,0,,0,,0,Auto-approve,Perfect extraction,0.3494639024364146,,,
AP-0000028,edi,,TX-0127-49996,Ironwood Solutions Inc.,INV-0127-000028,2025-11-14,2025-12-29,PO-252247,USD,1813.75,149.63,1963.38,45.0,False,V-0127,A,False,EDI,2025-11-19 17:12:26.874,V-0127,tax_id,PO252247,V-0127,10109.81,USD,0,0,0,0,0,0,0,0,0,,0,,0,Auto-approve,Perfect extraction,0.3386072642735493,,,
AP-0004401,perfect,,TX-0079-81417,Brightpath Technologies LLC,INV-0079-004401,2025-11-18,2025-12-18,PO-250778,USD,45646.26,0.0,45646.26,30.0,False,V-0079,E,False,Supplier portal,2025-11-19 18:59:27.363,V-0079,tax_id,PO250778,V-0079,124556.95,USD,0,0,0,0,0,0,0,0,0,,0,,0,Auto-approve,Perfect extraction,0.31977955783984735,,,
AP-0003289,perfect,,TX-0044-84195,Blue Ridge Resources LLC,INV-0044-003289,2025-11-16,2026-01-15,PO-250228,USD,1222.5,0.0,1222.5,60.0,False,V-0044,B,False,Supplier portal,2025-11-19 19:20:45.548,V-0044,tax_id,PO250228,V-0044,12269.96,USD,0,0,0,0,0,1,0,0,0,,0,Payment Terms Mismatch,1,Exception review,Perfect extraction,0.6246192195913932,,,
AP-0003167,perfect,,TX-0094-30896,Copperfield Systems Group,INV-0094-003167,2025-11-14,2025-12-14,PO-250274,INR,1715.59,308.81,2024.4,30.0,False,V-0094,A,False,Supplier portal,2025-11-19 20:00:12.444,V-0094,tax_id,PO250274,V-0094,16789.05,INR,0,0,0,0,0,0,0,0,0,,0,,0,Auto-approve,Perfect extraction,0.31624077280904284,,,
AP-0000183,perfect,,TX-0107-50949,Silverline Advisors Inc.,INV-0107-000183,2025-11-18,2026-01-17,PO-251453,USD,66472.68,5484.0,71956.68,60.0,False,V-0107,C,False,Email,2025-11-19 21:23:41.812,V-0107,tax_id,PO251453,V-0107,400335.43,USD,0,0,0,0,0,0,0,0,1,,0,Duplicate Invoice,1,Exception review,Perfect extraction,0.5638748471306078,,,
AP-0001057,perfect,,TX-0006-57912,Copperfield Digital Group,INV-0006-001057,2025-11-18,2026-01-17,PO-250703,CAD,6866.79,343.34,7210.13,60.0,False,V-0006,B,False,Supplier portal,2025-11-19 22:48:56.538,V-0006,tax_id,PO250703,V-0006,22864.68,CAD,0,0,0,0,0,0,0,0,0,,0,,0,Auto-approve,Perfect extraction,0.32659676496735657,,,
AP-0003082,perfect,,TX-0137-44191,Pioneer Consulting Ltd.,INV-0137-003082,2025-11-19,2025-12-19,PO-251114,USD,13463.96,0.0,13463.96,30.0,False,V-0137,A,True,Email,2025-11-19 22:57:38.638,V-0137,tax_id,PO251114,V-0137,35484.79,USD,0,0,0,0,0,0,1,0,0,,0,Inactive Vendor,1,Exception review,Perfect extraction,0.6365733514204441,,,
AP-0003102,perfect,,TX-0128-19285,Harbor Systems LLC,INV-0128-003102,2025-11-17,2026-01-01,PO-251185,USD,11049.13,911.55,11960.68,45.0,False,V-0128,A,False,Email,2025-11-19 23:45:53.706,V-0128,tax_id,PO251185,V-0128,73602.24,USD,0,0,0,0,0,0,0,0,0,,0,,0,Auto-approve,Perfect extraction,0.34531329777984426,,,
AP-0002458,edi,,TX-0137-44191,Pioneer Consulting Ltd.,INV-0137-002458,2025-11-15,2025-12-15,PO-251114,USD,7621.63,0.0,7621.63,30.0,False,V-0137,A,False,EDI,2025-11-20 02:02:43.386,V-0137,tax_id,PO251114,V-0137,35484.79,USD,0,0,0,0,0,0,1,0,0,,0,Inactive Vendor,1,Exception review,Perfect extraction,0.6362207169323364,,,
AP-0004220,perfect,,TX-0004-83750,Harbor Networks Ltd.,INV-0004-004220,2025-11-17,2025-12-17,PO-252130,USD,5648.88,466.03,6114.91,30.0,False,V-0004,E,True,Email,2025-11-20 02:46:54.438,V-0004,tax_id,PO252130,V-0004,26536.94,USD,0,0,0,0,0,0,0,0,0,,0,,0,Auto-approve,Perfect extraction,0.2968708812146698,,,
AP-0000410,edi,,TX-0052-68137,Evergreen Consulting LLC,INV-0052-000410,2025-11-19,2025-12-19,PO-252384,USD,1282.5,0.0,1282.5,30.0,False,V-0052,A,False,EDI,2025-11-20 03:12:22.971,V-0052,tax_id,PO252384,V-0052,7214.96,USD,0,0,0,0,0,0,0,0,0,,0,,0,Auto-approve,Perfect extraction,0.3061147755610851,,,
AP-0002954,perfect,,TX-0056-21648,Oakmont Services LLC,INV-0056-002954,2025-11-15,2025-11-30,PO-251543,USD,7394.36,610.03,8004.39,15.0,False,V-0056,E,True,Email,2025-11-20 04:37:20.996,V-0056,tax_id,PO251543,V-0056,28103.19,USD,0,0,0,0,0,1,0,0,0,,0,Payment Terms Mismatch,1,Exception review,Perfect extraction,0.6325312087171758,,,
AP-0000286,perfect,,TX-0078-49721,Crescent Networks Ltd.,INV-0078-000286,2025-11-17,2025-12-17,PO-250071,USD,65118.14,0.0,65118.14,30.0,False,V-0078,C,False,Supplier portal,2025-11-20 05:06:56.980,V-0078,tax_id,PO250071,V-0078,207194.76,USD,0,0,0,0,0,0,0,0,0,,0,,0,Auto-approve,Perfect extraction,0.3624103528654577,,,
AP-0002521,perfect,,TX-0119-27534,Evergreen Systems Group,INV-0119-002521,2025-11-20,2025-12-20,PO-250217,USD,4536.44,374.26,4910.7,30.0,False,V-0119,E,False,Email,2025-11-20 05:23:03.314,V-0119,tax_id,PO250217,V-0119,46531.78,USD,0,0,0,0,0,0,0,0,0,,0,,0,Auto-approve,Perfect extraction,0.3123622341934335,,,
AP-0003081,perfect,,TX-0046-43936,Beacon Solutions LLC,INV-0046-003081,2025-11-17,2026-01-16,PO-252155,USD,122671.74,0.0,122671.74,60.0,True,V-0046,C,False,Email,2025-11-20 05:41:03.789,V-0046,tax_id,PO252155,V-0046,84071.6,USD,0,0,0,0,1,0,0,0,0,,0,Invoice Over PO,1,Exception review,Perfect extraction,0.6805587019313911,,,
AP-0003105,perfect,,TX-0070-80671,Beacon Services LLC,INV-0070-003105,2025-11-15,2025-12-15,PO-250030,USD,61977.67,0.0,61977.67,30.0,False,V-0070,A,False,Supplier portal,2025-11-20 07:19:56.286,V-0070,tax_id,PO250030,V-0070,202298.55,USD,0,0,0,0,0,1,0,0,0,,0,Payment Terms Mismatch,1,Exception review,Perfect extraction,0.6544383901795247,,,
AP-0000925,perfect,,TX-0001-43105,Evergreen Consulting Group,INV-0001-000925,2025-11-20,2025-12-20,PO-251139,INR,25872.61,4657.07,30529.68,30.0,False,V-0001,A,False,Supplier portal,2025-11-20 08:53:30.877,V-0001,tax_id,PO251139,V-0001,105286.08,INR,0,0,0,0,0,0,0,0,0,,0,,0,Auto-approve,Perfect extraction,0.3199773169622636,,,
AP-0001834,perfect,,TX-0100-21510,Summit Logistics Inc.,INV-0100-001834,2025-11-20,2025-12-20,PO-250672,USD,35117.84,0.0,35117.84,30.0,False,V-0100,E,False,Supplier portal,2025-11-20 12:34:48.357,V-0100,tax_id,PO250672,V-0100,100386.21,USD,0,0,0,0,0,0,0,0,0,,0,,0,Auto-approve,Perfect extraction,0.32445985840691616,,,
AP-0002905,edi,,TX-0031-87911,Lighthouse Systems Inc.,INV-0031-002905,2025-11-18,2025-12-03,PO-250418,USD,23705.2,0.0,23705.2,15.0,False,V-0031,E,False,EDI,2025-11-20 12:46:20.372,V-0031,tax_id,PO250418,V-0031,97315.18,USD,0,0,0,0,0,0,0,1,0,,0,High-Risk Vendor,1,Exception review,Perfect extraction,0.4213218817224008,,,
AP-0004788,perfect,,TX-0036-11692,Juniper Operations Ltd.,INV-0036-004788,2025-11-16,2025-12-16,PO-251759,USD,8371.23,0.0,8371.23,30.0,False,V-0036,B,False,Supplier portal,2025-11-20 13:50:12.498,V-0036,tax_id,PO251759,V-0036,51278.63,USD,0,0,0,0,0,0,0,0,0,,0,,0,Auto-approve,Perfect extraction,0.30739345577574123,,,
AP-0003175,perfect,,TX-0048-57091,Oakmont Systems Inc.,INV-0048-003175,2025-11-20,2025-12-05,PO-252294,USD,6781.87,559.5,7341.37,15.0,False,V-0048,C,False,Email,2025-11-20 13:50:41.069,V-0048,tax_id,PO252294,V-0048,98913.96,USD,0,0,0,0,0,0,0,0,0,,0,,0,Auto-approve,Perfect extraction,0.3218684804010534,,,
AP-0001583,edi,,TX-0022-47741,Lighthouse Solutions LLC,INV-0022-001583,2025-11-19,2026-01-03,PO-251167,USD,8532.09,703.9,9235.99,45.0,False,V-0022,E,False,EDI,2025-11-20 15:02:28.587,V-0022,tax_id,PO251167,V-0022,118567.81,USD,0,0,0,0,0,0,0,1,0,,0,High-Risk Vendor,1,Exception review,Perfect extraction,0.41572938139851096,,,
AP-0004831,perfect,,TX-0021-37068,Brightpath Operations LLC,INV-0021-004831,2025-11-15,2025-12-30,PO-250889,USD,1413.73,116.63,1530.36,45.0,False,V-0021,C,False,Email,2025-11-20 15:23:57.254,V-0021,tax_id,PO250889,V-0021,5923.76,USD,0,0,0,0,0,0,0,0,0,,0,,0,Auto-approve,Perfect extraction,0.3368676491932168,,,
AP-0002321,edi,,TX-0113-54591,Stonebridge Logistics Inc.,INV-0113-002321,2025-11-20,2026-01-04,PO-250787,EUR,2385.51,500.96,2886.47,45.0,False,V-0113,D,False,EDI,2025-11-20 17:34:05.261,V-0113,tax_id,PO250787,V-0113,27735.59,EUR,0,0,0,0,0,0,0,0,0,,0,,0,Auto-approve,Perfect extraction,0.35376980952216747,,,
AP-0001060,perfect,,TX-0134-16068,Atlas Resources Ltd.,INV-0134-001060,2025-11-17,2025-12-17,,USD,8604.52,0.0,8604.52,30.0,False,V-0134,E,False,Supplier portal,2025-11-20 17:42:00.184,V-0134,tax_id,,,,,1,0,0,0,0,0,0,0,0,,0,Missing PO,1,Exception review,Perfect extraction,0.662221601492271,,,
AP-0002430,edi,,TX-0079-81417,Brightpath Technologies LLC,INV-0079-002430,2025-11-20,2025-12-20,PO-250299,USD,36688.29,0.0,36688.29,30.0,False,V-0079,E,False,EDI,2025-11-20 17:59:13.921,V-0079,tax_id,PO250299,V-0079,99153.47,USD,0,0,0,0,0,0,0,0,0,,0,,0,Auto-approve,Perfect extraction,0.31100428955491766,,,
AP-0002887,perfect,,TX-0042-54837,Harbor Services Group,INV-0042-002887,2025-11-15,2026-01-14,PO-250570,USD,7013.05,0.0,7013.05,60.0,False,V-0042,B,False,Supplier portal,2025-11-20 19:17:46.768,V-0042,tax_id,PO250570,V-0042,20022.47,USD,0,0,0,0,0,0,0,0,0,,0,,0,Auto-approve,Perfect extraction,0.3593547687888523,,,
AP-0000957,edi,,TX-0071-54213,Summit Services LLC,INV-0071-000957,2025-11-16,2025-12-16,PO-250666,USD,13104.39,0.0,13104.39,30.0,False,V-0071,C,False,EDI,2025-11-20 21:06:10.186,V-0071,tax_id,PO250666,V-0071,47259.78,USD,0,0,0,0,0,0,0,0,0,,0,,0,Auto-approve,Perfect extraction,0.2852305913525873,,,
AP-0004004,perfect,,TX-0029-56211,Crescent Technologies LLC,INV-0029-004004,2025-11-20,2025-12-05,PO-252327,USD,2392.26,197.36,2589.62,15.0,False,V-0029,C,False,Supplier portal,2025-11-20 21:50:32.221,V-0029,tax_id,PO252327,V-0029,18924.89,USD,0,0,0,0,0,0,0,0,0,,0,,0,Auto-approve,Perfect extraction,0.3085499555586995,,,
AP-0002528,perfect,,TX-0090-82710,Copperfield Advisors Ltd.,INV-0090-002528,2025-11-17,2026-01-01,PO-250970,USD,2817.2,0.0,2817.2,45.0,False,V-0090,B,False,Supplier portal,2025-11-20 21:51:50.136,V-0090,tax_id,PO250970,V-0090,33636.72,USD,0,0,0,0,0,0,0,0,0,,0,,0,Auto-approve,Perfect extraction,0.35441654196431194,,,
AP-0004062,perfect,,TX-0044-84195,Blue Ridge Resources LLC,INV-0044-004062,2025-11-18,2025-12-03,,USD,8000.61,0.0,8000.61,15.0,False,V-0044,B,False,Supplier portal,2025-11-20 22:07:17.911,V-0044,tax_id,,,,,1,0,0,0,0,0,0,0,0,,0,Missing PO,1,Exception review,Perfect extraction,0.6494238533872252,,,
AP-0000317,perfect,,TX-0037-24439,Redwood Supply LLC,INV-0037-000317,2025-11-17,2025-12-17,PO-250737,EUR,5515.88,1158.33,6674.21,30.0,False,V-0037,D,False,Supplier portal,2025-11-20 23:44:24.066,V-0037,tax_id,PO250737,V-0037,43579.99,EUR,0,0,0,0,0,0,0,0,0,,0,,0,Auto-approve,Perfect extraction,0.31178687449166614,,,
AP-0003028,perfect,,TX-0064-39165,Summit Consulting Inc.,INV-0064-003028,2025-11-16,2025-12-16,PO-251705,CAD,1189.22,59.46,1248.68,30.0,False,V-0064,B,True,Email,2025-11-21 01:41:35.329,V-0064,tax_id,PO251705,V-0064,10879.66,CAD,0,0,0,0,0,0,0,0,0,,0,,0,Auto-approve,Perfect extraction,0.47741500482266125,,,
AP-0004247,perfect,,TX-0048-57091,Oakmont Systems Inc.,INV-0048-004247,2025-11-20,2025-12-05,PO-250179,USD,512.43,42.28,554.71,15.0,False,V-0048,C,False,Supplier portal,2025-11-21 04:19:17.245,V-0048,tax_id,PO250179,V-0048,10361.45,USD,0,0,0,0,0,0,0,0,0,,0,,0,Auto-approve,Perfect extraction,0.3214595123216585,,,
AP-0004556,perfect,,TX-0088-45873,Atlas Systems Group,INV-0088-004556,2025-11-20,2025-12-20,PO-250345,USD,100305.94,0.0,100305.94,30.0,False,V-0088,A,False,Supplier portal,2025-11-21 04:48:18.037,V-0088,tax_id,PO250345,V-0088,85040.66,USD,0,0,0,0,1,0,0,0,0,,0,Invoice Over PO,1,Exception review,Perfect extraction,0.6777767350415986,,,
AP-0003819,perfect,,TX-0047-37316,Stonebridge Advisors Group,INV-0047-003819,2025-11-17,2025-12-17,PO-252226,EUR,11727.9,2462.86,14190.76,30.0,False,V-0047,D,True,Email,2025-11-21 05:46:16.540,V-0047,tax_id,PO252226,V-0047,255433.66,EUR,0,0,0,0,0,0,0,0,0,,0,,0,Auto-approve,Perfect extraction,0.3224975114423597,,,
AP-0000738,perfect,,TX-0054-19609,Crescent Logistics LLC,INV-0054-000738,2025-11-19,2025-12-04,PO-X000738,USD,3620.14,298.66,3918.8,15.0,False,V-0054,A,False,Supplier portal,2025-11-21 06:34:59.565,V-0054,tax_id,POX000738,,,,0,1,0,0,0,1,0,0,0,,0,Invalid PO; Payment Terms Mismatch,2,Exception review,Perfect extraction,0.7332417109327625,,,
AP-0003333,perfect,,TX-0017-46110,Cobalt Analytics Group,INV-0017-003333,2025-11-16,2025-12-31,PO-251983,GBP,83524.4,16704.88,100229.28,45.0,False,V-0017,C,False,Email,2025-11-21 07:54:11.621,V-0017,tax_id,PO251983,V-0017,366114.67,GBP,0,0,0,0,0,0,0,1,0,,0,High-Risk Vendor,1,Exception review,Perfect extraction,0.5553888283966902,,,
AP-0000810,perfect,,TX-0059-74622,Pioneer Solutions Group,INV-0059-000810,2025-11-18,2026-01-02,PO-251568,USD,15028.44,1239.85,16268.29,45.0,False,V-0059,A,False,Supplier portal,2025-11-21 07:56:22.689,V-0059,tax_id,PO251568,V-0059,46307.84,USD,0,0,0,0,0,0,1,0,1,,0,Inactive Vendor; Duplicate Invoice,2,Exception review,Perfect extraction,0.6558372948807734,,,
AP-0003726,perfect,,TX-0042-54837,Harbor Services Group,INV-0042-003726,2025-11-18,2026-01-17,PO-250763,USD,9329.21,0.0,9329.21,60.0,False,V-0042,B,False,Email,2025-11-21 07:59:02.551,V-0042,tax_id,PO250763,V-0042,24958.38,USD,0,0,0,0,0,0,0,0,0,,0,,0,Auto-approve,Perfect extraction,0.3593828504347497,,,
AP-0001697,perfect,,TX-0112-59988,Crescent Systems Group,INV-0112-001697,2025-11-19,2025-12-19,PO-252159,USD,2023.85,0.0,2023.85,30.0,True,V-0112,C,False,Supplier portal,2025-11-21 08:02:00.709,V-0112,tax_id,PO252159,V-0112,31383.4,USD,0,0,0,0,0,0,0,0,0,,0,,0,Auto-approve,Perfect extraction,0.3203921273719334,,,
AP-0003173,perfect,,TX-0062-17232,Juniper Resources Ltd.,INV-0062-003173,2025-11-21,2025-12-21,PO-252062,USD,703.76,0.0,703.76,30.0,True,V-0062,B,False,Email,2025-11-21 11:37:30.477,V-0062,tax_id,PO252062,V-0062,7700.38,USD,0,0,0,0,0,0,0,0,0,,0,,0,Auto-approve,Perfect extraction,0.3438348107931831,,,
AP-0001618,perfect,,TX-0140-96185,Blue Ridge Operations Inc.,INV-0140-001618,2025-11-19,2025-12-19,PO-252194,USD,2214.9,0.0,2214.9,30.0,False,V-0140,C,False,Supplier portal,2025-11-21 12:14:43.011,V-0140,tax_id,PO252194,V-0140,36896.16,USD,0,0,0,0,0,0,0,0,0,,0,,0,Auto-approve,Perfect extraction,0.3111022270886416,,,
AP-0003971,perfect,,TX-0097-36111,Clearview Analytics Ltd.,INV-0097-003971,2025-11-16,2025-12-31,PO-250375,GBP,2863.38,572.68,3436.06,45.0,False,V-0097,A,True,Email,2025-11-21 13:26:06.679,V-0097,tax_id,PO250375,V-0097,38122.17,GBP,0,0,0,0,0,0,0,0,0,,0,,0,Auto-approve,Perfect extraction,0.4066897773445582,,,
AP-0000774,perfect,,TX-0130-24969,Harbor Technologies Ltd.,INV-0130-000774,2025-11-16,2026-01-15,PO-252251,EUR,7447.3,1563.93,9011.23,60.0,False,V-0130,D,False,Email,2025-11-21 13:52:23.309,V-0130,tax_id,PO252251,V-0130,29613.45,EUR,0,0,0,0,0,0,0,0,0,,0,,0,Auto-approve,Perfect extraction,0.35938876906530914,,,
AP-0003821,perfect,,TX-0096-18776,Copperfield Systems Group,INV-0096-003821,2025-11-16,2025-12-16,PO-252293,CAD,8012.4,400.62,8413.02,30.0,False,V-0096,A,True,Email,2025-11-21 19:11:34.418,V-0096,tax_id,PO252293,V-0096,49546.84,CAD,0,0,0,0,0,0,0,0,0,,0,,0,Auto-approve,Perfect extraction,0.32744878028787117,,,
AP-0000085,perfect,,TX-0059-74622,Pioneer Solutions Group,INV-0059-000085,2025-11-21,2026-01-05,PO-251823,USD,5925.88,488.88,6414.76,45.0,False,V-0059,A,False,Supplier portal,2025-11-21 20:56:11.183,V-0059,tax_id,PO251823,V-0059,54564.55,USD,0,0,0,0,0,0,1,0,0,,0,Inactive Vendor,1,Exception review,Perfect extraction,0.6130136134397706,,,
AP-0003141,perfect,,TX-0033-48829,Northstar Advisors LLC,INV-0033-003141,2025-11-17,2026-01-16,PO-251987,USD,15135.7,0.0,15135.7,60.0,False,V-0033,E,False,Supplier portal,2025-11-21 22:21:10.464,V-0033,tax_id,PO251987,V-0033,75454.23,USD,0,0,0,0,0,0,0,0,0,,0,,0,Auto-approve,Perfect extraction,0.3278160317070685,,,
AP-0002276,perfect,,TX-0112-59988,Crescent Systems Group,INV-0112-002276,2025-11-17,2025-12-17,PO-250898,USD,43666.16,0.0,43666.16,30.0,False,V-0112,C,True,Email,2025-11-21 22:28:29.954,V-0112,tax_id,PO250898,V-0112,221677.68,USD,0,0,0,0,0,0,0,0,0,,0,,0,Auto-approve,Perfect extraction,0.30633219989036814,,,
AP-0002399,perfect,,TX-0034-94278,Beacon Solutions Inc.,INV-0034-002399,2025-11-19,2025-12-19,PO-251420,CAD,16381.88,819.09,17200.97,30.0,False,V-0034,B,True,Email,2025-11-21 22:34:20.429,V-0034,tax_id,PO251420,V-0034,81955.31,USD,0,0,0,1,0,0,0,0,0,,0,Currency Mismatch,1,Exception review,Perfect extraction,0.6286564687630858,,,
AP-0004935,perfect,,TX-0115-48708,Ironwood Services Group,INV-0115-004935,2025-11-20,2025-12-05,PO-252147,EUR,2098.37,440.66,2539.03,15.0,False,V-0115,D,False,Supplier portal,2025-11-21 23:08:13.718,V-0115,tax_id,PO252147,V-0115,16538.48,EUR,0,0,0,0,0,0,0,0,0,,0,,0,Auto-approve,Perfect extraction,0.32949064189327626,,,
AP-0000184,perfect,,TX-0113-54591,Stonebridge Logistics Inc.,INV-0113-000184,2025-11-19,2026-01-03,PO-250032,EUR,5444.54,1143.35,6587.89,45.0,False,V-0113,D,False,Supplier portal,2025-11-21 23:31:22.527,V-0113,tax_id,PO250032,V-0113,24782.92,EUR,0,0,0,0,0,0,0,0,0,,0,,0,Auto-approve,Perfect extraction,0.35231867041929515,,,
AP-0003050,perfect,,TX-0053-42836,Oakmont Supply Group,INV-0053-003050,2025-11-21,2025-12-21,PO-250248,SGD,28005.37,2520.48,30525.85,30.0,False,V-0053,C,False,Supplier portal,2025-11-22 00:18:58.219,V-0053,tax_id,PO250248,V-0053,121543.14,SGD,0,0,0,0,0,0,0,0,0,,0,,0,Auto-approve,Perfect extraction,0.31670717738880955,,,
AP-0000118,perfect,,TX-0037-24439,Redwood Supply LLC,INV-0037-000118,2025-11-19,2025-12-19,PO-250349,EUR,4918.83,1032.96,5951.79,30.0,False,V-0037,D,False,Supplier portal,2025-11-22 01:02:10.678,V-0037,tax_id,PO250349,V-0037,21543.31,EUR,0,0,0,0,0,0,0,0,0,,0,,0,Auto-approve,Perfect extraction,0.33899608224984756,,,
AP-0003383,perfect,,TX-0054-19609,Crescent Logistics LLC,INV-0054-003383,2025-11-21,2025-12-21,PO-250974,USD,11611.84,957.98,12569.82,30.0,False,V-0054,A,True,Email,2025-11-22 01:54:56.524,V-0054,tax_id,PO250974,V-0054,37636.46,USD,0,0,0,0,0,0,0,0,0,,0,,0,Auto-approve,Perfect extraction,0.32259559253019005,,,
AP-0004034,perfect,,TX-0064-39165,Summit Consulting Inc.,INV-0064-004034,2025-11-20,2025-12-20,PO-252071,CAD,914.97,45.75,960.72,30.0,False,V-0064,B,False,Supplier portal,2025-11-22 03:27:01.443,V-0064,tax_id,PO252071,V-0064,17560.43,CAD,0,0,0,0,0,0,0,0,0,,0,,0,Auto-approve,Perfect extraction,0.32733955244663926,,,
AP-0002001,perfect,,TX-0075-26492,Evergreen Digital Group,INV-0075-001521,2025-11-21,2025-12-21,PO-251341,USD,6750.97,556.95,7307.92,30.0,False,V-0075,E,True,Email,2025-11-22 03:54:12.645,V-0075,tax_id,PO251341,V-0075,6115.98,USD,0,0,0,0,1,0,0,0,1,,0,Invoice Over PO; Duplicate Invoice,2,Exception review,Perfect extraction,0.6290264077505289,,,
AP-0001377,perfect,,TX-0045-69725,Atlas Services LLC,INV-0045-001377,2025-11-20,2026-01-04,PO-252017,USD,23790.02,0.0,23790.02,45.0,False,V-0045,A,True,Email,2025-11-22 05:49:24.688,V-0045,tax_id,PO252017,V-0045,108313.54,USD,0,0,0,0,0,0,0,0,0,,0,,0,Auto-approve,Perfect extraction,0.33088059368430867,,,
AP-0004012,edi,,TX-0138-43552,Atlas Partners Group,INV-0138-004012,2025-11-20,2025-12-20,PO-251567,EUR,8364.39,1756.52,10120.91,30.0,False,V-0138,D,False,EDI,2025-11-22 06:56:38.809,V-0138,tax_id,PO251567,V-0138,53984.46,EUR,0,0,0,0,0,0,0,1,0,,0,High-Risk Vendor,1,Exception review,Perfect extraction,0.40809387807136693,,,
AP-0004267,perfect,,TX-0042-54837,Harbor Services Group,INV-0042-004267,2025-11-19,2026-01-18,PO-251784,USD,2836.64,0.0,2836.64,60.0,False,V-0042,B,False,Supplier portal,2025-11-22 07:34:09.677,V-0042,tax_id,PO251784,V-0042,14351.43,USD,0,0,0,0,0,0,0,0,0,,0,,0,Auto-approve,Perfect extraction,0.3602308394811859,,,
AP-0001464,perfect,,TX-0071-54213,Summit Services LLC,INV-0071-001464,2025-11-19,2025-12-19,PO-250979,USD,10831.32,0.0,10831.32,30.0,False,V-0071,C,False,Email,2025-11-22 08:31:23.768,V-0071,tax_id,PO250979,V-0071,34721.5,USD,0,0,0,0,0,0,0,0,0,,0,,0,Auto-approve,Perfect extraction,0.3214156821250566,,,
AP-0001239,perfect,,TX-0057-94723,Lighthouse Supply Ltd.,INV-0057-001239,2025-11-20,2025-12-20,PO-252254,USD,10618.83,0.0,10618.83,30.0,False,V-0057,A,False,Supplier portal,2025-11-22 09:05:21.756,V-0057,tax_id,PO252254,V-0057,37926.53,USD,0,0,0,0,0,0,0,0,0,,0,,0,Auto-approve,Perfect extraction,0.3312927146761423,,,
AP-0001817,perfect,,TX-0100-21510,Summit Logistics Inc.,INV-0100-001817,2025-11-22,2025-12-22,PO-251398,USD,8928.64,0.0,8928.64,30.0,False,V-0100,E,False,Supplier portal,2025-11-22 12:36:18.929,V-0100,tax_id,PO251398,V-0100,171499.25,USD,0,0,0,0,0,0,0,0,0,,0,,0,Auto-approve,Perfect extraction,0.29996215458091113,,,
AP-0002756,perfect,,TX-0087-76038,Atlas Digital Ltd.,INV-0087-002756,2025-11-20,2026-01-19,PO-250190,EUR,988.74,207.63,1196.37,60.0,False,V-0087,D,False,Supplier portal,2025-11-22 14:44:12.900,V-0087,tax_id,PO250190,V-0087,16356.69,EUR,0,0,0,0,0,0,0,0,0,,0,,0,Auto-approve,Perfect extraction,0.3578095950695989,,,
AP-0000166,perfect,,TX-0097-36111,Clearview Analytics Ltd.,INV-0097-000166,2025-11-19,2026-01-03,PO-251096,GBP,16616.53,3323.3,19939.83,45.0,False,V-0097,A,False,Supplier portal,2025-11-22 14:56:00.143,V-0097,tax_id,PO251096,V-0097,69688.02,GBP,0,0,0,0,0,0,0,0,0,,0,,0,Auto-approve,Perfect extraction,0.4029905860104651,,,
AP-0002373,edi,,TX-0027-23409,Harbor Digital LLC,INV-0027-002373,2025-11-20,2025-12-20,PO-251884,USD,1021.19,0.0,1021.19,30.0,False,V-0027,B,False,EDI,2025-11-22 14:56:47.694,V-0027,tax_id,PO251884,V-0027,22242.15,USD,0,0,0,0,0,0,1,0,0,,0,Inactive Vendor,1,Exception review,Perfect extraction,0.6085015371327754,,,
AP-0004374,perfect,,TX-0011-62098,Oakmont Solutions LLC,INV-0011-004374,2025-11-19,2025-12-19,PO-252101,USD,15823.38,0.0,15823.38,30.0,False,V-0011,B,False,Supplier portal,2025-11-22 14:59:17.985,V-0011,tax_id,PO252101,V-0011,70771.29,USD,0,0,0,0,0,0,0,0,0,,0,,0,Auto-approve,Perfect extraction,0.33388477231743313,,,
AP-0001369,perfect,,TX-0030-52947,Crescent Networks Inc.,INV-0030-001369,2025-11-20,2026-01-19,PO-250831,USD,6118.44,504.77,6623.21,60.0,False,V-0030,E,False,Supplier portal,2025-11-22 15:32:01.361,V-0030,tax_id,PO250831,V-0030,89675.53,USD,0,0,0,0,0,0,0,0,0,,0,,0,Auto-approve,Perfect extraction,0.3430995558215,,,
AP-0001570,perfect,,TX-0119-27534,Evergreen Systems Group,INV-0119-001570,2025-11-17,2025-12-17,PO-251588,USD,8777.03,724.1,9501.13,30.0,True,V-0119,E,False,Supplier portal,2025-11-22 17:34:01.182,V-0119,tax_id,PO251588,V-0119,52990.7,USD,0,0,0,0,0,0,0,0,0,,0,,0,Auto-approve,Perfect extraction,0.30498275930801855,,,
AP-0000779,perfect,,TX-0054-19609,Crescent Logistics LLC,INV-0054-000779,2025-11-21,2025-12-21,PO-250035,USD,36375.98,3001.02,39377.0,30.0,False,V-0054,A,False,Supplier portal,2025-11-22 20:37:56.743,V-0054,tax_id,PO250035,V-0054,112817.82,USD,0,0,0,0,0,0,0,0,0,,0,,0,Auto-approve,Perfect extraction,0.32222144445116857,,,
AP-0004457,edi,,TX-0118-10046,Stonebridge Logistics Ltd.,INV-0118-004457,2025-11-22,2025-12-22,PO-250798,USD,95103.47,7846.04,102949.51,30.0,False,V-0118,C,False,EDI,2025-11-22 21:39:47.301,V-0118,tax_id,PO250798,V-0118,470466.69,USD,0,0,0,0,0,0,0,0,0,,0,,0,Auto-approve,Perfect extraction,0.38534509070712425,,,
AP-0000679,edi,,TX-0128-19285,Harbor Systems LLC,INV-0128-000679,2025-11-20,2026-01-04,PO-251185,USD,21046.53,1736.34,22782.87,45.0,False,V-0128,A,False,EDI,2025-11-22 21:51:50.289,V-0128,tax_id,PO251185,V-0128,73602.24,USD,0,0,0,0,0,0,0,0,0,,0,,0,Auto-approve,Perfect extraction,0.34486799677224395,,,
AP-0001662,perfect,,TX-0063-67062,Copperfield Systems Inc.,INV-0063-001662,2025-11-21,2025-12-21,PO-251855,USD,2782.61,229.56,3012.17,30.0,True,V-0063,E,False,Supplier portal,2025-11-22 22:23:34.735,V-0063,tax_id,PO251855,V-0063,32669.63,USD,0,0,0,0,0,0,0,0,0,,0,,0,Auto-approve,Perfect extraction,0.3070422561931641,,,
AP-0000190,perfect,,TX-0063-67062,Copperfield Systems Inc.,INV-0063-000190,2025-11-22,2025-12-22,PO-X000190,USD,50012.73,4126.05,54138.78,30.0,False,V-0063,E,False,Email,2025-11-23 01:07:00.519,V-0063,tax_id,POX000190,,,,0,1,0,0,0,0,0,0,0,,0,Invalid PO,1,Exception review,Perfect extraction,0.6241756824984093,,,
AP-0002576,perfect,,TX-0059-74622,Pioneer Solutions Group,INV-0059-002576,2025-11-20,2026-01-04,PO-251568,USD,5627.27,464.25,6091.52,45.0,False,V-0059,A,False,Supplier portal,2025-11-23 01:07:28.479,V-0059,tax_id,PO251568,V-0059,46307.84,USD,0,0,0,0,0,0,1,0,0,,0,Inactive Vendor,1,Exception review,Perfect extraction,0.6057329404725996,,,
AP-0002975,perfect,,TX-0031-87911,Lighthouse Systems Inc.,INV-0031-002975,2025-11-19,2025-12-04,PO-250409,USD,842.46,0.0,842.46,15.0,False,V-0031,E,False,Email,2025-11-23 01:19:29.899,V-0031,tax_id,PO250409,V-0031,13074.97,USD,0,0,0,0,0,0,0,1,0,,0,High-Risk Vendor,1,Exception review,Perfect extraction,0.4083697516752398,,,
AP-0004716,perfect,,TX-0032-86220,Harbor Networks Group,INV-0032-004716,2025-11-20,2026-01-04,PO-250922,SGD,15443.33,1389.9,16833.23,45.0,False,V-0032,A,False,Supplier portal,2025-11-23 04:21:27.041,V-0032,tax_id,PO250922,V-0032,51045.5,SGD,0,0,0,0,0,0,0,0,0,,0,,0,Auto-approve,Perfect extraction,0.36596033278444795,,,
AP-0000833,perfect,,TX-0093-95568,Clearview Systems Inc.,INV-0093-000833,2025-11-20,2026-01-04,PO-252095,USD,12193.28,1005.95,13199.23,45.0,False,V-0093,B,False,Supplier portal,2025-11-23 04:41:12.667,V-0093,tax_id,PO252095,V-0093,186450.89,USD,0,0,0,0,0,1,0,0,0,,0,Payment Terms Mismatch,1,Exception review,Perfect extraction,0.6299700899216728,,,
AP-0002259,perfect,,TX-0140-96185,Blue Ridge Operations Inc.,INV-0140-002259,2025-11-22,2025-12-22,PO-251522,USD,15422.37,0.0,15422.37,30.0,False,V-0140,C,False,Supplier portal,2025-11-23 09:58:45.743,V-0140,tax_id,PO251522,V-0140,44643.55,USD,0,0,0,0,0,0,0,0,0,,0,,0,Auto-approve,Perfect extraction,0.3029739869689877,,,
AP-0003412,perfect,,TX-0132-11639,Atlas Supply Group,INV-0132-003412,2025-11-23,2026-01-22,PO-250939,USD,4096.98,338.0,4434.98,60.0,False,V-0132,A,False,Supplier portal,2025-11-23 10:23:30.505,V-0132,tax_id,PO250939,V-0132,12124.95,USD,0,0,0,0,0,0,0,0,0,,0,,0,Auto-approve,Perfect extraction,0.3372951020113956,,,
AP-0004835,perfect,,TX-0132-11639,Atlas Supply Group,INV-0132-004835,2025-11-19,2026-01-18,PO-252131,USD,35641.56,2940.43,38581.99,60.0,False,V-0132,A,False,Supplier portal,2025-11-23 10:32:15.723,V-0132,tax_id,PO252131,V-0132,105811.67,USD,0,0,0,0,0,0,0,0,0,,0,,0,Auto-approve,Perfect extraction,0.32919675814698,,,
AP-0001314,perfect,,TX-0062-17232,Juniper Resources Ltd.,INV-0062-001314,2025-11-20,2025-12-20,PO-252175,USD,17820.62,0.0,17820.62,30.0,False,V-0062,B,False,Supplier portal,2025-11-23 11:57:52.828,V-0062,tax_id,PO252175,V-0062,130741.51,USD,0,0,0,0,0,0,0,0,0,,0,,0,Auto-approve,Perfect extraction,0.3296997769390877,,,
AP-0004440,perfect,,TX-0136-10386,Clearview Services Inc.,INV-0136-004440,2025-11-22,2026-01-06,PO-251340,SGD,12622.81,1136.05,13758.86,45.0,False,V-0136,A,False,Supplier portal,2025-11-23 11:58:14.774,V-0136,tax_id,PO251340,V-0136,48312.87,SGD,0,0,0,0,0,0,0,1,0,,0,High-Risk Vendor,1,Exception review,Perfect extraction,0.4711939625525739,,,
AP-0001853,perfect,,TX-0005-88178,Atlas Resources Inc.,INV-0005-001853,2025-11-23,2025-12-23,PO-250835,USD,791.77,0.0,791.77,30.0,False,V-0005,A,False,Email,2025-11-23 12:39:03.506,V-0005,tax_id,PO250835,V-0005,5396.79,USD,0,0,0,0,0,0,0,0,0,,0,,0,Auto-approve,Perfect extraction,0.31256739966163266,,,
AP-0000621,perfect,,TX-0130-24969,Harbor Technologies Ltd.,INV-0130-000621,2025-11-21,2026-01-20,PO-252251,EUR,9081.47,1907.11,10988.58,60.0,False,V-0130,D,False,Supplier portal,2025-11-23 13:44:51.419,V-0130,tax_id,PO252251,V-0130,29613.45,EUR,0,0,0,0,0,0,0,0,0,,0,,0,Auto-approve,Perfect extraction,0.3524601805880131,,,
AP-0002483,edi,,TX-0011-62098,Oakmont Solutions LLC,INV-0011-002483,2025-11-20,2025-12-20,PO-252265,USD,10972.9,0.0,10972.9,30.0,False,V-0011,B,False,EDI,2025-11-23 13:50:35.765,V-0011,tax_id,PO252265,V-0011,94914.43,USD,0,0,0,0,0,0,0,0,0,,0,,0,Auto-approve,Perfect extraction,0.3030029250657007,,,
AP-0004980,perfect,,TX-0140-96185,Blue Ridge Operations Inc.,INV-0140-004980,2025-11-22,2025-12-22,PO-251464,USD,25008.14,0.0,25008.14,30.0,False,V-0140,C,False,Supplier portal,2025-11-23 15:07:16.317,V-0140,tax_id,PO251464,V-0140,17397.74,USD,0,0,0,0,1,0,0,0,0,,0,Invoice Over PO,1,Exception review,Perfect extraction,0.5776126412517294,,,
AP-0004564,perfect,,TX-0033-48829,Northstar Advisors LLC,INV-0033-004564,2025-11-23,2026-01-22,PO-250627,USD,7743.09,0.0,7743.09,60.0,False,V-0033,E,False,Supplier portal,2025-11-23 18:51:00.286,V-0033,tax_id,PO250627,V-0033,66096.38,USD,0,0,0,0,0,0,0,0,0,,0,,0,Auto-approve,Perfect extraction,0.32527345258138246,,,
AP-0003484,perfect,,TX-0031-87911,Lighthouse Systems Inc.,INV-0031-003484,2025-11-20,2025-12-05,PO-251455,USD,2302.59,0.0,2302.59,15.0,False,V-0031,E,False,Supplier portal,2025-11-23 19:37:46.896,V-0031,tax_id,PO251455,V-0031,36398.98,USD,0,0,0,0,0,0,0,1,0,,0,High-Risk Vendor,1,Exception review,Perfect extraction,0.4026812452834713,,,
AP-0004970,edi,,TX-0071-54213,Summit Services LLC,INV-0071-004970,2025-11-22,2025-12-22,,USD,2043.28,0.0,2043.28,30.0,False,V-0071,C,False,EDI,2025-11-23 19:47:06.185,V-0071,tax_id,,,,,1,0,0,0,0,0,0,0,0,,0,Missing PO,1,Exception review,Perfect extraction,0.6157238388317818,,,
AP-0001252,edi,,TX-0055-46775,Silverline Analytics Group,INV-0055-000534,2025-11-18,2025-12-18,PO-251286,SGD,12847.96,1156.32,14004.28,30.0,False,V-0055,C,False,EDI,2025-11-23 19:51:01.541,V-0055,tax_id,PO251286,V-0055,7210.4,SGD,0,0,0,0,1,0,0,0,1,,0,Invoice Over PO; Duplicate Invoice,2,Exception review,Perfect extraction,0.6696258335501981,,,
AP-0001782,perfect,,TX-0052-68137,Evergreen Consulting LLC,INV-0052-001782,2025-11-18,2025-12-18,PO-251061,USD,5035.6,0.0,5035.6,30.0,False,V-0052,A,False,Supplier portal,2025-11-23 20:56:06.179,V-0052,tax_id,PO251061,V-0052,51143.3,USD,0,0,0,0,0,0,0,0,0,,0,,0,Auto-approve,Perfect extraction,0.33790816265364604,,,
AP-0004780,perfect,,TX-0048-57091,Oakmont Systems Inc.,INV-0048-004780,2025-11-18,2025-12-18,PO-250619,USD,13324.65,1099.28,14423.93,30.0,False,V-0048,C,False,Supplier portal,2025-11-23 21:41:36.225,V-0048,tax_id,PO250619,V-0048,64194.21,USD,0,0,0,0,0,1,0,0,0,,0,Payment Terms Mismatch,1,Exception review,Perfect extraction,0.6230335476783168,,,
AP-0001283,perfect,,TX-0003-12255,Cobalt Technologies Group,INV-0003-001283,2025-11-19,2025-12-19,PO-252174,INR,2233.51,402.03,2635.54,30.0,False,V-0003,D,True,Email,2025-11-23 21:54:05.337,V-0003,tax_id,PO252174,V-0003,24758.89,EUR,0,0,0,1,0,0,0,0,0,,0,Currency Mismatch,1,Exception review,Perfect extraction,0.620071737384448,,,
AP-0004740,perfect,,TX-0139-47222,Evergreen Systems Group,INV-0139-004740,2025-11-22,2025-12-22,PO-250869,USD,40536.81,0.0,40536.81,30.0,False,V-0139,B,False,Supplier portal,2025-11-23 22:23:19.120,V-0139,tax_id,PO250869,V-0139,143086.95,USD,0,0,0,0,0,0,0,0,0,,0,,0,Auto-approve,Perfect extraction,0.3047124042557859,,,
AP-0004171,edi,,TX-0026-46682,Oakmont Supply Ltd.,INV-0026-004171,2025-11-19,2025-12-04,PO-251838,EUR,3837.8,805.94,4643.74,15.0,False,V-0026,D,False,EDI,2025-11-23 23:21:20.478,V-0026,tax_id,PO251838,V-0026,102916.28,EUR,0,0,0,0,0,0,0,0,0,,0,,0,Auto-approve,Perfect extraction,0.3048097121959117,,,
AP-0001716,perfect,,TX-0048-57091,Oakmont Systems Inc.,INV-0048-001716,2025-11-20,2025-12-05,PO-252125,USD,1987.61,163.98,2151.59,15.0,False,V-0048,C,False,Supplier portal,2025-11-24 00:54:06.331,V-0048,tax_id,PO252125,V-0048,15055.85,USD,0,0,0,0,0,0,0,0,0,,0,,0,Auto-approve,Perfect extraction,0.3280840633463861,,,
AP-0000734,perfect,,TX-0015-69124,Clearview Digital Inc.,INV-0015-000734,2025-11-20,2025-12-20,PO-251102,USD,2207.59,0.0,2207.59,30.0,False,V-0015,A,False,Email,2025-11-24 01:12:45.375,V-0015,tax_id,PO251102,V-0015,9456.63,USD,0,0,0,0,0,0,0,0,0,,0,,0,Auto-approve,Perfect extraction,0.31979255721030375,,,
AP-0003800,perfect,,TX-0015-69124,Clearview Digital Inc.,INV-0015-003800,2025-11-22,2026-01-21,PO-251059,USD,23122.89,0.0,23122.89,60.0,False,V-0015,A,False,Supplier portal,2025-11-24 01:36:25.953,V-0015,tax_id,PO251059,V-0015,129078.95,USD,0,0,0,0,0,1,0,0,0,,0,Payment Terms Mismatch,1,Exception review,Perfect extraction,0.6102155402388285,,,
AP-0001759,perfect,,TX-0053-42836,Oakmont Supply Group,INV-0053-001759,2025-11-21,2025-12-21,PO-250772,GBP,8308.99,1661.8,9970.79,30.0,False,V-0053,C,False,Email,2025-11-24 02:00:55.136,V-0053,tax_id,PO250772,V-0053,27019.93,SGD,0,0,0,1,0,0,0,0,0,,0,Currency Mismatch,1,Exception review,Perfect extraction,0.6507003190945849,,,
AP-0002058,perfect,,TX-0052-68137,Evergreen Consulting LLC,INV-0052-002058,2025-11-20,2025-12-20,PO-252384,USD,1191.4,0.0,1191.4,30.0,False,V-0052,A,False,Supplier portal,2025-11-24 02:09:34.643,V-0052,tax_id,PO252384,V-0052,7214.96,USD,0,0,0,0,0,0,0,0,0,,0,,0,Auto-approve,Perfect extraction,0.30650836607985005,,,
AP-0004520,edi,,TX-0100-21510,Summit Logistics Inc.,INV-0100-004520,2025-11-23,2025-12-23,PO-250616,USD,11459.85,0.0,11459.85,30.0,False,V-0100,E,False,EDI,2025-11-24 02:54:26.926,V-0100,tax_id,PO250616,V-0100,97443.06,USD,0,0,0,0,0,0,0,0,0,,0,,0,Auto-approve,Perfect extraction,0.3115487357207929,,,
AP-0002413,perfect,,TX-0002-28786,Cobalt Services LLC,INV-0002-001437,2025-11-19,2025-12-04,PO-252270,INR,18861.17,3395.01,22256.18,15.0,False,V-0002,C,False,Email,2025-11-24 03:10:41.551,V-0002,tax_id,PO252270,V-0002,50134.6,INR,0,0,0,0,0,0,1,0,1,,0,Inactive Vendor; Duplicate Invoice,2,Exception review,Perfect extraction,0.7154936049134981,,,
AP-0003441,perfect,,TX-0037-24439,Redwood Supply LLC,INV-0037-003441,2025-11-20,2025-12-20,PO-250349,EUR,4665.4,979.73,5645.13,30.0,False,V-0037,D,False,Supplier portal,2025-11-24 03:40:35.391,V-0037,tax_id,PO250349,V-0037,21543.31,EUR,0,0,0,0,0,0,0,0,0,,0,,0,Auto-approve,Perfect extraction,0.3352513998591332,,,
AP-0002360,perfect,,TX-0131-83608,Copperfield Systems LLC,INV-0131-002360,2025-11-24,2025-12-24,PO-250335,USD,4875.82,0.0,4875.82,30.0,False,V-0131,A,False,Supplier portal,2025-11-24 05:09:25.278,V-0131,tax_id,PO250335,V-0131,14282.08,USD,0,0,0,0,0,0,0,0,0,,0,,0,Auto-approve,Perfect extraction,0.3123212138592582,,,
AP-0001632,edi,,TX-0108-54358,Summit Supply Ltd.,INV-0108-001632,2025-11-23,2026-01-22,PO-252304,CAD,34235.45,1711.77,35947.22,60.0,False,V-0108,C,False,EDI,2025-11-24 05:58:30.422,V-0108,tax_id,PO252304,V-0108,184747.34,CAD,0,0,0,0,0,0,0,0,0,,0,,0,Auto-approve,Perfect extraction,0.3456108601639685,,,
AP-0002994,perfect,,TX-0113-54591,Stonebridge Logistics Inc.,INV-0113-002994,2025-11-20,2026-01-04,PO-251484,EUR,86870.25,18242.75,105113.0,45.0,False,V-0113,D,False,Email,2025-11-24 06:06:15.546,V-0113,tax_id,PO251484,V-0113,281278.62,EUR,0,0,0,0,0,0,0,0,0,,0,,0,Auto-approve,Perfect extraction,0.39499922254111036,,,
AP-0002114,perfect,,TX-0018-72351,Evergreen Resources Inc.,INV-0018-002114,2025-11-23,2025-12-23,PO-251612,USD,4135.76,0.0,4135.76,30.0,False,V-0018,B,False,Supplier portal,2025-11-24 06:42:58.607,V-0018,tax_id,PO251612,V-0018,11668.47,USD,0,0,0,0,0,0,0,0,0,,0,,0,Auto-approve,Perfect extraction,0.3347516117155177,,,
AP-0004054,perfect,,TX-0020-45960,Copperfield Partners Group,INV-0020-004054,2025-11-21,2026-01-20,PO-250535,USD,6117.62,0.0,6117.62,60.0,False,V-0020,C,False,Supplier portal,2025-11-24 07:33:09.326,V-0020,tax_id,PO250535,V-0020,33136.33,USD,0,0,0,0,0,0,0,1,0,,0,High-Risk Vendor,1,Exception review,Perfect extraction,0.44456661703321043,,,
AP-0001416,perfect,,TX-0023-34364,Evergreen Systems LLC,INV-0023-001416,2025-11-22,2026-01-06,PO-252365,EUR,18569.65,3899.63,22469.28,45.0,False,V-0023,D,False,Email,2025-11-24 07:51:43.466,V-0023,tax_id,PO252365,V-0023,61141.99,EUR,0,0,0,0,0,0,0,0,0,,0,,0,Auto-approve,Perfect extraction,0.3581369066657779,,,
AP-0003938,perfect,,TX-0031-87911,Lighthouse Systems Inc.,INV-0031-003938,2025-11-20,2025-12-05,PO-250409,USD,2276.85,0.0,2276.85,15.0,False,V-0031,E,False,Supplier portal,2025-11-24 07:54:40.449,V-0031,tax_id,PO250409,V-0031,13074.97,USD,0,0,0,0,0,0,0,1,0,,0,High-Risk Vendor,1,Exception review,Perfect extraction,0.40884039254363497,,,
AP-0001814,edi,,TX-0081-73770,Silverline Supply Group,INV-0081-001814,2025-11-19,2025-12-19,PO-250880,USD,991.73,0.0,991.73,30.0,False,V-0081,C,False,EDI,2025-11-24 08:45:52.166,V-0081,tax_id,PO250880,V-0081,11735.76,USD,0,0,0,0,0,0,0,0,0,,0,,0,Auto-approve,Perfect extraction,0.3149484485534987,,,
AP-0003603,perfect,,TX-0091-39995,Summit Resources Ltd.,INV-0091-003603,2025-11-23,2026-01-22,PO-251193,SGD,3158.16,284.23,3442.39,60.0,False,V-0091,B,False,Supplier portal,2025-11-24 11:11:04.608,V-0091,tax_id,PO251193,V-0091,20188.0,SGD,0,0,0,0,0,0,0,0,0,,0,,0,Auto-approve,Perfect extraction,0.37359898721528567,,,
AP-0003085,perfect,,TX-0075-26492,Evergreen Digital Group,INV-0075-003085,2025-11-20,2025-12-20,PO-251341,USD,488.91,40.33,529.24,30.0,False,V-0075,E,False,Supplier portal,2025-11-24 11:13:37.404,V-0075,tax_id,PO251341,V-0075,6115.98,USD,0,0,0,0,0,0,0,0,0,,0,,0,Auto-approve,Perfect extraction,0.28323935550226437,,,
AP-0001073,edi,,TX-0077-86128,Cobalt Operations LLC,INV-0077-001073,2025-11-24,2025-12-24,PO-252252,USD,2820.38,0.0,2820.38,30.0,False,V-0077,B,False,EDI,2025-11-24 12:14:22.068,V-0077,tax_id,PO252252,V-0077,18665.51,USD,0,0,0,0,0,0,0,0,1,,0,Duplicate Invoice,1,Exception review,Perfect extraction,0.5431397885937148,,,
AP-0002043,perfect,,TX-0014-36758,Summit Logistics Group,INV-0014-002043,2025-11-21,2025-12-21,PO-251751,USD,3123.88,0.0,3123.88,30.0,False,V-0014,E,False,Supplier portal,2025-11-24 13:27:48.365,V-0014,tax_id,PO251751,V-0014,47503.37,USD,0,0,0,0,0,0,0,0,0,,0,,0,Auto-approve,Perfect extraction,0.306838362539035,,,
AP-0002115,perfect,,TX-0002-28786,Cobalt Services LLC,INV-0002-002115,2025-11-23,2026-01-22,PO-252002,INR,3630.0,653.4,4283.4,60.0,False,V-0002,C,False,Supplier portal,2025-11-24 17:46:21.739,V-0002,tax_id,PO252002,V-0002,39520.8,INR,0,0,0,0,0,1,1,0,0,,0,Payment Terms Mismatch; Inactive Vendor,2,Exception review,Perfect extraction,0.7454763352401177,,,
AP-0000193,perfect,,TX-0060-58175,Clearview Solutions LLC,INV-0060-000193,2025-11-22,2025-12-07,PO-250118,USD,20669.34,0.0,20669.34,15.0,True,V-0060,C,True,Email,2025-11-24 18:34:58.694,V-0060,tax_id,PO250118,V-0060,82634.65,USD,0,0,0,0,0,0,0,0,1,,0,Duplicate Invoice,1,Exception review,Perfect extraction,0.5951640419258334,,,
AP-0000918,perfect,,TX-0049-19644,Harbor Resources LLC,INV-0049-000918,2025-11-22,2025-12-22,PO-251578,EUR,10216.74,2145.52,12362.26,30.0,False,V-0049,D,False,Supplier portal,2025-11-24 20:11:51.614,V-0049,tax_id,PO251578,V-0049,33669.93,EUR,0,0,0,0,0,0,0,0,0,,0,,0,Auto-approve,Perfect extraction,0.32648197171344495,,,
AP-0004902,perfect,,TX-0139-47222,Evergreen Systems Group,INV-0139-004902,2025-11-19,2025-12-19,PO-251745,USD,7732.2,0.0,7732.2,30.0,False,V-0139,B,False,Supplier portal,2025-11-24 20:26:17.335,V-0139,tax_id,PO251745,V-0139,55630.67,USD,0,0,0,0,0,0,0,0,0,,0,,0,Auto-approve,Perfect extraction,0.30517422656462045,,,
AP-0002116,perfect,,TX-0114-88629,Beacon Logistics Group,INV-0114-002116,2025-11-24,2025-12-24,PO-251650,USD,27860.35,2298.48,30158.83,30.0,False,V-0114,A,False,Email,2025-11-24 22:22:36.950,V-0114,tax_id,PO251650,V-0114,82848.7,USD,0,0,0,0,0,0,0,0,0,,0,,0,Auto-approve,Perfect extraction,0.3104337432469609,,,
AP-0004277,perfect,,TX-0025-19498,Oakmont Supply Group,INV-0025-004277,2025-11-20,2026-01-04,PO-251630,USD,5901.58,486.88,6388.46,45.0,False,V-0025,B,False,Supplier portal,2025-11-25 01:30:39.973,V-0025,tax_id,PO251630,V-0025,113022.54,USD,0,0,0,0,0,1,0,0,0,,0,Payment Terms Mismatch,1,Exception review,Perfect extraction,0.5904582302515466,,,
AP-0003775,perfect,,TX-0001-43105,Evergreen Consulting Group,INV-0001-003775,2025-11-21,2025-12-21,PO-251139,INR,6396.69,1151.4,7548.09,30.0,False,V-0001,A,False,Email,2025-11-25 03:34:08.744,V-0001,tax_id,PO251139,V-0001,105286.08,INR,0,0,0,0,0,0,0,0,0,,0,,0,Auto-approve,Perfect extraction,0.32560463593034716,,,
AP-0000906,perfect,,TX-0137-44191,Pioneer Consulting Ltd.,INV-0137-000906,2025-11-23,2025-12-23,PO-251356,USD,15102.51,0.0,15102.51,30.0,True,V-0137,A,False,Supplier portal,2025-11-25 03:42:01.740,V-0137,tax_id,PO251356,V-0137,47807.99,USD,0,0,0,0,0,0,1,0,0,,0,Inactive Vendor,1,Exception review,Perfect extraction,0.6367098704989146,,,
AP-0003754,perfect,,TX-0075-26492,Evergreen Digital Group,INV-0075-003754,2025-11-20,2025-12-20,PO-250858,USD,9339.9,770.54,10110.44,30.0,False,V-0075,E,False,Email,2025-11-25 04:33:38.377,V-0075,tax_id,PO250858,V-0075,38582.28,USD,0,0,0,0,0,0,0,0,0,,0,,0,Auto-approve,Perfect extraction,0.3197272283765015,,,
AP-0002543,perfect,,TX-0031-87911,Lighthouse Systems Inc.,INV-0031-002543,2025-11-22,2025-12-07,PO-250888,USD,17085.13,0.0,17085.13,15.0,False,V-0031,E,False,Email,2025-11-25 07:43:00.097,V-0031,tax_id,PO250888,V-0031,77741.3,USD,0,0,0,0,0,0,0,1,0,,0,High-Risk Vendor,1,Exception review,Perfect extraction,0.4363927423449419,,,
AP-0001532,perfect,,TX-0138-43552,Atlas Partners Group,INV-0138-001532,2025-11-25,2025-12-25,PO-250890,SGD,5727.41,515.47,6242.88,30.0,False,V-0138,D,False,Supplier portal,2025-11-25 08:27:50.590,V-0138,tax_id,PO250890,V-0138,62344.11,EUR,0,0,0,1,0,0,0,1,0,,0,Currency Mismatch; High-Risk Vendor,2,Exception review,Perfect extraction,0.6634514013960672,,,
AP-0004859,perfect,,TX-0099-76362,Copperfield Networks Ltd.,INV-0099-004859,2025-11-24,2025-12-24,,USD,1429.28,0.0,1429.28,30.0,False,V-0099,E,False,Email,2025-11-25 08:35:53.929,V-0099,tax_id,,,,,1,0,0,0,0,0,0,0,0,,0,Missing PO,1,Exception review,Perfect extraction,0.6484017491545903,,,
AP-0004216,perfect,,TX-0006-57912,Copperfield Digital Group,INV-0006-004216,2025-11-22,2026-01-21,PO-250513,CAD,7738.39,386.92,8125.31,60.0,False,V-0006,B,False,Supplier portal,2025-11-25 10:26:30.339,V-0006,tax_id,PO250513,V-0006,23586.09,CAD,0,0,0,0,0,0,0,0,0,,0,,0,Auto-approve,Perfect extraction,0.31908164770705255,,,
AP-0003477,perfect,,TX-0048-57091,Oakmont Systems Inc.,INV-0048-003477,2025-11-24,2025-12-09,PO-250852,GBP,30427.21,6085.44,36512.65,15.0,False,V-0048,C,False,Supplier portal,2025-11-25 11:05:08.315,V-0048,tax_id,PO250852,V-0048,105924.09,USD,0,0,0,1,0,0,0,0,0,,0,Currency Mismatch,1,Exception review,Perfect extraction,0.6727824404471567,,,
AP-0004551,perfect,,TX-0109-51449,Blue Ridge Analytics LLC,INV-0109-004551,2025-11-25,2026-01-24,PO-251004,USD,6052.27,0.0,6052.27,60.0,False,V-0109,A,False,Email,2025-11-25 11:31:11.428,V-0109,tax_id,PO251004,V-0109,20008.18,USD,0,0,0,0,0,1,0,0,0,,0,Payment Terms Mismatch,1,Exception review,Perfect extraction,0.6366981793501447,,,
AP-0004584,perfect,,TX-0083-82789,Pioneer Services Group,INV-0083-004584,2025-11-21,2025-12-06,PO-251412,USD,15894.57,1311.3,17205.87,15.0,False,V-0083,B,False,Supplier portal,2025-11-25 12:29:05.703,V-0083,tax_id,PO251412,V-0083,46553.28,USD,0,0,0,0,0,0,0,0,0,,0,,0,Auto-approve,Perfect extraction,0.2986859728116157,,,
AP-0000717,perfect,,TX-0079-81417,Brightpath Technologies LLC,INV-0079-000717,2025-11-23,2025-12-23,PO-X000717,USD,1108.55,0.0,1108.55,30.0,False,V-0079,E,False,Supplier portal,2025-11-25 13:00:23.563,V-0079,tax_id,POX000717,,,,0,1,0,0,0,0,0,0,0,,0,Invalid PO,1,Exception review,Perfect extraction,0.6429640001908834,,,
AP-0002288,perfect,,TX-0032-86220,Harbor Networks Group,INV-0032-002288,2025-11-23,2026-01-07,PO-250922,SGD,3844.77,346.03,4190.8,45.0,False,V-0032,A,False,Supplier portal,2025-11-25 13:09:38.251,V-0032,tax_id,PO250922,V-0032,51045.5,SGD,0,0,0,0,0,0,0,0,0,,0,,0,Auto-approve,Perfect extraction,0.36984648822442107,,,
AP-0001804,perfect,,TX-0126-41894,Blue Ridge Digital LLC,INV-0126-001804,2025-11-21,2025-12-21,PO-250496,USD,6649.15,548.56,7197.71,30.0,False,V-0126,C,False,Supplier portal,2025-11-25 13:29:25.021,V-0126,tax_id,PO250496,V-0126,22707.16,USD,0,0,0,0,0,0,0,0,0,,0,,0,Auto-approve,Perfect extraction,0.32665352753269616,,,
AP-0001110,perfect,,TX-0015-69124,Clearview Digital Inc.,INV-0015-001110,2025-11-25,2025-12-25,PO-252223,USD,7082.54,0.0,7082.54,30.0,False,V-0015,A,False,Email,2025-11-25 14:14:53.331,V-0015,tax_id,PO252223,V-0015,19996.0,USD,0,0,0,0,0,0,0,0,0,,0,,0,Auto-approve,Perfect extraction,0.3156634896750862,,,
AP-0002862,perfect,,TX-0015-69124,Clearview Digital Inc.,INV-0015-002862,2025-11-23,2025-12-23,PO-252223,USD,1960.78,0.0,1960.78,30.0,False,V-0015,A,True,Email,2025-11-25 14:42:14.041,V-0015,tax_id,PO252223,V-0015,19996.0,USD,0,0,0,0,0,0,0,0,0,,0,,0,Auto-approve,Perfect extraction,0.31847928578659673,,,
AP-0001811,perfect,,TX-0117-90487,Atlas Consulting LLC,INV-0117-001811,2025-11-21,2025-12-21,PO-251750,CAD,98541.81,4927.09,103468.9,30.0,False,V-0117,C,False,Supplier portal,2025-11-25 15:03:20.643,V-0117,tax_id,PO251750,V-0117,279482.48,CAD,0,0,0,0,0,0,0,0,0,,0,,0,Auto-approve,Perfect extraction,0.37473112880457093,,,
AP-0003703,perfect,,TX-0112-59988,Crescent Systems Group,INV-0112-003703,2025-11-25,2025-12-25,PO-252388,USD,2584.76,0.0,2584.76,30.0,False,V-0112,C,True,Email,2025-11-25 17:07:11.654,V-0112,tax_id,PO252388,V-0112,32329.43,USD,0,0,0,0,0,0,0,0,0,,0,,0,Auto-approve,Perfect extraction,0.3174442936371521,,,
AP-0001030,edi,,TX-0079-81417,Brightpath Technologies LLC,INV-0079-001030,2025-11-23,2025-12-23,PO-250904,USD,15892.71,0.0,15892.71,30.0,False,V-0079,E,False,EDI,2025-11-25 17:25:14.689,V-0079,tax_id,PO250904,V-0079,58359.88,USD,0,0,0,0,0,0,0,0,0,,0,,0,Auto-approve,Perfect extraction,0.28098305573678317,,,
AP-0003101,perfect,,TX-0130-24969,Harbor Technologies Ltd.,INV-0130-003101,2025-11-24,2026-01-23,PO-250471,EUR,1790.45,375.99,2166.44,60.0,False,V-0130,D,False,Supplier portal,2025-11-25 18:17:00.623,V-0130,tax_id,PO250471,V-0130,23862.12,EUR,0,0,0,0,0,0,0,0,0,,0,,0,Auto-approve,Perfect extraction,0.3521655021379873,,,
AP-0002923,perfect,,TX-0043-75924,Crescent Analytics Group,INV-0043-002923,2025-11-22,2026-01-21,PO-251773,USD,38639.56,0.0,38639.56,60.0,False,V-0043,E,False,Supplier portal,2025-11-25 18:42:34.117,V-0043,tax_id,PO251773,V-0043,34840.84,USD,0,0,0,0,1,0,0,0,0,,0,Invoice Over PO,1,Exception review,Perfect extraction,0.6358782087872644,,,
AP-0003546,perfect,,TX-0122-68733,Summit Operations Ltd.,INV-0122-003546,2025-11-23,2026-01-07,PO-251706,USD,3997.64,0.0,3997.64,45.0,False,V-0122,C,True,Email,2025-11-25 19:48:56.903,V-0122,tax_id,PO251706,V-0122,16604.18,USD,0,0,0,0,0,0,0,0,0,,0,,0,Auto-approve,Perfect extraction,0.3811032743987193,,,
AP-0004704,edi,,TX-0035-47483,Pioneer Networks Ltd.,INV-0035-004704,2025-11-24,2025-12-24,PO-252043,USD,18914.04,0.0,18914.04,30.0,False,V-0035,E,False,EDI,2025-11-25 20:33:09.215,V-0035,tax_id,PO252043,V-0035,111832.27,USD,0,0,0,0,0,0,0,0,0,,0,,0,Auto-approve,Perfect extraction,0.3433890137752013,,,
AP-0002688,perfect,,TX-0044-84195,Blue Ridge Resources LLC,INV-0044-002688,2025-11-20,2025-12-05,PO-250003,USD,830.02,0.0,830.02,15.0,False,V-0044,B,False,Email,2025-11-25 22:02:08.129,V-0044,tax_id,PO250003,V-0044,6875.16,USD,0,0,0,0,0,0,0,0,0,,0,,0,Auto-approve,Perfect extraction,0.32802391855750834,,,
AP-0004855,perfect,,TX-0059-74622,Pioneer Solutions Group,INV-0059-004855,2025-11-25,2026-01-09,PO-250443,USD,2934.68,242.11,3176.79,45.0,False,V-0059,A,False,Supplier portal,2025-11-25 23:27:59.435,V-0059,tax_id,PO250443,V-0059,35425.8,USD,0,0,0,0,0,0,1,0,0,,0,Inactive Vendor,1,Exception review,Perfect extraction,0.6163925646430766,,,
AP-0003737,perfect,,TX-0086-70653,Lighthouse Technologies LLC,INV-0086-003737,2025-11-22,2026-01-06,PO-252178,USD,3307.1,272.84,3579.94,45.0,False,V-0086,B,False,Supplier portal,2025-11-26 00:07:59.738,V-0086,tax_id,PO252178,V-0086,24300.92,USD,0,0,0,0,0,0,0,0,0,,0,,0,Auto-approve,Perfect extraction,0.3357421741423106,,,
AP-0001011,perfect,,TX-0096-18776,Copperfield Systems Group,INV-0096-001011,2025-11-23,2025-12-23,,CAD,5213.13,260.66,5473.79,30.0,False,V-0096,A,False,Email,2025-11-26 02:15:29.462,V-0096,tax_id,,,,,1,0,0,0,0,0,0,0,0,,0,Missing PO,1,Exception review,Perfect extraction,0.6099064129766348,,,
AP-0000007,perfect,,TX-0051-19602,Summit Digital Ltd.,INV-0051-000007,2025-11-23,2026-01-07,PO-250340,INR,10000.26,1800.05,11800.31,45.0,False,V-0051,E,False,Supplier portal,2025-11-26 04:30:55.165,V-0051,tax_id,PO250340,V-0051,59875.71,INR,0,0,0,0,0,0,0,0,0,,0,,0,Auto-approve,Perfect extraction,0.35706687320632396,,,
AP-0002704,perfect,,TX-0037-24439,Redwood Supply LLC,INV-0037-002704,2025-11-24,2025-12-24,PO-250737,EUR,6210.38,1304.18,7514.56,30.0,False,V-0037,D,False,Supplier portal,2025-11-26 04:53:40.862,V-0037,tax_id,PO250737,V-0037,43579.99,EUR,0,0,0,0,0,0,0,0,0,,0,,0,Auto-approve,Perfect extraction,0.3124016225925378,,,
AP-0004499,perfect,,TX-0005-88178,Atlas Resources Inc.,INV-0005-004499,2025-11-25,2025-12-25,PO-251045,USD,5915.25,0.0,5915.25,30.0,False,V-0005,A,False,Supplier portal,2025-11-26 05:08:11.398,V-0005,tax_id,PO251045,V-0005,34122.25,USD,0,0,0,0,0,0,0,0,0,,0,,0,Auto-approve,Perfect extraction,0.30439934959300124,,,
AP-0001913,perfect,,TX-0015-69124,Clearview Digital Inc.,INV-0015-001913,2025-11-24,2025-12-24,PO-251102,USD,2127.38,0.0,2127.38,30.0,False,V-0015,A,False,Supplier portal,2025-11-26 07:53:54.324,V-0015,tax_id,PO251102,V-0015,9456.63,USD,0,0,0,0,0,0,0,0,0,,0,,0,Auto-approve,Perfect extraction,0.3149811780573116,,,
AP-0004031,perfect,,TX-0119-27534,Evergreen Systems Group,INV-0119-004031,2025-11-24,2025-12-24,PO-251588,USD,13068.04,1078.11,14146.15,30.0,False,V-0119,E,False,Supplier portal,2025-11-26 08:54:58.547,V-0119,tax_id,PO251588,V-0119,52990.7,USD,0,0,0,0,0,0,0,0,0,,0,,0,Auto-approve,Perfect extraction,0.3031801791659755,,,
AP-0004084,perfect,,TX-0003-12255,Cobalt Technologies Group,INV-0003-004084,2025-11-26,2025-12-26,PO-252174,EUR,4880.75,1024.96,5905.71,30.0,False,V-0003,D,False,Email,2025-11-26 09:59:03.480,V-0003,tax_id,PO252174,V-0003,24758.89,EUR,0,0,0,0,0,0,0,0,0,,0,,0,Auto-approve,Perfect extraction,0.3291389632277018,,,
AP-0002946,edi,,TX-0103-92209,Silverline Services Group,INV-0103-002946,2025-11-24,2026-01-08,PO-250745,USD,8362.86,0.0,8362.86,45.0,False,V-0103,C,False,EDI,2025-11-26 13:25:01.462,V-0103,tax_id,PO250745,V-0103,35984.62,USD,0,0,0,0,0,0,0,0,0,,0,,0,Auto-approve,Perfect extraction,0.33843781631351716,,,
AP-0001549,perfect,,TX-0032-86220,Harbor Networks Group,INV-0032-000344,2025-11-23,2026-01-07,PO-251957,SGD,30356.19,2732.06,33088.25,45.0,False,V-0032,A,False,Supplier portal,2025-11-26 14:12:53.681,V-0032,tax_id,PO251957,V-0032,37792.37,SGD,0,0,0,0,0,0,0,0,1,,0,Duplicate Invoice,1,Exception review,Perfect extraction,0.5937844941701979,,,
AP-0000844,perfect,,TX-0105-55701,Ironwood Analytics Inc.,INV-0105-000844,2025-11-21,2026-01-05,PO-251076,USD,2313.24,0.0,2313.24,45.0,False,V-0105,C,False,Supplier portal,2025-11-26 15:01:46.904,V-0105,tax_id,PO251076,V-0105,10381.67,USD,0,0,0,0,0,0,0,0,0,,0,,0,Auto-approve,Perfect extraction,0.33947984061624975,,,
AP-0002285,perfect,,TX-0092-15472,Summit Resources Group,INV-0092-002285,2025-11-26,2025-12-11,PO-251562,USD,2140.98,0.0,2140.98,15.0,False,V-0092,A,False,Supplier portal,2025-11-26 16:22:58.458,V-0092,tax_id,PO251562,V-0092,41561.75,USD,0,0,0,0,0,0,0,0,0,,0,,0,Auto-approve,Perfect extraction,0.3090968313828388,,,
AP-0003845,perfect,,TX-0001-43105,Evergreen Consulting Group,INV-0001-003845,2025-11-23,2025-12-23,PO-251520,INR,28954.85,5211.87,34166.72,30.0,False,V-0001,A,False,Supplier portal,2025-11-26 18:27:58.725,V-0001,tax_id,PO251520,V-0001,237854.54,INR,0,0,0,0,0,0,0,0,0,,0,,0,Auto-approve,Perfect extraction,0.33326348746112894,,,
AP-0004443,perfect,,TX-0006-57912,Copperfield Digital Group,INV-0006-004443,2025-11-21,2026-01-20,PO-250510,CAD,14141.26,707.06,14848.32,60.0,False,V-0006,B,False,Supplier portal,2025-11-26 19:27:26.874,V-0006,tax_id,PO250510,V-0006,54927.98,CAD,0,0,0,0,0,0,0,0,0,,0,,0,Auto-approve,Perfect extraction,0.32465515005081513,,,
AP-0004747,perfect,,TX-0009-87210,Blue Ridge Supply LLC,INV-0009-004747,2025-11-22,2026-01-06,PO-252126,USD,5291.01,0.0,5291.01,45.0,False,V-0009,B,False,Email,2025-11-26 20:30:39.228,V-0009,tax_id,PO252126,V-0009,80788.83,USD,0,0,0,0,0,0,0,0,0,,0,,0,Auto-approve,Perfect extraction,0.3454901439176769,,,
AP-0003764,perfect,,TX-0120-96327,Oakmont Advisors Group,INV-0120-003764,2025-11-23,2025-12-23,PO-252030,CAD,10042.0,502.1,10544.1,30.0,False,V-0120,C,False,Email,2025-11-26 22:13:01.420,V-0120,tax_id,PO252030,V-0120,63279.58,CAD,0,0,0,0,0,0,0,0,1,,0,Duplicate Invoice,1,Exception review,Perfect extraction,0.5510089840701989,,,
AP-0004746,perfect,,TX-0069-10137,Atlas Logistics Inc.,INV-0069-004746,2025-11-25,2025-12-25,PO-250257,USD,6585.51,0.0,6585.51,30.0,False,V-0069,B,False,Supplier portal,2025-11-26 22:23:11.295,V-0069,tax_id,PO250257,V-0069,29352.13,USD,0,0,0,0,0,0,0,0,0,,0,,0,Auto-approve,Perfect extraction,0.32494588116907647,,,
AP-0001005,perfect,,TX-0106-56495,Oakmont Analytics Inc.,INV-0106-001005,2025-11-26,2026-01-10,PO-251837,USD,12442.65,0.0,12442.65,45.0,False,V-0106,A,False,Supplier portal,2025-11-26 22:37:20.452,V-0106,tax_id,PO251837,V-0106,57088.82,USD,0,0,0,0,0,0,0,0,0,,0,,0,Auto-approve,Perfect extraction,0.3498906032290748,,,
AP-0002860,perfect,,TX-0090-82710,Copperfield Advisors Ltd.,INV-0090-002860,2025-11-26,2026-01-10,PO-250970,USD,9387.6,0.0,9387.6,45.0,False,V-0090,B,False,Supplier portal,2025-11-26 23:23:53.656,V-0090,tax_id,PO250970,V-0090,33636.72,USD,0,0,0,0,0,0,0,0,0,,0,,0,Auto-approve,Perfect extraction,0.3513699699697873,,,
AP-0001496,perfect,,TX-0018-72351,Evergreen Resources Inc.,INV-0018-001496,2025-11-25,2025-12-25,PO-251451,USD,4929.72,0.0,4929.72,30.0,False,V-0018,B,False,Email,2025-11-27 00:49:12.276,V-0018,tax_id,PO251451,V-0018,32101.79,USD,0,0,0,0,0,0,0,0,0,,0,,0,Auto-approve,Perfect extraction,0.3418642744687179,,,
AP-0003058,perfect,,TX-0129-39742,Blue Ridge Digital Ltd.,INV-0129-001428,2025-11-26,2025-12-26,PO-252219,USD,1439.98,0.0,1439.98,30.0,False,V-0129,C,False,Email,2025-11-27 02:54:46.991,V-0129,tax_id,PO252219,V-0129,108088.67,USD,0,0,0,0,0,1,0,0,1,,0,Payment Terms Mismatch; Duplicate Invoice,2,Exception review,Perfect extraction,0.6735483759154278,,,
AP-0003893,edi,,TX-0102-39905,Blue Ridge Analytics Inc.,INV-0102-003893,2025-11-26,2025-12-11,PO-251195,EUR,11789.03,2475.7,14264.73,15.0,False,V-0102,D,False,EDI,2025-11-27 04:40:39.912,V-0102,tax_id,PO251195,V-0102,105504.57,EUR,0,0,0,0,0,0,0,0,0,,0,,0,Auto-approve,Perfect extraction,0.3346738705871489,,,
AP-0003214,perfect,,TX-0140-96185,Blue Ridge Operations Inc.,INV-0140-003214,2025-11-24,2025-12-24,PO-250531,USD,12511.0,0.0,12511.0,30.0,False,V-0140,C,True,Email,2025-11-27 05:13:58.816,V-0140,tax_id,PO250531,V-0140,34045.91,USD,0,0,0,0,0,0,0,0,0,,0,,0,Auto-approve,Perfect extraction,0.3131037422091315,,,
AP-0004294,perfect,,TX-0077-86128,Cobalt Operations LLC,INV-0077-004294,2025-11-27,2025-12-27,PO-252252,USD,4777.59,0.0,4777.59,30.0,False,V-0077,B,False,Supplier portal,2025-11-27 05:35:28.071,V-0077,tax_id,PO252252,V-0077,18665.51,USD,0,0,0,0,0,0,0,0,0,,0,,0,Auto-approve,Perfect extraction,0.30320725529927145,,,
AP-0002962,edi,,TX-0084-70345,Redwood Supply LLC,INV-0084-002962,2025-11-22,2026-01-06,PO-251105,EUR,2954.69,620.49,3575.18,45.0,False,V-0084,D,False,EDI,2025-11-27 07:48:11.319,V-0084,tax_id,PO251105,V-0084,59370.31,EUR,0,0,0,0,0,1,0,0,0,,0,Payment Terms Mismatch,1,Exception review,Perfect extraction,0.6227695146626827,,,
AP-0003216,perfect,,TX-0107-50949,Silverline Advisors Inc.,INV-0107-003216,2025-11-23,2026-01-22,PO-252050,USD,8381.85,691.5,9073.35,60.0,False,V-0107,C,False,Supplier portal,2025-11-27 08:35:27.221,V-0107,tax_id,PO252050,V-0107,33145.87,USD,0,0,0,0,0,0,0,0,0,,0,,0,Auto-approve,Perfect extraction,0.3489799136229859,,,
AP-0002853,perfect,,TX-0017-46110,Cobalt Analytics Group,INV-0017-002853,2025-11-25,2026-01-09,PO-251799,GBP,24589.28,4917.86,29507.14,45.0,False,V-0017,C,False,Supplier portal,2025-11-27 09:10:17.216,V-0017,tax_id,PO251799,V-0017,19995.6,GBP,0,0,0,0,1,0,0,1,0,,0,Invoice Over PO; High-Risk Vendor,2,Exception review,Perfect extraction,0.7113657649470322,,,
AP-0004521,perfect,,TX-0031-87911,Lighthouse Systems Inc.,INV-0031-004521,2025-11-23,2025-12-08,PO-250418,USD,33557.05,0.0,33557.05,15.0,False,V-0031,E,False,Email,2025-11-27 10:01:49.597,V-0031,tax_id,PO250418,V-0031,97315.18,USD,0,0,0,0,0,0,0,1,0,,0,High-Risk Vendor,1,Exception review,Perfect extraction,0.4347066937232355,,,
AP-0003457,perfect,,TX-0007-69764,Redwood Logistics Ltd.,INV-0007-003457,2025-11-25,2025-12-10,PO-250626,INR,5116.64,920.99,6037.63,15.0,False,V-0007,A,False,Supplier portal,2025-11-27 10:47:06.189,V-0007,tax_id,PO250626,V-0007,32127.85,INR,0,0,0,0,0,0,0,0,0,,0,,0,Auto-approve,Perfect extraction,0.3522089907102023,,,
AP-0000557,edi,,TX-0042-54837,Harbor Services Group,INV-0042-000557,2025-11-22,2026-01-21,PO-251670,USD,15329.38,0.0,15329.38,60.0,False,V-0042,B,False,EDI,2025-11-27 12:15:34.234,V-0042,tax_id,PO251670,V-0042,43544.99,USD,0,0,0,0,0,0,0,0,0,,0,,0,Auto-approve,Perfect extraction,0.3538900566660635,,,
AP-0002990,perfect,,TX-0093-95568,Clearview Systems Inc.,INV-0093-002990,2025-11-23,2025-12-08,PO-252234,USD,8757.61,722.5,9480.11,15.0,False,V-0093,B,False,Supplier portal,2025-11-27 13:41:03.835,V-0093,tax_id,PO252234,V-0093,25139.08,USD,0,0,0,0,0,0,0,0,0,,0,,0,Auto-approve,Perfect extraction,0.316351712183691,,,
AP-0003651,edi,,TX-0123-99977,Oakmont Analytics Ltd.,INV-0123-003651,2025-11-26,2025-12-26,PO-250121,USD,36295.67,2994.39,39290.06,30.0,False,V-0123,E,False,EDI,2025-11-27 14:48:12.717,V-0123,tax_id,PO250121,V-0123,218249.97,USD,0,0,0,0,0,0,1,0,0,,0,Inactive Vendor,1,Exception review,Perfect extraction,0.6187615173294698,,,
AP-0004578,perfect,,TX-0057-94723,Lighthouse Supply Ltd.,INV-0057-004578,2025-11-26,2025-12-26,PO-250600,USD,2008.51,0.0,2008.51,30.0,False,V-0057,A,False,Supplier portal,2025-11-27 15:40:56.047,V-0057,tax_id,PO250600,V-0057,7586.18,USD,0,0,0,0,0,0,0,0,0,,0,,0,Auto-approve,Perfect extraction,0.3045646766474098,,,
AP-0000970,perfect,,TX-0076-41538,Summit Systems LLC,INV-0076-000970,2025-11-25,2026-01-24,PO-250454,EUR,2670.69,560.84,3231.53,60.0,False,V-0076,D,False,Email,2025-11-27 16:12:09.394,V-0076,tax_id,PO250454,V-0076,13981.63,EUR,0,0,0,0,0,0,0,0,0,,0,,0,Auto-approve,Perfect extraction,0.34213961964549744,,,
AP-0003357,perfect,,TX-0066-17224,Stonebridge Networks Ltd.,INV-0066-003357,2025-11-23,2025-12-23,PO-252158,USD,14360.85,0.0,14360.85,30.0,False,V-0066,A,False,Supplier portal,2025-11-27 16:29:46.737,V-0066,tax_id,PO252158,V-0066,50099.64,USD,0,0,0,0,0,0,0,0,0,,0,,0,Auto-approve,Perfect extraction,0.3296801815622467,,,
AP-0002596,perfect,,TX-0050-69493,Ironwood Services Ltd.,INV-0050-002222,2025-11-23,2025-12-23,PO-251082,CAD,2912.77,145.64,3058.41,30.0,False,V-0050,A,True,Email,2025-11-27 18:05:36.985,V-0050,tax_id,PO251082,V-0050,21094.11,USD,0,0,0,1,0,0,0,0,1,,0,Currency Mismatch; Duplicate Invoice,2,Exception review,Perfect extraction,0.6669446737715709,,,
AP-0002752,perfect,,TX-0140-96185,Blue Ridge Operations Inc.,INV-0140-002752,2025-11-23,2026-01-07,PO-250916,USD,14092.24,0.0,14092.24,45.0,False,V-0140,C,True,Email,2025-11-27 19:55:57.369,V-0140,tax_id,PO250916,V-0140,63209.77,USD,0,0,0,0,0,1,0,0,0,,0,Payment Terms Mismatch,1,Exception review,Perfect extraction,0.5889649049207849,,,
AP-0004497,perfect,,TX-0082-48109,Cobalt Partners Ltd.,INV-0082-004497,2025-11-26,2025-12-11,PO-250104,USD,268.89,22.18,291.07,15.0,False,V-0082,C,False,Supplier portal,2025-11-27 20:04:03.331,V-0082,tax_id,PO250104,V-0082,5053.56,USD,0,0,0,0,0,0,0,0,0,,0,,0,Auto-approve,Perfect extraction,0.3210218369565661,,,
AP-0000962,perfect,,TX-0139-47222,Evergreen Systems Group,INV-0139-000962,2025-11-23,2025-12-23,PO-251745,USD,11545.91,0.0,11545.91,30.0,True,V-0139,B,False,Supplier portal,2025-11-27 20:55:13.421,V-0139,tax_id,PO251745,V-0139,55630.67,USD,0,0,0,0,0,0,0,0,0,,0,,0,Auto-approve,Perfect extraction,0.2973874212454974,,,
AP-0003550,edi,,TX-0130-24969,Harbor Technologies Ltd.,INV-0130-003550,2025-11-22,2026-01-21,PO-252115,EUR,3159.93,663.58,3823.51,60.0,False,V-0130,D,False,EDI,2025-11-27 21:59:54.300,V-0130,tax_id,PO252115,V-0130,14510.95,EUR,0,0,0,0,0,0,0,0,0,,0,,0,Auto-approve,Perfect extraction,0.35320808103683904,,,
AP-0001769,perfect,,TX-0084-70345,Redwood Supply LLC,INV-0084-001769,2025-11-27,2025-12-27,PO-251105,EUR,13094.09,2749.76,15843.85,30.0,False,V-0084,D,False,Supplier portal,2025-11-27 23:39:31.042,V-0084,tax_id,PO251105,V-0084,59370.31,EUR,0,0,0,0,0,0,0,0,0,,0,,0,Auto-approve,Perfect extraction,0.31581904190988586,,,
AP-0004123,edi,,TX-0097-36111,Clearview Analytics Ltd.,INV-0097-004123,2025-11-24,2026-01-08,PO-252078,GBP,10180.96,2036.19,12217.15,45.0,False,V-0097,A,False,EDI,2025-11-28 00:40:58.436,V-0097,tax_id,PO252078,V-0097,41408.57,GBP,0,0,0,0,0,0,0,0,0,,0,,0,Auto-approve,Perfect extraction,0.3962049114000461,,,
AP-0003707,perfect,,TX-0084-70345,Redwood Supply LLC,INV-0084-003707,2025-11-23,2025-12-23,PO-251105,EUR,15390.07,3231.92,18621.99,30.0,False,V-0084,D,False,Supplier portal,2025-11-28 02:31:28.482,V-0084,tax_id,PO251105,V-0084,59370.31,EUR,0,0,0,0,0,0,0,0,0,,0,,0,Auto-approve,Perfect extraction,0.31554678163079836,,,
AP-0002347,edi,,TX-0122-68733,Summit Operations Ltd.,INV-0122-002347,2025-11-24,2026-01-08,PO-251706,USD,3587.57,0.0,3587.57,45.0,False,V-0122,C,False,EDI,2025-11-28 04:40:11.595,V-0122,tax_id,PO251706,V-0122,16604.18,USD,0,0,0,0,0,0,0,0,0,,0,,0,Auto-approve,Perfect extraction,0.37526196069460493,,,
AP-0001436,perfect,,TX-0067-45894,Beacon Operations Ltd.,INV-0067-001436,2025-11-28,2025-12-28,PO-250833,USD,5331.34,0.0,5331.34,30.0,False,V-0067,B,False,Supplier portal,2025-11-28 05:39:25.003,V-0067,tax_id,PO250833,V-0067,15722.38,USD,0,0,0,0,0,0,0,0,0,,0,,0,Auto-approve,Perfect extraction,0.3032648426233452,,,
AP-0000339,edi,,TX-0135-50499,Stonebridge Systems LLC,INV-0135-000339,2025-11-27,2025-12-27,PO-251675,USD,1150.46,94.91,1245.37,30.0,False,V-0135,B,False,EDI,2025-11-28 08:41:27.618,V-0135,tax_id,PO251675,V-0135,7016.71,USD,0,0,0,0,0,0,0,0,0,,0,,0,Auto-approve,Perfect extraction,0.3224337921855254,,,
AP-0000743,perfect,,TX-0011-62098,Oakmont Solutions LLC,INV-0011-000743,2025-11-25,2025-12-25,PO-252101,USD,3907.05,0.0,3907.05,30.0,False,V-0011,B,False,Supplier portal,2025-11-28 09:24:48.773,V-0011,tax_id,PO252101,V-0011,70771.29,USD,0,0,0,0,0,0,0,0,0,,0,,0,Auto-approve,Perfect extraction,0.3279881644778018,,,
AP-0002380,perfect,,TX-0035-47483,Pioneer Networks Ltd.,INV-0035-002380,2025-11-25,2025-12-25,,USD,1844.05,0.0,1844.05,30.0,False,V-0035,E,False,Email,2025-11-28 11:08:41.795,V-0035,tax_id,,,,,1,0,0,0,0,0,0,0,0,,0,Missing PO,1,Exception review,Perfect extraction,0.6702814705621328,,,
AP-0003346,edi,,TX-0086-70653,Lighthouse Technologies LLC,INV-0086-003346,2025-11-24,2026-01-08,PO-X003346,USD,39532.44,3261.43,42793.87,45.0,False,V-0086,B,False,EDI,2025-11-28 11:41:06.325,V-0086,tax_id,POX003346,,,,0,1,0,0,0,0,0,0,0,,0,Invalid PO,1,Exception review,Perfect extraction,0.6369459016747273,,,
AP-0000039,edi,,TX-0130-24969,Harbor Technologies Ltd.,INV-0130-000039,2025-11-27,2026-01-26,PO-252128,EUR,4679.74,982.75,5662.49,60.0,False,V-0130,D,False,EDI,2025-11-28 12:44:23.018,V-0130,tax_id,PO252128,V-0130,79758.16,EUR,0,0,0,0,0,0,0,0,0,,0,,0,Auto-approve,Perfect extraction,0.33154232293698355,,,
AP-0003896,perfect,,TX-0127-49996,Ironwood Solutions Inc.,INV-0127-003896,2025-11-28,2026-01-12,PO-250460,USD,8241.64,679.93,8921.57,45.0,False,V-0127,A,True,Email,2025-11-28 12:48:15.894,V-0127,tax_id,PO250460,V-0127,33544.39,USD,0,0,0,0,0,0,0,0,0,,0,,0,Auto-approve,Perfect extraction,0.34070953308085655,,,
AP-0000866,edi,,TX-0027-23409,Harbor Digital LLC,INV-0027-000866,2025-11-28,2025-12-28,PO-251696,USD,9666.55,0.0,9666.55,30.0,False,V-0027,B,False,EDI,2025-11-28 13:19:21.088,V-0027,tax_id,PO251696,V-0027,41181.63,USD,0,0,0,0,0,0,1,0,0,,0,Inactive Vendor,1,Exception review,Perfect extraction,0.6184798862673692,,,
AP-0001217,perfect,,TX-0059-74622,Pioneer Solutions Group,INV-0059-001217,2025-11-28,2026-01-12,PO-250443,USD,10654.36,878.98,11533.34,45.0,False,V-0059,A,False,Supplier portal,2025-11-28 14:13:32.093,V-0059,tax_id,PO250443,V-0059,35425.8,USD,0,0,0,0,0,0,1,0,0,,0,Inactive Vendor,1,Exception review,Perfect extraction,0.6178214537768676,,,
AP-0004833,edi,,TX-0092-15472,Summit Resources Group,INV-0092-004833,2025-11-25,2025-12-10,PO-250794,USD,3525.51,0.0,3525.51,15.0,False,V-0092,A,False,EDI,2025-11-28 15:50:06.504,V-0092,tax_id,PO250794,V-0092,9763.44,USD,0,0,0,0,0,0,0,0,0,,0,,0,Auto-approve,Perfect extraction,0.3264146981211271,,,
AP-0002319,perfect,,TX-0070-80671,Beacon Services LLC,INV-0070-002319,2025-11-27,2025-12-12,,USD,2357.67,0.0,2357.67,15.0,False,V-0070,A,False,Supplier portal,2025-11-28 16:44:56.496,V-0070,tax_id,,,,,1,0,0,0,0,0,0,0,0,,0,Missing PO,1,Exception review,Perfect extraction,0.633373222799127,,,
AP-0002412,perfect,,TX-0129-39742,Blue Ridge Digital Ltd.,INV-0129-002412,2025-11-23,2026-01-07,PO-252219,USD,9225.4,0.0,9225.4,45.0,False,V-0129,C,True,Email,2025-11-28 17:18:20.776,V-0129,tax_id,PO252219,V-0129,108088.67,USD,0,0,0,0,0,0,0,0,0,,0,,0,Auto-approve,Perfect extraction,0.3724118927023654,,,
AP-0004715,perfect,,TX-0082-48109,Cobalt Partners Ltd.,INV-0082-004715,2025-11-23,2025-12-08,PO-251489,USD,5767.86,475.85,6243.71,15.0,False,V-0082,C,False,Supplier portal,2025-11-28 20:09:30.972,V-0082,tax_id,PO251489,V-0082,20953.17,USD,0,0,0,0,0,0,0,0,0,,0,,0,Auto-approve,Perfect extraction,0.3140125351973268,,,
AP-0002735,perfect,,TX-0079-81417,Brightpath Technologies LLC,INV-0079-002735,2025-11-23,2025-12-23,PO-252105,USD,19365.29,0.0,19365.29,30.0,False,V-0079,E,False,Supplier portal,2025-11-28 20:31:01.224,V-0079,tax_id,PO252105,V-0079,123574.7,USD,0,0,0,0,0,0,0,0,0,,0,,0,Auto-approve,Perfect extraction,0.3129115028212679,,,
AP-0001778,edi,,TX-0013-11961,Cobalt Operations LLC,INV-0013-001778,2025-11-25,2026-01-09,PO-250995,USD,16612.27,0.0,16612.27,45.0,False,V-0013,B,False,EDI,2025-11-28 20:57:38.057,V-0013,tax_id,PO250995,V-0013,100751.61,USD,0,0,0,0,0,0,1,0,0,,0,Inactive Vendor,1,Exception review,Perfect extraction,0.6506636392409011,,,
AP-0001553,perfect,,TX-0053-42836,Oakmont Supply Group,INV-0053-001553,2025-11-23,2025-12-23,PO-251722,SGD,1983.96,178.56,2162.52,30.0,False,V-0053,C,False,Supplier portal,2025-11-28 21:33:08.454,V-0053,tax_id,PO251722,V-0053,16767.81,SGD,0,0,0,0,0,0,0,0,0,,0,,0,Auto-approve,Perfect extraction,0.3458424224246324,,,
AP-0000897,edi,,TX-0016-44050,Redwood Consulting LLC,INV-0016-000897,2025-11-28,2025-12-13,PO-250618,EUR,81550.65,17125.64,98676.29,15.0,False,V-0016,D,False,EDI,2025-11-28 22:20:14.319,V-0016,tax_id,PO250618,V-0016,72721.98,EUR,0,0,0,0,1,0,0,0,0,,0,Invoice Over PO,1,Exception review,Perfect extraction,0.6874925413926194,,,
AP-0004786,perfect,,TX-0028-83716,Harbor Consulting Ltd.,INV-0028-004786,2025-11-25,2025-12-10,PO-252225,GBP,2417.6,483.52,2901.12,15.0,False,V-0028,E,False,Supplier portal,2025-11-29 02:20:49.303,V-0028,tax_id,PO252225,V-0028,10793.96,GBP,0,0,0,0,0,1,1,0,0,,0,Payment Terms Mismatch; Inactive Vendor,2,Exception review,Perfect extraction,0.7590750307377372,,,
AP-0002445,perfect,,TX-0083-82789,Pioneer Services Group,INV-0083-002445,2025-11-27,2025-12-12,PO-251196,USD,25223.87,2080.97,27304.84,15.0,False,V-0083,B,False,Supplier portal,2025-11-29 04:13:00.882,V-0083,tax_id,PO251196,V-0083,153087.72,USD,0,0,0,0,0,0,0,0,0,,0,,0,Auto-approve,Perfect extraction,0.3208184357606661,,,
AP-0003481,edi,,TX-0108-54358,Summit Supply Ltd.,INV-0108-003481,2025-11-27,2026-01-26,PO-250336,CAD,49390.7,2469.54,51860.24,60.0,False,V-0108,C,False,EDI,2025-11-29 05:11:39.994,V-0108,tax_id,PO250336,V-0108,375870.08,CAD,0,0,0,0,0,0,0,0,0,,0,,0,Auto-approve,Perfect extraction,0.35186071741239994,,,
AP-0002669,perfect,,TX-0064-39165,Summit Consulting Inc.,INV-0064-002669,2025-11-27,2025-12-12,PO-250926,GBP,16247.0,3249.4,19496.4,15.0,False,V-0064,B,True,Email,2025-11-29 05:15:02.366,V-0064,tax_id,PO250926,V-0064,65101.9,CAD,0,0,0,1,0,1,0,0,0,,0,Currency Mismatch; Payment Terms Mismatch,2,Exception review,Perfect extraction,0.7105500972968026,,,
AP-0000889,perfect,,TX-0017-46110,Cobalt Analytics Group,INV-0017-000889,2025-11-28,2026-01-12,PO-251646,GBP,221546.12,44309.22,265855.34,45.0,False,V-0017,C,True,Email,2025-11-29 07:32:19.524,V-0017,tax_id,PO251646,V-0017,182474.85,GBP,0,0,0,0,1,0,0,1,0,,0,Invoice Over PO; High-Risk Vendor,2,Exception review,Perfect extraction,0.7416939690292335,,,
AP-0001361,perfect,,TX-0067-45894,Beacon Operations Ltd.,INV-0067-001361,2025-11-29,2025-12-29,PO-250463,USD,10181.41,0.0,10181.41,30.0,False,V-0067,B,False,Supplier portal,2025-11-29 07:36:49.490,V-0067,tax_id,PO250463,V-0067,43002.76,USD,0,0,0,0,0,0,0,0,0,,0,,0,Auto-approve,Perfect extraction,0.3010329733452092,,,
AP-0004719,perfect,,TX-0114-88629,Beacon Logistics Group,INV-0114-004719,2025-11-24,2025-12-24,PO-250176,USD,29969.94,2472.52,32442.46,30.0,False,V-0114,A,False,Email,2025-11-29 08:13:55.347,V-0114,tax_id,PO250176,V-0114,180880.39,USD,0,0,0,0,0,0,0,0,0,,0,,0,Auto-approve,Perfect extraction,0.32484030556020715,,,
AP-0002536,perfect,,TX-0059-74622,Pioneer Solutions Group,INV-0059-002536,2025-11-27,2026-01-11,PO-251568,USD,4618.51,381.03,4999.54,45.0,False,V-0059,A,True,Email,2025-11-29 08:16:02.953,V-0059,tax_id,PO251568,V-0059,46307.84,USD,0,0,0,0,0,0,1,0,0,,0,Inactive Vendor,1,Exception review,Perfect extraction,0.6179365095426473,,,
AP-0001091,perfect,,TX-0118-10046,Stonebridge Logistics Ltd.,INV-0118-001091,2025-11-24,2025-12-24,PO-250351,USD,23645.55,1950.76,25596.31,30.0,False,V-0118,C,False,Supplier portal,2025-11-29 08:45:24.941,V-0118,tax_id,PO250351,V-0118,141344.4,USD,0,0,0,0,0,0,0,0,0,,0,,0,Auto-approve,Perfect extraction,0.31933189311619,,,
AP-0001529,perfect,,TX-0054-19609,Crescent Logistics LLC,INV-0054-001529,2025-11-24,2025-12-24,PO-251618,USD,7871.04,649.36,8520.4,30.0,False,V-0054,A,False,Supplier portal,2025-11-29 08:58:44.826,V-0054,tax_id,PO251618,V-0054,31456.98,USD,0,0,0,0,0,0,0,0,0,,0,,0,Auto-approve,Perfect extraction,0.2995267894566531,,,
AP-0001339,perfect,,TX-0118-10046,Stonebridge Logistics Ltd.,INV-0118-001339,2025-11-28,2025-12-28,PO-250915,USD,7005.28,577.94,7583.22,30.0,False,V-0118,C,False,Supplier portal,2025-11-29 10:20:20.848,V-0118,tax_id,PO250915,V-0118,173123.61,USD,0,0,0,0,0,0,0,0,0,,0,,0,Auto-approve,Perfect extraction,0.3175420851796012,,,
AP-0003539,perfect,,TX-0062-17232,Juniper Resources Ltd.,INV-0062-003539,2025-11-25,2025-12-25,PO-X003539,USD,7330.13,0.0,7330.13,30.0,False,V-0062,B,False,Supplier portal,2025-11-29 12:02:44.186,V-0062,tax_id,POX003539,,,,0,1,0,0,0,0,0,0,0,,0,Invalid PO,1,Exception review,Perfect extraction,0.6470188476824746,,,
AP-0002492,perfect,,TX-0087-76038,Atlas Digital Ltd.,INV-0087-002492,2025-11-25,2026-01-24,PO-250906,EUR,1447.13,303.9,1751.03,60.0,False,V-0087,D,False,Supplier portal,2025-11-29 13:51:28.451,V-0087,tax_id,PO250906,V-0087,17514.72,EUR,0,0,0,0,0,0,0,0,0,,0,,0,Auto-approve,Perfect extraction,0.3496793577008853,,,
AP-0003486,perfect,,TX-0009-87210,Blue Ridge Supply LLC,INV-0009-003486,2025-11-24,2026-01-08,PO-252126,USD,9460.44,0.0,9460.44,45.0,True,V-0009,B,False,Supplier portal,2025-11-29 14:23:05.130,V-0009,tax_id,PO252126,V-0009,80788.83,USD,0,0,0,0,0,0,0,0,0,,0,,0,Auto-approve,Perfect extraction,0.3395781906347202,,,
AP-0001322,perfect,,TX-0015-69124,Clearview Digital Inc.,INV-0015-001110,2025-11-29,2025-12-29,PO-252223,USD,7082.54,0.0,7082.54,30.0,False,V-0015,A,False,Supplier portal,2025-11-29 14:51:32.568,V-0015,tax_id,PO252223,V-0015,19996.0,USD,0,0,0,0,0,0,0,0,1,,0,Duplicate Invoice,1,Exception review,Perfect extraction,0.5724402355106017,,,
AP-0004846,perfect,,TX-0100-21510,Summit Logistics Inc.,INV-0100-004846,2025-11-27,2025-12-27,PO-250672,USD,22491.59,0.0,22491.59,30.0,False,V-0100,E,False,Supplier portal,2025-11-29 15:15:40.517,V-0100,tax_id,PO250672,V-0100,100386.21,USD,0,0,0,0,0,0,0,0,0,,0,,0,Auto-approve,Perfect extraction,0.3274646330972526,,,
AP-0000421,perfect,,TX-0032-86220,Harbor Networks Group,INV-0032-000421,2025-11-26,2026-01-10,PO-250552,SGD,3997.99,359.82,4357.81,45.0,False,V-0032,A,False,Supplier portal,2025-11-29 16:04:39.037,V-0032,tax_id,PO250552,V-0032,14457.11,SGD,0,0,0,0,0,0,0,0,0,,0,,0,Auto-approve,Perfect extraction,0.34726325578451056,,,
AP-0000960,perfect,,TX-0125-42798,Brightpath Resources Ltd.,INV-0125-000960,2025-11-25,2025-12-25,PO-251244,EUR,4379.17,919.62,5298.79,30.0,False,V-0125,D,False,Email,2025-11-29 17:17:48.695,V-0125,tax_id,PO251244,V-0125,17334.14,EUR,0,0,0,0,0,0,0,0,0,,0,,0,Auto-approve,Perfect extraction,0.34648587700025896,,,
AP-0003502,perfect,,TX-0079-81417,Brightpath Technologies LLC,INV-0079-003502,2025-11-24,2025-12-24,PO-250299,EUR,4313.44,905.82,5219.26,30.0,False,V-0079,E,False,Email,2025-11-29 18:17:25.000,V-0079,tax_id,PO250299,V-0079,99153.47,USD,0,0,0,1,0,0,0,0,0,,0,Currency Mismatch,1,Exception review,Perfect extraction,0.6210796446055826,,,
AP-0003277,perfect,,TX-0045-69725,Atlas Services LLC,INV-0045-003277,2025-11-28,2026-01-12,PO-252369,USD,684.78,0.0,684.78,45.0,False,V-0045,A,False,Supplier portal,2025-11-29 18:21:03.069,V-0045,tax_id,PO252369,V-0045,13854.1,USD,0,0,0,0,0,0,0,0,0,,0,,0,Auto-approve,Perfect extraction,0.327215899161672,,,
AP-0004738,perfect,,TX-0025-19498,Oakmont Supply Group,INV-0025-004738,2025-11-24,2026-01-23,PO-250162,USD,4241.38,349.91,4591.29,60.0,True,V-0025,B,False,Supplier portal,2025-11-29 18:32:19.862,V-0025,tax_id,PO250162,V-0025,14782.05,USD,0,0,0,0,0,0,0,0,0,,0,,0,Auto-approve,Perfect extraction,0.3336091657482249,,,
AP-0002355,perfect,,TX-0056-21648,Oakmont Services LLC,INV-0056-002355,2025-11-29,2026-01-13,,USD,10883.35,897.88,11781.23,45.0,False,V-0056,E,False,Email,2025-11-29 19:01:35.039,V-0056,tax_id,,,,,1,0,0,0,0,0,0,0,0,,0,Missing PO,1,Exception review,Perfect extraction,0.6613798861068003,,,
AP-0002849,edi,,TX-0115-48708,Ironwood Services Group,INV-0115-002849,2025-11-26,2025-12-11,PO-250010,EUR,1027.96,215.87,1243.83,15.0,False,V-0115,D,False,EDI,2025-11-29 21:28:55.296,V-0115,tax_id,PO250010,V-0115,10682.93,EUR,0,0,0,0,0,0,0,0,0,,0,,0,Auto-approve,Perfect extraction,0.3393475174352754,,,
AP-0004059,perfect,,TX-0098-91882,Cobalt Partners Group,INV-0098-004059,2025-11-25,2026-01-09,PO-251482,USD,8337.69,0.0,8337.69,45.0,False,V-0098,B,False,Supplier portal,2025-11-29 21:35:46.389,V-0098,tax_id,PO251482,V-0098,62081.04,USD,0,0,0,0,0,0,0,1,0,,0,High-Risk Vendor,1,Exception review,Perfect extraction,0.4416829944492172,,,
AP-0003900,perfect,,TX-0017-46110,Cobalt Analytics Group,INV-0017-003900,2025-11-26,2026-01-10,PO-251912,GBP,12705.72,2541.14,15246.86,45.0,False,V-0017,C,False,Supplier portal,2025-11-29 23:25:25.276,V-0017,tax_id,PO251912,V-0017,41947.88,GBP,0,0,0,0,0,0,0,1,0,,0,High-Risk Vendor,1,Exception review,Perfect extraction,0.5073171905870149,,,
AP-0001278,edi,,TX-0005-88178,Atlas Resources Inc.,INV-0005-001278,2025-11-30,2026-01-14,PO-251279,USD,6662.0,0.0,6662.0,45.0,False,V-0005,A,False,EDI,2025-11-30 00:50:04.053,V-0005,tax_id,PO251279,V-0005,39282.38,USD,0,0,0,0,0,1,0,0,0,,0,Payment Terms Mismatch,1,Exception review,Perfect extraction,0.6160658407455532,,,
AP-0001224,edi,,TX-0133-30576,Cobalt Partners Group,INV-0133-001224,2025-11-26,2026-01-10,PO-250677,USD,34709.66,0.0,34709.66,45.0,False,V-0133,C,False,EDI,2025-11-30 01:58:52.952,V-0133,tax_id,PO250677,V-0133,99286.25,USD,0,0,0,0,0,0,0,0,0,,0,,0,Auto-approve,Perfect extraction,0.3592243933110178,,,
AP-0004913,perfect,,TX-0019-24934,Redwood Systems LLC,INV-0019-004913,2025-11-25,2026-01-24,PO-250436,CAD,3708.32,185.42,3893.74,60.0,False,V-0019,B,False,Supplier portal,2025-11-30 02:46:09.965,V-0019,tax_id,PO250436,V-0019,10259.74,CAD,0,0,0,0,0,0,0,0,0,,0,,0,Auto-approve,Perfect extraction,0.3306238180164332,,,
AP-0001793,edi,,TX-0017-46110,Cobalt Analytics Group,INV-0017-001793,2025-11-30,2026-01-14,PO-251646,GBP,196145.36,39229.07,235374.43,45.0,False,V-0017,C,False,EDI,2025-11-30 02:49:43.738,V-0017,tax_id,PO251646,V-0017,182474.85,GBP,0,0,0,0,1,0,0,1,0,,0,Invoice Over PO; High-Risk Vendor,2,Exception review,Perfect extraction,0.7435046905652841,,,
AP-0003771,perfect,,TX-0101-51229,Juniper Technologies LLC,INV-0101-003771,2025-11-29,2025-12-14,,EUR,3846.05,807.67,4653.72,15.0,False,V-0101,D,True,Email,2025-11-30 03:51:27.854,V-0101,tax_id,,,,,1,0,0,0,0,0,0,0,0,,0,Missing PO,1,Exception review,Perfect extraction,0.6528187799626886,,,
AP-0004315,perfect,,TX-0100-21510,Summit Logistics Inc.,INV-0100-004315,2025-11-28,2025-12-28,PO-250061,USD,2937.69,0.0,2937.69,30.0,False,V-0100,E,False,Supplier portal,2025-11-30 03:52:32.364,V-0100,tax_id,PO250061,V-0100,10819.25,USD,0,0,0,0,0,0,0,0,0,,0,,0,Auto-approve,Perfect extraction,0.314963124137705,,,
AP-0004888,perfect,,TX-0050-69493,Ironwood Services Ltd.,INV-0050-004888,2025-11-25,2025-12-25,PO-252172,USD,589.83,0.0,589.83,30.0,False,V-0050,A,False,Email,2025-11-30 04:52:23.870,V-0050,tax_id,PO252172,V-0050,14297.94,USD,0,0,0,0,0,0,0,0,0,,0,,0,Auto-approve,Perfect extraction,0.33491000032642,,,
AP-0002057,perfect,,TX-0005-88178,Atlas Resources Inc.,INV-0005-002057,2025-11-30,2025-12-30,PO-250053,USD,37322.83,0.0,37322.83,30.0,False,V-0005,A,True,Email,2025-11-30 05:16:29.592,V-0005,tax_id,PO250053,V-0005,112102.34,USD,0,0,0,0,0,0,0,0,0,,0,,0,Auto-approve,Perfect extraction,0.31718234459635997,,,
AP-0001534,perfect,,TX-0100-21510,Summit Logistics Inc.,INV-0100-001534,2025-11-29,2025-12-29,PO-250061,USD,1548.89,0.0,1548.89,30.0,False,V-0100,E,False,Supplier portal,2025-11-30 07:41:16.742,V-0100,tax_id,PO250061,V-0100,10819.25,USD,0,0,0,0,0,0,0,0,0,,0,,0,Auto-approve,Perfect extraction,0.3120626050177528,,,
AP-0003566,edi,,TX-0127-49996,Ironwood Solutions Inc.,INV-0127-003566,2025-11-26,2026-01-10,PO-250620,USD,47097.56,3885.55,50983.11,45.0,False,V-0127,A,False,EDI,2025-11-30 09:41:26.713,V-0127,tax_id,PO250620,V-0127,45391.74,USD,0,0,0,0,1,0,0,0,0,,0,Invoice Over PO,1,Exception review,Perfect extraction,0.6256710313041133,,,
AP-0003060,perfect,,TX-0103-92209,Silverline Services Group,INV-0103-003060,2025-11-26,2026-01-10,PO-251785,USD,1418.63,0.0,1418.63,45.0,False,V-0103,C,False,Supplier portal,2025-11-30 11:43:23.067,V-0103,tax_id,PO251785,V-0103,8590.66,USD,0,0,0,0,0,0,0,0,0,,0,,0,Auto-approve,Perfect extraction,0.3359762748983083,,,
AP-0004639,perfect,,TX-0055-46775,Silverline Analytics Group,INV-0055-004639,2025-11-29,2025-12-29,PO-250718,SGD,598.89,53.9,652.79,30.0,False,V-0055,C,False,Supplier portal,2025-11-30 12:18:41.514,V-0055,tax_id,PO250718,V-0055,4627.51,SGD,0,0,0,0,0,0,0,0,0,,0,,0,Auto-approve,Perfect extraction,0.3462117526444711,,,
AP-0001500,perfect,,TX-0069-10137,Atlas Logistics Inc.,INV-0069-001500,2025-11-25,2025-12-25,PO-250048,USD,14158.29,0.0,14158.29,30.0,False,V-0069,B,False,Supplier portal,2025-11-30 13:05:45.153,V-0069,tax_id,PO250048,V-0069,255370.01,USD,0,0,0,0,0,0,0,0,0,,0,,0,Auto-approve,Perfect extraction,0.2893971378598708,,,
AP-0003736,perfect,,TX-0081-73770,Silverline Supply Group,INV-0081-003736,2025-11-30,2025-12-30,PO-251926,USD,3916.94,0.0,3916.94,30.0,False,V-0081,C,False,Supplier portal,2025-11-30 15:30:33.839,V-0081,tax_id,PO251926,V-0081,30919.3,USD,0,0,0,0,0,0,0,0,0,,0,,0,Auto-approve,Perfect extraction,0.33558009272793454,,,
AP-0003743,perfect,,TX-0084-70345,Redwood Supply LLC,INV-0084-003743,2025-11-30,2025-12-30,PO-250272,EUR,13243.74,2781.18,16024.92,30.0,True,V-0084,D,False,Supplier portal,2025-11-30 16:43:50.440,V-0084,tax_id,PO250272,V-0084,62432.47,EUR,0,0,0,0,0,0,0,0,0,,0,,0,Auto-approve,Perfect extraction,0.3170672009123412,,,
AP-0001945,perfect,,TX-0001-43105,Evergreen Consulting Group,INV-0001-001945,2025-11-26,2025-12-26,PO-250608,INR,4517.06,813.07,5330.13,30.0,False,V-0001,A,False,Supplier portal,2025-11-30 17:04:21.815,V-0001,tax_id,PO250608,V-0001,40031.33,INR,0,0,0,0,0,0,0,0,0,,0,,0,Auto-approve,Perfect extraction,0.3293034976579264,,,
AP-0001720,perfect,,TX-0038-45747,Beacon Analytics Ltd.,INV-0038-001720,2025-11-30,2025-12-30,,USD,2406.38,0.0,2406.38,30.0,False,V-0038,C,False,Supplier portal,2025-11-30 18:08:10.467,V-0038,tax_id,,,,,1,0,0,0,0,0,0,0,0,,0,Missing PO,1,Exception review,Perfect extraction,0.6272929582562846,,,
AP-0004330,perfect,,TX-0089-88461,Atlas Supply LLC,INV-0089-004330,2025-11-30,2026-01-14,PO-251333,CAD,4436.75,221.84,4658.59,45.0,False,V-0089,E,False,Supplier portal,2025-11-30 18:08:55.933,V-0089,tax_id,PO251333,V-0089,49630.4,CAD,0,0,0,0,0,0,0,0,0,,0,,0,Auto-approve,Perfect extraction,0.3295040907627458,,,
AP-0003093,perfect,,TX-0138-43552,Atlas Partners Group,INV-0138-003093,2025-11-30,2025-12-30,PO-251567,EUR,11739.45,2465.28,14204.73,30.0,False,V-0138,D,False,Supplier portal,2025-11-30 19:44:07.840,V-0138,tax_id,PO251567,V-0138,53984.46,EUR,0,0,0,0,0,0,0,1,0,,0,High-Risk Vendor,1,Exception review,Perfect extraction,0.3935273025464924,,,
AP-0001572,perfect,,TX-0129-39742,Blue Ridge Digital Ltd.,INV-0129-001572,2025-11-27,2026-01-11,PO-251636,USD,8152.08,0.0,8152.08,45.0,False,V-0129,C,False,Email,2025-11-30 21:18:51.955,V-0129,tax_id,PO251636,V-0129,54557.42,USD,0,0,0,0,0,0,0,0,0,,0,,0,Auto-approve,Perfect extraction,0.34811437911468984,,,
AP-0000300,perfect,,TX-0005-88178,Atlas Resources Inc.,INV-0005-000300,2025-11-30,2025-12-30,PO-251279,USD,10248.05,0.0,10248.05,30.0,False,V-0005,A,False,Supplier portal,2025-11-30 21:30:21.516,V-0005,tax_id,PO251279,V-0005,39282.38,USD,0,0,0,0,0,0,0,0,0,,0,,0,Auto-approve,Perfect extraction,0.3063277089280491,,,
AP-0002713,perfect,,TX-0007-69764,Redwood Logistics Ltd.,INV-0007-002713,2025-11-30,2025-12-15,PO-251127,INR,29760.75,5356.94,35117.69,15.0,False,V-0007,A,False,Supplier portal,2025-11-30 23:31:10.044,V-0007,tax_id,PO251127,V-0007,152410.32,INR,0,0,0,0,0,0,0,0,0,,0,,0,Auto-approve,Perfect extraction,0.3406121951722253,,,
AP-0004987,perfect,,TX-0102-39905,Blue Ridge Analytics Inc.,INV-0102-004987,2025-11-28,2025-12-13,PO-250384,EUR,14340.93,3011.6,17352.53,15.0,False,V-0102,D,False,Supplier portal,2025-12-01 00:25:07.951,V-0102,tax_id,PO250384,V-0102,51820.72,EUR,0,0,0,0,0,0,0,0,0,,0,,0,Auto-approve,Perfect extraction,0.33262158703875855,,,
AP-0002320,perfect,,TX-0109-51449,Blue Ridge Analytics LLC,INV-0109-002320,2025-11-26,2025-12-26,PO-250657,USD,17202.36,0.0,17202.36,30.0,True,V-0109,A,False,Supplier portal,2025-12-01 01:31:25.667,V-0109,tax_id,PO250657,V-0109,167530.48,USD,0,0,0,0,0,0,0,0,0,,0,,0,Auto-approve,Perfect extraction,0.33573944410121576,,,
AP-0001363,perfect,,TX-0079-81417,Brightpath Technologies LLC,INV-0079-001363,2025-11-26,2025-12-26,PO-252105,USD,23326.44,0.0,23326.44,30.0,False,V-0079,E,True,Email,2025-12-01 03:35:12.254,V-0079,tax_id,PO252105,V-0079,123574.7,USD,0,0,0,0,0,0,0,0,0,,0,,0,Auto-approve,Perfect extraction,0.3168057891954829,,,
AP-0000254,perfect,,TX-0077-86128,Cobalt Operations LLC,INV-0077-000254,2025-11-28,2025-12-28,PO-250560,USD,9656.15,0.0,9656.15,30.0,True,V-0077,B,False,Email,2025-12-01 03:59:02.993,V-0077,tax_id,PO250560,V-0077,55420.02,USD,0,0,0,0,0,0,0,0,0,,0,,0,Auto-approve,Perfect extraction,0.305002151664246,,,
AP-0003527,perfect,,TX-0072-14104,Silverline Systems LLC,INV-0072-003527,2025-12-01,2025-12-31,PO-250038,SGD,6045.72,544.11,6589.83,30.0,False,V-0072,A,False,Email,2025-12-01 04:46:40.899,V-0072,tax_id,PO250038,V-0072,21750.16,SGD,0,0,0,0,0,0,0,0,0,,0,,0,Auto-approve,Perfect extraction,0.31479401669983503,,,
AP-0001964,perfect,,TX-0002-28786,Cobalt Services LLC,INV-0002-001964,2025-11-30,2025-12-15,PO-252002,INR,4080.47,734.48,4814.95,15.0,False,V-0002,C,False,Supplier portal,2025-12-01 05:07:59.355,V-0002,tax_id,PO252002,V-0002,39520.8,INR,0,0,0,0,0,0,1,0,0,,0,Inactive Vendor,1,Exception review,Perfect extraction,0.6905858524589735,,,
AP-0003392,perfect,,TX-0068-22381,Redwood Technologies Inc.,INV-0068-003392,2025-11-27,2025-12-12,PO-251772,CAD,56002.56,2800.13,58802.69,15.0,False,V-0068,C,False,Supplier portal,2025-12-01 06:06:31.885,V-0068,tax_id,PO251772,V-0068,177767.65,CAD,0,0,0,0,0,1,0,0,0,,0,Payment Terms Mismatch,1,Exception review,Perfect extraction,0.6053030993099967,,,
AP-0004945,perfect,,TX-0041-11074,Juniper Advisors Ltd.,INV-0041-004945,2025-12-01,2026-01-15,,USD,6255.03,516.04,6771.07,45.0,False,V-0041,E,False,Supplier portal,2025-12-01 06:39:30.609,V-0041,tax_id,,,,,1,0,0,0,0,0,0,0,0,,0,Missing PO,1,Exception review,Perfect extraction,0.6363792878384066,,,
AP-0002142,edi,,TX-0086-70653,Lighthouse Technologies LLC,INV-0086-002142,2025-11-27,2026-01-11,PO-251841,USD,10457.92,862.78,11320.7,45.0,False,V-0086,B,False,EDI,2025-12-01 07:12:48.388,V-0086,tax_id,PO251841,V-0086,55547.53,USD,0,0,0,0,0,0,0,0,0,,0,,0,Auto-approve,Perfect extraction,0.30179585799402847,,,
AP-0000977,perfect,,TX-0041-11074,Juniper Advisors Ltd.,INV-0041-000977,2025-11-26,2026-01-10,PO-250755,USD,4400.68,363.06,4763.74,45.0,False,V-0041,E,False,Supplier portal,2025-12-01 07:23:28.553,V-0041,tax_id,PO250755,V-0041,43906.4,USD,0,0,0,0,0,0,0,0,0,,0,,0,Auto-approve,Perfect extraction,0.34060738010906555,,,
AP-0001586,perfect,,TX-0063-67062,Copperfield Systems Inc.,INV-0063-001586,2025-11-28,2025-12-28,PO-250644,USD,6456.45,532.66,6989.11,30.0,False,V-0063,E,False,Supplier portal,2025-12-01 08:43:57.026,V-0063,tax_id,PO250644,V-0063,55611.34,USD,0,0,0,0,0,0,0,0,0,,0,,0,Auto-approve,Perfect extraction,0.3150561954169993,,,
AP-0003945,perfect,,TX-0058-42609,Brightpath Logistics Inc.,INV-0058-003945,2025-11-27,2026-01-11,PO-251546,GBP,20465.1,4093.02,24558.12,45.0,False,V-0058,E,False,Supplier portal,2025-12-01 09:38:01.977,V-0058,tax_id,PO251546,V-0058,72008.46,GBP,0,0,0,0,0,0,0,0,0,,0,,0,Auto-approve,Perfect extraction,0.3721170604541964,,,
AP-0001157,perfect,,TX-0129-39742,Blue Ridge Digital Ltd.,INV-0129-001157,2025-11-30,2026-01-14,PO-252219,USD,31153.47,0.0,31153.47,45.0,False,V-0129,C,False,Supplier portal,2025-12-01 10:59:44.883,V-0129,tax_id,PO252219,V-0129,108088.67,USD,0,0,0,0,0,0,0,0,0,,0,,0,Auto-approve,Perfect extraction,0.3593166299221397,,,
AP-0002522,perfect,,TX-0107-50949,Silverline Advisors Inc.,INV-0107-002522,2025-11-27,2026-01-26,PO-251605,USD,20084.31,1656.96,21741.27,60.0,False,V-0107,C,False,Email,2025-12-01 12:20:46.280,V-0107,tax_id,PO251605,V-0107,63093.68,USD,0,0,0,0,0,0,0,0,0,,0,,0,Auto-approve,Perfect extraction,0.3626969162941601,,,
AP-0003798,perfect,,TX-0118-10046,Stonebridge Logistics Ltd.,INV-0118-003798,2025-11-29,2025-12-14,PO-250721,USD,21052.93,1736.87,22789.8,15.0,False,V-0118,C,True,Email,2025-12-01 12:34:20.342,V-0118,tax_id,PO250721,V-0118,17404.81,USD,0,0,0,0,1,1,0,0,0,,0,Invoice Over PO; Payment Terms Mismatch,2,Exception review,Perfect extraction,0.6661029175221203,,,
AP-0001991,perfect,,TX-0070-80671,Beacon Services LLC,INV-0070-001991,2025-12-01,2025-12-16,PO-250407,USD,38923.78,0.0,38923.78,15.0,False,V-0070,A,True,Email,2025-12-01 14:03:49.825,V-0070,tax_id,PO250407,V-0070,104678.91,USD,0,0,0,0,0,0,0,0,0,,0,,0,Auto-approve,Perfect extraction,0.29314621198537333,,,
AP-0000390,perfect,,TX-0063-67062,Copperfield Systems Inc.,INV-0063-000390,2025-11-30,2026-01-29,PO-251448,USD,2591.05,213.76,2804.81,60.0,False,V-0063,E,True,Email,2025-12-01 14:04:50.500,V-0063,tax_id,PO251448,V-0063,15766.81,USD,0,0,0,0,0,1,0,0,0,,0,Payment Terms Mismatch,1,Exception review,Perfect extraction,0.6214223016914037,,,
AP-0002102,perfect,,TX-0117-90487,Atlas Consulting LLC,INV-0117-002102,2025-11-30,2025-12-30,PO-251263,CAD,6797.06,339.85,7136.91,30.0,False,V-0117,C,False,Email,2025-12-01 14:12:54.094,V-0117,tax_id,PO251263,V-0117,30512.91,CAD,0,0,0,0,0,0,0,0,0,,0,,0,Auto-approve,Perfect extraction,0.3162430360092071,,,
AP-0001966,perfect,,TX-0127-49996,Ironwood Solutions Inc.,INV-0127-001966,2025-11-28,2026-01-12,PO-250166,USD,1720.48,141.94,1862.42,45.0,False,V-0127,A,False,Supplier portal,2025-12-01 15:11:02.685,V-0127,tax_id,PO250166,V-0127,44966.9,USD,0,0,0,0,0,0,0,0,0,,0,,0,Auto-approve,Perfect extraction,0.34383478516713345,,,
AP-0002801,perfect,,TX-0123-99977,Oakmont Analytics Ltd.,INV-0123-002801,2025-11-28,2025-12-28,PO-251747,USD,9084.08,749.44,9833.52,30.0,False,V-0123,E,False,Supplier portal,2025-12-01 15:18:13.471,V-0123,tax_id,PO251747,V-0123,28462.92,USD,0,0,0,0,0,0,1,0,0,,0,Inactive Vendor,1,Exception review,Perfect extraction,0.579844460078345,,,
AP-0003828,perfect,,TX-0041-11074,Juniper Advisors Ltd.,INV-0041-003828,2025-11-29,2026-01-13,PO-252364,USD,2095.56,172.88,2268.44,45.0,False,V-0041,E,False,Supplier portal,2025-12-01 16:23:38.398,V-0041,tax_id,PO252364,V-0041,8903.96,USD,0,0,0,0,0,0,0,0,0,,0,,0,Auto-approve,Perfect extraction,0.33863480049574685,,,
AP-0003159,perfect,,TX-0031-87911,Lighthouse Systems Inc.,INV-0031-003159,2025-11-26,2025-12-11,PO-250498,USD,3567.68,0.0,3567.68,15.0,False,V-0031,E,False,Email,2025-12-01 19:23:11.173,V-0031,tax_id,PO250498,V-0031,36030.26,USD,0,0,0,0,0,0,0,1,0,,0,High-Risk Vendor,1,Exception review,Perfect extraction,0.43970169878842336,,,
AP-0004410,perfect,,TX-0107-50949,Silverline Advisors Inc.,INV-0107-004410,2025-11-26,2026-01-25,PO-250288,USD,5333.66,440.03,5773.69,60.0,False,V-0107,C,True,Email,2025-12-01 19:44:48.173,V-0107,tax_id,PO250288,V-0107,16811.38,USD,0,0,0,0,0,0,0,0,0,,0,,0,Auto-approve,Perfect extraction,0.3567328458120822,,,
AP-0002192,perfect,,TX-0110-54537,Ironwood Networks Ltd.,INV-0110-002192,2025-11-29,2025-12-29,PO-250021,INR,21261.64,3827.09,25088.73,30.0,False,V-0110,E,False,Supplier portal,2025-12-01 21:36:52.627,V-0110,tax_id,PO250021,V-0110,126101.56,INR,0,0,0,0,0,0,0,0,0,,0,,0,Auto-approve,Perfect extraction,0.31591767930561615,,,
AP-0001648,perfect,,TX-0101-51229,Juniper Technologies LLC,INV-0101-001648,2025-11-29,2025-12-14,PO-252068,EUR,2562.46,538.12,3100.58,15.0,False,V-0101,D,False,Email,2025-12-01 22:47:16.003,V-0101,tax_id,PO252068,V-0101,30705.73,EUR,0,0,0,0,0,0,0,0,0,,0,,0,Auto-approve,Perfect extraction,0.3363642071116689,,,
AP-0004900,perfect,,TX-0063-67062,Copperfield Systems Inc.,INV-0063-001647,2025-12-01,2025-12-31,PO-252381,USD,2953.24,243.64,3196.88,30.0,False,V-0063,E,False,Supplier portal,2025-12-01 23:57:46.934,V-0063,tax_id,PO252381,V-0063,26762.55,USD,0,0,0,0,0,0,0,0,0,,0,,0,Auto-approve,Perfect extraction,0.2745087263648584,,,
AP-0002394,perfect,,TX-0057-94723,Lighthouse Supply Ltd.,INV-0057-002394,2025-12-02,2026-01-01,PO-250309,USD,10589.02,0.0,10589.02,30.0,False,V-0057,A,False,Email,2025-12-02 00:14:26.470,V-0057,tax_id,PO250309,V-0057,138886.06,USD,0,0,0,0,0,0,0,0,0,,0,,0,Auto-approve,Perfect extraction,0.33665151202307736,,,
AP-0000298,perfect,,TX-0002-28786,Cobalt Services LLC,INV-0002-000298,2025-11-30,2025-12-15,PO-252334,GBP,8828.64,1765.73,10594.37,15.0,False,V-0002,C,False,Supplier portal,2025-12-02 01:40:56.156,V-0002,tax_id,PO252334,V-0002,88928.07,INR,0,0,0,1,0,0,1,0,0,,0,Currency Mismatch; Inactive Vendor,2,Exception review,Perfect extraction,0.7124321848809556,,,
AP-0004141,perfect,,TX-0100-21510,Summit Logistics Inc.,INV-0100-004141,2025-12-01,2025-12-31,PO-250497,USD,817.14,0.0,817.14,30.0,False,V-0100,E,False,Supplier portal,2025-12-02 03:15:44.536,V-0100,tax_id,PO250497,V-0100,4657.97,USD,0,0,0,0,0,0,0,0,0,,0,,0,Auto-approve,Perfect extraction,0.29062926150506596,,,
AP-0000440,perfect,,TX-0043-75924,Crescent Analytics Group,INV-0043-000440,2025-11-27,2026-01-26,PO-250227,USD,1920.87,0.0,1920.87,60.0,False,V-0043,E,False,Supplier portal,2025-12-02 04:44:54.507,V-0043,tax_id,PO250227,V-0043,6705.9,USD,0,0,0,0,0,0,0,0,0,,0,,0,Auto-approve,Perfect extraction,0.3463966119999233,,,
AP-0003830,edi,,TX-0032-86220,Harbor Networks Group,INV-0032-003830,2025-11-30,2026-01-14,,SGD,911.32,82.02,993.34,45.0,False,V-0032,A,False,EDI,2025-12-02 06:57:00.551,V-0032,tax_id,,,,,1,0,0,0,0,0,0,0,0,,0,Missing PO,1,Exception review,Perfect extraction,0.6760410717094927,,,
AP-0003872,perfect,,TX-0070-80671,Beacon Services LLC,INV-0070-003872,2025-11-27,2025-12-12,,USD,24735.37,0.0,24735.37,15.0,False,V-0070,A,False,Supplier portal,2025-12-02 07:52:17.827,V-0070,tax_id,,,,,1,0,0,0,0,0,0,0,0,,0,Missing PO,1,Exception review,Perfect extraction,0.6451215288228707,,,
AP-0000927,perfect,,TX-0088-45873,Atlas Systems Group,INV-0088-000927,2025-11-27,2025-12-27,PO-250592,USD,5557.19,0.0,5557.19,30.0,False,V-0088,A,True,Email,2025-12-02 10:45:50.991,V-0088,tax_id,PO250592,V-0088,71458.41,USD,0,0,0,0,0,0,0,0,0,,0,,0,Auto-approve,Perfect extraction,0.3154944509555904,,,
AP-0003920,edi,,TX-0080-26211,Juniper Resources Inc.,INV-0080-003920,2025-11-30,2025-12-30,PO-250673,EUR,45079.84,9466.77,54546.61,30.0,False,V-0080,D,False,EDI,2025-12-02 11:53:07.460,V-0080,tax_id,PO250673,V-0080,303596.08,EUR,0,0,0,0,0,0,0,0,0,,0,,0,Auto-approve,Perfect extraction,0.34022841645247587,,,
AP-0003153,perfect,,TX-0031-87911,Lighthouse Systems Inc.,INV-0031-003153,2025-11-28,2025-12-13,PO-251455,USD,6415.06,0.0,6415.06,15.0,False,V-0031,E,True,Email,2025-12-02 13:49:29.971,V-0031,tax_id,PO251455,V-0031,36398.98,USD,0,0,0,0,0,0,0,1,0,,0,High-Risk Vendor,1,Exception review,Perfect extraction,0.397390789368456,,,
AP-0002074,edi,,TX-0088-45873,Atlas Systems Group,INV-0088-002074,2025-12-01,2025-12-31,PO-252362,USD,8077.99,0.0,8077.99,30.0,False,V-0088,A,False,EDI,2025-12-02 15:07:28.597,V-0088,tax_id,PO252362,V-0088,53330.72,USD,0,0,0,0,0,0,0,0,0,,0,,0,Auto-approve,Perfect extraction,0.31568815383999393,,,
AP-0002292,edi,,TX-0104-57614,Oakmont Operations Group,INV-0104-002292,2025-12-02,2025-12-17,PO-251974,USD,4903.34,0.0,4903.34,15.0,False,V-0104,C,False,EDI,2025-12-02 15:45:18.450,V-0104,tax_id,PO251974,V-0104,60929.9,USD,0,0,0,0,0,0,0,0,0,,0,,0,Auto-approve,Perfect extraction,0.32941647652658484,,,
AP-0004934,perfect,,TX-0105-55701,Ironwood Analytics Inc.,INV-0105-004934,2025-11-30,2026-01-14,PO-250689,USD,12337.79,0.0,12337.79,45.0,False,V-0105,C,False,Supplier portal,2025-12-02 16:03:57.264,V-0105,tax_id,PO250689,V-0105,34672.44,USD,0,0,0,0,0,0,0,0,0,,0,,0,Auto-approve,Perfect extraction,0.3354181763159759,,,
AP-0000003,perfect,,TX-0002-28786,Cobalt Services LLC,INV-0002-000003,2025-11-30,2025-12-15,PO-252098,INR,1296.5,233.37,1529.87,15.0,False,V-0002,C,False,Email,2025-12-02 17:08:39.185,V-0002,tax_id,PO252098,V-0002,21585.09,INR,0,0,0,0,0,0,1,0,0,,0,Inactive Vendor,1,Exception review,Perfect extraction,0.7051920565227061,,,
AP-0003923,perfect,,TX-0053-42836,Oakmont Supply Group,INV-0053-003923,2025-12-01,2025-12-31,PO-251041,SGD,56874.04,5118.66,61992.7,30.0,False,V-0053,C,False,Email,2025-12-02 17:56:08.225,V-0053,tax_id,PO251041,V-0053,305074.81,SGD,0,0,0,0,0,0,0,0,0,,0,,0,Auto-approve,Perfect extraction,0.3574024716071856,,,
AP-0000042,perfect,,TX-0086-70653,Lighthouse Technologies LLC,INV-0086-000042,2025-11-29,2026-01-13,PO-251219,USD,13537.42,1116.84,14654.26,45.0,False,V-0086,B,False,Email,2025-12-02 18:44:42.614,V-0086,tax_id,PO251219,V-0086,106025.02,USD,0,0,0,0,0,0,0,0,0,,0,,0,Auto-approve,Perfect extraction,0.33317300154806123,,,
AP-0003388,perfect,,TX-0117-90487,Atlas Consulting LLC,INV-0117-003388,2025-11-29,2025-12-14,PO-251268,CAD,25895.46,1294.77,27190.23,15.0,False,V-0117,C,False,Supplier portal,2025-12-02 20:22:17.965,V-0117,tax_id,PO251268,V-0117,74044.76,CAD,0,0,0,0,0,1,0,0,0,,0,Payment Terms Mismatch,1,Exception review,Perfect extraction,0.6244499533993186,,,
AP-0002329,perfect,,TX-0117-90487,Atlas Consulting LLC,INV-0117-002329,2025-12-02,2026-01-01,PO-251268,CAD,6703.7,335.18,7038.88,30.0,True,V-0117,C,False,Email,2025-12-02 21:17:38.068,V-0117,tax_id,PO251268,V-0117,74044.76,CAD,0,0,0,0,0,0,0,0,0,,0,,0,Auto-approve,Perfect extraction,0.3218460424481516,,,
AP-0003780,perfect,,TX-0131-83608,Copperfield Systems LLC,INV-0131-003780,2025-12-02,2026-01-01,PO-X003780,USD,47797.56,0.0,47797.56,30.0,False,V-0131,A,False,Supplier portal,2025-12-02 22:49:22.793,V-0131,tax_id,POX003780,,,,0,1,0,0,0,0,0,0,0,,0,Invalid PO,1,Exception review,Perfect extraction,0.6480993938531603,,,
AP-0002336,perfect,,TX-0057-94723,Lighthouse Supply Ltd.,INV-0057-002336,2025-11-30,2025-12-30,PO-252254,USD,12171.72,0.0,12171.72,30.0,False,V-0057,A,False,Email,2025-12-02 23:39:17.395,V-0057,tax_id,PO252254,V-0057,37926.53,USD,0,0,0,0,0,0,0,0,0,,0,,0,Auto-approve,Perfect extraction,0.3396168803645441,,,
AP-0003427,edi,,TX-0138-43552,Atlas Partners Group,INV-0138-003427,2025-12-03,2026-01-02,PO-251575,EUR,9658.5,2028.29,11686.79,30.0,False,V-0138,D,False,EDI,2025-12-03 00:42:22.987,V-0138,tax_id,PO251575,V-0138,48246.18,EUR,0,0,0,0,0,0,0,1,0,,0,High-Risk Vendor,1,Exception review,Perfect extraction,0.4148606910047273,,,
AP-0001268,perfect,,TX-0034-94278,Beacon Solutions Inc.,INV-0034-001268,2025-12-01,2025-12-31,PO-250491,USD,5129.51,0.0,5129.51,30.0,True,V-0034,B,False,Email,2025-12-03 04:20:17.133,V-0034,tax_id,PO250491,V-0034,45979.21,USD,0,0,0,0,0,0,0,0,0,,0,,0,Auto-approve,Perfect extraction,0.30524403870204664,,,
AP-0000563,perfect,,TX-0078-49721,Crescent Networks Ltd.,INV-0078-000563,2025-12-03,2026-01-02,PO-251655,USD,3833.15,0.0,3833.15,30.0,False,V-0078,C,False,Supplier portal,2025-12-03 04:34:20.002,V-0078,tax_id,PO251655,V-0078,16435.04,USD,0,0,0,0,0,0,0,0,0,,0,,0,Auto-approve,Perfect extraction,0.30823045543178607,,,
AP-0004727,perfect,,TX-0046-43936,Beacon Solutions LLC,INV-0046-004727,2025-12-03,2026-02-01,PO-251026,USD,1083.79,0.0,1083.79,60.0,False,V-0046,C,False,Supplier portal,2025-12-03 04:47:29.804,V-0046,tax_id,PO251026,V-0046,15239.95,USD,0,0,0,0,0,0,0,0,0,,0,,0,Auto-approve,Perfect extraction,0.3388046663124014,,,
AP-0004588,perfect,,TX-0123-99977,Oakmont Analytics Ltd.,INV-0123-004588,2025-11-29,2025-12-29,PO-251163,USD,7765.27,640.64,8405.91,30.0,False,V-0123,E,False,Supplier portal,2025-12-03 04:49:31.115,V-0123,tax_id,PO251163,V-0123,63132.77,USD,0,0,0,0,0,0,1,0,0,,0,Inactive Vendor,1,Exception review,Perfect extraction,0.6154373946313223,,,
AP-0000023,perfect,,TX-0024-91040,Evergreen Solutions Inc.,INV-0024-000023,2025-12-02,2025-12-17,PO-251951,EUR,7023.26,1474.88,8498.14,15.0,False,V-0024,D,False,Email,2025-12-03 05:51:18.090,V-0024,tax_id,PO251951,V-0024,30080.28,EUR,0,0,0,0,0,0,0,0,0,,0,,0,Auto-approve,Perfect extraction,0.312669325222394,,,
AP-0000963,perfect,,TX-0095-51083,Crescent Supply Ltd.,INV-0095-000963,2025-11-29,2025-12-29,PO-250011,USD,1635.75,0.0,1635.75,30.0,False,V-0095,A,False,Email,2025-12-03 06:49:32.298,V-0095,tax_id,PO250011,V-0095,18742.58,USD,0,0,0,0,0,0,0,0,0,,0,,0,Auto-approve,Perfect extraction,0.2964330322887749,,,
AP-0002838,perfect,,TX-0042-54837,Harbor Services Group,INV-0042-002838,2025-11-28,2026-01-27,PO-251184,USD,20792.84,0.0,20792.84,60.0,False,V-0042,B,False,Supplier portal,2025-12-03 07:23:25.363,V-0042,tax_id,PO251184,V-0042,66400.39,USD,0,0,0,0,0,0,0,0,0,,0,,0,Auto-approve,Perfect extraction,0.3536146129506644,,,
AP-0003941,perfect,,TX-0009-87210,Blue Ridge Supply LLC,INV-0009-003941,2025-11-29,2026-01-13,PO-251580,USD,570.76,0.0,570.76,45.0,False,V-0009,B,True,Email,2025-12-03 09:20:47.593,V-0009,tax_id,PO251580,V-0009,5448.53,USD,0,0,0,0,0,0,0,0,0,,0,,0,Auto-approve,Perfect extraction,0.3483729307228027,,,
AP-0003838,perfect,,TX-0111-16923,Brightpath Solutions Inc.,INV-0111-003838,2025-12-02,2025-12-17,PO-250981,USD,16443.33,1356.58,17799.91,15.0,False,V-0111,B,False,Supplier portal,2025-12-03 10:54:19.936,V-0111,tax_id,PO250981,V-0111,60850.63,USD,0,0,0,0,0,0,0,0,0,,0,,0,Auto-approve,Perfect extraction,0.28624206623603055,,,
AP-0004172,perfect,,TX-0005-88178,Atlas Resources Inc.,INV-0005-004172,2025-12-02,2026-01-01,PO-250438,USD,2368.38,0.0,2368.38,30.0,False,V-0005,A,False,Supplier portal,2025-12-03 11:18:29.000,V-0005,tax_id,PO250438,V-0005,20690.47,USD,0,0,0,0,0,0,0,0,0,,0,,0,Auto-approve,Perfect extraction,0.3082588877402312,,,
AP-0004367,perfect,,TX-0001-43105,Evergreen Consulting Group,INV-0001-004367,2025-11-28,2025-12-28,PO-252001,INR,7467.31,1344.11,8811.42,30.0,False,V-0001,A,False,Email,2025-12-03 14:10:48.446,V-0001,tax_id,PO252001,V-0001,54592.71,INR,0,0,0,0,0,0,0,0,0,,0,,0,Auto-approve,Perfect extraction,0.3387325974556748,,,
AP-0004909,perfect,,TX-0104-57614,Oakmont Operations Group,INV-0104-004909,2025-12-03,2025-12-18,PO-250984,USD,512.33,0.0,512.33,15.0,False,V-0104,C,False,Supplier portal,2025-12-03 14:12:39.694,V-0104,tax_id,PO250984,V-0104,7790.76,USD,0,0,0,0,0,0,0,0,0,,0,,0,Auto-approve,Perfect extraction,0.32604963031549217,,,
AP-0001465,perfect,,TX-0112-59988,Crescent Systems Group,INV-0112-001465,2025-11-29,2025-12-29,PO-250159,USD,18314.99,0.0,18314.99,30.0,False,V-0112,C,False,Supplier portal,2025-12-03 14:27:32.368,V-0112,tax_id,PO250159,V-0112,58896.96,USD,0,0,0,0,0,0,0,0,0,,0,,0,Auto-approve,Perfect extraction,0.2960813283830948,,,
AP-0004729,perfect,,TX-0130-24969,Harbor Technologies Ltd.,INV-0130-004729,2025-11-30,2026-01-29,PO-250780,EUR,9295.49,1952.05,11247.54,60.0,False,V-0130,D,False,Supplier portal,2025-12-03 16:23:11.588,V-0130,tax_id,PO250780,V-0130,32024.55,EUR,0,0,0,0,0,0,0,0,0,,0,,0,Auto-approve,Perfect extraction,0.34698308217693874,,,
AP-0002861,perfect,,TX-0083-82789,Pioneer Services Group,INV-0083-002861,2025-12-02,2025-12-17,PO-251196,USD,16644.51,1373.17,18017.68,15.0,False,V-0083,B,False,Supplier portal,2025-12-03 16:44:27.787,V-0083,tax_id,PO251196,V-0083,153087.72,USD,0,0,0,0,0,0,0,0,0,,0,,0,Auto-approve,Perfect extraction,0.3205794294940643,,,
AP-0004962,perfect,,TX-0034-94278,Beacon Solutions Inc.,INV-0034-004962,2025-12-02,2026-01-01,PO-252206,USD,42772.18,0.0,42772.18,30.0,True,V-0034,B,False,Supplier portal,2025-12-03 18:39:54.541,V-0034,tax_id,PO252206,V-0034,184068.55,USD,0,0,0,0,0,0,0,0,0,,0,,0,Auto-approve,Perfect extraction,0.3255979340527449,,,
AP-0002141,perfect,,TX-0036-11692,Juniper Operations Ltd.,INV-0036-002141,2025-12-03,2026-01-02,PO-251759,USD,2151.02,0.0,2151.02,30.0,False,V-0036,B,False,Supplier portal,2025-12-03 18:46:28.989,V-0036,tax_id,PO251759,V-0036,51278.63,USD,0,0,0,0,0,0,0,0,0,,0,,0,Auto-approve,Perfect extraction,0.3048496059651496,,,
AP-0003939,perfect,,TX-0135-50499,Stonebridge Systems LLC,INV-0135-003939,2025-11-29,2025-12-29,PO-251675,USD,1460.33,120.48,1580.81,30.0,False,V-0135,B,False,Supplier portal,2025-12-03 21:40:37.423,V-0135,tax_id,PO251675,V-0135,7016.71,USD,0,0,0,0,0,0,0,0,0,,0,,0,Auto-approve,Perfect extraction,0.32727958461071593,,,
AP-0004621,perfect,,TX-0046-43936,Beacon Solutions LLC,INV-0046-004621,2025-11-28,2026-01-27,PO-252155,USD,28507.16,0.0,28507.16,60.0,False,V-0046,C,False,Supplier portal,2025-12-03 22:45:08.427,V-0046,tax_id,PO252155,V-0046,84071.6,USD,0,0,0,0,0,0,0,0,0,,0,,0,Auto-approve,Perfect extraction,0.34618514025181457,,,
AP-0003067,edi,,TX-0062-17232,Juniper Resources Ltd.,INV-0062-003067,2025-12-01,2025-12-31,,USD,7586.89,0.0,7586.89,30.0,False,V-0062,B,False,EDI,2025-12-03 23:27:15.652,V-0062,tax_id,,,,,1,0,0,0,0,0,0,0,0,,0,Missing PO,1,Exception review,Perfect extraction,0.6500014602422034,,,
AP-0000080,perfect,,TX-0135-50499,Stonebridge Systems LLC,INV-0135-000080,2025-12-01,2025-12-31,PO-252090,USD,11550.08,952.88,12502.96,30.0,False,V-0135,B,False,Supplier portal,2025-12-03 23:45:43.817,V-0135,tax_id,PO252090,V-0135,40170.29,USD,0,0,0,0,0,0,0,0,0,,0,,0,Auto-approve,Perfect extraction,0.3219501984682332,,,
AP-0001195,perfect,,TX-0032-86220,Harbor Networks Group,INV-0032-001195,2025-11-30,2026-01-14,PO-250552,SGD,2622.9,236.06,2858.96,45.0,False,V-0032,A,True,Email,2025-12-04 00:07:55.836,V-0032,tax_id,PO250552,V-0032,14457.11,SGD,0,0,0,0,0,0,0,0,0,,0,,0,Auto-approve,Perfect extraction,0.34611750604357583,,,
AP-0001218,perfect,,TX-0032-86220,Harbor Networks Group,INV-0032-001218,2025-12-02,2026-01-16,PO-250552,SGD,978.61,88.07,1066.68,45.0,False,V-0032,A,False,Supplier portal,2025-12-04 01:25:38.277,V-0032,tax_id,PO250552,V-0032,14457.11,SGD,0,0,0,0,0,0,0,0,0,,0,,0,Auto-approve,Perfect extraction,0.34432732092643925,,,
AP-0002491,perfect,,TX-0104-57614,Oakmont Operations Group,INV-0104-002491,2025-12-04,2025-12-19,PO-251712,USD,1789.19,0.0,1789.19,15.0,False,V-0104,C,False,Supplier portal,2025-12-04 02:37:40.049,V-0104,tax_id,PO251712,V-0104,21326.48,USD,0,0,0,0,0,0,0,0,0,,0,,0,Auto-approve,Perfect extraction,0.320284409895577,,,
AP-0002333,perfect,,TX-0029-56211,Crescent Technologies LLC,INV-0029-002333,2025-12-01,2025-12-16,PO-252327,USD,5192.68,428.4,5621.08,15.0,False,V-0029,C,False,Supplier portal,2025-12-04 03:42:50.705,V-0029,tax_id,PO252327,V-0029,18924.89,USD,0,0,0,0,0,0,0,0,0,,0,,0,Auto-approve,Perfect extraction,0.31573555354393795,,,
AP-0000555,perfect,,TX-0004-83750,Harbor Networks Ltd.,INV-0004-000555,2025-12-03,2026-01-02,PO-251746,USD,13984.41,1153.71,15138.12,30.0,False,V-0004,E,False,Supplier portal,2025-12-04 03:57:36.952,V-0004,tax_id,PO251746,V-0004,46934.62,USD,0,0,0,0,0,0,0,0,0,,0,,0,Auto-approve,Perfect extraction,0.31202281204676463,,,
AP-0003445,perfect,,TX-0049-19644,Harbor Resources LLC,INV-0049-003445,2025-11-29,2025-12-29,PO-250431,EUR,2257.74,474.12,2731.86,30.0,False,V-0049,D,False,Supplier portal,2025-12-04 03:57:52.929,V-0049,tax_id,PO250431,V-0049,13950.89,EUR,0,0,0,0,0,0,0,0,0,,0,,0,Auto-approve,Perfect extraction,0.3296476266733628,,,
AP-0002189,perfect,,TX-0117-90487,Atlas Consulting LLC,INV-0117-002189,2025-11-30,2025-12-30,PO-250387,CAD,1017.87,50.89,1068.76,30.0,False,V-0117,C,False,Supplier portal,2025-12-04 05:55:26.072,V-0117,tax_id,PO250387,V-0117,3899.16,CAD,0,0,0,0,0,0,0,0,0,,0,,0,Auto-approve,Perfect extraction,0.3138313599198641,,,
AP-0000773,perfect,,TX-0100-21510,Summit Logistics Inc.,INV-0100-000773,2025-12-03,2026-01-02,PO-250061,USD,3236.64,0.0,3236.64,30.0,False,V-0100,E,False,Supplier portal,2025-12-04 07:29:32.323,V-0100,tax_id,PO250061,V-0100,10819.25,USD,0,0,0,0,0,0,0,0,1,,0,Duplicate Invoice,1,Exception review,Perfect extraction,0.5675195148706087,,,
AP-0002772,perfect,,TX-0081-73770,Silverline Supply Group,INV-0081-002772,2025-11-29,2025-12-29,PO-251876,USD,4933.41,0.0,4933.41,30.0,False,V-0081,C,False,Email,2025-12-04 07:47:34.148,V-0081,tax_id,PO251876,V-0081,13131.13,USD,0,0,0,0,0,0,0,0,0,,0,,0,Auto-approve,Perfect extraction,0.3373282264400476,,,
AP-0001094,perfect,,TX-0124-51957,Brightpath Systems Ltd.,INV-0124-001094,2025-12-04,2025-12-19,PO-250793,CAD,14440.01,722.0,15162.01,15.0,False,V-0124,A,False,Email,2025-12-04 07:59:48.103,V-0124,tax_id,PO250793,V-0124,45060.69,CAD,0,0,0,0,0,0,0,0,0,,0,,0,Auto-approve,Perfect extraction,0.3235940672724688,,,
AP-0002086,perfect,,TX-0030-52947,Crescent Networks Inc.,INV-0030-002086,2025-12-01,2026-01-30,PO-250957,USD,14864.38,1226.31,16090.69,60.0,False,V-0030,E,False,Supplier portal,2025-12-04 08:29:11.799,V-0030,tax_id,PO250957,V-0030,70079.49,USD,0,0,0,0,0,0,0,0,0,,0,,0,Auto-approve,Perfect extraction,0.3351104485728979,,,
AP-0004165,perfect,,TX-0036-11692,Juniper Operations Ltd.,INV-0036-004165,2025-11-29,2026-01-13,PO-251108,USD,2407.1,0.0,2407.1,45.0,False,V-0036,B,True,Email,2025-12-04 10:13:21.496,V-0036,tax_id,PO251108,V-0036,16436.17,USD,0,0,0,0,0,1,0,0,0,,0,Payment Terms Mismatch,1,Exception review,Perfect extraction,0.6046063613426178,,,
AP-0002302,perfect,,TX-0032-86220,Harbor Networks Group,INV-0032-002302,2025-12-02,2026-01-16,PO-250552,SGD,2444.59,220.01,2664.6,45.0,False,V-0032,A,False,Supplier portal,2025-12-04 10:17:14.739,V-0032,tax_id,PO250552,V-0032,14457.11,SGD,0,0,0,0,0,0,0,0,0,,0,,0,Auto-approve,Perfect extraction,0.3451844068094266,,,
AP-0002059,perfect,,TX-0078-49721,Crescent Networks Ltd.,INV-0078-002059,2025-12-03,2026-01-02,PO-252190,USD,3939.72,0.0,3939.72,30.0,False,V-0078,C,False,Supplier portal,2025-12-04 10:24:27.555,V-0078,tax_id,PO252190,V-0078,26239.46,USD,0,0,0,0,0,0,0,0,0,,0,,0,Auto-approve,Perfect extraction,0.3048433247302594,,,
AP-0000257,perfect,,TX-0092-15472,Summit Resources Group,INV-0092-000257,2025-12-01,2025-12-16,PO-252031,USD,6454.17,0.0,6454.17,15.0,False,V-0092,A,False,Supplier portal,2025-12-04 11:34:59.513,V-0092,tax_id,PO252031,V-0092,17275.65,USD,0,0,0,0,0,0,0,0,0,,0,,0,Auto-approve,Perfect extraction,0.2829521442525501,,,
AP-0001684,edi,,TX-0026-46682,Oakmont Supply Ltd.,INV-0026-001684,2025-12-04,2025-12-19,PO-251405,EUR,9890.64,2077.03,11967.67,15.0,False,V-0026,D,False,EDI,2025-12-04 12:24:20.943,V-0026,tax_id,PO251405,V-0026,31807.51,EUR,0,0,0,0,0,0,0,0,0,,0,,0,Auto-approve,Perfect extraction,0.3282065028696679,,,
AP-0001413,perfect,,TX-0050-69493,Ironwood Services Ltd.,INV-0050-001413,2025-11-30,2025-12-30,PO-250622,USD,5316.16,0.0,5316.16,30.0,False,V-0050,A,False,Supplier portal,2025-12-04 13:06:32.570,V-0050,tax_id,PO250622,V-0050,31045.47,USD,0,0,0,0,0,0,0,0,1,,0,Duplicate Invoice,1,Exception review,Perfect extraction,0.5808848003169886,,,
AP-0000293,perfect,,TX-0093-95568,Clearview Systems Inc.,INV-0093-000293,2025-11-29,2025-12-14,PO-250172,USD,2858.59,235.83,3094.42,15.0,False,V-0093,B,False,Supplier portal,2025-12-04 13:30:11.674,V-0093,tax_id,PO250172,V-0093,36846.05,USD,0,0,0,0,0,0,0,0,0,,0,,0,Auto-approve,Perfect extraction,0.32524032400438574,,,
AP-0003030,perfect,,TX-0094-30896,Copperfield Systems Group,INV-0094-003030,2025-12-02,2026-01-01,PO-251365,INR,439.81,79.17,518.98,30.0,False,V-0094,A,True,Email,2025-12-04 15:32:51.843,V-0094,tax_id,PO251365,V-0094,8596.74,INR,0,0,0,0,0,0,0,0,0,,0,,0,Auto-approve,Perfect extraction,0.3087734498157258,,,
AP-0004647,edi,,TX-0066-17224,Stonebridge Networks Ltd.,INV-0066-004647,2025-11-30,2025-12-30,PO-252158,USD,5484.97,0.0,5484.97,30.0,False,V-0066,A,False,EDI,2025-12-04 17:15:49.863,V-0066,tax_id,PO252158,V-0066,50099.64,USD,0,0,0,0,0,0,0,0,0,,0,,0,Auto-approve,Perfect extraction,0.33425065259482634,,,
AP-0000261,perfect,,TX-0100-21510,Summit Logistics Inc.,INV-0100-000261,2025-12-03,2026-01-02,PO-250616,USD,25705.01,0.0,25705.01,30.0,False,V-0100,E,True,Email,2025-12-04 17:20:43.361,V-0100,tax_id,PO250616,V-0100,97443.06,USD,0,0,0,0,0,0,0,0,0,,0,,0,Auto-approve,Perfect extraction,0.31872855850779724,,,
AP-0000726,perfect,,TX-0039-91527,Blue Ridge Networks Group,INV-0039-000726,2025-11-29,2026-01-13,PO-250453,USD,5909.48,0.0,5909.48,45.0,False,V-0039,C,False,Supplier portal,2025-12-04 21:32:23.116,V-0039,tax_id,PO250453,V-0039,22011.66,USD,0,0,0,0,0,0,0,0,0,,0,,0,Auto-approve,Perfect extraction,0.3104625747971728,,,
AP-0002266,perfect,,TX-0089-88461,Atlas Supply LLC,INV-0089-002266,2025-12-02,2026-01-16,PO-251333,CAD,2033.1,101.66,2134.76,45.0,False,V-0089,E,True,Email,2025-12-04 23:16:47.649,V-0089,tax_id,PO251333,V-0089,49630.4,CAD,0,0,0,0,0,0,0,0,0,,0,,0,Auto-approve,Perfect extraction,0.34408037765424776,,,
AP-0002898,perfect,,TX-0137-44191,Pioneer Consulting Ltd.,INV-0137-002898,2025-12-01,2025-12-31,PO-251114,USD,3017.41,0.0,3017.41,30.0,False,V-0137,A,False,Supplier portal,2025-12-04 23:28:38.165,V-0137,tax_id,PO251114,V-0137,35484.79,USD,0,0,0,0,0,0,1,0,0,,0,Inactive Vendor,1,Exception review,Perfect extraction,0.6386803941657124,,,
AP-0000343,perfect,,TX-0001-43105,Evergreen Consulting Group,INV-0001-000343,2025-12-05,2026-01-04,PO-252366,INR,2784.62,501.23,3285.85,30.0,False,V-0001,A,False,Email,2025-12-05 00:18:08.025,V-0001,tax_id,PO252366,V-0001,11852.48,INR,0,0,0,0,0,0,0,0,0,,0,,0,Auto-approve,Perfect extraction,0.3422216304289707,,,
AP-0002854,perfect,,TX-0035-47483,Pioneer Networks Ltd.,INV-0035-002854,2025-12-02,2026-01-01,PO-252228,USD,56767.32,0.0,56767.32,30.0,False,V-0035,E,False,Email,2025-12-05 00:34:21.669,V-0035,tax_id,PO252228,V-0035,180102.54,USD,0,0,0,0,0,0,0,0,0,,0,,0,Auto-approve,Perfect extraction,0.3609099582993382,,,
AP-0003055,perfect,,TX-0140-96185,Blue Ridge Operations Inc.,INV-0140-003055,2025-12-01,2025-12-31,PO-251744,USD,24807.28,0.0,24807.28,30.0,False,V-0140,C,True,Email,2025-12-05 02:40:37.908,V-0140,tax_id,PO251744,V-0140,94972.44,USD,0,0,0,0,0,0,0,0,0,,0,,0,Auto-approve,Perfect extraction,0.3093125778617685,,,
AP-0004502,perfect,,TX-0054-19609,Crescent Logistics LLC,INV-0054-004502,2025-12-02,2026-01-01,PO-250035,USD,19395.95,1600.17,20996.12,30.0,False,V-0054,A,False,Supplier portal,2025-12-05 04:13:33.056,V-0054,tax_id,PO250035,V-0054,112817.82,USD,0,0,0,0,0,0,0,0,0,,0,,0,Auto-approve,Perfect extraction,0.31493912398677176,,,
AP-0004265,edi,,TX-0007-69764,Redwood Logistics Ltd.,INV-0007-004265,2025-12-01,2025-12-16,PO-X004265,INR,4304.47,774.81,5079.28,15.0,False,V-0007,A,False,EDI,2025-12-05 05:24:56.588,V-0007,tax_id,POX004265,,,,0,1,0,0,0,0,0,0,0,,0,Invalid PO,1,Exception review,Perfect extraction,0.6473843320980293,,,
AP-0000204,perfect,,TX-0029-56211,Crescent Technologies LLC,INV-0029-000204,2025-12-02,2026-01-16,PO-251337,USD,9061.77,747.6,9809.37,45.0,False,V-0029,C,False,Supplier portal,2025-12-05 05:44:23.630,V-0029,tax_id,PO251337,V-0029,37046.1,USD,0,0,0,0,0,1,0,0,0,,0,Payment Terms Mismatch,1,Exception review,Perfect extraction,0.6173298889155017,,,
AP-0003582,perfect,,TX-0113-54591,Stonebridge Logistics Inc.,INV-0113-003582,2025-12-02,2026-01-16,,EUR,20856.87,4379.94,25236.81,45.0,False,V-0113,D,False,Supplier portal,2025-12-05 06:12:23.991,V-0113,tax_id,,,,,1,0,0,0,0,0,0,0,0,,0,Missing PO,1,Exception review,Perfect extraction,0.6630902856146342,,,
AP-0001240,perfect,,TX-0090-82710,Copperfield Advisors Ltd.,INV-0090-001240,2025-12-04,2026-01-18,PO-250348,USD,7812.12,0.0,7812.12,45.0,False,V-0090,B,False,Supplier portal,2025-12-05 08:23:58.481,V-0090,tax_id,PO250348,V-0090,30585.72,USD,0,0,0,0,0,0,0,0,0,,0,,0,Auto-approve,Perfect extraction,0.3471106186249986,,,
AP-0000712,perfect,,TX-0101-51229,Juniper Technologies LLC,INV-0101-000712,2025-12-03,2025-12-18,PO-252124,EUR,9638.98,2024.19,11663.17,15.0,False,V-0101,D,False,Supplier portal,2025-12-05 11:22:10.644,V-0101,tax_id,PO252124,V-0101,113168.63,EUR,0,0,0,0,0,0,0,0,0,,0,,0,Auto-approve,Perfect extraction,0.31141243161963655,,,
AP-0001144,edi,,TX-0006-57912,Copperfield Digital Group,INV-0006-001144,2025-11-30,2026-01-29,PO-250067,CAD,3342.9,167.15,3510.05,60.0,False,V-0006,B,False,EDI,2025-12-05 11:53:57.532,V-0006,tax_id,PO250067,V-0006,12381.2,CAD,0,0,0,0,0,0,0,0,0,,0,,0,Auto-approve,Perfect extraction,0.329334486054581,,,
AP-0000615,perfect,,TX-0015-69124,Clearview Digital Inc.,INV-0015-000615,2025-12-01,2025-12-31,PO-251739,USD,3515.64,0.0,3515.64,30.0,False,V-0015,A,False,Supplier portal,2025-12-05 12:14:58.695,V-0015,tax_id,PO251739,V-0015,33694.73,USD,0,0,0,0,0,0,0,0,0,,0,,0,Auto-approve,Perfect extraction,0.2882795558869585,,,
AP-0002928,perfect,,TX-0131-83608,Copperfield Systems LLC,INV-0131-002928,2025-12-04,2026-01-03,PO-250735,USD,1532.43,0.0,1532.43,30.0,False,V-0131,A,True,Email,2025-12-05 14:24:32.756,V-0131,tax_id,PO250735,V-0131,10656.36,USD,0,0,0,0,0,0,0,0,0,,0,,0,Auto-approve,Perfect extraction,0.3208204264409835,,,
AP-0003243,edi,,TX-0054-19609,Crescent Logistics LLC,INV-0054-003243,2025-12-04,2025-12-19,PO-252181,USD,2538.79,209.45,2748.24,15.0,False,V-0054,A,False,EDI,2025-12-05 14:47:36.530,V-0054,tax_id,PO252181,V-0054,13682.76,USD,0,0,0,0,0,1,0,0,0,,0,Payment Terms Mismatch,1,Exception review,Perfect extraction,0.6168571502475584,,,
AP-0003889,perfect,,TX-0064-39165,Summit Consulting Inc.,INV-0064-003889,2025-12-02,2026-01-01,PO-252071,CAD,6241.09,312.05,6553.14,30.0,False,V-0064,B,False,Supplier portal,2025-12-05 15:20:12.513,V-0064,tax_id,PO252071,V-0064,17560.43,CAD,0,0,0,0,0,0,0,0,0,,0,,0,Auto-approve,Perfect extraction,0.3179352214489254,,,
AP-0004925,edi,,TX-0041-11074,Juniper Advisors Ltd.,INV-0041-004925,2025-12-02,2026-01-16,PO-252012,USD,6452.87,532.36,6985.23,45.0,False,V-0041,E,False,EDI,2025-12-05 15:27:56.067,V-0041,tax_id,PO252012,V-0041,21182.47,USD,0,0,0,0,0,0,0,0,0,,0,,0,Auto-approve,Perfect extraction,0.3407891007044295,,,
AP-0001067,perfect,,TX-0064-39165,Summit Consulting Inc.,INV-0064-001067,2025-12-03,2026-02-01,PO-251681,CAD,5879.65,293.98,6173.63,60.0,False,V-0064,B,False,Supplier portal,2025-12-05 15:47:57.418,V-0064,tax_id,PO251681,V-0064,18464.29,CAD,0,0,0,0,0,1,0,0,0,,0,Payment Terms Mismatch,1,Exception review,Perfect extraction,0.6199060557404241,,,
AP-0003657,perfect,,TX-0017-46110,Cobalt Analytics Group,INV-0017-003657,2025-12-03,2026-01-02,PO-251912,GBP,11831.08,2366.21,14197.29,30.0,True,V-0017,C,False,Supplier portal,2025-12-05 16:54:01.204,V-0017,tax_id,PO251912,V-0017,41947.88,GBP,0,0,0,0,0,1,0,1,0,,0,Payment Terms Mismatch; High-Risk Vendor,2,Exception review,Perfect extraction,0.6972189811704392,,,
AP-0000274,perfect,,TX-0118-10046,Stonebridge Logistics Ltd.,INV-0118-000274,2025-12-01,2025-12-31,PO-250721,USD,3723.59,307.2,4030.79,30.0,False,V-0118,C,False,Supplier portal,2025-12-05 17:01:06.247,V-0118,tax_id,PO250721,V-0118,17404.81,USD,0,0,0,0,0,0,0,0,0,,0,,0,Auto-approve,Perfect extraction,0.28271794129816785,,,
AP-0003914,perfect,,TX-0136-10386,Clearview Services Inc.,INV-0136-003914,2025-12-02,2026-01-16,PO-252093,SGD,5219.28,469.74,5689.02,45.0,False,V-0136,A,False,Supplier portal,2025-12-05 18:43:20.198,V-0136,tax_id,PO252093,V-0136,48961.88,SGD,0,0,0,0,0,0,0,1,0,,0,High-Risk Vendor,1,Exception review,Perfect extraction,0.4689159892660553,,,
AP-0000296,perfect,,TX-0092-15472,Summit Resources Group,INV-0092-000296,2025-12-05,2025-12-20,PO-251894,USD,6316.07,0.0,6316.07,15.0,False,V-0092,A,False,Supplier portal,2025-12-05 19:38:20.677,V-0092,tax_id,PO251894,V-0092,24007.85,USD,0,0,0,0,0,0,0,0,0,,0,,0,Auto-approve,Perfect extraction,0.3098977003857521,,,
AP-0003362,perfect,,TX-0130-24969,Harbor Technologies Ltd.,INV-0130-003362,2025-12-01,2026-01-30,PO-250780,EUR,4422.36,928.69,5351.05,60.0,False,V-0130,D,False,Supplier portal,2025-12-05 21:23:39.405,V-0130,tax_id,PO250780,V-0130,32024.55,EUR,0,0,0,0,0,0,0,0,0,,0,,0,Auto-approve,Perfect extraction,0.35226385272619787,,,
AP-0001635,perfect,,TX-0015-69124,Clearview Digital Inc.,INV-0015-001635,2025-12-04,2026-01-03,PO-252223,USD,5952.21,0.0,5952.21,30.0,False,V-0015,A,False,Email,2025-12-05 21:26:28.847,V-0015,tax_id,PO252223,V-0015,19996.0,USD,0,0,0,0,0,0,0,0,0,,0,,0,Auto-approve,Perfect extraction,0.31719737613308135,,,
AP-0001198,perfect,,TX-0019-24934,Redwood Systems LLC,INV-0019-001198,2025-12-03,2026-02-01,PO-252116,CAD,22270.3,1113.52,23383.82,60.0,False,V-0019,B,False,Supplier portal,2025-12-05 23:38:03.346,V-0019,tax_id,PO252116,V-0019,185623.25,CAD,0,0,0,0,0,0,0,0,0,,0,,0,Auto-approve,Perfect extraction,0.3351403583286439,,,
AP-0004664,edi,,TX-0059-74622,Pioneer Solutions Group,INV-0059-004664,2025-12-03,2026-01-17,PO-251314,USD,26742.91,2206.29,28949.2,45.0,False,V-0059,A,False,EDI,2025-12-06 00:54:22.466,V-0059,tax_id,PO251314,V-0059,160525.92,USD,0,0,0,0,0,0,1,0,0,,0,Inactive Vendor,1,Exception review,Perfect extraction,0.6220044242763548,,,
AP-0002538,perfect,,TX-0049-19644,Harbor Resources LLC,INV-0049-002538,2025-12-06,2026-01-05,PO-251915,EUR,1433.6,301.05,1734.65,30.0,False,V-0049,D,False,Supplier portal,2025-12-06 01:15:38.372,V-0049,tax_id,PO251915,V-0049,17120.32,EUR,0,0,0,0,0,0,0,0,0,,0,,0,Auto-approve,Perfect extraction,0.3130008379134433,,,
AP-0000059,perfect,,TX-0066-17224,Stonebridge Networks Ltd.,INV-0066-000059,2025-12-02,2026-01-01,PO-251322,USD,4821.64,0.0,4821.64,30.0,False,V-0066,A,False,Supplier portal,2025-12-06 01:25:40.826,V-0066,tax_id,PO251322,V-0066,20550.96,USD,0,0,0,0,0,0,0,0,0,,0,,0,Auto-approve,Perfect extraction,0.32021732621866483,,,
AP-0003734,edi,,TX-0098-91882,Cobalt Partners Group,INV-0098-003734,2025-12-06,2026-01-20,PO-X003734,USD,11056.67,0.0,11056.67,45.0,False,V-0098,B,False,EDI,2025-12-06 02:52:48.333,V-0098,tax_id,POX003734,,,,0,1,0,0,0,0,0,1,0,,0,Invalid PO; High-Risk Vendor,2,Exception review,Perfect extraction,0.6915720173819033,,,
AP-0002632,perfect,,TX-0039-91527,Blue Ridge Networks Group,INV-0039-002632,2025-12-06,2025-12-21,PO-250573,USD,8835.04,0.0,8835.04,15.0,False,V-0039,C,False,Supplier portal,2025-12-06 03:20:20.555,V-0039,tax_id,PO250573,V-0039,27361.1,USD,0,0,0,0,0,1,0,0,0,,0,Payment Terms Mismatch,1,Exception review,Perfect extraction,0.6303051704717741,,,
AP-0003128,edi,,TX-0074-79332,Harbor Analytics Ltd.,INV-0074-003128,2025-12-04,2025-12-19,PO-252029,USD,16104.15,0.0,16104.15,15.0,False,V-0074,C,False,EDI,2025-12-06 03:32:53.733,V-0074,tax_id,PO252029,V-0074,51072.6,USD,0,0,0,0,0,1,0,1,0,,0,Payment Terms Mismatch; High-Risk Vendor,2,Exception review,Perfect extraction,0.672317706760529,,,
AP-0003068,perfect,,TX-0095-51083,Crescent Supply Ltd.,INV-0095-003068,2025-12-05,2026-01-04,PO-251294,USD,2625.31,0.0,2625.31,30.0,False,V-0095,A,False,Supplier portal,2025-12-06 03:43:33.542,V-0095,tax_id,PO251294,V-0095,44886.45,USD,0,0,0,0,0,0,0,0,0,,0,,0,Auto-approve,Perfect extraction,0.313519743760887,,,
AP-0002171,perfect,,TX-0094-30896,Copperfield Systems Group,INV-0094-002171,2025-12-05,2026-01-04,PO-251470,INR,705.0,126.9,831.9,30.0,False,V-0094,A,False,Supplier portal,2025-12-06 04:54:29.614,V-0094,tax_id,PO251470,V-0094,12494.89,INR,0,0,0,0,0,0,0,0,0,,0,,0,Auto-approve,Perfect extraction,0.30682718529565,,,
AP-0000518,perfect,,TX-0042-54837,Harbor Services Group,INV-0042-000518,2025-12-02,2026-01-31,PO-250740,USD,12983.76,0.0,12983.76,60.0,False,V-0042,B,False,Supplier portal,2025-12-06 06:00:48.413,V-0042,tax_id,PO250740,V-0042,80471.68,USD,0,0,0,0,0,0,0,0,0,,0,,0,Auto-approve,Perfect extraction,0.3534841543751145,,,
AP-0003627,perfect,,TX-0013-11961,Cobalt Operations LLC,INV-0013-003627,2025-12-02,2026-01-16,PO-251907,USD,7859.12,0.0,7859.12,45.0,False,V-0013,B,False,Supplier portal,2025-12-06 06:55:53.654,V-0013,tax_id,PO251907,V-0013,36855.99,USD,0,0,0,0,0,0,1,0,0,,0,Inactive Vendor,1,Exception review,Perfect extraction,0.646510852414315,,,
AP-0003985,perfect,,TX-0123-99977,Oakmont Analytics Ltd.,INV-0123-003985,2025-12-04,2026-01-03,PO-251380,USD,15823.93,1305.47,17129.4,30.0,False,V-0123,E,False,Email,2025-12-06 07:10:53.604,V-0123,tax_id,PO251380,V-0123,309592.57,USD,0,0,0,0,0,0,1,0,0,,0,Inactive Vendor,1,Exception review,Perfect extraction,0.6233893970977943,,,
AP-0001242,perfect,,TX-0054-19609,Crescent Logistics LLC,INV-0054-001242,2025-12-05,2026-01-04,PO-252121,USD,7660.07,631.96,8292.03,30.0,False,V-0054,A,False,Email,2025-12-06 07:44:46.806,V-0054,tax_id,PO252121,V-0054,61968.86,USD,0,0,0,0,0,0,0,0,0,,0,,0,Auto-approve,Perfect extraction,0.3250867993206468,,,
AP-0002055,perfect,,TX-0003-12255,Cobalt Technologies Group,INV-0003-002055,2025-12-04,2026-01-03,PO-251867,EUR,6043.14,1269.06,7312.2,30.0,False,V-0003,D,False,Supplier portal,2025-12-06 09:03:40.090,V-0003,tax_id,PO251867,V-0003,38178.76,EUR,0,0,0,0,0,0,0,0,0,,0,,0,Auto-approve,Perfect extraction,0.3461502999829129,,,
AP-0002641,perfect,,TX-0061-83099,Copperfield Services Inc.,INV-0061-002641,2025-12-03,2026-01-02,PO-250334,USD,14321.52,0.0,14321.52,30.0,False,V-0061,C,False,Supplier portal,2025-12-06 11:29:37.266,V-0061,tax_id,PO250334,V-0061,65592.75,USD,0,0,0,0,0,0,0,0,0,,0,,0,Auto-approve,Perfect extraction,0.3139515652085579,,,
AP-0003791,perfect,,TX-0071-54213,Summit Services LLC,INV-0071-003791,2025-12-03,2026-01-02,PO-250666,USD,14689.43,0.0,14689.43,30.0,False,V-0071,C,False,Email,2025-12-06 15:38:26.810,V-0071,tax_id,PO250666,V-0071,47259.78,USD,0,0,0,0,0,0,0,0,0,,0,,0,Auto-approve,Perfect extraction,0.30027404546703024,,,
AP-0000961,edi,,TX-0131-83608,Copperfield Systems LLC,INV-0131-000961,2025-12-03,2026-01-02,PO-250042,USD,4000.0,0.0,4000.0,30.0,False,V-0131,A,False,EDI,2025-12-06 18:26:16.402,V-0131,tax_id,PO250042,V-0131,38013.89,USD,0,0,0,0,0,0,0,0,0,,0,,0,Auto-approve,Perfect extraction,0.31967193330393573,,,
AP-0000225,edi,,TX-0035-47483,Pioneer Networks Ltd.,INV-0035-000225,2025-12-02,2026-01-01,PO-251083,USD,21599.05,0.0,21599.05,30.0,False,V-0035,E,False,EDI,2025-12-06 20:00:51.791,V-0035,tax_id,PO251083,V-0035,76256.07,USD,0,0,0,0,0,0,0,0,0,,0,,0,Auto-approve,Perfect extraction,0.3453242419822832,,,
AP-0001626,perfect,,TX-0040-49956,Evergreen Digital LLC,INV-0040-001626,2025-12-04,2026-01-03,PO-251782,EUR,4766.13,1000.89,5767.02,30.0,False,V-0040,D,False,Email,2025-12-06 20:17:55.865,V-0040,tax_id,PO251782,V-0040,37415.92,EUR,0,0,0,0,0,0,0,0,0,,0,,0,Auto-approve,Perfect extraction,0.30468533593791236,,,
AP-0001335,edi,,TX-0071-54213,Summit Services LLC,INV-0071-001335,2025-12-06,2026-01-05,PO-252199,USD,1389.03,0.0,1389.03,30.0,False,V-0071,C,False,EDI,2025-12-06 21:21:11.048,V-0071,tax_id,PO252199,V-0071,19071.41,USD,0,0,0,0,0,0,0,0,0,,0,,0,Auto-approve,Perfect extraction,0.31588859996755053,,,
AP-0004422,perfect,,TX-0069-10137,Atlas Logistics Inc.,INV-0069-004422,2025-12-02,2026-01-01,PO-250138,USD,12859.04,0.0,12859.04,30.0,False,V-0069,B,False,Supplier portal,2025-12-06 21:30:00.962,V-0069,tax_id,PO250138,V-0069,103906.27,USD,0,0,0,0,0,0,0,0,0,,0,,0,Auto-approve,Perfect extraction,0.32383142585163915,,,
AP-0004573,perfect,,TX-0120-96327,Oakmont Advisors Group,INV-0120-004573,2025-12-06,2026-01-05,PO-252030,CAD,18467.71,923.39,19391.1,30.0,False,V-0120,C,False,Supplier portal,2025-12-06 23:05:57.683,V-0120,tax_id,PO252030,V-0120,63279.58,CAD,0,0,0,0,0,0,0,0,0,,0,,0,Auto-approve,Perfect extraction,0.3112918155126515,,,
AP-0001025,edi,,TX-0119-27534,Evergreen Systems Group,INV-0119-001025,2025-12-01,2025-12-31,PO-251588,USD,69197.26,5708.77,74906.03,30.0,False,V-0119,E,False,EDI,2025-12-06 23:16:21.474,V-0119,tax_id,PO251588,V-0119,52990.7,USD,0,0,0,0,1,0,0,0,0,,0,Invoice Over PO,1,Exception review,Perfect extraction,0.6336976155329597,,,
AP-0002640,edi,,TX-0133-30576,Cobalt Partners Group,INV-0133-002640,2025-12-05,2026-01-19,PO-251685,USD,2519.7,0.0,2519.7,45.0,False,V-0133,C,False,EDI,2025-12-06 23:40:56.639,V-0133,tax_id,PO251685,V-0133,7298.47,USD,0,0,0,0,0,0,0,0,0,,0,,0,Auto-approve,Perfect extraction,0.36010040759738204,,,
AP-0004796,edi,,TX-0078-49721,Crescent Networks Ltd.,INV-0078-004796,2025-12-04,2026-01-03,PO-252066,USD,27346.22,0.0,27346.22,30.0,False,V-0078,C,False,EDI,2025-12-06 23:45:31.659,V-0078,tax_id,PO252066,V-0078,80256.94,USD,0,0,0,0,0,0,0,0,0,,0,,0,Auto-approve,Perfect extraction,0.31692393764687976,,,
AP-0001266,perfect,,TX-0132-11639,Atlas Supply Group,INV-0132-001266,2025-12-04,2026-02-02,,USD,3838.47,316.67,4155.14,60.0,False,V-0132,A,False,Supplier portal,2025-12-07 04:58:38.347,V-0132,tax_id,,,,,1,0,0,0,0,0,0,0,0,,0,Missing PO,1,Exception review,Perfect extraction,0.6206801893264398,,,
AP-0000733,perfect,,TX-0028-83716,Harbor Consulting Ltd.,INV-0028-000733,2025-12-03,2026-01-02,PO-250612,GBP,19438.6,3887.72,23326.32,30.0,False,V-0028,E,False,Email,2025-12-07 05:15:27.663,V-0028,tax_id,PO250612,V-0028,20977.05,GBP,0,0,0,0,1,0,1,0,0,,0,Invoice Over PO; Inactive Vendor,2,Exception review,Perfect extraction,0.7479370317072493,,,
AP-0003015,perfect,,TX-0125-42798,Brightpath Resources Ltd.,INV-0125-003015,2025-12-06,2026-01-05,PO-251651,EUR,11486.76,2412.22,13898.98,30.0,False,V-0125,D,True,Email,2025-12-07 07:24:47.171,V-0125,tax_id,PO251651,V-0125,52546.23,EUR,0,0,0,0,0,0,0,0,0,,0,,0,Auto-approve,Perfect extraction,0.3374109876493977,,,
AP-0003262,perfect,,TX-0070-80671,Beacon Services LLC,INV-0070-003262,2025-12-07,2025-12-22,PO-250407,USD,28401.12,0.0,28401.12,15.0,False,V-0070,A,False,Supplier portal,2025-12-07 07:27:16.235,V-0070,tax_id,PO250407,V-0070,104678.91,USD,0,0,0,0,0,0,0,0,0,,0,,0,Auto-approve,Perfect extraction,0.287092539730907,,,
AP-0001718,edi,,TX-0067-45894,Beacon Operations Ltd.,INV-0067-001718,2025-12-04,2026-01-03,PO-251203,USD,7346.61,0.0,7346.61,30.0,False,V-0067,B,False,EDI,2025-12-07 07:33:08.650,V-0067,tax_id,PO251203,V-0067,24583.37,USD,0,0,0,0,0,0,0,0,0,,0,,0,Auto-approve,Perfect extraction,0.3090886327637466,,,
AP-0003155,perfect,,TX-0065-32403,Stonebridge Networks Inc.,INV-0065-003155,2025-12-05,2026-01-04,PO-251728,USD,5775.81,0.0,5775.81,30.0,False,V-0065,C,False,Email,2025-12-07 08:42:01.999,V-0065,tax_id,PO251728,V-0065,27165.03,USD,0,0,0,0,0,0,0,0,0,,0,,0,Auto-approve,Perfect extraction,0.2981185968037159,,,
AP-0000853,perfect,,TX-0123-99977,Oakmont Analytics Ltd.,INV-0123-000853,2025-12-03,2026-01-02,PO-251747,USD,4500.02,371.25,4871.27,30.0,False,V-0123,E,False,Supplier portal,2025-12-07 10:48:52.372,V-0123,tax_id,PO251747,V-0123,28462.92,USD,0,0,0,0,0,0,1,0,0,,0,Inactive Vendor,1,Exception review,Perfect extraction,0.562995919195314,,,
AP-0001222,perfect,,TX-0082-48109,Cobalt Partners Ltd.,INV-0082-001222,2025-12-02,2025-12-17,PO-251021,USD,713.42,58.86,772.28,15.0,False,V-0082,C,True,Email,2025-12-07 11:28:52.141,V-0082,tax_id,PO251021,V-0082,9307.94,USD,0,0,0,0,0,0,0,0,0,,0,,0,Auto-approve,Perfect extraction,0.3189221041796714,,,
AP-0001672,perfect,,TX-0027-23409,Harbor Digital LLC,INV-0027-001672,2025-12-06,2026-01-05,,USD,5253.62,0.0,5253.62,30.0,False,V-0027,B,False,Email,2025-12-07 12:10:19.804,V-0027,tax_id,,,,,1,0,0,0,0,0,1,0,0,,0,Missing PO; Inactive Vendor,2,Exception review,Perfect extraction,0.7104055700677869,,,
AP-0000548,edi,,TX-0045-69725,Atlas Services LLC,INV-0045-000548,2025-12-05,2026-01-19,PO-251363,USD,53288.32,0.0,53288.32,45.0,False,V-0045,A,False,EDI,2025-12-07 12:42:19.505,V-0045,tax_id,PO251363,V-0045,205945.09,USD,0,0,0,0,0,0,0,0,0,,0,,0,Auto-approve,Perfect extraction,0.3315593282801395,,,
AP-0002950,edi,,TX-0064-39165,Summit Consulting Inc.,INV-0064-002950,2025-12-02,2026-01-01,PO-251903,CAD,1617.88,80.89,1698.77,30.0,False,V-0064,B,False,EDI,2025-12-07 13:20:29.558,V-0064,tax_id,PO251903,V-0064,35006.69,CAD,0,0,0,0,0,0,0,0,0,,0,,0,Auto-approve,Perfect extraction,0.32498998307863647,,,
AP-0000719,perfect,,TX-0131-83608,Copperfield Systems LLC,INV-0131-000719,2025-12-06,2026-01-05,PO-250735,USD,15407.43,0.0,15407.43,30.0,False,V-0131,A,True,Email,2025-12-07 16:09:57.651,V-0131,tax_id,PO250735,V-0131,10656.36,USD,0,0,0,0,1,0,0,0,0,,0,Invoice Over PO,1,Exception review,Perfect extraction,0.6152477858896944,,,
AP-0001183,perfect,,TX-0107-50949,Silverline Advisors Inc.,INV-0107-001183,2025-12-07,2026-02-05,PO-252050,USD,36007.66,2970.63,38978.29,60.0,False,V-0107,C,False,Email,2025-12-07 16:21:44.732,V-0107,tax_id,PO252050,V-0107,33145.87,USD,0,0,0,0,1,0,0,0,0,,0,Invoice Over PO,1,Exception review,Perfect extraction,0.6467147234798577,,,
AP-0000422,perfect,,TX-0052-68137,Evergreen Consulting LLC,INV-0052-000422,2025-12-07,2026-01-06,PO-252372,USD,21283.99,0.0,21283.99,30.0,False,V-0052,A,False,Supplier portal,2025-12-07 16:50:23.099,V-0052,tax_id,PO252372,V-0052,80328.95,USD,0,0,0,0,0,0,0,0,0,,0,,0,Auto-approve,Perfect extraction,0.3351053224032953,,,
AP-0003975,perfect,,TX-0002-28786,Cobalt Services LLC,INV-0002-003975,2025-12-03,2025-12-18,PO-252334,INR,18200.56,3276.1,21476.66,15.0,False,V-0002,C,False,Supplier portal,2025-12-07 17:35:59.438,V-0002,tax_id,PO252334,V-0002,88928.07,INR,0,0,0,0,0,0,1,0,0,,0,Inactive Vendor,1,Exception review,Perfect extraction,0.6548985019009437,,,
AP-0004524,perfect,,TX-0128-19285,Harbor Systems LLC,INV-0128-004524,2025-12-03,2026-01-17,PO-251185,GBP,19378.08,3875.61,23253.69,45.0,False,V-0128,A,False,Email,2025-12-07 17:45:22.726,V-0128,tax_id,PO251185,V-0128,73602.24,USD,0,0,0,1,0,0,0,0,0,,0,Currency Mismatch,1,Exception review,Perfect extraction,0.6570843202244323,,,
AP-0002312,perfect,,TX-0076-41538,Summit Systems LLC,INV-0076-002312,2025-12-02,2026-01-31,PO-250937,EUR,54641.12,11474.63,66115.75,60.0,False,V-0076,D,True,Email,2025-12-07 18:16:06.234,V-0076,tax_id,PO250937,V-0076,250290.23,EUR,0,0,0,0,0,0,0,0,0,,0,,0,Auto-approve,Perfect extraction,0.38010308211837274,,,
AP-0000659,perfect,,TX-0133-30576,Cobalt Partners Group,INV-0133-000659,2025-12-07,2026-01-21,PO-251685,USD,1697.38,0.0,1697.38,45.0,False,V-0133,C,False,Supplier portal,2025-12-07 18:36:21.374,V-0133,tax_id,PO251685,V-0133,7298.47,USD,0,0,0,0,0,0,0,0,0,,0,,0,Auto-approve,Perfect extraction,0.3547495967046441,,,
AP-0003517,perfect,,TX-0064-39165,Summit Consulting Inc.,INV-0064-003517,2025-12-07,2026-01-06,PO-251903,CAD,8528.7,426.44,8955.14,30.0,False,V-0064,B,False,Supplier portal,2025-12-07 19:09:48.921,V-0064,tax_id,PO251903,V-0064,35006.69,CAD,0,0,0,0,0,0,0,0,0,,0,,0,Auto-approve,Perfect extraction,0.31918038724702963,,,
AP-0002385,edi,,TX-0132-11639,Atlas Supply Group,INV-0132-002385,2025-12-06,2026-02-04,,USD,7606.68,627.55,8234.23,60.0,False,V-0132,A,False,EDI,2025-12-07 19:16:37.693,V-0132,tax_id,,,,,1,0,0,0,0,0,0,0,0,,0,Missing PO,1,Exception review,Perfect extraction,0.6257343574071154,,,
AP-0003444,perfect,,TX-0035-47483,Pioneer Networks Ltd.,INV-0035-003444,2025-12-02,2026-01-01,PO-250385,USD,3386.63,0.0,3386.63,30.0,False,V-0035,E,False,Email,2025-12-07 19:42:03.860,V-0035,tax_id,PO250385,V-0035,36045.86,USD,0,0,0,0,0,0,0,0,0,,0,,0,Auto-approve,Perfect extraction,0.3551340185600298,,,
AP-0002071,perfect,,TX-0053-42836,Oakmont Supply Group,INV-0053-002071,2025-12-05,2026-01-04,PO-251065,SGD,15870.03,1428.3,17298.33,30.0,False,V-0053,C,False,Supplier portal,2025-12-07 20:00:11.218,V-0053,tax_id,PO251065,V-0053,95393.3,SGD,0,0,0,0,0,0,0,0,0,,0,,0,Auto-approve,Perfect extraction,0.33590569020588096,,,
AP-0001487,perfect,,TX-0108-54358,Summit Supply Ltd.,INV-0108-001487,2025-12-05,2026-02-03,PO-250336,CAD,35730.56,1786.53,37517.09,60.0,False,V-0108,C,False,Supplier portal,2025-12-07 20:38:07.361,V-0108,tax_id,PO250336,V-0108,375870.08,CAD,0,0,0,0,0,0,0,0,1,,0,Duplicate Invoice,1,Exception review,Perfect extraction,0.5890704633459205,,,
AP-0004338,perfect,,TX-0055-46775,Silverline Analytics Group,INV-0055-004338,2025-12-02,2026-01-01,PO-251359,SGD,2057.32,185.16,2242.48,30.0,False,V-0055,C,True,Email,2025-12-07 20:56:16.388,V-0055,tax_id,PO251359,V-0055,16617.75,SGD,0,0,0,0,0,0,0,0,0,,0,,0,Auto-approve,Perfect extraction,0.3543859865092078,,,
AP-0000504,perfect,,TX-0073-32545,Pioneer Partners Ltd.,INV-0073-000504,2025-12-05,2026-01-04,PO-250617,USD,153097.46,0.0,153097.46,30.0,False,V-0073,B,False,Supplier portal,2025-12-07 22:06:26.575,V-0073,tax_id,PO250617,V-0073,513414.94,USD,0,0,0,0,0,0,0,0,0,,0,,0,Auto-approve,Perfect extraction,0.43604049758612845,,,
AP-0003883,perfect,,TX-0135-50499,Stonebridge Systems LLC,INV-0135-003883,2025-12-04,2026-01-03,PO-251675,USD,2141.58,176.68,2318.26,30.0,False,V-0135,B,False,Supplier portal,2025-12-07 22:34:45.227,V-0135,tax_id,PO251675,V-0135,7016.71,USD,0,0,0,0,0,0,0,0,0,,0,,0,Auto-approve,Perfect extraction,0.3271995494573098,,,
AP-0004055,perfect,,TX-0001-43105,Evergreen Consulting Group,INV-0001-004055,2025-12-03,2026-01-02,PO-252366,INR,1290.03,232.2,1522.23,30.0,False,V-0001,A,False,Email,2025-12-07 23:20:50.544,V-0001,tax_id,PO252366,V-0001,11852.48,INR,0,0,0,0,0,0,0,0,0,,0,,0,Auto-approve,Perfect extraction,0.33957682138816875,,,
AP-0002121,perfect,,TX-0124-51957,Brightpath Systems Ltd.,INV-0124-002121,2025-12-03,2025-12-18,PO-251888,CAD,4168.99,208.45,4377.44,15.0,False,V-0124,A,False,Email,2025-12-07 23:25:09.021,V-0124,tax_id,PO251888,V-0124,32943.33,CAD,0,0,0,0,0,0,0,0,0,,0,,0,Auto-approve,Perfect extraction,0.3314134171181197,,,
AP-0000640,edi,,TX-0127-49996,Ironwood Solutions Inc.,INV-0127-000640,2025-12-04,2026-01-18,PO-250303,USD,5884.84,485.5,6370.34,45.0,False,V-0127,A,False,EDI,2025-12-08 00:11:02.537,V-0127,tax_id,PO250303,V-0127,21921.62,USD,0,0,0,0,0,0,0,0,0,,0,,0,Auto-approve,Perfect extraction,0.3046254825755123,,,
AP-0002435,perfect,,TX-0079-81417,Brightpath Technologies LLC,INV-0079-002435,2025-12-07,2026-01-06,PO-251422,USD,5528.26,0.0,5528.26,30.0,False,V-0079,E,False,Email,2025-12-08 00:44:28.072,V-0079,tax_id,PO251422,V-0079,18639.51,USD,0,0,0,0,0,0,0,0,0,,0,,0,Auto-approve,Perfect extraction,0.3108607517210226,,,
AP-0001503,perfect,,TX-0124-51957,Brightpath Systems Ltd.,INV-0124-001503,2025-12-04,2025-12-19,PO-251473,CAD,1646.79,82.34,1729.13,15.0,False,V-0124,A,False,Supplier portal,2025-12-08 00:50:19.326,V-0124,tax_id,PO251473,V-0124,10780.71,CAD,0,0,0,0,0,0,0,0,0,,0,,0,Auto-approve,Perfect extraction,0.32291135815233524,,,
AP-0000912,edi,,TX-0084-70345,Redwood Supply LLC,INV-0084-000912,2025-12-05,2026-01-04,PO-250272,EUR,13005.25,2731.1,15736.35,30.0,False,V-0084,D,False,EDI,2025-12-08 01:38:26.868,V-0084,tax_id,PO250272,V-0084,62432.47,EUR,0,0,0,0,0,0,0,0,0,,0,,0,Auto-approve,Perfect extraction,0.32154157653097604,,,
AP-0004080,perfect,,TX-0079-81417,Brightpath Technologies LLC,INV-0079-004080,2025-12-05,2026-01-04,PO-250778,USD,14059.58,0.0,14059.58,30.0,False,V-0079,E,False,Email,2025-12-08 02:12:24.011,V-0079,tax_id,PO250778,V-0079,124556.95,USD,0,0,0,0,0,0,0,0,0,,0,,0,Auto-approve,Perfect extraction,0.32019892034218334,,,
AP-0001305,perfect,,TX-0016-44050,Redwood Consulting LLC,INV-0016-001305,2025-12-08,2025-12-23,PO-250618,EUR,14115.55,2964.27,17079.82,15.0,False,V-0016,D,False,Email,2025-12-08 02:17:40.170,V-0016,tax_id,PO250618,V-0016,72721.98,EUR,0,0,0,0,0,0,0,0,0,,0,,0,Auto-approve,Perfect extraction,0.3349932576363143,,,
AP-0002728,perfect,,TX-0139-47222,Evergreen Systems Group,INV-0139-002728,2025-12-08,2026-01-07,PO-250869,USD,11079.24,0.0,11079.24,30.0,False,V-0139,B,False,Email,2025-12-08 02:45:26.435,V-0139,tax_id,PO250869,V-0139,143086.95,USD,0,0,0,0,0,0,0,0,0,,0,,0,Auto-approve,Perfect extraction,0.29959791974687133,,,
AP-0003909,perfect,,TX-0059-74622,Pioneer Solutions Group,INV-0059-003909,2025-12-03,2026-01-17,PO-251314,USD,54605.29,4504.94,59110.23,45.0,False,V-0059,A,False,Supplier portal,2025-12-08 03:31:33.281,V-0059,tax_id,PO251314,V-0059,160525.92,USD,0,0,0,0,0,0,1,0,0,,0,Inactive Vendor,1,Exception review,Perfect extraction,0.622351876357319,,,
AP-0002219,perfect,,TX-0121-33255,Cobalt Systems Inc.,INV-0121-002219,2025-12-05,2026-01-19,PO-251623,USD,4180.82,0.0,4180.82,45.0,False,V-0121,E,False,Email,2025-12-08 04:10:04.099,V-0121,tax_id,PO251623,V-0121,16648.35,USD,0,0,0,0,0,1,1,1,0,,0,Payment Terms Mismatch; Inactive Vendor; High-Risk Vendor,3,Exception review,Perfect extraction,0.7346153541647766,,,
AP-0004406,perfect,,TX-0111-16923,Brightpath Solutions Inc.,INV-0111-004406,2025-12-06,2025-12-21,PO-250163,USD,2007.1,165.59,2172.69,15.0,False,V-0111,B,False,Supplier portal,2025-12-08 04:19:03.519,V-0111,tax_id,PO250163,V-0111,14091.61,USD,0,0,0,0,0,0,0,0,0,,0,,0,Auto-approve,Perfect extraction,0.29689227744543956,,,
AP-0001915,perfect,,TX-0043-75924,Crescent Analytics Group,INV-0043-001915,2025-12-07,2026-02-05,,USD,26677.71,0.0,26677.71,60.0,False,V-0043,E,False,Supplier portal,2025-12-08 04:24:53.295,V-0043,tax_id,,,,,1,0,0,0,0,0,0,0,0,,0,Missing PO,1,Exception review,Perfect extraction,0.665229133408769,,,
AP-0003111,edi,,TX-0019-24934,Redwood Systems LLC,INV-0019-003111,2025-12-08,2026-02-06,PO-250436,GBP,2968.82,593.76,3562.58,60.0,False,V-0019,B,False,EDI,2025-12-08 05:48:24.217,V-0019,tax_id,PO250436,V-0019,10259.74,CAD,0,0,0,1,0,0,0,0,0,,0,Currency Mismatch,1,Exception review,Perfect extraction,0.6332878115090542,,,
AP-0000823,edi,,TX-0113-54591,Stonebridge Logistics Inc.,INV-0113-000823,2025-12-03,2026-01-17,PO-251406,EUR,15764.67,3310.58,19075.25,45.0,False,V-0113,D,False,EDI,2025-12-08 05:55:27.542,V-0113,tax_id,PO251406,V-0113,341370.8,EUR,0,0,0,0,0,0,0,0,0,,0,,0,Auto-approve,Perfect extraction,0.32918083908064727,,,
AP-0001858,perfect,,TX-0140-96185,Blue Ridge Operations Inc.,INV-0140-001858,2025-12-06,2026-01-05,PO-251819,USD,25091.15,0.0,25091.15,30.0,False,V-0140,C,False,Supplier portal,2025-12-08 07:07:59.735,V-0140,tax_id,PO251819,V-0140,72785.76,USD,0,0,0,0,0,0,0,0,1,,0,Duplicate Invoice,1,Exception review,Perfect extraction,0.5730863239866628,,,
AP-0002980,perfect,,TX-0068-22381,Redwood Technologies Inc.,INV-0068-002980,2025-12-06,2026-01-05,PO-252080,CAD,3304.28,165.21,3469.49,30.0,False,V-0068,C,False,Supplier portal,2025-12-08 08:50:45.148,V-0068,tax_id,PO252080,V-0068,14081.22,CAD,0,0,0,0,0,0,0,0,0,,0,,0,Auto-approve,Perfect extraction,0.303915540948061,,,
AP-0003530,perfect,,TX-0088-45873,Atlas Systems Group,INV-0088-003530,2025-12-07,2026-01-06,PO-252352,USD,87723.96,0.0,87723.96,30.0,False,V-0088,A,False,Email,2025-12-08 08:56:40.651,V-0088,tax_id,PO252352,V-0088,480117.84,USD,0,0,0,0,0,0,0,0,0,,0,,0,Auto-approve,Perfect extraction,0.3935290406097132,,,
AP-0002600,perfect,,TX-0132-11639,Atlas Supply Group,INV-0132-002600,2025-12-04,2026-02-02,PO-X002600,USD,3739.9,308.54,4048.44,60.0,False,V-0132,A,False,Supplier portal,2025-12-08 09:15:47.672,V-0132,tax_id,POX002600,,,,0,1,0,0,0,0,0,0,0,,0,Invalid PO,1,Exception review,Perfect extraction,0.6262440259653328,,,
AP-0002275,perfect,,TX-0106-56495,Oakmont Analytics Inc.,INV-0106-002275,2025-12-06,2026-01-20,PO-251166,USD,4135.49,0.0,4135.49,45.0,False,V-0106,A,False,Supplier portal,2025-12-08 09:18:38.725,V-0106,tax_id,PO251166,V-0106,102440.71,USD,0,0,0,0,0,0,0,0,0,,0,,0,Auto-approve,Perfect extraction,0.35763234008961114,,,
AP-0003323,perfect,,TX-0056-21648,Oakmont Services LLC,INV-0056-003323,2025-12-04,2026-01-18,PO-251543,USD,3108.55,256.45,3365.0,45.0,False,V-0056,E,False,Supplier portal,2025-12-08 09:49:49.749,V-0056,tax_id,PO251543,V-0056,28103.19,USD,0,0,0,0,0,0,0,0,0,,0,,0,Auto-approve,Perfect extraction,0.3543627488011344,,,
AP-0002402,perfect,,TX-0079-81417,Brightpath Technologies LLC,INV-0079-002402,2025-12-03,2026-01-02,PO-252105,USD,5778.71,0.0,5778.71,30.0,False,V-0079,E,False,Supplier portal,2025-12-08 11:00:15.167,V-0079,tax_id,PO252105,V-0079,123574.7,USD,0,0,0,0,0,0,0,0,0,,0,,0,Auto-approve,Perfect extraction,0.3155445103736216,,,
AP-0000638,perfect,,TX-0011-62098,Oakmont Solutions LLC,INV-0011-000638,2025-12-03,2026-02-01,PO-250084,USD,1357.7,0.0,1357.7,60.0,False,V-0011,B,False,Email,2025-12-08 11:48:06.150,V-0011,tax_id,PO250084,V-0011,24636.98,USD,0,0,0,0,0,1,0,0,0,,0,Payment Terms Mismatch,1,Exception review,Perfect extraction,0.5988753805133954,,,
AP-0004430,perfect,,TX-0083-82789,Pioneer Services Group,INV-0083-004430,2025-12-04,2025-12-19,PO-250921,USD,19491.23,1608.03,21099.26,15.0,False,V-0083,B,False,Email,2025-12-08 12:14:29.603,V-0083,tax_id,PO250921,V-0083,68157.21,USD,0,0,0,0,0,0,0,0,0,,0,,0,Auto-approve,Perfect extraction,0.30732931218086273,,,
AP-0002981,perfect,,TX-0048-57091,Oakmont Systems Inc.,INV-0048-002981,2025-12-06,2025-12-21,PO-251925,USD,21579.98,1780.35,23360.33,15.0,False,V-0048,C,False,Supplier portal,2025-12-08 12:48:15.495,V-0048,tax_id,PO251925,V-0048,80003.82,USD,0,0,0,0,0,0,0,0,0,,0,,0,Auto-approve,Perfect extraction,0.2859559340693698,,,
AP-0004958,perfect,,TX-0002-28786,Cobalt Services LLC,INV-0002-004958,2025-12-05,2025-12-20,,INR,40468.36,7284.3,47752.66,15.0,False,V-0002,C,True,Email,2025-12-08 14:57:56.161,V-0002,tax_id,,,,,1,0,0,0,0,0,1,0,0,,0,Missing PO; Inactive Vendor,2,Exception review,Perfect extraction,0.7344488145930704,,,
AP-0004801,perfect,,TX-0024-91040,Evergreen Solutions Inc.,INV-0024-004801,2025-12-08,2025-12-23,PO-251585,EUR,7204.62,1512.97,8717.59,15.0,False,V-0024,D,False,Supplier portal,2025-12-08 15:42:09.022,V-0024,tax_id,PO251585,V-0024,79182.95,EUR,0,0,0,0,0,0,0,0,0,,0,,0,Auto-approve,Perfect extraction,0.32420878553316856,,,
AP-0002773,perfect,,TX-0061-83099,Copperfield Services Inc.,INV-0061-002773,2025-12-06,2026-01-05,PO-251480,USD,33513.73,0.0,33513.73,30.0,False,V-0061,C,True,Email,2025-12-08 17:29:14.820,V-0061,tax_id,PO251480,V-0061,118328.65,USD,0,0,0,0,0,0,0,0,0,,0,,0,Auto-approve,Perfect extraction,0.3482951157310643,,,
AP-0002168,perfect,,TX-0095-51083,Crescent Supply Ltd.,INV-0095-002168,2025-12-03,2026-01-17,PO-250011,USD,6458.2,0.0,6458.2,45.0,False,V-0095,A,False,Supplier portal,2025-12-08 20:15:12.802,V-0095,tax_id,PO250011,V-0095,18742.58,USD,0,0,0,0,0,1,0,0,0,,0,Payment Terms Mismatch,1,Exception review,Perfect extraction,0.5851941294690918,,,
AP-0003758,perfect,,TX-0116-23088,Juniper Supply LLC,INV-0116-003758,2025-12-07,2026-02-05,PO-250878,USD,26509.84,0.0,26509.84,60.0,False,V-0116,C,False,Email,2025-12-08 20:20:29.559,V-0116,tax_id,PO250878,V-0116,71223.67,USD,0,0,0,0,0,0,0,0,0,,0,,0,Auto-approve,Perfect extraction,0.34107991143316746,,,
AP-0000590,perfect,,TX-0133-30576,Cobalt Partners Group,INV-0133-000590,2025-12-04,2026-01-18,PO-251320,USD,7104.47,0.0,7104.47,45.0,False,V-0133,C,False,Email,2025-12-08 20:38:11.646,V-0133,tax_id,PO251320,V-0133,45575.92,USD,0,0,0,0,0,0,0,0,0,,0,,0,Auto-approve,Perfect extraction,0.36590785555262867,,,
AP-0000577,edi,,TX-0002-28786,Cobalt Services LLC,INV-0002-000577,2025-12-04,2025-12-19,PO-252270,INR,11848.64,2132.75,13981.39,15.0,False,V-0002,C,False,EDI,2025-12-08 22:49:18.317,V-0002,tax_id,PO252270,V-0002,50134.6,INR,0,0,0,0,0,0,1,0,0,,0,Inactive Vendor,1,Exception review,Perfect extraction,0.6948123611983847,,,
AP-0002311,perfect,,TX-0005-88178,Atlas Resources Inc.,INV-0005-002311,2025-12-08,2026-01-07,PO-250053,USD,34940.01,0.0,34940.01,30.0,False,V-0005,A,False,Supplier portal,2025-12-09 00:12:23.868,V-0005,tax_id,PO250053,V-0005,112102.34,USD,0,0,0,0,0,0,0,0,0,,0,,0,Auto-approve,Perfect extraction,0.3102088107715666,,,
AP-0000807,perfect,,TX-0093-95568,Clearview Systems Inc.,INV-0093-000807,2025-12-07,2025-12-22,PO-252234,USD,4118.44,339.77,4458.21,15.0,False,V-0093,B,False,Supplier portal,2025-12-09 02:58:19.249,V-0093,tax_id,PO252234,V-0093,25139.08,USD,0,0,0,0,0,0,0,0,0,,0,,0,Auto-approve,Perfect extraction,0.31938658963289995,,,
AP-0003904,perfect,,TX-0013-11961,Cobalt Operations LLC,INV-0013-003904,2025-12-07,2026-01-21,PO-252035,USD,6399.87,0.0,6399.87,45.0,False,V-0013,B,False,Supplier portal,2025-12-09 04:51:14.966,V-0013,tax_id,PO252035,V-0013,65880.42,USD,0,0,0,0,0,0,1,0,0,,0,Inactive Vendor,1,Exception review,Perfect extraction,0.6088712451983723,,,
AP-0001269,perfect,,TX-0115-48708,Ironwood Services Group,INV-0115-001269,2025-12-08,2025-12-23,PO-251300,EUR,472.44,99.21,571.65,15.0,False,V-0115,D,False,Supplier portal,2025-12-09 09:51:45.217,V-0115,tax_id,PO251300,V-0115,4949.73,EUR,0,0,0,0,0,0,0,0,0,,0,,0,Auto-approve,Perfect extraction,0.3329764746371647,,,
AP-0002723,perfect,,TX-0093-95568,Clearview Systems Inc.,INV-0093-002723,2025-12-05,2026-01-04,PO-250623,USD,2873.3,237.05,3110.35,30.0,False,V-0093,B,False,Supplier portal,2025-12-09 10:02:54.583,V-0093,tax_id,PO250623,V-0093,22458.42,USD,0,0,0,0,0,1,0,0,0,,0,Payment Terms Mismatch,1,Exception review,Perfect extraction,0.5818947066648914,,,
AP-0003298,perfect,,TX-0029-56211,Crescent Technologies LLC,INV-0029-003298,2025-12-08,2025-12-23,PO-251752,USD,5118.72,422.29,5541.01,15.0,False,V-0029,C,False,Supplier portal,2025-12-09 13:39:17.194,V-0029,tax_id,PO251752,V-0029,17608.0,USD,0,0,0,0,0,0,0,0,0,,0,,0,Auto-approve,Perfect extraction,0.27878438365078356,,,
AP-0003993,perfect,,TX-0071-54213,Summit Services LLC,INV-0071-003993,2025-12-04,2026-01-03,PO-250666,USD,10059.21,0.0,10059.21,30.0,False,V-0071,C,False,Email,2025-12-09 16:08:46.575,V-0071,tax_id,PO250666,V-0071,47259.78,USD,0,0,0,0,0,0,0,0,0,,0,,0,Auto-approve,Perfect extraction,0.29663611047580635,,,
AP-0004761,perfect,,TX-0053-42836,Oakmont Supply Group,INV-0053-004761,2025-12-05,2026-01-04,PO-250772,SGD,4260.28,383.42,4643.7,30.0,False,V-0053,C,False,Supplier portal,2025-12-09 17:12:56.388,V-0053,tax_id,PO250772,V-0053,27019.93,SGD,0,0,0,0,0,0,0,0,0,,0,,0,Auto-approve,Perfect extraction,0.35247146039725075,,,
AP-0004435,perfect,,TX-0055-46775,Silverline Analytics Group,INV-0055-004435,2025-12-06,2026-01-05,PO-250001,SGD,733.37,66.0,799.37,30.0,False,V-0055,C,False,Supplier portal,2025-12-09 18:15:43.960,V-0055,tax_id,PO250001,V-0055,9286.64,SGD,0,0,0,0,0,0,0,0,0,,0,,0,Auto-approve,Perfect extraction,0.33327954931180037,,,
AP-0003429,perfect,,TX-0061-83099,Copperfield Services Inc.,INV-0061-003429,2025-12-05,2026-01-04,PO-250805,USD,18537.06,0.0,18537.06,30.0,False,V-0061,C,False,Supplier portal,2025-12-09 19:17:08.636,V-0061,tax_id,PO250805,V-0061,100910.76,USD,0,0,0,0,0,0,0,0,0,,0,,0,Auto-approve,Perfect extraction,0.3380734991754728,,,
AP-0003265,edi,,TX-0073-32545,Pioneer Partners Ltd.,INV-0073-003265,2025-12-05,2026-01-04,PO-251221,USD,52329.99,0.0,52329.99,30.0,False,V-0073,B,False,EDI,2025-12-09 19:59:02.228,V-0073,tax_id,PO251221,V-0073,152907.45,USD,0,0,0,0,0,0,0,0,0,,0,,0,Auto-approve,Perfect extraction,0.3460329998638243,,,
AP-0003467,perfect,,TX-0001-43105,Evergreen Consulting Group,INV-0001-003467,2025-12-05,2026-01-04,PO-252099,INR,1989.92,358.18,2348.1,30.0,False,V-0001,A,False,Supplier portal,2025-12-09 21:02:21.556,V-0001,tax_id,PO252099,V-0001,24537.9,INR,0,0,0,0,0,0,0,0,0,,0,,0,Auto-approve,Perfect extraction,0.3169875482416765,,,
AP-0001847,perfect,,TX-0124-51957,Brightpath Systems Ltd.,INV-0124-001847,2025-12-04,2025-12-19,PO-250188,CAD,16591.04,829.55,17420.59,15.0,False,V-0124,A,False,Email,2025-12-09 21:06:58.332,V-0124,tax_id,PO250188,V-0124,169143.43,CAD,0,0,0,0,0,0,0,0,0,,0,,0,Auto-approve,Perfect extraction,0.31901597226660655,,,
AP-0000040,perfect,,TX-0042-54837,Harbor Services Group,INV-0042-000040,2025-12-06,2026-02-04,PO-250763,USD,7099.41,0.0,7099.41,60.0,False,V-0042,B,True,Email,2025-12-09 21:38:55.205,V-0042,tax_id,PO250763,V-0042,24958.38,USD,0,0,0,0,0,0,0,0,1,,0,Duplicate Invoice,1,Exception review,Perfect extraction,0.5785042336416946,,,
AP-0000761,perfect,,TX-0025-19498,Oakmont Supply Group,INV-0025-000761,2025-12-07,2026-02-05,PO-250162,USD,4054.22,334.47,4388.69,60.0,False,V-0025,B,False,Supplier portal,2025-12-09 22:25:53.757,V-0025,tax_id,PO250162,V-0025,14782.05,USD,0,0,0,0,0,0,0,0,0,,0,,0,Auto-approve,Perfect extraction,0.33004633387383564,,,
AP-0004455,perfect,,TX-0001-43105,Evergreen Consulting Group,INV-0001-004455,2025-12-09,2026-01-08,PO-250777,INR,90245.76,16244.24,106490.0,30.0,False,V-0001,A,False,Supplier portal,2025-12-09 22:38:14.860,V-0001,tax_id,PO250777,V-0001,85151.9,INR,0,0,0,0,1,0,0,0,0,,0,Invoice Over PO,1,Exception review,Perfect extraction,0.6234789802123559,,,
AP-0004308,perfect,,TX-0011-62098,Oakmont Solutions LLC,INV-0011-004308,2025-12-07,2026-01-06,PO-252101,USD,5135.52,0.0,5135.52,30.0,False,V-0011,B,True,Email,2025-12-09 23:42:59.100,V-0011,tax_id,PO252101,V-0011,70771.29,USD,0,0,0,0,0,0,0,0,0,,0,,0,Auto-approve,Perfect extraction,0.3324729669655186,,,
AP-0002604,edi,,TX-0005-88178,Atlas Resources Inc.,INV-0005-002604,2025-12-08,2026-01-07,PO-250776,USD,817.95,0.0,817.95,30.0,False,V-0005,A,False,EDI,2025-12-10 00:09:03.794,V-0005,tax_id,PO250776,V-0005,3664.01,USD,0,0,0,0,0,0,0,0,0,,0,,0,Auto-approve,Perfect extraction,0.2900378671857419,,,
AP-0001042,perfect,,TX-0052-68137,Evergreen Consulting LLC,INV-0052-001042,2025-12-09,2026-01-08,PO-252372,USD,16042.26,0.0,16042.26,30.0,False,V-0052,A,False,Email,2025-12-10 00:34:57.182,V-0052,tax_id,PO252372,V-0052,80328.95,USD,0,0,0,0,0,0,0,0,0,,0,,0,Auto-approve,Perfect extraction,0.3380268579619567,,,
AP-0000930,perfect,,TX-0033-48829,Northstar Advisors LLC,INV-0033-000930,2025-12-05,2026-02-03,PO-251987,USD,11736.76,0.0,11736.76,60.0,False,V-0033,E,False,Supplier portal,2025-12-10 02:07:41.129,V-0033,tax_id,PO251987,V-0033,75454.23,USD,0,0,0,0,0,0,0,0,0,,0,,0,Auto-approve,Perfect extraction,0.3277158287537008,,,
AP-0002664,perfect,,TX-0011-62098,Oakmont Solutions LLC,INV-0011-002664,2025-12-09,2026-01-08,PO-250865,USD,19041.74,0.0,19041.74,30.0,False,V-0011,B,False,Supplier portal,2025-12-10 03:01:50.778,V-0011,tax_id,PO250865,V-0011,110725.8,USD,0,0,0,0,0,0,0,0,0,,0,,0,Auto-approve,Perfect extraction,0.3271600525035,,,
AP-0004461,perfect,,TX-0118-10046,Stonebridge Logistics Ltd.,INV-0118-004461,2025-12-08,2026-01-07,PO-251084,USD,11024.98,909.56,11934.54,30.0,False,V-0118,C,False,Supplier portal,2025-12-10 05:21:44.036,V-0118,tax_id,PO251084,V-0118,42593.97,USD,0,0,0,0,0,0,0,0,0,,0,,0,Auto-approve,Perfect extraction,0.3146759583330162,,,
AP-0003339,perfect,,TX-0099-76362,Copperfield Networks Ltd.,INV-0099-003339,2025-12-05,2026-01-04,PO-250122,USD,8014.87,0.0,8014.87,30.0,True,V-0099,E,False,Supplier portal,2025-12-10 05:34:31.028,V-0099,tax_id,PO250122,V-0099,34229.53,USD,0,0,0,0,0,0,0,0,0,,0,,0,Auto-approve,Perfect extraction,0.310107654557014,,,
AP-0001050,perfect,,TX-0087-76038,Atlas Digital Ltd.,INV-0087-001050,2025-12-07,2026-02-05,PO-250190,EUR,4595.69,965.1,5560.79,60.0,False,V-0087,D,False,Email,2025-12-10 05:35:28.238,V-0087,tax_id,PO250190,V-0087,16356.69,EUR,0,0,0,0,0,0,0,0,0,,0,,0,Auto-approve,Perfect extraction,0.35724814779151687,,,
AP-0000666,edi,,TX-0079-81417,Brightpath Technologies LLC,INV-0079-000666,2025-12-10,2026-01-09,PO-250904,USD,6106.09,0.0,6106.09,30.0,False,V-0079,E,False,EDI,2025-12-10 05:59:13.392,V-0079,tax_id,PO250904,V-0079,58359.88,USD,0,0,0,0,0,0,0,0,0,,0,,0,Auto-approve,Perfect extraction,0.2831706773405788,,,
AP-0004540,perfect,,TX-0059-74622,Pioneer Solutions Group,INV-0059-004540,2025-12-08,2026-01-22,PO-251186,USD,9643.56,795.59,10439.15,45.0,False,V-0059,A,False,Email,2025-12-10 06:58:56.418,V-0059,tax_id,PO251186,V-0059,28161.33,USD,0,0,0,0,0,0,1,0,0,,0,Inactive Vendor,1,Exception review,Perfect extraction,0.5968430717300989,,,
AP-0003380,perfect,,TX-0057-94723,Lighthouse Supply Ltd.,INV-0057-003380,2025-12-06,2026-01-05,PO-250309,USD,39259.03,0.0,39259.03,30.0,False,V-0057,A,False,Supplier portal,2025-12-10 10:07:01.765,V-0057,tax_id,PO250309,V-0057,138886.06,USD,0,0,0,0,0,0,0,0,0,,0,,0,Auto-approve,Perfect extraction,0.339946047848763,,,
AP-0001908,perfect,,TX-0021-37068,Brightpath Operations LLC,INV-0021-001908,2025-12-08,2026-01-22,PO-250954,USD,3980.98,328.43,4309.41,45.0,False,V-0021,C,False,Email,2025-12-10 11:38:47.943,V-0021,tax_id,PO250954,V-0021,36856.72,USD,0,0,0,0,0,0,0,0,0,,0,,0,Auto-approve,Perfect extraction,0.3354689360515916,,,
AP-0003057,perfect,,TX-0138-43552,Atlas Partners Group,INV-0138-003057,2025-12-05,2026-01-04,PO-250254,EUR,3761.26,789.86,4551.12,30.0,False,V-0138,D,False,Supplier portal,2025-12-10 11:48:03.885,V-0138,tax_id,PO250254,V-0138,21110.05,EUR,0,0,0,0,0,0,0,1,0,,0,High-Risk Vendor,1,Exception review,Perfect extraction,0.41143092780976415,,,
AP-0003831,perfect,,TX-0014-36758,Summit Logistics Group,INV-0014-003831,2025-12-06,2026-01-05,PO-250151,USD,6862.76,0.0,6862.76,30.0,False,V-0014,E,False,Supplier portal,2025-12-10 15:47:11.714,V-0014,tax_id,PO250151,V-0014,27385.43,USD,0,0,0,0,0,0,0,0,0,,0,,0,Auto-approve,Perfect extraction,0.30514019337865717,,,
AP-0003895,perfect,,TX-0055-46775,Silverline Analytics Group,INV-0055-003895,2025-12-08,2026-01-07,PO-251234,SGD,13772.21,1239.5,15011.71,30.0,False,V-0055,C,False,Supplier portal,2025-12-10 16:31:46.272,V-0055,tax_id,PO251234,V-0055,235765.62,SGD,0,0,0,0,0,0,0,0,0,,0,,0,Auto-approve,Perfect extraction,0.34630897620702183,,,
AP-0001115,perfect,,TX-0105-55701,Ironwood Analytics Inc.,INV-0105-001115,2025-12-08,2026-01-22,PO-250689,USD,3801.86,0.0,3801.86,45.0,False,V-0105,C,False,Supplier portal,2025-12-10 16:48:58.612,V-0105,tax_id,PO250689,V-0105,34672.44,USD,0,0,0,0,0,0,0,0,0,,0,,0,Auto-approve,Perfect extraction,0.33708777390072203,,,
AP-0002645,perfect,,TX-0107-50949,Silverline Advisors Inc.,INV-0107-002645,2025-12-07,2026-02-05,PO-251453,USD,18583.08,1533.1,20116.18,60.0,False,V-0107,C,False,Supplier portal,2025-12-10 21:17:55.873,V-0107,tax_id,PO251453,V-0107,400335.43,USD,0,0,0,0,0,0,0,0,0,,0,,0,Auto-approve,Perfect extraction,0.3186493031392693,,,
AP-0003534,perfect,,TX-0125-42798,Brightpath Resources Ltd.,INV-0125-003534,2025-12-07,2026-01-06,PO-251651,EUR,2177.41,457.26,2634.67,30.0,False,V-0125,D,False,Supplier portal,2025-12-10 21:31:59.720,V-0125,tax_id,PO251651,V-0125,52546.23,EUR,0,0,0,0,0,0,0,0,0,,0,,0,Auto-approve,Perfect extraction,0.3359789116795234,,,
AP-0002984,perfect,,TX-0011-62098,Oakmont Solutions LLC,INV-0011-002984,2025-12-08,2026-01-07,PO-250715,USD,30745.34,0.0,30745.34,30.0,False,V-0011,B,True,Email,2025-12-10 21:54:20.639,V-0011,tax_id,PO250715,V-0011,88280.23,USD,0,0,0,0,0,0,0,0,0,,0,,0,Auto-approve,Perfect extraction,0.3382446691610771,,,
AP-0001228,edi,,TX-0049-19644,Harbor Resources LLC,INV-0049-001228,2025-12-10,2026-01-09,PO-251578,EUR,3345.74,702.61,4048.35,30.0,False,V-0049,D,False,EDI,2025-12-10 22:17:43.957,V-0049,tax_id,PO251578,V-0049,33669.93,EUR,0,0,0,0,0,0,0,0,0,,0,,0,Auto-approve,Perfect extraction,0.3350371879182366,,,
AP-0001048,edi,,TX-0131-83608,Copperfield Systems LLC,INV-0131-001048,2025-12-05,2025-12-20,PO-250735,USD,2405.71,0.0,2405.71,15.0,False,V-0131,A,False,EDI,2025-12-10 23:19:09.110,V-0131,tax_id,PO250735,V-0131,10656.36,USD,0,0,0,0,0,1,0,0,0,,0,Payment Terms Mismatch,1,Exception review,Perfect extraction,0.6215303355150916,,,
AP-0003669,edi,,TX-0063-67062,Copperfield Systems Inc.,INV-0063-003669,2025-12-06,2026-01-05,PO-251448,USD,1254.01,103.46,1357.47,30.0,False,V-0063,E,False,EDI,2025-12-11 00:47:39.905,V-0063,tax_id,PO251448,V-0063,15766.81,USD,0,0,0,0,0,0,0,0,0,,0,,0,Auto-approve,Perfect extraction,0.3060424194702764,,,
AP-0002389,perfect,,TX-0121-33255,Cobalt Systems Inc.,INV-0121-002389,2025-12-06,2026-02-04,PO-251271,USD,5162.92,0.0,5162.92,60.0,False,V-0121,E,False,Email,2025-12-11 00:48:44.049,V-0121,tax_id,PO251271,V-0121,29300.28,USD,0,0,0,0,0,0,1,1,0,,0,Inactive Vendor; High-Risk Vendor,2,Exception review,Perfect extraction,0.6820660545400593,,,
AP-0002354,perfect,,TX-0053-42836,Oakmont Supply Group,INV-0053-002354,2025-12-11,2026-01-10,PO-252391,SGD,15182.28,1366.41,16548.69,30.0,False,V-0053,C,True,Email,2025-12-11 01:57:59.553,V-0053,tax_id,PO252391,V-0053,44735.33,SGD,0,0,0,0,0,0,0,0,0,,0,,0,Auto-approve,Perfect extraction,0.3454404479506319,,,
AP-0000356,perfect,,TX-0012-74674,Oakmont Technologies LLC,INV-0012-000356,2025-12-09,2026-01-08,PO-250668,USD,6847.66,0.0,6847.66,30.0,False,V-0012,A,False,Email,2025-12-11 02:02:49.370,V-0012,tax_id,PO250668,V-0012,34209.12,USD,0,0,0,0,0,0,0,0,0,,0,,0,Auto-approve,Perfect extraction,0.2845954987570715,,,
AP-0003029,edi,,TX-0049-19644,Harbor Resources LLC,INV-0049-003029,2025-12-10,2026-01-09,PO-250519,EUR,114638.29,24074.04,138712.33,30.0,False,V-0049,D,False,EDI,2025-12-11 03:02:13.954,V-0049,tax_id,PO250519,V-0049,590637.06,EUR,0,0,0,0,0,0,0,0,0,,0,,0,Auto-approve,Perfect extraction,0.3816447341138384,,,
AP-0003748,perfect,,TX-0117-90487,Atlas Consulting LLC,INV-0117-003748,2025-12-11,2026-01-10,PO-251466,CAD,76507.91,3825.4,80333.31,30.0,True,V-0117,C,True,Email,2025-12-11 04:42:13.391,V-0117,tax_id,PO251466,V-0117,291161.92,CAD,0,0,0,0,0,0,0,0,0,,0,,0,Auto-approve,Perfect extraction,0.3495221901682515,,,
AP-0004548,perfect,,TX-0066-17224,Stonebridge Networks Ltd.,INV-0066-004548,2025-12-07,2026-01-06,PO-250266,USD,66613.63,0.0,66613.63,30.0,False,V-0066,A,False,Supplier portal,2025-12-11 04:52:59.494,V-0066,tax_id,PO250266,V-0066,45953.87,USD,0,0,0,0,1,0,0,0,0,,0,Invoice Over PO,1,Exception review,Perfect extraction,0.6733697000710316,,,
AP-0004036,perfect,,TX-0018-72351,Evergreen Resources Inc.,INV-0018-004036,2025-12-11,2026-01-10,PO-251451,USD,38600.67,0.0,38600.67,30.0,False,V-0018,B,False,Supplier portal,2025-12-11 07:59:19.313,V-0018,tax_id,PO251451,V-0018,32101.79,USD,0,0,0,0,1,0,0,0,0,,0,Invoice Over PO,1,Exception review,Perfect extraction,0.6277896989532342,,,
AP-0001264,perfect,,TX-0030-52947,Crescent Networks Inc.,INV-0030-001264,2025-12-09,2026-02-07,PO-250173,USD,35842.26,2956.99,38799.25,60.0,False,V-0030,E,False,Supplier portal,2025-12-11 08:19:44.359,V-0030,tax_id,PO250173,V-0030,25936.69,USD,0,0,0,0,1,0,0,0,0,,0,Invoice Over PO,1,Exception review,Perfect extraction,0.6396622768816188,,,
AP-0001539,edi,,TX-0095-51083,Crescent Supply Ltd.,INV-0095-001539,2025-12-09,2026-01-08,PO-251294,USD,5188.59,0.0,5188.59,30.0,False,V-0095,A,False,EDI,2025-12-11 08:25:13.159,V-0095,tax_id,PO251294,V-0095,44886.45,USD,0,0,0,0,0,0,0,0,0,,0,,0,Auto-approve,Perfect extraction,0.3197657880233424,,,
AP-0003711,perfect,,TX-0069-10137,Atlas Logistics Inc.,INV-0069-003711,2025-12-10,2026-01-09,PO-250048,USD,12642.09,0.0,12642.09,30.0,False,V-0069,B,False,Supplier portal,2025-12-11 09:23:11.097,V-0069,tax_id,PO250048,V-0069,255370.01,USD,0,0,0,0,0,0,0,0,0,,0,,0,Auto-approve,Perfect extraction,0.2902612330227269,,,
AP-0000034,perfect,,TX-0117-90487,Atlas Consulting LLC,INV-0117-000034,2025-12-07,2026-01-06,PO-251552,CAD,3448.09,172.4,3620.49,30.0,False,V-0117,C,False,Email,2025-12-11 09:42:31.392,V-0117,tax_id,PO251552,V-0117,19925.8,CAD,0,0,0,0,0,0,0,0,0,,0,,0,Auto-approve,Perfect extraction,0.2941947060848403,,,
AP-0003166,edi,,TX-0083-82789,Pioneer Services Group,INV-0083-003166,2025-12-09,2025-12-24,PO-251412,USD,7451.85,614.78,8066.63,15.0,False,V-0083,B,False,EDI,2025-12-11 10:49:02.925,V-0083,tax_id,PO251412,V-0083,46553.28,USD,0,0,0,0,0,0,0,0,0,,0,,0,Auto-approve,Perfect extraction,0.29206390724122844,,,
AP-0001359,perfect,,TX-0028-83716,Harbor Consulting Ltd.,INV-0028-001359,2025-12-08,2026-01-07,PO-252173,GBP,599.56,119.91,719.47,30.0,False,V-0028,E,False,Supplier portal,2025-12-11 10:50:07.259,V-0028,tax_id,PO252173,V-0028,3595.93,GBP,0,0,0,0,0,0,1,0,0,,0,Inactive Vendor,1,Exception review,Perfect extraction,0.6923592817792481,,,
AP-0002187,perfect,,TX-0024-91040,Evergreen Solutions Inc.,INV-0024-002187,2025-12-08,2025-12-23,PO-250796,EUR,96687.35,20304.34,116991.69,15.0,False,V-0024,D,False,Supplier portal,2025-12-11 10:54:21.797,V-0024,tax_id,PO250796,V-0024,577102.0,EUR,0,0,0,0,0,0,0,0,0,,0,,0,Auto-approve,Perfect extraction,0.4074255681986223,,,
AP-0001562,perfect,,TX-0084-70345,Redwood Supply LLC,INV-0084-001562,2025-12-10,2026-01-09,PO-250272,EUR,9461.89,1987.0,11448.89,30.0,True,V-0084,D,False,Email,2025-12-11 10:59:38.053,V-0084,tax_id,PO250272,V-0084,62432.47,EUR,0,0,0,0,0,0,0,0,0,,0,,0,Auto-approve,Perfect extraction,0.3214737647826054,,,
AP-0002607,perfect,,TX-0116-23088,Juniper Supply LLC,INV-0116-002607,2025-12-11,2026-02-09,PO-251796,USD,13789.15,0.0,13789.15,60.0,False,V-0116,C,False,Supplier portal,2025-12-11 12:57:18.177,V-0116,tax_id,PO251796,V-0116,71829.2,USD,0,0,0,0,0,0,0,0,0,,0,,0,Auto-approve,Perfect extraction,0.32952348922419933,,,
AP-0004978,perfect,,TX-0107-50949,Silverline Advisors Inc.,INV-0107-004978,2025-12-11,2026-02-09,PO-250140,SGD,4631.46,416.83,5048.29,60.0,False,V-0107,C,False,Email,2025-12-11 13:32:54.597,V-0107,tax_id,PO250140,V-0107,20658.61,USD,0,0,0,1,0,0,0,0,0,,0,Currency Mismatch,1,Exception review,Perfect extraction,0.6412440067672145,,,
AP-0001019,perfect,,TX-0129-39742,Blue Ridge Digital Ltd.,INV-0129-001019,2025-12-06,2026-01-20,PO-251636,EUR,13172.65,2766.26,15938.91,45.0,False,V-0129,C,False,Email,2025-12-11 14:55:52.122,V-0129,tax_id,PO251636,V-0129,54557.42,USD,0,0,0,1,0,0,0,0,0,,0,Currency Mismatch,1,Exception review,Perfect extraction,0.601556547205372,,,
AP-0000736,perfect,,TX-0038-45747,Beacon Analytics Ltd.,INV-0038-000736,2025-12-11,2026-02-09,PO-251315,USD,4040.13,0.0,4040.13,60.0,False,V-0038,C,False,Email,2025-12-11 15:02:52.020,V-0038,tax_id,PO251315,V-0038,29663.12,USD,0,0,0,0,0,1,0,0,0,,0,Payment Terms Mismatch,1,Exception review,Perfect extraction,0.6296130722807786,,,
AP-0002805,perfect,,TX-0069-10137,Atlas Logistics Inc.,INV-0069-002805,2025-12-08,2026-01-07,PO-250138,USD,4627.08,0.0,4627.08,30.0,False,V-0069,B,False,Supplier portal,2025-12-11 15:46:43.875,V-0069,tax_id,PO250138,V-0069,103906.27,USD,0,0,0,0,0,0,0,0,0,,0,,0,Auto-approve,Perfect extraction,0.32172262537987617,,,
AP-0004005,perfect,,TX-0014-36758,Summit Logistics Group,INV-0014-004005,2025-12-11,2026-01-10,PO-250680,USD,8360.59,0.0,8360.59,30.0,False,V-0014,E,False,Supplier portal,2025-12-11 16:06:27.265,V-0014,tax_id,PO250680,V-0014,27686.41,USD,0,0,0,0,0,0,0,0,0,,0,,0,Auto-approve,Perfect extraction,0.3021709694295912,,,
AP-0004701,edi,,TX-0090-82710,Copperfield Advisors Ltd.,INV-0090-004701,2025-12-07,2026-01-21,PO-251828,USD,12424.82,0.0,12424.82,45.0,False,V-0090,B,False,EDI,2025-12-11 16:16:05.330,V-0090,tax_id,PO251828,V-0090,264389.51,USD,0,0,0,0,0,0,0,0,0,,0,,0,Auto-approve,Perfect extraction,0.34461611723366875,,,
AP-0004633,perfect,,TX-0117-90487,Atlas Consulting LLC,INV-0117-004633,2025-12-09,2026-01-08,PO-252193,CAD,26113.92,1305.7,27419.62,30.0,False,V-0117,C,False,Supplier portal,2025-12-11 18:12:00.117,V-0117,tax_id,PO252193,V-0117,123727.34,CAD,0,0,0,0,0,0,0,0,0,,0,,0,Auto-approve,Perfect extraction,0.3163804400592263,,,
AP-0003494,perfect,,TX-0050-69493,Ironwood Services Ltd.,INV-0050-003494,2025-12-09,2026-01-08,PO-250070,USD,13479.38,0.0,13479.38,30.0,False,V-0050,A,False,Supplier portal,2025-12-11 18:16:57.965,V-0050,tax_id,PO250070,V-0050,70447.52,USD,0,0,0,0,0,0,0,0,0,,0,,0,Auto-approve,Perfect extraction,0.33249008144657277,,,
AP-0001812,perfect,,TX-0114-88629,Beacon Logistics Group,INV-0114-001812,2025-12-06,2026-01-05,,USD,24965.83,2059.68,27025.51,30.0,False,V-0114,A,False,Supplier portal,2025-12-11 18:19:19.112,V-0114,tax_id,,,,,1,0,0,0,0,0,0,0,0,,0,Missing PO,1,Exception review,Perfect extraction,0.6316807052203453,,,
AP-0000134,perfect,,TX-0109-51449,Blue Ridge Analytics LLC,INV-0109-000134,2025-12-10,2026-01-09,PO-250657,USD,47597.55,0.0,47597.55,30.0,False,V-0109,A,False,Supplier portal,2025-12-11 18:21:59.290,V-0109,tax_id,PO250657,V-0109,167530.48,USD,0,0,0,0,0,0,0,0,0,,0,,0,Auto-approve,Perfect extraction,0.33262549640731454,,,
AP-0003098,perfect,,TX-0086-70653,Lighthouse Technologies LLC,INV-0086-003098,2025-12-11,2026-01-25,PO-251477,USD,13322.68,1099.12,14421.8,45.0,False,V-0086,B,False,Supplier portal,2025-12-11 18:49:42.971,V-0086,tax_id,PO251477,V-0086,60325.23,USD,0,0,0,0,0,0,0,0,0,,0,,0,Auto-approve,Perfect extraction,0.32840909662641715,,,
AP-0001246,perfect,,TX-0063-67062,Copperfield Systems Inc.,INV-0063-001246,2025-12-08,2026-01-07,PO-251448,USD,2327.92,192.05,2519.97,30.0,True,V-0063,E,False,Email,2025-12-11 19:43:08.910,V-0063,tax_id,PO251448,V-0063,15766.81,USD,0,0,0,0,0,0,0,0,0,,0,,0,Auto-approve,Perfect extraction,0.3075189746767497,,,
AP-0004242,perfect,,TX-0021-37068,Brightpath Operations LLC,INV-0021-004242,2025-12-11,2026-01-25,PO-250168,USD,24125.3,1990.34,26115.64,45.0,False,V-0021,C,False,Supplier portal,2025-12-11 20:49:05.613,V-0021,tax_id,PO250168,V-0021,21106.51,USD,0,0,0,0,1,0,0,0,0,,0,Invoice Over PO,1,Exception review,Perfect extraction,0.6214168179858931,,,
AP-0000991,perfect,,TX-0017-46110,Cobalt Analytics Group,INV-0017-000991,2025-12-06,2026-01-20,PO-251646,GBP,54967.09,10993.42,65960.51,45.0,False,V-0017,C,True,Email,2025-12-11 20:58:03.721,V-0017,tax_id,PO251646,V-0017,182474.85,GBP,0,0,0,0,0,0,0,1,0,,0,High-Risk Vendor,1,Exception review,Perfect extraction,0.5339404254761789,,,
AP-0000653,perfect,,TX-0086-70653,Lighthouse Technologies LLC,INV-0086-000653,2025-12-06,2026-01-20,PO-251760,USD,4583.94,378.17,4962.11,45.0,False,V-0086,B,False,Supplier portal,2025-12-11 21:34:42.770,V-0086,tax_id,PO251760,V-0086,58267.68,USD,0,0,0,0,0,0,0,0,0,,0,,0,Auto-approve,Perfect extraction,0.3393430625161977,,,
AP-0003689,edi,,TX-0045-69725,Atlas Services LLC,INV-0045-003689,2025-12-11,2026-01-25,PO-252369,USD,3347.35,0.0,3347.35,45.0,False,V-0045,A,False,EDI,2025-12-12 01:41:46.786,V-0045,tax_id,PO252369,V-0045,13854.1,USD,0,0,0,0,0,0,0,0,0,,0,,0,Auto-approve,Perfect extraction,0.326601970104032,,,
AP-0000231,perfect,,TX-0014-36758,Summit Logistics Group,INV-0014-000231,2025-12-09,2026-01-08,PO-250151,USD,3865.69,0.0,3865.69,30.0,False,V-0014,E,False,Supplier portal,2025-12-12 02:40:59.101,V-0014,tax_id,PO250151,V-0014,27385.43,USD,0,0,0,0,0,0,0,0,0,,0,,0,Auto-approve,Perfect extraction,0.3048545474576869,,,
AP-0003835,edi,,TX-0070-80671,Beacon Services LLC,INV-0070-003835,2025-12-10,2025-12-25,PO-250407,USD,35917.64,0.0,35917.64,15.0,False,V-0070,A,False,EDI,2025-12-12 06:10:04.702,V-0070,tax_id,PO250407,V-0070,104678.91,USD,0,0,0,0,0,0,0,0,0,,0,,0,Auto-approve,Perfect extraction,0.2964870242497721,,,
AP-0003375,perfect,,TX-0081-73770,Silverline Supply Group,INV-0081-003375,2025-12-09,2026-01-08,PO-250433,USD,2771.4,0.0,2771.4,30.0,False,V-0081,C,True,Email,2025-12-12 06:19:59.095,V-0081,tax_id,PO250433,V-0081,16767.87,USD,0,0,0,0,0,0,0,0,0,,0,,0,Auto-approve,Perfect extraction,0.34373247422551756,,,
AP-0001768,perfect,,TX-0083-82789,Pioneer Services Group,INV-0083-001768,2025-12-12,2025-12-27,PO-251196,USD,38422.47,3169.85,41592.32,15.0,False,V-0083,B,True,Email,2025-12-12 07:27:05.507,V-0083,tax_id,PO251196,V-0083,153087.72,USD,0,0,0,0,0,0,0,0,0,,0,,0,Auto-approve,Perfect extraction,0.3314455710141119,,,
AP-0001771,perfect,,TX-0017-46110,Cobalt Analytics Group,INV-0017-001771,2025-12-07,2026-01-21,PO-252200,GBP,5454.86,1090.97,6545.83,45.0,False,V-0017,C,False,Supplier portal,2025-12-12 07:28:51.788,V-0017,tax_id,PO252200,V-0017,20430.05,GBP,0,0,0,0,0,0,0,1,0,,0,High-Risk Vendor,1,Exception review,Perfect extraction,0.5031469101994921,,,
AP-0000482,perfect,,TX-0062-17232,Juniper Resources Ltd.,INV-0062-000482,2025-12-11,2026-01-10,PO-252175,USD,23360.42,0.0,23360.42,30.0,False,V-0062,B,False,Supplier portal,2025-12-12 10:17:34.653,V-0062,tax_id,PO252175,V-0062,130741.51,USD,0,0,0,0,0,0,0,0,0,,0,,0,Auto-approve,Perfect extraction,0.3221362905349099,,,
AP-0002591,edi,,TX-0022-47741,Lighthouse Solutions LLC,INV-0022-002591,2025-12-12,2026-01-26,PO-251047,USD,22981.8,1896.0,24877.8,45.0,False,V-0022,E,False,EDI,2025-12-12 10:24:28.028,V-0022,tax_id,PO251047,V-0022,79514.97,USD,0,0,0,0,0,0,0,1,0,,0,High-Risk Vendor,1,Exception review,Perfect extraction,0.41276737529025653,,,
AP-0001143,perfect,,TX-0055-46775,Silverline Analytics Group,INV-0055-001143,2025-12-11,2026-01-10,PO-252182,SGD,8372.77,753.55,9126.32,30.0,False,V-0055,C,True,Email,2025-12-12 10:58:42.300,V-0055,tax_id,PO252182,V-0055,85040.32,SGD,0,0,0,0,0,0,0,0,0,,0,,0,Auto-approve,Perfect extraction,0.34812345415845203,,,
AP-0001742,perfect,,TX-0080-26211,Juniper Resources Inc.,INV-0080-001742,2025-12-10,2026-01-09,PO-251458,EUR,97762.27,20530.08,118292.35,30.0,False,V-0080,D,False,Supplier portal,2025-12-12 11:09:34.991,V-0080,tax_id,PO251458,V-0080,101934.86,EUR,0,0,0,0,1,0,0,0,0,,0,Invoice Over PO,1,Exception review,Perfect extraction,0.6898546039663777,,,
AP-0004923,perfect,,TX-0038-45747,Beacon Analytics Ltd.,INV-0038-004923,2025-12-08,2026-01-07,PO-251862,USD,9295.14,0.0,9295.14,30.0,False,V-0038,C,True,Email,2025-12-12 13:54:47.636,V-0038,tax_id,PO251862,V-0038,77256.0,USD,0,0,0,0,0,0,0,0,0,,0,,0,Auto-approve,Perfect extraction,0.32487089225588545,,,
AP-0004778,perfect,,TX-0117-90487,Atlas Consulting LLC,INV-0117-004778,2025-12-12,2026-01-11,PO-250327,CAD,31546.18,1577.31,33123.49,30.0,False,V-0117,C,False,Supplier portal,2025-12-12 14:22:45.487,V-0117,tax_id,PO250327,V-0117,108235.99,CAD,0,0,0,0,0,0,0,0,0,,0,,0,Auto-approve,Perfect extraction,0.3172936614886469,,,
AP-0004848,perfect,,TX-0048-57091,Oakmont Systems Inc.,INV-0048-004848,2025-12-11,2025-12-26,PO-250619,USD,9582.54,790.56,10373.1,15.0,False,V-0048,C,False,Email,2025-12-12 14:48:22.395,V-0048,tax_id,PO250619,V-0048,64194.21,USD,0,0,0,0,0,0,0,0,0,,0,,0,Auto-approve,Perfect extraction,0.3136908953689966,,,
AP-0002501,perfect,,TX-0087-76038,Atlas Digital Ltd.,INV-0087-002501,2025-12-07,2026-02-05,PO-252144,EUR,68812.11,14450.54,83262.65,60.0,False,V-0087,D,False,Email,2025-12-12 14:54:37.380,V-0087,tax_id,PO252144,V-0087,247775.26,EUR,0,0,0,0,0,0,0,0,0,,0,,0,Auto-approve,Perfect extraction,0.43285648202892274,,,
AP-0000579,perfect,,TX-0129-39742,Blue Ridge Digital Ltd.,INV-0129-000579,2025-12-10,2026-01-09,PO-252169,EUR,5849.71,1228.44,7078.15,30.0,False,V-0129,C,False,Supplier portal,2025-12-12 16:22:24.375,V-0129,tax_id,PO252169,V-0129,22497.13,USD,0,0,0,1,0,1,0,0,0,,0,Currency Mismatch; Payment Terms Mismatch,2,Exception review,Perfect extraction,0.6785371998305,,,
AP-0002716,perfect,,TX-0105-55701,Ironwood Analytics Inc.,INV-0105-002716,2025-12-11,2026-01-25,PO-252302,USD,13395.8,0.0,13395.8,45.0,False,V-0105,C,False,Supplier portal,2025-12-12 18:22:44.253,V-0105,tax_id,PO252302,V-0105,36256.05,USD,0,0,0,0,0,0,0,0,0,,0,,0,Auto-approve,Perfect extraction,0.30624096062996803,,,
AP-0003432,perfect,,TX-0036-11692,Juniper Operations Ltd.,INV-0036-003432,2025-12-08,2026-01-07,PO-250566,USD,4790.89,0.0,4790.89,30.0,False,V-0036,B,False,Email,2025-12-12 18:56:47.278,V-0036,tax_id,PO250566,V-0036,30365.37,USD,0,0,0,0,0,0,0,0,0,,0,,0,Auto-approve,Perfect extraction,0.2848423593753513,,,
AP-0003341,perfect,,TX-0009-87210,Blue Ridge Supply LLC,INV-0009-003341,2025-12-09,2026-01-23,PO-252126,USD,102321.59,0.0,102321.59,45.0,False,V-0009,B,False,Supplier portal,2025-12-12 19:24:56.809,V-0009,tax_id,PO252126,V-0009,80788.83,USD,0,0,0,0,1,0,0,0,0,,0,Invoice Over PO,1,Exception review,Perfect extraction,0.7001034369214827,,,
AP-0000672,perfect,,TX-0029-56211,Crescent Technologies LLC,INV-0029-000672,2025-12-10,2025-12-25,PO-252327,USD,5504.52,454.12,5958.64,15.0,False,V-0029,C,False,Supplier portal,2025-12-12 20:45:24.302,V-0029,tax_id,PO252327,V-0029,18924.89,USD,0,0,0,0,0,0,0,0,0,,0,,0,Auto-approve,Perfect extraction,0.31729958774162836,,,
AP-0001304,perfect,,TX-0137-44191,Pioneer Consulting Ltd.,INV-0137-001304,2025-12-12,2026-01-26,PO-251114,USD,13174.31,0.0,13174.31,45.0,False,V-0137,A,False,Supplier portal,2025-12-12 21:00:09.295,V-0137,tax_id,PO251114,V-0137,35484.79,USD,0,0,0,0,0,1,1,0,0,,0,Payment Terms Mismatch; Inactive Vendor,2,Exception review,Perfect extraction,0.7049600217281653,,,
AP-0000753,perfect,,TX-0082-48109,Cobalt Partners Ltd.,INV-0082-000753,2025-12-08,2025-12-23,PO-251737,USD,960.55,79.24,1039.79,15.0,False,V-0082,C,False,Supplier portal,2025-12-12 21:19:31.592,V-0082,tax_id,PO251737,V-0082,20477.05,USD,0,0,0,0,0,0,0,0,0,,0,,0,Auto-approve,Perfect extraction,0.3166259696187369,,,
AP-0000658,perfect,,TX-0019-24934,Redwood Systems LLC,INV-0019-000658,2025-12-08,2026-02-06,PO-251194,CAD,9773.83,488.69,10262.52,60.0,False,V-0019,B,False,Email,2025-12-12 21:30:23.856,V-0019,tax_id,PO251194,V-0019,27979.93,CAD,0,0,0,0,0,0,0,0,0,,0,,0,Auto-approve,Perfect extraction,0.32990955296755586,,,
AP-0003598,edi,,TX-0083-82789,Pioneer Services Group,INV-0083-003598,2025-12-07,2025-12-22,PO-250921,USD,9125.02,752.81,9877.83,15.0,False,V-0083,B,False,EDI,2025-12-12 21:42:40.784,V-0083,tax_id,PO250921,V-0083,68157.21,USD,0,0,0,0,0,0,0,0,0,,0,,0,Auto-approve,Perfect extraction,0.3005927517523807,,,
AP-0003815,perfect,,TX-0058-42609,Brightpath Logistics Inc.,INV-0058-003815,2025-12-09,2026-01-23,PO-251740,GBP,14785.9,2957.18,17743.08,45.0,False,V-0058,E,False,Supplier portal,2025-12-12 22:18:11.304,V-0058,tax_id,PO251740,V-0058,47434.11,GBP,0,0,0,0,0,0,0,0,0,,0,,0,Auto-approve,Perfect extraction,0.37697957382245656,,,
AP-0003458,perfect,,TX-0010-16923,Copperfield Logistics Ltd.,INV-0010-003458,2025-12-08,2026-01-07,PO-250059,CAD,21821.16,1091.06,22912.22,30.0,False,V-0010,B,False,Supplier portal,2025-12-12 22:58:33.759,V-0010,tax_id,PO250059,V-0010,270612.17,CAD,0,0,0,0,0,0,0,0,0,,0,,0,Auto-approve,Perfect extraction,0.3495724050797977,,,
AP-0004857,perfect,,TX-0041-11074,Juniper Advisors Ltd.,INV-0041-004857,2025-12-12,2026-01-26,PO-252012,USD,29307.28,2417.85,31725.13,45.0,False,V-0041,E,True,Email,2025-12-12 23:49:45.934,V-0041,tax_id,PO252012,V-0041,21182.47,USD,0,0,0,0,1,0,0,0,0,,0,Invoice Over PO,1,Exception review,Perfect extraction,0.630675540370898,,,
AP-0001655,perfect,,TX-0076-41538,Summit Systems LLC,INV-0076-001655,2025-12-10,2026-02-08,,EUR,7370.62,1547.83,8918.45,60.0,False,V-0076,D,True,Email,2025-12-13 01:32:14.541,V-0076,tax_id,,,,,1,0,0,0,0,0,0,0,0,,0,Missing PO,1,Exception review,Perfect extraction,0.6292562862810864,,,
AP-0000170,edi,,TX-0052-68137,Evergreen Consulting LLC,INV-0052-000170,2025-12-11,2026-01-10,PO-252372,USD,28635.34,0.0,28635.34,30.0,False,V-0052,A,False,EDI,2025-12-13 01:41:23.622,V-0052,tax_id,PO252372,V-0052,80328.95,USD,0,0,0,0,0,0,0,0,0,,0,,0,Auto-approve,Perfect extraction,0.3404254672524958,,,
AP-0002212,edi,,TX-0100-21510,Summit Logistics Inc.,INV-0100-002212,2025-12-09,2026-01-08,PO-250672,USD,32844.83,0.0,32844.83,30.0,False,V-0100,E,False,EDI,2025-12-13 01:45:37.587,V-0100,tax_id,PO250672,V-0100,100386.21,USD,0,0,0,0,0,0,0,0,0,,0,,0,Auto-approve,Perfect extraction,0.33132038725287355,,,
AP-0000413,perfect,,TX-0010-16923,Copperfield Logistics Ltd.,INV-0010-000413,2025-12-11,2026-02-09,PO-250985,CAD,53812.85,2690.64,56503.49,60.0,False,V-0010,B,True,Email,2025-12-13 03:26:51.062,V-0010,tax_id,PO250985,V-0010,227188.44,CAD,0,0,0,0,0,1,0,0,0,,0,Payment Terms Mismatch,1,Exception review,Perfect extraction,0.6426746713126087,,,
AP-0001938,perfect,,TX-0135-50499,Stonebridge Systems LLC,INV-0135-001938,2025-12-10,2026-01-24,PO-250106,USD,19906.04,1642.25,21548.29,45.0,False,V-0135,B,True,Email,2025-12-13 03:36:39.755,V-0135,tax_id,PO250106,V-0135,100109.88,USD,0,0,0,0,0,1,0,0,0,,0,Payment Terms Mismatch,1,Exception review,Perfect extraction,0.6392752795431806,,,
AP-0004996,perfect,,TX-0115-48708,Ironwood Services Group,INV-0115-004996,2025-12-08,2025-12-23,PO-251686,EUR,21431.84,4500.69,25932.53,15.0,False,V-0115,D,False,Supplier portal,2025-12-13 03:57:00.443,V-0115,tax_id,PO251686,V-0115,164573.75,EUR,0,0,0,0,0,0,0,0,0,,0,,0,Auto-approve,Perfect extraction,0.33662006762621277,,,
AP-0002209,edi,,TX-0104-57614,Oakmont Operations Group,INV-0104-002209,2025-12-09,2025-12-24,PO-250984,USD,399.04,0.0,399.04,15.0,False,V-0104,C,False,EDI,2025-12-13 04:29:03.954,V-0104,tax_id,PO250984,V-0104,7790.76,USD,0,0,0,0,0,0,0,0,0,,0,,0,Auto-approve,Perfect extraction,0.33664532216543724,,,
AP-0002322,perfect,,TX-0113-54591,Stonebridge Logistics Inc.,INV-0113-002322,2025-12-10,2026-01-24,PO-250356,EUR,2068.91,434.47,2503.38,45.0,False,V-0113,D,False,Supplier portal,2025-12-13 06:06:23.232,V-0113,tax_id,PO250356,V-0113,9193.2,EUR,0,0,0,0,0,0,0,0,0,,0,,0,Auto-approve,Perfect extraction,0.3606346878249398,,,
AP-0004803,perfect,,TX-0053-42836,Oakmont Supply Group,INV-0053-004803,2025-12-13,2026-01-12,PO-250248,SGD,27711.93,2494.07,30206.0,30.0,False,V-0053,C,False,Supplier portal,2025-12-13 06:31:58.509,V-0053,tax_id,PO250248,V-0053,121543.14,SGD,0,0,0,0,0,0,0,0,0,,0,,0,Auto-approve,Perfect extraction,0.31829600688015186,,,
AP-0000990,perfect,,TX-0058-42609,Brightpath Logistics Inc.,INV-0058-000990,2025-12-08,2026-01-22,PO-251740,GBP,54016.71,10803.34,64820.05,45.0,False,V-0058,E,False,Email,2025-12-13 07:41:27.088,V-0058,tax_id,PO251740,V-0058,47434.11,GBP,0,0,0,0,1,0,0,0,0,,0,Invoice Over PO,1,Exception review,Perfect extraction,0.6820495527988709,,,
AP-0002495,edi,,TX-0004-83750,Harbor Networks Ltd.,INV-0004-002495,2025-12-09,2026-01-08,PO-251746,USD,8253.08,680.88,8933.96,30.0,False,V-0004,E,False,EDI,2025-12-13 10:15:42.425,V-0004,tax_id,PO251746,V-0004,46934.62,USD,0,0,0,0,0,0,0,0,0,,0,,0,Auto-approve,Perfect extraction,0.32337915902942554,,,
AP-0004298,perfect,,TX-0081-73770,Silverline Supply Group,INV-0081-004298,2025-12-13,2026-01-12,PO-251876,USD,2797.48,0.0,2797.48,30.0,False,V-0081,C,False,Supplier portal,2025-12-13 10:46:59.095,V-0081,tax_id,PO251876,V-0081,13131.13,USD,0,0,0,0,0,0,0,0,0,,0,,0,Auto-approve,Perfect extraction,0.3244292036150948,,,
AP-0003108,perfect,,TX-0052-68137,Evergreen Consulting LLC,INV-0052-003108,2025-12-13,2026-01-12,PO-250759,USD,887.43,0.0,887.43,30.0,False,V-0052,A,False,Supplier portal,2025-12-13 11:05:18.900,V-0052,tax_id,PO250759,V-0052,3963.85,USD,0,0,0,0,0,0,0,0,0,,0,,0,Auto-approve,Perfect extraction,0.3338061856941936,,,
AP-0003187,perfect,,TX-0043-75924,Crescent Analytics Group,INV-0043-003187,2025-12-08,2026-02-06,PO-250227,USD,2021.9,0.0,2021.9,60.0,False,V-0043,E,False,Supplier portal,2025-12-13 12:06:34.155,V-0043,tax_id,PO250227,V-0043,6705.9,USD,0,0,0,0,0,0,0,0,0,,0,,0,Auto-approve,Perfect extraction,0.34638239630430984,,,
AP-0000830,perfect,,TX-0061-83099,Copperfield Services Inc.,INV-0061-000830,2025-12-08,2026-01-07,PO-251480,USD,13940.26,0.0,13940.26,30.0,False,V-0061,C,False,Supplier portal,2025-12-13 12:14:26.662,V-0061,tax_id,PO251480,V-0061,118328.65,USD,0,0,0,0,0,0,0,0,1,,0,Duplicate Invoice,1,Exception review,Perfect extraction,0.5900946628819153,,,
AP-0004319,edi,,TX-0077-86128,Cobalt Operations LLC,INV-0077-004319,2025-12-12,2026-01-11,PO-250108,USD,42704.3,0.0,42704.3,30.0,False,V-0077,B,False,EDI,2025-12-13 12:48:53.994,V-0077,tax_id,PO250108,V-0077,255775.11,USD,0,0,0,0,0,0,0,0,0,,0,,0,Auto-approve,Perfect extraction,0.28041802121304227,,,
AP-0002066,perfect,,TX-0054-19609,Crescent Logistics LLC,INV-0054-002066,2025-12-12,2026-01-11,PO-252181,USD,1773.23,146.29,1919.52,30.0,False,V-0054,A,False,Supplier portal,2025-12-13 13:19:01.145,V-0054,tax_id,PO252181,V-0054,13682.76,USD,0,0,0,0,0,0,0,0,0,,0,,0,Auto-approve,Perfect extraction,0.3072389705988646,,,
AP-0004839,perfect,,TX-0027-23409,Harbor Digital LLC,INV-0027-004839,2025-12-13,2026-01-12,PO-251884,USD,2964.21,0.0,2964.21,30.0,False,V-0027,B,True,Email,2025-12-13 13:19:33.723,V-0027,tax_id,PO251884,V-0027,22242.15,USD,0,0,0,0,0,0,1,0,0,,0,Inactive Vendor,1,Exception review,Perfect extraction,0.6075024998273351,,,
AP-0002401,perfect,,TX-0005-88178,Atlas Resources Inc.,INV-0005-002401,2025-12-09,2026-01-08,PO-250053,USD,165819.11,0.0,165819.11,30.0,False,V-0005,A,False,Supplier portal,2025-12-13 13:20:40.848,V-0005,tax_id,PO250053,V-0005,112102.34,USD,0,0,0,0,1,0,0,0,0,,0,Invoice Over PO,1,Exception review,Perfect extraction,0.6762217899186366,,,
AP-0001425,edi,,TX-0115-48708,Ironwood Services Group,INV-0115-001425,2025-12-11,2025-12-26,PO-250093,EUR,25189.45,5289.79,30479.24,15.0,False,V-0115,D,False,EDI,2025-12-13 16:41:22.051,V-0115,tax_id,PO250093,V-0115,88867.24,EUR,0,0,0,0,0,0,0,0,0,,0,,0,Auto-approve,Perfect extraction,0.3299062593683069,,,
AP-0003337,edi,,TX-0064-39165,Summit Consulting Inc.,INV-0064-003337,2025-12-08,2026-01-07,PO-250926,CAD,15724.02,786.2,16510.22,30.0,False,V-0064,B,False,EDI,2025-12-13 17:40:03.633,V-0064,tax_id,PO250926,V-0064,65101.9,CAD,0,0,0,0,0,0,0,0,0,,0,,0,Auto-approve,Perfect extraction,0.327085522852123,,,
AP-0003634,edi,,TX-0115-48708,Ironwood Services Group,INV-0115-003634,2025-12-10,2026-01-09,PO-X003634,EUR,13832.44,2904.81,16737.25,30.0,False,V-0115,D,False,EDI,2025-12-13 17:44:51.288,V-0115,tax_id,POX003634,,,,0,1,0,0,0,1,0,0,0,,0,Invalid PO; Payment Terms Mismatch,2,Exception review,Perfect extraction,0.7263471828480809,,,
AP-0002151,perfect,,TX-0027-23409,Harbor Digital LLC,INV-0027-002151,2025-12-11,2026-01-10,PO-251884,USD,6482.64,0.0,6482.64,30.0,False,V-0027,B,False,Email,2025-12-13 18:49:46.256,V-0027,tax_id,PO251884,V-0027,22242.15,USD,0,0,0,0,0,0,1,0,0,,0,Inactive Vendor,1,Exception review,Perfect extraction,0.6081047258235397,,,
AP-0001484,perfect,,TX-0081-73770,Silverline Supply Group,INV-0081-001484,2025-12-11,2026-01-10,PO-250880,USD,3135.6,0.0,3135.6,30.0,False,V-0081,C,False,Supplier portal,2025-12-13 21:03:53.270,V-0081,tax_id,PO250880,V-0081,11735.76,USD,0,0,0,0,0,0,0,0,0,,0,,0,Auto-approve,Perfect extraction,0.3148819035376741,,,
AP-0001842,perfect,,TX-0127-49996,Ironwood Solutions Inc.,INV-0127-001842,2025-12-08,2026-01-22,PO-250211,USD,28711.66,2368.71,31080.37,45.0,False,V-0127,A,False,Supplier portal,2025-12-13 23:03:17.106,V-0127,tax_id,PO250211,V-0127,120919.47,USD,0,0,0,0,0,0,0,0,0,,0,,0,Auto-approve,Perfect extraction,0.3510041662443887,,,
AP-0003353,perfect,,TX-0140-96185,Blue Ridge Operations Inc.,INV-0140-003353,2025-12-08,2026-01-07,PO-251522,USD,8945.5,0.0,8945.5,30.0,False,V-0140,C,False,Email,2025-12-13 23:40:08.705,V-0140,tax_id,PO251522,V-0140,44643.55,USD,0,0,0,0,0,0,0,0,0,,0,,0,Auto-approve,Perfect extraction,0.3094272347433606,,,
AP-0001880,edi,,TX-0041-11074,Juniper Advisors Ltd.,INV-0041-001880,2025-12-12,2026-01-26,PO-252012,USD,1288.31,106.29,1394.6,45.0,False,V-0041,E,False,EDI,2025-12-14 02:00:00.033,V-0041,tax_id,PO252012,V-0041,21182.47,USD,0,0,0,0,0,0,0,0,0,,0,,0,Auto-approve,Perfect extraction,0.33882754745972615,,,
AP-0001683,perfect,,TX-0118-10046,Stonebridge Logistics Ltd.,INV-0118-001683,2025-12-10,2026-01-09,PO-250721,USD,3918.44,323.27,4241.71,30.0,False,V-0118,C,False,Supplier portal,2025-12-14 02:40:14.991,V-0118,tax_id,PO250721,V-0118,17404.81,USD,0,0,0,0,0,0,0,0,0,,0,,0,Auto-approve,Perfect extraction,0.27906764542547485,,,
AP-0004678,perfect,,TX-0059-74622,Pioneer Solutions Group,INV-0059-004678,2025-12-12,2026-01-26,PO-251823,USD,58928.3,4861.59,63789.89,45.0,False,V-0059,A,False,Supplier portal,2025-12-14 03:02:36.757,V-0059,tax_id,PO251823,V-0059,54564.55,USD,0,0,0,0,1,0,1,0,0,,0,Invoice Over PO; Inactive Vendor,2,Exception review,Perfect extraction,0.7093078508329103,,,
AP-0001383,perfect,,TX-0088-45873,Atlas Systems Group,INV-0088-001383,2025-12-14,2026-01-13,PO-252045,USD,1895.08,0.0,1895.08,30.0,False,V-0088,A,False,Supplier portal,2025-12-14 03:51:19.273,V-0088,tax_id,PO252045,V-0088,20338.8,USD,0,0,0,0,0,0,0,0,0,,0,,0,Auto-approve,Perfect extraction,0.30926450588055904,,,
AP-0000131,edi,,TX-0011-62098,Oakmont Solutions LLC,INV-0011-000131,2025-12-10,2026-01-09,PO-250084,USD,4925.74,0.0,4925.74,30.0,False,V-0011,B,False,EDI,2025-12-14 04:23:40.290,V-0011,tax_id,PO250084,V-0011,24636.98,USD,0,0,0,0,0,0,0,0,0,,0,,0,Auto-approve,Perfect extraction,0.30322344494242337,,,
AP-0003246,perfect,,TX-0050-69493,Ironwood Services Ltd.,INV-0050-003246,2025-12-14,2026-01-28,PO-250070,USD,12941.3,0.0,12941.3,45.0,False,V-0050,A,False,Supplier portal,2025-12-14 05:09:03.823,V-0050,tax_id,PO250070,V-0050,70447.52,USD,0,0,0,0,0,1,0,0,0,,0,Payment Terms Mismatch,1,Exception review,Perfect extraction,0.6361907421387492,,,
AP-0004810,perfect,,TX-0078-49721,Crescent Networks Ltd.,INV-0078-004810,2025-12-10,2026-01-09,PO-252348,USD,9527.59,0.0,9527.59,30.0,False,V-0078,C,False,Supplier portal,2025-12-14 05:58:07.745,V-0078,tax_id,PO252348,V-0078,51234.68,USD,0,0,0,0,0,0,0,0,0,,0,,0,Auto-approve,Perfect extraction,0.30880388235386325,,,
AP-0004427,perfect,,TX-0003-12255,Cobalt Technologies Group,INV-0003-004427,2025-12-13,2026-01-12,PO-251087,EUR,39497.33,8294.44,47791.77,30.0,False,V-0003,D,False,Supplier portal,2025-12-14 05:58:12.489,V-0003,tax_id,PO251087,V-0003,578588.94,EUR,0,0,0,0,0,0,0,0,0,,0,,0,Auto-approve,Perfect extraction,0.3476287324357903,,,
AP-0002442,perfect,,TX-0127-49996,Ironwood Solutions Inc.,INV-0127-002442,2025-12-12,2026-01-26,PO-251566,USD,1958.51,161.58,2120.09,45.0,False,V-0127,A,False,Supplier portal,2025-12-14 07:46:52.563,V-0127,tax_id,PO251566,V-0127,23881.39,USD,0,0,0,0,0,0,0,0,0,,0,,0,Auto-approve,Perfect extraction,0.3403789821666066,,,
AP-0000067,perfect,,TX-0002-28786,Cobalt Services LLC,INV-0002-000067,2025-12-13,2025-12-28,PO-252098,INR,3692.19,664.59,4356.78,15.0,False,V-0002,C,True,Email,2025-12-14 08:00:45.127,V-0002,tax_id,PO252098,V-0002,21585.09,INR,0,0,0,0,0,0,1,0,0,,0,Inactive Vendor,1,Exception review,Perfect extraction,0.7016259049232382,,,
AP-0000139,perfect,,TX-0113-54591,Stonebridge Logistics Inc.,INV-0113-000139,2025-12-11,2025-12-26,PO-250700,EUR,6701.06,1407.22,8108.28,15.0,False,V-0113,D,False,Email,2025-12-14 08:47:20.845,V-0113,tax_id,PO250700,V-0113,25429.51,EUR,0,0,0,0,0,1,0,0,0,,0,Payment Terms Mismatch,1,Exception review,Perfect extraction,0.633827483723791,,,
AP-0000936,perfect,,TX-0081-73770,Silverline Supply Group,INV-0081-000936,2025-12-13,2026-01-12,PO-251876,USD,4697.77,0.0,4697.77,30.0,False,V-0081,C,True,Email,2025-12-14 08:48:20.999,V-0081,tax_id,PO251876,V-0081,13131.13,USD,0,0,0,0,0,0,0,0,0,,0,,0,Auto-approve,Perfect extraction,0.330283420355935,,,
AP-0003433,perfect,,TX-0050-69493,Ironwood Services Ltd.,INV-0050-003433,2025-12-09,2026-01-08,PO-251499,USD,4908.73,0.0,4908.73,30.0,False,V-0050,A,False,Supplier portal,2025-12-14 08:55:49.471,V-0050,tax_id,PO251499,V-0050,44048.62,USD,0,0,0,0,0,0,0,0,0,,0,,0,Auto-approve,Perfect extraction,0.30672756630315967,,,
AP-0002567,perfect,,TX-0049-19644,Harbor Resources LLC,INV-0049-002567,2025-12-14,2026-01-13,PO-250431,EUR,2073.63,435.46,2509.09,30.0,False,V-0049,D,False,Supplier portal,2025-12-14 11:52:04.392,V-0049,tax_id,PO250431,V-0049,13950.89,EUR,0,0,0,0,0,0,0,0,0,,0,,0,Auto-approve,Perfect extraction,0.33043769137875156,,,
AP-0000783,perfect,,TX-0085-56800,Silverline Analytics Inc.,INV-0085-000783,2025-12-12,2026-01-11,PO-250478,USD,2855.39,0.0,2855.39,30.0,False,V-0085,B,False,Supplier portal,2025-12-14 13:32:45.758,V-0085,tax_id,PO250478,V-0085,10623.3,USD,0,0,0,0,0,0,0,0,0,,0,,0,Auto-approve,Perfect extraction,0.3280352050607087,,,
AP-0003752,perfect,,TX-0086-70653,Lighthouse Technologies LLC,INV-0086-003752,2025-12-12,2026-01-26,PO-252025,USD,1696.99,140.0,1836.99,45.0,False,V-0086,B,True,Email,2025-12-14 15:59:25.307,V-0086,tax_id,PO252025,V-0086,5714.78,USD,0,0,0,0,0,0,0,0,0,,0,,0,Auto-approve,Perfect extraction,0.34048906956005454,,,
AP-0003937,perfect,,TX-0064-39165,Summit Consulting Inc.,INV-0064-003937,2025-12-10,2026-01-09,PO-252071,USD,1178.44,97.22,1275.66,30.0,False,V-0064,B,True,Email,2025-12-14 17:07:54.610,V-0064,tax_id,PO252071,V-0064,17560.43,CAD,0,0,0,1,0,0,0,0,0,,0,Currency Mismatch,1,Exception review,Perfect extraction,0.5767218949254613,,,
AP-0002513,perfect,,TX-0109-51449,Blue Ridge Analytics LLC,INV-0109-002513,2025-12-09,2026-01-08,PO-251004,USD,5123.87,0.0,5123.87,30.0,False,V-0109,A,False,Supplier portal,2025-12-14 19:38:20.418,V-0109,tax_id,PO251004,V-0109,20008.18,USD,0,0,0,0,0,0,0,0,0,,0,,0,Auto-approve,Perfect extraction,0.33825594115639107,,,
AP-0000270,perfect,,TX-0090-82710,Copperfield Advisors Ltd.,INV-0090-000270,2025-12-10,2026-01-24,PO-252340,USD,982.22,0.0,982.22,45.0,False,V-0090,B,False,Supplier portal,2025-12-14 20:55:12.888,V-0090,tax_id,PO252340,V-0090,8443.49,USD,0,0,0,0,0,0,0,0,0,,0,,0,Auto-approve,Perfect extraction,0.3507920598968974,,,
AP-0001788,perfect,,TX-0052-68137,Evergreen Consulting LLC,INV-0052-001788,2025-12-13,2026-01-12,PO-252330,USD,1085.8,0.0,1085.8,30.0,False,V-0052,A,True,Email,2025-12-14 22:28:27.811,V-0052,tax_id,PO252330,V-0052,21396.95,USD,0,0,0,0,0,0,0,0,0,,0,,0,Auto-approve,Perfect extraction,0.33921762607304545,,,
AP-0001948,perfect,,TX-0047-37316,Stonebridge Advisors Group,INV-0047-001948,2025-12-10,2026-01-09,PO-250201,EUR,6326.47,1328.56,7655.03,30.0,False,V-0047,D,False,Supplier portal,2025-12-14 22:31:10.416,V-0047,tax_id,PO250201,V-0047,48510.65,EUR,0,0,0,0,0,0,0,0,0,,0,,0,Auto-approve,Perfect extraction,0.3238837450206408,,,
AP-0001597,perfect,,TX-0063-67062,Copperfield Systems Inc.,INV-0063-001597,2025-12-09,2026-01-08,PO-251793,USD,4742.38,391.25,5133.63,30.0,False,V-0063,E,False,Email,2025-12-14 22:40:03.713,V-0063,tax_id,PO251793,V-0063,17914.26,USD,0,0,0,0,0,0,0,0,0,,0,,0,Auto-approve,Perfect extraction,0.31297990828031635,,,
AP-0000102,perfect,,TX-0029-56211,Crescent Technologies LLC,INV-0029-000102,2025-12-12,2025-12-27,PO-252327,USD,1500.07,123.76,1623.83,15.0,False,V-0029,C,False,Supplier portal,2025-12-14 23:12:11.053,V-0029,tax_id,PO252327,V-0029,18924.89,USD,0,0,0,0,0,0,0,0,0,,0,,0,Auto-approve,Perfect extraction,0.3158149003899629,,,
AP-0003169,perfect,,TX-0014-36758,Summit Logistics Group,INV-0014-003169,2025-12-12,2026-01-11,PO-252061,USD,2354.97,0.0,2354.97,30.0,False,V-0014,E,False,Supplier portal,2025-12-15 00:50:37.622,V-0014,tax_id,PO252061,V-0014,26506.62,USD,0,0,0,0,0,0,0,0,0,,0,,0,Auto-approve,Perfect extraction,0.29803066359999525,,,
AP-0000612,perfect,,TX-0118-10046,Stonebridge Logistics Ltd.,INV-0118-000612,2025-12-13,2026-01-12,PO-252179,USD,12960.18,1069.22,14029.4,30.0,False,V-0118,C,False,Supplier portal,2025-12-15 02:59:00.427,V-0118,tax_id,PO252179,V-0118,265403.09,USD,0,0,0,0,0,0,0,0,0,,0,,0,Auto-approve,Perfect extraction,0.3139354581560559,,,
AP-0002038,perfect,,TX-0097-36111,Clearview Analytics Ltd.,INV-0097-002038,2025-12-13,2026-01-27,PO-252078,GBP,2983.77,596.75,3580.52,45.0,False,V-0097,A,False,Supplier portal,2025-12-15 03:13:36.673,V-0097,tax_id,PO252078,V-0097,41408.57,GBP,0,0,0,0,0,0,0,0,0,,0,,0,Auto-approve,Perfect extraction,0.39801415398292145,,,
AP-0004794,perfect,,TX-0094-30896,Copperfield Systems Group,INV-0094-004794,2025-12-11,2025-12-26,PO-251227,INR,30710.22,5527.84,36238.06,15.0,False,V-0094,A,False,Supplier portal,2025-12-15 04:28:57.693,V-0094,tax_id,PO251227,V-0094,181964.91,INR,0,0,0,0,0,1,0,0,0,,0,Payment Terms Mismatch,1,Exception review,Perfect extraction,0.6219593131876017,,,
AP-0001026,perfect,,TX-0010-16923,Copperfield Logistics Ltd.,INV-0010-001026,2025-12-11,2026-01-10,PO-250999,CAD,190974.3,9548.71,200523.01,30.0,False,V-0010,B,False,Supplier portal,2025-12-15 04:36:00.345,V-0010,tax_id,PO250999,V-0010,604164.43,CAD,0,0,0,0,0,0,0,0,0,,0,,0,Auto-approve,Perfect extraction,0.4183936599473037,,,
AP-0004611,perfect,,TX-0083-82789,Pioneer Services Group,INV-0083-004611,2025-12-14,2025-12-29,PO-251158,USD,55924.65,4613.78,60538.43,15.0,False,V-0083,B,False,Supplier portal,2025-12-15 06:43:23.250,V-0083,tax_id,PO251158,V-0083,178543.95,USD,0,0,0,0,0,0,0,0,0,,0,,0,Auto-approve,Perfect extraction,0.36205759020875716,,,
AP-0003070,perfect,,TX-0114-88629,Beacon Logistics Group,INV-0114-003070,2025-12-14,2026-01-13,PO-251650,USD,21481.45,1772.22,23253.67,30.0,False,V-0114,A,False,Supplier portal,2025-12-15 07:11:19.283,V-0114,tax_id,PO251650,V-0114,82848.7,USD,0,0,0,0,0,0,0,0,0,,0,,0,Auto-approve,Perfect extraction,0.3040493024538615,,,
AP-0001541,perfect,,TX-0014-36758,Summit Logistics Group,INV-0014-001541,2025-12-15,2026-01-14,PO-252100,USD,1657.32,0.0,1657.32,30.0,False,V-0014,E,True,Email,2025-12-15 09:01:58.629,V-0014,tax_id,PO252100,V-0014,20442.54,USD,0,0,0,0,0,0,0,0,0,,0,,0,Auto-approve,Perfect extraction,0.3019647969981034,,,
AP-0002569,perfect,,TX-0054-19609,Crescent Logistics LLC,INV-0054-002569,2025-12-11,2026-01-10,PO-250974,USD,2582.94,213.09,2796.03,30.0,False,V-0054,A,False,Supplier portal,2025-12-15 10:06:35.018,V-0054,tax_id,PO250974,V-0054,37636.46,USD,0,0,0,0,0,0,0,0,0,,0,,0,Auto-approve,Perfect extraction,0.31283147079464435,,,
AP-0004471,perfect,,TX-0053-42836,Oakmont Supply Group,INV-0053-004471,2025-12-10,2026-01-09,PO-250951,SGD,20222.12,1819.99,22042.11,30.0,False,V-0053,C,False,Supplier portal,2025-12-15 11:36:08.541,V-0053,tax_id,PO250951,V-0053,73648.91,SGD,0,0,0,0,0,0,0,0,0,,0,,0,Auto-approve,Perfect extraction,0.3408875484433713,,,
AP-0002820,perfect,,TX-0067-45894,Beacon Operations Ltd.,INV-0067-002820,2025-12-13,2026-01-12,PO-250806,USD,16567.28,0.0,16567.28,30.0,False,V-0067,B,False,Email,2025-12-15 11:45:07.974,V-0067,tax_id,PO250806,V-0067,56530.36,USD,0,0,0,0,0,0,0,0,0,,0,,0,Auto-approve,Perfect extraction,0.3064854435734024,,,
AP-0000018,perfect,,TX-0054-19609,Crescent Logistics LLC,INV-0054-000018,2025-12-11,2026-01-10,,USD,7052.73,581.85,7634.58,30.0,False,V-0054,A,True,Email,2025-12-15 12:39:19.750,V-0054,tax_id,,,,,1,0,0,0,0,0,0,0,0,,0,Missing PO,1,Exception review,Perfect extraction,0.6577384576699817,,,
AP-0000746,perfect,,TX-0102-39905,Blue Ridge Analytics Inc.,INV-0102-000746,2025-12-11,2025-12-26,,EUR,4478.8,940.55,5419.35,15.0,False,V-0102,D,False,Supplier portal,2025-12-15 15:26:16.183,V-0102,tax_id,,,,,1,0,0,0,0,0,0,0,0,,0,Missing PO,1,Exception review,Perfect extraction,0.6789678945408975,,,
AP-0000328,perfect,,TX-0034-94278,Beacon Solutions Inc.,INV-0034-000328,2025-12-14,2026-01-13,PO-250491,USD,11930.52,0.0,11930.52,30.0,False,V-0034,B,True,Email,2025-12-15 15:44:53.853,V-0034,tax_id,PO250491,V-0034,45979.21,USD,0,0,0,0,0,0,0,0,0,,0,,0,Auto-approve,Perfect extraction,0.29924986085204336,,,
AP-0003614,perfect,,TX-0124-51957,Brightpath Systems Ltd.,INV-0124-003614,2025-12-15,2025-12-30,PO-250945,CAD,5853.7,292.69,6146.39,15.0,False,V-0124,A,False,Email,2025-12-15 16:45:43.875,V-0124,tax_id,PO250945,V-0124,28765.9,CAD,0,0,0,0,0,0,0,0,0,,0,,0,Auto-approve,Perfect extraction,0.3110946224581016,,,
AP-0001035,perfect,,TX-0104-57614,Oakmont Operations Group,INV-0104-001035,2025-12-13,2025-12-28,PO-250984,USD,750.75,0.0,750.75,15.0,False,V-0104,C,False,Supplier portal,2025-12-15 16:46:32.318,V-0104,tax_id,PO250984,V-0104,7790.76,USD,0,0,0,0,0,0,0,0,0,,0,,0,Auto-approve,Perfect extraction,0.33054775982704976,,,
AP-0003450,edi,,TX-0017-46110,Cobalt Analytics Group,INV-0017-003450,2025-12-15,2026-01-29,,GBP,8324.23,1664.85,9989.08,45.0,False,V-0017,C,False,EDI,2025-12-15 17:37:32.005,V-0017,tax_id,,,,,1,0,0,0,0,0,0,1,0,,0,Missing PO; High-Risk Vendor,2,Exception review,Perfect extraction,0.7256175196979616,,,
AP-0000630,perfect,,TX-0065-32403,Stonebridge Networks Inc.,INV-0065-000630,2025-12-14,2026-01-13,PO-251071,USD,10916.96,0.0,10916.96,30.0,False,V-0065,C,False,Supplier portal,2025-12-15 19:20:40.178,V-0065,tax_id,PO251071,V-0065,199717.99,USD,0,0,0,0,0,0,0,0,0,,0,,0,Auto-approve,Perfect extraction,0.3107883753112874,,,
AP-0000947,perfect,,TX-0100-21510,Summit Logistics Inc.,INV-0100-000947,2025-12-14,2026-01-13,PO-250616,USD,8008.23,0.0,8008.23,30.0,False,V-0100,E,False,Email,2025-12-15 21:26:10.051,V-0100,tax_id,PO250616,V-0100,97443.06,USD,0,0,0,0,0,0,0,0,0,,0,,0,Auto-approve,Perfect extraction,0.3179044337548006,,,
AP-0000706,edi,,TX-0121-33255,Cobalt Systems Inc.,INV-0121-000706,2025-12-11,2026-02-09,PO-251869,USD,4186.62,0.0,4186.62,60.0,False,V-0121,E,False,EDI,2025-12-15 21:31:02.300,V-0121,tax_id,PO251869,V-0121,33644.76,USD,0,0,0,0,0,0,1,1,1,,0,Inactive Vendor; Duplicate Invoice; High-Risk Vendor,3,Exception review,Perfect extraction,0.7028667672466962,,,
AP-0004105,perfect,,TX-0133-30576,Cobalt Partners Group,INV-0133-004105,2025-12-15,2026-01-29,PO-251685,USD,1295.86,0.0,1295.86,45.0,False,V-0133,C,True,Email,2025-12-16 01:31:27.828,V-0133,tax_id,PO251685,V-0133,7298.47,USD,0,0,0,0,0,0,0,0,0,,0,,0,Auto-approve,Perfect extraction,0.366707816008717,,,
AP-0001773,perfect,,TX-0138-43552,Atlas Partners Group,INV-0138-001773,2025-12-13,2026-01-12,PO-250890,EUR,5836.51,1225.67,7062.18,30.0,False,V-0138,D,False,Supplier portal,2025-12-16 01:33:59.214,V-0138,tax_id,PO250890,V-0138,62344.11,EUR,0,0,0,0,0,0,0,1,0,,0,High-Risk Vendor,1,Exception review,Perfect extraction,0.41053264467277084,,,
AP-0000455,perfect,,TX-0061-83099,Copperfield Services Inc.,INV-0061-000455,2025-12-11,2026-01-10,PO-250195,USD,16783.17,0.0,16783.17,30.0,False,V-0061,C,False,Supplier portal,2025-12-16 02:27:00.859,V-0061,tax_id,PO250195,V-0061,51169.12,USD,0,0,0,0,0,0,0,0,0,,0,,0,Auto-approve,Perfect extraction,0.33397232144092975,,,
AP-0002457,perfect,,TX-0113-54591,Stonebridge Logistics Inc.,INV-0113-002457,2025-12-16,2026-01-30,PO-250787,EUR,7538.36,1583.05,9121.41,45.0,False,V-0113,D,False,Supplier portal,2025-12-16 03:02:31.463,V-0113,tax_id,PO250787,V-0113,27735.59,EUR,0,0,0,0,0,0,0,0,0,,0,,0,Auto-approve,Perfect extraction,0.3539060868202608,,,
AP-0004834,perfect,,TX-0052-68137,Evergreen Consulting LLC,INV-0052-004834,2025-12-12,2026-02-10,PO-250434,USD,10063.05,0.0,10063.05,60.0,False,V-0052,A,False,Email,2025-12-16 06:29:57.207,V-0052,tax_id,PO250434,V-0052,30257.62,USD,0,0,0,0,0,1,0,0,0,,0,Payment Terms Mismatch,1,Exception review,Perfect extraction,0.644035313878363,,,
AP-0001647,perfect,,TX-0063-67062,Copperfield Systems Inc.,INV-0063-001647,2025-12-12,2026-01-11,PO-251448,USD,2953.24,243.64,3196.88,30.0,False,V-0063,E,False,Supplier portal,2025-12-16 07:32:45.761,V-0063,tax_id,PO251448,V-0063,15766.81,USD,0,0,0,0,0,0,0,0,1,,0,Duplicate Invoice,1,Exception review,Perfect extraction,0.5509831703314128,,,
AP-0000168,perfect,,TX-0067-45894,Beacon Operations Ltd.,INV-0067-000168,2025-12-16,2026-01-15,PO-251285,USD,30389.27,0.0,30389.27,30.0,False,V-0067,B,False,Supplier portal,2025-12-16 07:45:13.387,V-0067,tax_id,PO251285,V-0067,339513.2,USD,0,0,0,0,0,0,0,0,0,,0,,0,Auto-approve,Perfect extraction,0.27414495291142604,,,
AP-0003773,perfect,,TX-0138-43552,Atlas Partners Group,INV-0138-003773,2025-12-16,2026-01-15,PO-251126,EUR,7938.07,1666.99,9605.06,30.0,False,V-0138,D,False,Supplier portal,2025-12-16 08:13:20.444,V-0138,tax_id,PO251126,V-0138,45621.88,EUR,0,0,0,0,0,0,0,1,0,,0,High-Risk Vendor,1,Exception review,Perfect extraction,0.40144220072029285,,,
AP-0001805,perfect,,TX-0091-39995,Summit Resources Ltd.,INV-0091-001805,2025-12-13,2026-02-11,PO-251369,SGD,20460.39,1841.43,22301.82,60.0,False,V-0091,B,True,Email,2025-12-16 08:42:35.815,V-0091,tax_id,PO251369,V-0091,76564.58,SGD,0,0,0,0,0,0,0,0,0,,0,,0,Auto-approve,Perfect extraction,0.38391180942182423,,,
AP-0004772,perfect,,TX-0062-17232,Juniper Resources Ltd.,INV-0062-004772,2025-12-12,2026-01-11,PO-251533,USD,25521.92,0.0,25521.92,30.0,False,V-0062,B,False,Supplier portal,2025-12-16 10:04:24.701,V-0062,tax_id,PO251533,V-0062,261916.06,USD,0,0,0,0,0,0,0,0,0,,0,,0,Auto-approve,Perfect extraction,0.2994746148031038,,,
AP-0001922,perfect,,TX-0086-70653,Lighthouse Technologies LLC,INV-0086-001922,2025-12-14,2026-01-28,,USD,1263.82,104.27,1368.09,45.0,False,V-0086,B,False,Supplier portal,2025-12-16 10:14:14.513,V-0086,tax_id,,,,,1,0,0,0,0,0,0,0,0,,0,Missing PO,1,Exception review,Perfect extraction,0.6312786016253878,,,
AP-0003147,perfect,,TX-0052-68137,Evergreen Consulting LLC,INV-0052-003147,2025-12-14,2026-01-13,PO-252330,USD,1171.79,0.0,1171.79,30.0,False,V-0052,A,False,Supplier portal,2025-12-16 10:34:47.680,V-0052,tax_id,PO252330,V-0052,21396.95,USD,0,0,0,0,0,0,0,0,0,,0,,0,Auto-approve,Perfect extraction,0.331094591330608,,,
AP-0002618,perfect,,TX-0034-94278,Beacon Solutions Inc.,INV-0034-002618,2025-12-13,2026-01-12,PO-X002618,USD,16667.71,0.0,16667.71,30.0,False,V-0034,B,False,Supplier portal,2025-12-16 10:50:05.005,V-0034,tax_id,POX002618,,,,0,1,0,0,0,0,0,0,0,,0,Invalid PO,1,Exception review,Perfect extraction,0.6629515971069236,,,
AP-0001790,perfect,,TX-0067-45894,Beacon Operations Ltd.,INV-0067-001790,2025-12-12,2026-01-11,PO-251669,USD,2752.8,0.0,2752.8,30.0,False,V-0067,B,False,Supplier portal,2025-12-16 11:29:01.633,V-0067,tax_id,PO251669,V-0067,17453.5,USD,0,0,0,0,0,0,0,0,0,,0,,0,Auto-approve,Perfect extraction,0.3064506429250322,,,
AP-0001299,edi,,TX-0091-39995,Summit Resources Ltd.,INV-0091-000596,2025-12-13,2026-02-11,PO-251778,SGD,4437.32,399.36,4836.68,60.0,False,V-0091,B,False,EDI,2025-12-16 12:21:04.310,V-0091,tax_id,PO251778,V-0091,116906.9,SGD,0,0,0,0,0,0,0,0,1,,0,Duplicate Invoice,1,Exception review,Perfect extraction,0.5698459569545303,,,
AP-0004531,perfect,,TX-0039-91527,Blue Ridge Networks Group,INV-0039-004531,2025-12-11,2026-01-25,PO-251414,USD,17973.56,0.0,17973.56,45.0,False,V-0039,C,False,Email,2025-12-16 16:30:46.509,V-0039,tax_id,PO251414,V-0039,131663.15,USD,0,0,0,0,0,0,0,0,0,,0,,0,Auto-approve,Perfect extraction,0.31187604604273245,,,
AP-0003165,perfect,,TX-0052-68137,Evergreen Consulting LLC,INV-0052-003165,2025-12-15,2026-01-14,PO-252330,USD,5950.23,0.0,5950.23,30.0,False,V-0052,A,False,Email,2025-12-16 17:47:58.884,V-0052,tax_id,PO252330,V-0052,21396.95,USD,0,0,0,0,0,0,0,0,0,,0,,0,Auto-approve,Perfect extraction,0.340126180460758,,,
AP-0001016,perfect,,TX-0078-49721,Crescent Networks Ltd.,INV-0078-001016,2025-12-12,2026-01-11,PO-251655,USD,1702.34,0.0,1702.34,30.0,False,V-0078,C,True,Email,2025-12-16 17:56:41.989,V-0078,tax_id,PO251655,V-0078,16435.04,USD,0,0,0,0,0,0,0,0,0,,0,,0,Auto-approve,Perfect extraction,0.3147868107321299,,,
AP-0000252,perfect,,TX-0087-76038,Atlas Digital Ltd.,INV-0087-000252,2025-12-14,2025-12-29,PO-250906,EUR,4939.57,1037.31,5976.88,15.0,False,V-0087,D,False,Email,2025-12-16 19:24:15.680,V-0087,tax_id,PO250906,V-0087,17514.72,EUR,0,0,0,0,0,1,0,0,0,,0,Payment Terms Mismatch,1,Exception review,Perfect extraction,0.6346007075148109,,,
AP-0001689,perfect,,TX-0073-32545,Pioneer Partners Ltd.,INV-0073-001689,2025-12-13,2026-01-12,PO-250617,USD,603045.04,0.0,603045.04,30.0,False,V-0073,B,False,Supplier portal,2025-12-16 19:33:32.096,V-0073,tax_id,PO250617,V-0073,513414.94,USD,0,0,0,0,1,0,0,0,0,,0,Invoice Over PO,1,Exception review,Perfect extraction,0.7036219995899202,,,
AP-0001040,perfect,,TX-0082-48109,Cobalt Partners Ltd.,INV-0082-001040,2025-12-13,2025-12-28,PO-251388,USD,5332.46,439.93,5772.39,15.0,False,V-0082,C,False,Supplier portal,2025-12-16 20:20:32.698,V-0082,tax_id,PO251388,V-0082,18456.49,USD,0,0,0,0,0,0,0,0,0,,0,,0,Auto-approve,Perfect extraction,0.3153408429525211,,,
AP-0000374,perfect,,TX-0011-62098,Oakmont Solutions LLC,INV-0011-000374,2025-12-16,2026-01-15,PO-250715,USD,10593.73,0.0,10593.73,30.0,False,V-0011,B,True,Email,2025-12-16 20:46:01.145,V-0011,tax_id,PO250715,V-0011,88280.23,USD,0,0,0,0,0,0,0,0,0,,0,,0,Auto-approve,Perfect extraction,0.3282530944806642,,,
AP-0000266,perfect,,TX-0037-24439,Redwood Supply LLC,INV-0037-000266,2025-12-14,2026-01-13,PO-250507,EUR,209.33,43.96,253.29,30.0,False,V-0037,D,True,Email,2025-12-17 00:27:26.634,V-0037,tax_id,PO250507,V-0037,5309.69,EUR,0,0,0,0,0,0,0,0,0,,0,,0,Auto-approve,Perfect extraction,0.33984505469831056,,,
AP-0001627,perfect,,TX-0010-16923,Copperfield Logistics Ltd.,INV-0010-001627,2025-12-13,2026-01-27,PO-X001627,CAD,1831.55,91.58,1923.13,45.0,False,V-0010,B,False,Email,2025-12-17 01:40:56.138,V-0010,tax_id,POX001627,,,,0,1,0,0,0,1,0,0,0,,0,Invalid PO; Payment Terms Mismatch,2,Exception review,Perfect extraction,0.7168624834352825,,,
AP-0002428,edi,,TX-0107-50949,Silverline Advisors Inc.,INV-0107-002428,2025-12-14,2026-02-12,PO-252050,USD,8417.64,694.45,9112.09,60.0,False,V-0107,C,False,EDI,2025-12-17 01:50:16.376,V-0107,tax_id,PO252050,V-0107,33145.87,USD,0,0,0,0,0,0,0,0,0,,0,,0,Auto-approve,Perfect extraction,0.35231998218325833,,,
AP-0004270,perfect,,TX-0109-51449,Blue Ridge Analytics LLC,INV-0109-004270,2025-12-13,2026-01-12,PO-251472,USD,15570.2,0.0,15570.2,30.0,False,V-0109,A,False,Supplier portal,2025-12-17 03:36:39.706,V-0109,tax_id,PO251472,V-0109,42517.45,USD,0,0,0,0,0,0,0,0,0,,0,,0,Auto-approve,Perfect extraction,0.3353594030983306,,,
AP-0002753,perfect,,TX-0104-57614,Oakmont Operations Group,INV-0104-002753,2025-12-17,2026-01-01,PO-251974,USD,7828.16,0.0,7828.16,15.0,False,V-0104,C,False,Supplier portal,2025-12-17 03:38:27.073,V-0104,tax_id,PO251974,V-0104,60929.9,USD,0,0,0,0,0,0,0,0,0,,0,,0,Auto-approve,Perfect extraction,0.3204606380795218,,,
AP-0001629,perfect,,TX-0058-42609,Brightpath Logistics Inc.,INV-0058-001629,2025-12-17,2026-01-31,,GBP,16069.36,3213.87,19283.23,45.0,False,V-0058,E,True,Email,2025-12-17 05:14:47.383,V-0058,tax_id,,,,,1,0,0,0,0,0,0,0,0,,0,Missing PO,1,Exception review,Perfect extraction,0.6733443207061749,,,
AP-0000667,perfect,,TX-0127-49996,Ironwood Solutions Inc.,INV-0127-000667,2025-12-13,2026-01-27,PO-250211,USD,36258.04,2991.29,39249.33,45.0,False,V-0127,A,False,Email,2025-12-17 05:47:22.102,V-0127,tax_id,PO250211,V-0127,120919.47,USD,0,0,0,0,0,0,0,0,0,,0,,0,Auto-approve,Perfect extraction,0.34925040462695756,,,
AP-0003312,edi,,TX-0117-90487,Atlas Consulting LLC,INV-0117-003312,2025-12-13,2026-01-12,PO-252193,CAD,5888.22,294.41,6182.63,30.0,False,V-0117,C,False,EDI,2025-12-17 05:52:55.521,V-0117,tax_id,PO252193,V-0117,123727.34,CAD,0,0,0,0,0,0,0,0,0,,0,,0,Auto-approve,Perfect extraction,0.3157756411714028,,,
AP-0003497,perfect,,TX-0038-45747,Beacon Analytics Ltd.,INV-0038-003497,2025-12-16,2026-01-15,PO-251862,USD,5901.61,0.0,5901.61,30.0,False,V-0038,C,False,Supplier portal,2025-12-17 06:49:06.713,V-0038,tax_id,PO251862,V-0038,77256.0,USD,0,0,0,0,0,0,0,0,0,,0,,0,Auto-approve,Perfect extraction,0.31669293763724793,,,
AP-0003162,perfect,,TX-0140-96185,Blue Ridge Operations Inc.,INV-0140-003162,2025-12-17,2026-01-16,PO-251416,USD,37470.34,0.0,37470.34,30.0,False,V-0140,C,False,Supplier portal,2025-12-17 07:20:04.716,V-0140,tax_id,PO251416,V-0140,125497.37,USD,0,0,0,0,0,0,0,0,0,,0,,0,Auto-approve,Perfect extraction,0.3043952594053436,,,
AP-0000576,perfect,,TX-0063-67062,Copperfield Systems Inc.,INV-0063-000576,2025-12-12,2026-01-11,PO-251793,USD,1163.89,96.02,1259.91,30.0,False,V-0063,E,False,Email,2025-12-17 07:40:46.229,V-0063,tax_id,PO251793,V-0063,17914.26,USD,0,0,0,0,0,0,0,0,0,,0,,0,Auto-approve,Perfect extraction,0.31343254710709445,,,
AP-0000488,perfect,,TX-0100-21510,Summit Logistics Inc.,INV-0100-000488,2025-12-17,2026-01-16,PO-250631,USD,9091.22,0.0,9091.22,30.0,False,V-0100,E,False,Supplier portal,2025-12-17 09:30:14.581,V-0100,tax_id,PO250631,V-0100,40216.59,USD,0,0,0,0,0,0,0,0,0,,0,,0,Auto-approve,Perfect extraction,0.30832372465879015,,,
AP-0003199,edi,,TX-0136-10386,Clearview Services Inc.,INV-0136-003199,2025-12-13,2026-01-27,PO-251340,SGD,5592.03,503.28,6095.31,45.0,False,V-0136,A,False,EDI,2025-12-17 10:25:54.468,V-0136,tax_id,PO251340,V-0136,48312.87,SGD,0,0,0,0,0,0,0,1,0,,0,High-Risk Vendor,1,Exception review,Perfect extraction,0.47350338390483754,,,
AP-0004222,perfect,,TX-0094-30896,Copperfield Systems Group,INV-0094-004222,2025-12-17,2026-01-16,PO-251281,INR,2890.19,520.23,3410.42,30.0,False,V-0094,A,False,Supplier portal,2025-12-17 10:59:02.396,V-0094,tax_id,PO251281,V-0094,20239.23,INR,0,0,0,0,0,0,0,0,0,,0,,0,Auto-approve,Perfect extraction,0.3198563808275968,,,
AP-0004572,perfect,,TX-0136-10386,Clearview Services Inc.,INV-0136-004572,2025-12-15,2026-01-29,PO-250502,SGD,4232.47,380.92,4613.39,45.0,False,V-0136,A,False,Supplier portal,2025-12-17 11:30:11.740,V-0136,tax_id,PO250502,V-0136,20889.55,SGD,0,0,0,0,0,0,0,1,0,,0,High-Risk Vendor,1,Exception review,Perfect extraction,0.45793709580744546,,,
AP-0004979,perfect,,TX-0012-74674,Oakmont Technologies LLC,INV-0012-004979,2025-12-17,2026-01-16,PO-251517,USD,8546.04,0.0,8546.04,30.0,False,V-0012,A,False,Supplier portal,2025-12-17 13:27:30.242,V-0012,tax_id,PO251517,V-0012,27617.96,USD,0,0,0,0,0,0,0,0,0,,0,,0,Auto-approve,Perfect extraction,0.3215229194141316,,,
AP-0003280,perfect,,TX-0073-32545,Pioneer Partners Ltd.,INV-0073-003280,2025-12-12,2026-01-11,PO-250551,USD,36444.4,0.0,36444.4,30.0,False,V-0073,B,True,Email,2025-12-17 13:50:42.312,V-0073,tax_id,PO250551,V-0073,155895.9,USD,0,0,0,0,0,0,0,0,0,,0,,0,Auto-approve,Perfect extraction,0.3470788508047328,,,
AP-0003424,perfect,,TX-0118-10046,Stonebridge Logistics Ltd.,INV-0118-003424,2025-12-12,2026-01-11,PO-251761,USD,4900.09,404.26,5304.35,30.0,False,V-0118,C,True,Email,2025-12-17 15:06:20.855,V-0118,tax_id,PO251761,V-0118,14757.45,USD,0,0,0,0,0,0,0,0,0,,0,,0,Auto-approve,Perfect extraction,0.3147837013506397,,,
AP-0002325,perfect,,TX-0086-70653,Lighthouse Technologies LLC,INV-0086-002307,2025-12-17,2026-01-31,PO-252178,USD,3487.39,287.71,3775.1,45.0,False,V-0086,B,False,Supplier portal,2025-12-17 16:29:58.433,V-0086,tax_id,PO252178,V-0086,24300.92,USD,0,0,0,0,0,0,0,0,1,,0,Duplicate Invoice,1,Exception review,Perfect extraction,0.5596563471575523,,,
AP-0002741,perfect,,TX-0033-48829,Northstar Advisors LLC,INV-0033-002741,2025-12-14,2026-02-12,PO-250742,USD,5523.84,0.0,5523.84,60.0,False,V-0033,E,True,Email,2025-12-17 18:26:38.784,V-0033,tax_id,PO250742,V-0033,17000.43,USD,0,0,0,0,0,0,0,0,0,,0,,0,Auto-approve,Perfect extraction,0.3410644924964945,,,
AP-0003189,perfect,,TX-0096-18776,Copperfield Systems Group,INV-0096-003189,2025-12-14,2026-01-13,PO-252312,CAD,123134.25,6156.71,129290.96,30.0,True,V-0096,A,False,Email,2025-12-17 18:36:47.092,V-0096,tax_id,PO252312,V-0096,492828.54,CAD,0,0,0,0,0,0,0,0,0,,0,,0,Auto-approve,Perfect extraction,0.36441314083170906,,,
AP-0000556,edi,,TX-0034-94278,Beacon Solutions Inc.,INV-0034-000556,2025-12-13,2026-01-12,PO-250530,USD,9803.62,0.0,9803.62,30.0,False,V-0034,B,False,EDI,2025-12-17 21:13:19.321,V-0034,tax_id,PO250530,V-0034,83977.29,USD,0,0,0,0,0,0,0,0,0,,0,,0,Auto-approve,Perfect extraction,0.33649957121434004,,,
AP-0001446,perfect,,TX-0088-45873,Atlas Systems Group,INV-0088-001446,2025-12-15,2026-01-14,PO-252185,USD,17844.25,0.0,17844.25,30.0,False,V-0088,A,False,Email,2025-12-17 21:14:50.697,V-0088,tax_id,PO252185,V-0088,48797.63,USD,0,0,0,0,0,0,0,0,0,,0,,0,Auto-approve,Perfect extraction,0.3212338386819692,,,
AP-0002214,perfect,,TX-0002-28786,Cobalt Services LLC,INV-0002-002214,2025-12-12,2025-12-27,PO-252098,INR,1441.28,259.43,1700.71,15.0,False,V-0002,C,False,Supplier portal,2025-12-17 21:35:44.876,V-0002,tax_id,PO252098,V-0002,21585.09,INR,0,0,0,0,0,0,1,0,0,,0,Inactive Vendor,1,Exception review,Perfect extraction,0.6905221559185882,,,
AP-0002526,edi,,TX-0006-57912,Copperfield Digital Group,INV-0006-002526,2025-12-14,2026-02-12,PO-250513,CAD,31030.94,1551.55,32582.49,60.0,False,V-0006,B,False,EDI,2025-12-18 00:44:57.573,V-0006,tax_id,PO250513,V-0006,23586.09,CAD,0,0,0,0,1,0,0,0,0,,0,Invoice Over PO,1,Exception review,Perfect extraction,0.6153810544839949,,,
AP-0001434,perfect,,TX-0107-50949,Silverline Advisors Inc.,INV-0107-001434,2025-12-14,2026-02-12,PO-252050,USD,6423.6,529.95,6953.55,60.0,False,V-0107,C,False,Supplier portal,2025-12-18 00:46:56.220,V-0107,tax_id,PO252050,V-0107,33145.87,USD,0,0,0,0,0,0,0,0,0,,0,,0,Auto-approve,Perfect extraction,0.3503923004509645,,,
AP-0004737,perfect,,TX-0006-57912,Copperfield Digital Group,INV-0006-004737,2025-12-13,2026-02-11,PO-250131,CAD,36441.05,1822.05,38263.1,60.0,False,V-0006,B,False,Supplier portal,2025-12-18 01:58:47.282,V-0006,tax_id,PO250131,V-0006,103661.7,CAD,0,0,0,0,0,0,0,0,0,,0,,0,Auto-approve,Perfect extraction,0.3227829147397905,,,
AP-0003100,perfect,,TX-0089-88461,Atlas Supply LLC,INV-0089-003100,2025-12-17,2026-01-31,PO-250863,CAD,72382.29,3619.11,76001.4,45.0,False,V-0089,E,False,Supplier portal,2025-12-18 03:34:05.099,V-0089,tax_id,PO250863,V-0089,205199.04,CAD,0,0,0,0,0,0,0,0,0,,0,,0,Auto-approve,Perfect extraction,0.332261549038276,,,
AP-0004359,perfect,,TX-0015-69124,Clearview Digital Inc.,INV-0015-004359,2025-12-16,2026-01-15,PO-252244,USD,78915.1,0.0,78915.1,30.0,False,V-0015,A,False,Supplier portal,2025-12-18 04:55:04.165,V-0015,tax_id,PO252244,V-0015,280986.83,USD,0,0,0,0,0,0,0,0,0,,0,,0,Auto-approve,Perfect extraction,0.37240341873555677,,,
AP-0002099,perfect,,TX-0008-41136,Lighthouse Supply Inc.,INV-0008-002099,2025-12-13,2026-01-27,PO-252339,USD,34777.85,0.0,34777.85,45.0,False,V-0008,E,False,Supplier portal,2025-12-18 07:28:17.661,V-0008,tax_id,PO252339,V-0008,104135.65,USD,0,0,0,0,0,0,0,0,0,,0,,0,Auto-approve,Perfect extraction,0.3305930611579894,,,
AP-0003499,edi,,TX-0038-45747,Beacon Analytics Ltd.,INV-0038-003499,2025-12-15,2026-01-14,PO-251315,USD,5519.44,0.0,5519.44,30.0,False,V-0038,C,False,EDI,2025-12-18 09:02:47.912,V-0038,tax_id,PO251315,V-0038,29663.12,USD,0,0,0,0,0,0,0,0,0,,0,,0,Auto-approve,Perfect extraction,0.31900949410600893,,,
AP-0003772,edi,,TX-0029-56211,Crescent Technologies LLC,INV-0029-003772,2025-12-15,2025-12-30,PO-252138,USD,15426.52,1272.69,16699.21,15.0,False,V-0029,C,False,EDI,2025-12-18 09:52:00.529,V-0029,tax_id,PO252138,V-0029,135876.64,USD,0,0,0,0,0,0,0,0,0,,0,,0,Auto-approve,Perfect extraction,0.3090491438143073,,,
AP-0002507,perfect,,TX-0102-39905,Blue Ridge Analytics Inc.,INV-0102-002507,2025-12-13,2025-12-28,PO-251632,EUR,9321.31,1957.47,11278.78,15.0,False,V-0102,D,False,Supplier portal,2025-12-18 11:24:01.920,V-0102,tax_id,PO251632,V-0102,93241.12,EUR,0,0,0,0,0,0,0,0,0,,0,,0,Auto-approve,Perfect extraction,0.29644306141573656,,,
AP-0000804,perfect,,TX-0053-42836,Oakmont Supply Group,INV-0053-000804,2025-12-17,2026-01-16,PO-250772,SGD,7978.62,718.08,8696.7,30.0,False,V-0053,C,False,Supplier portal,2025-12-18 13:03:53.608,V-0053,tax_id,PO250772,V-0053,27019.93,SGD,0,0,0,0,0,0,0,0,0,,0,,0,Auto-approve,Perfect extraction,0.3532480630405314,,,
AP-0001007,perfect,,TX-0128-19285,Harbor Systems LLC,INV-0128-001007,2025-12-17,2026-01-31,PO-251159,USD,2893.04,238.68,3131.72,45.0,False,V-0128,A,False,Supplier portal,2025-12-18 13:22:58.456,V-0128,tax_id,PO251159,V-0128,12818.92,USD,0,0,0,0,0,0,0,0,0,,0,,0,Auto-approve,Perfect extraction,0.3363000461597649,,,
AP-0001599,perfect,,TX-0055-46775,Silverline Analytics Group,INV-0055-001599,2025-12-18,2026-01-17,PO-251663,SGD,1327.72,119.5,1447.22,30.0,False,V-0055,C,False,Supplier portal,2025-12-18 13:41:55.721,V-0055,tax_id,PO251663,V-0055,7172.21,SGD,0,0,0,0,0,0,0,0,0,,0,,0,Auto-approve,Perfect extraction,0.3551741125943441,,,
AP-0003314,perfect,,TX-0069-10137,Atlas Logistics Inc.,INV-0069-003314,2025-12-15,2026-01-14,PO-250804,USD,2328.77,0.0,2328.77,30.0,False,V-0069,B,False,Email,2025-12-18 13:45:38.186,V-0069,tax_id,PO250804,V-0069,9447.65,USD,0,0,0,0,0,0,0,0,0,,0,,0,Auto-approve,Perfect extraction,0.2989947910937925,,,
AP-0002178,perfect,,TX-0054-19609,Crescent Logistics LLC,INV-0054-002178,2025-12-16,2026-01-15,PO-250242,USD,10091.84,832.58,10924.42,30.0,False,V-0054,A,False,Email,2025-12-18 16:13:35.843,V-0054,tax_id,PO250242,V-0054,40102.05,USD,0,0,0,0,0,0,0,0,0,,0,,0,Auto-approve,Perfect extraction,0.32282911195302927,,,
AP-0000013,perfect,,TX-0038-45747,Beacon Analytics Ltd.,INV-0038-000013,2025-12-14,2026-01-13,PO-251181,USD,11288.59,0.0,11288.59,30.0,False,V-0038,C,False,Email,2025-12-18 19:29:57.000,V-0038,tax_id,PO251181,V-0038,33796.61,USD,0,0,0,0,0,0,0,0,0,,0,,0,Auto-approve,Perfect extraction,0.3135099589742896,,,
AP-0004723,edi,,TX-0043-75924,Crescent Analytics Group,INV-0043-004723,2025-12-18,2026-02-16,PO-251773,USD,9820.37,0.0,9820.37,60.0,False,V-0043,E,False,EDI,2025-12-18 20:04:09.777,V-0043,tax_id,PO251773,V-0043,34840.84,USD,0,0,0,0,0,0,0,0,0,,0,,0,Auto-approve,Perfect extraction,0.33552805492827253,,,
AP-0003301,perfect,,TX-0101-51229,Juniper Technologies LLC,INV-0101-003301,2025-12-13,2025-12-28,PO-250002,EUR,21338.97,4481.18,25820.15,15.0,False,V-0101,D,False,Email,2025-12-18 22:45:32.059,V-0101,tax_id,PO250002,V-0101,22253.75,EUR,0,0,0,0,1,0,0,0,0,,0,Invoice Over PO,1,Exception review,Perfect extraction,0.6020089915439818,,,
AP-0003571,perfect,,TX-0122-68733,Summit Operations Ltd.,INV-0122-003571,2025-12-16,2026-01-30,PO-251229,USD,3549.86,0.0,3549.86,45.0,False,V-0122,C,True,Email,2025-12-18 23:36:18.176,V-0122,tax_id,PO251229,V-0122,18135.81,USD,0,0,0,0,0,0,0,0,0,,0,,0,Auto-approve,Perfect extraction,0.3755602931366055,,,
AP-0002900,perfect,,TX-0120-96327,Oakmont Advisors Group,INV-0120-002900,2025-12-15,2026-01-14,PO-251660,CAD,3703.7,185.19,3888.89,30.0,False,V-0120,C,False,Supplier portal,2025-12-19 00:38:31.738,V-0120,tax_id,PO251660,V-0120,10377.33,CAD,0,0,0,0,0,0,0,0,0,,0,,0,Auto-approve,Perfect extraction,0.3284638856360386,,,
AP-0004844,perfect,,TX-0060-58175,Clearview Solutions LLC,INV-0060-004844,2025-12-19,2026-01-03,PO-250815,USD,4073.06,0.0,4073.06,15.0,False,V-0060,C,False,Supplier portal,2025-12-19 04:54:23.813,V-0060,tax_id,PO250815,V-0060,11228.72,USD,0,0,0,0,0,0,0,0,0,,0,,0,Auto-approve,Perfect extraction,0.32767957608697484,,,
AP-0004682,perfect,,TX-0072-14104,Silverline Systems LLC,INV-0072-004682,2025-12-14,2026-01-13,PO-252076,SGD,5725.45,515.29,6240.74,30.0,False,V-0072,A,False,Email,2025-12-19 07:51:28.945,V-0072,tax_id,PO252076,V-0072,21596.29,SGD,0,0,0,0,0,0,0,0,0,,0,,0,Auto-approve,Perfect extraction,0.3517731992890273,,,
AP-0002104,perfect,,TX-0003-12255,Cobalt Technologies Group,INV-0003-002104,2025-12-17,2026-01-16,PO-252014,EUR,1971.34,413.98,2385.32,30.0,False,V-0003,D,False,Supplier portal,2025-12-19 08:32:03.933,V-0003,tax_id,PO252014,V-0003,12033.01,EUR,0,0,0,0,0,0,0,0,0,,0,,0,Auto-approve,Perfect extraction,0.34573400567227675,,,
AP-0001619,perfect,,TX-0037-24439,Redwood Supply LLC,INV-0037-001619,2025-12-18,2026-01-17,PO-250349,EUR,4443.61,933.16,5376.77,30.0,False,V-0037,D,False,Supplier portal,2025-12-19 11:36:40.926,V-0037,tax_id,PO250349,V-0037,21543.31,EUR,0,0,0,0,0,0,0,0,0,,0,,0,Auto-approve,Perfect extraction,0.33453921874074743,,,
AP-0002274,perfect,,TX-0023-34364,Evergreen Systems LLC,INV-0023-002274,2025-12-18,2026-02-01,PO-250369,EUR,25984.51,5456.75,31441.26,45.0,False,V-0023,D,False,Supplier portal,2025-12-19 13:29:12.639,V-0023,tax_id,PO250369,V-0023,87684.44,EUR,0,0,0,0,0,0,0,0,0,,0,,0,Auto-approve,Perfect extraction,0.3588749580564813,,,
AP-0000696,perfect,,TX-0024-91040,Evergreen Solutions Inc.,INV-0024-000696,2025-12-18,2026-01-02,PO-251182,EUR,3288.68,690.62,3979.3,15.0,False,V-0024,D,False,Supplier portal,2025-12-19 15:55:38.541,V-0024,tax_id,PO251182,V-0024,13163.58,EUR,0,0,0,0,0,0,0,0,0,,0,,0,Auto-approve,Perfect extraction,0.29896387887468245,,,
AP-0004112,edi,,TX-0100-21510,Summit Logistics Inc.,INV-0100-004112,2025-12-15,2026-02-13,PO-250672,USD,20608.44,0.0,20608.44,60.0,False,V-0100,E,False,EDI,2025-12-19 16:25:01.919,V-0100,tax_id,PO250672,V-0100,100386.21,USD,0,0,0,0,0,1,0,0,0,,0,Payment Terms Mismatch,1,Exception review,Perfect extraction,0.6364843317799405,,,
AP-0001636,perfect,,TX-0055-46775,Silverline Analytics Group,INV-0055-001636,2025-12-15,2026-01-29,PO-252182,SGD,24307.71,2187.69,26495.4,45.0,False,V-0055,C,False,Supplier portal,2025-12-19 16:31:33.077,V-0055,tax_id,PO252182,V-0055,85040.32,SGD,0,0,0,0,0,1,0,0,0,,0,Payment Terms Mismatch,1,Exception review,Perfect extraction,0.6614322042687271,,,
AP-0003620,perfect,,TX-0090-82710,Copperfield Advisors Ltd.,INV-0090-003620,2025-12-19,2026-02-02,PO-250348,USD,5642.91,0.0,5642.91,45.0,False,V-0090,B,False,Email,2025-12-19 20:37:55.722,V-0090,tax_id,PO250348,V-0090,30585.72,USD,0,0,0,0,0,0,0,0,0,,0,,0,Auto-approve,Perfect extraction,0.34890460851725835,,,
AP-0004973,perfect,,TX-0045-69725,Atlas Services LLC,INV-0045-004973,2025-12-14,2026-01-28,PO-252369,USD,1427.58,0.0,1427.58,45.0,False,V-0045,A,True,Email,2025-12-19 20:55:00.954,V-0045,tax_id,PO252369,V-0045,13854.1,USD,0,0,0,0,0,0,0,0,0,,0,,0,Auto-approve,Perfect extraction,0.338257932795677,,,
AP-0001277,perfect,,TX-0086-70653,Lighthouse Technologies LLC,INV-0086-001277,2025-12-17,2026-01-31,PO-252337,USD,3184.45,262.72,3447.17,45.0,False,V-0086,B,False,Supplier portal,2025-12-19 23:05:21.957,V-0086,tax_id,PO252337,V-0086,21503.05,USD,0,0,0,0,0,0,0,0,0,,0,,0,Auto-approve,Perfect extraction,0.33768627017165415,,,
AP-0001989,perfect,,TX-0140-96185,Blue Ridge Operations Inc.,INV-0140-001989,2025-12-14,2026-01-13,PO-251744,USD,21498.92,0.0,21498.92,30.0,False,V-0140,C,False,Supplier portal,2025-12-19 23:16:41.960,V-0140,tax_id,PO251744,V-0140,94972.44,USD,0,0,0,0,0,0,0,0,0,,0,,0,Auto-approve,Perfect extraction,0.30800448381860346,,,
AP-0001181,edi,,TX-0006-57912,Copperfield Digital Group,INV-0006-001181,2025-12-19,2026-01-18,PO-250067,CAD,1381.11,69.06,1450.17,30.0,False,V-0006,B,False,EDI,2025-12-20 01:46:56.597,V-0006,tax_id,PO250067,V-0006,12381.2,CAD,0,0,0,0,0,1,0,0,0,,0,Payment Terms Mismatch,1,Exception review,Perfect extraction,0.6221389625527768,,,
AP-0002094,perfect,,TX-0100-21510,Summit Logistics Inc.,INV-0100-002094,2025-12-18,2026-01-17,PO-252038,USD,3482.21,0.0,3482.21,30.0,False,V-0100,E,False,Supplier portal,2025-12-20 02:31:22.761,V-0100,tax_id,PO252038,V-0100,26740.38,USD,0,0,0,0,0,0,0,0,0,,0,,0,Auto-approve,Perfect extraction,0.3114375467689202,,,
AP-0002874,edi,,TX-0093-95568,Clearview Systems Inc.,INV-0093-002874,2025-12-17,2026-01-01,PO-250741,USD,4627.14,381.74,5008.88,15.0,False,V-0093,B,False,EDI,2025-12-20 02:57:53.122,V-0093,tax_id,PO250741,V-0093,30588.63,USD,0,0,0,0,0,0,0,0,0,,0,,0,Auto-approve,Perfect extraction,0.31171228753106534,,,
AP-0004355,perfect,,TX-0004-83750,Harbor Networks Ltd.,INV-0004-004355,2025-12-19,2026-01-18,PO-252130,USD,4075.18,336.2,4411.38,30.0,False,V-0004,E,True,Email,2025-12-20 05:34:06.798,V-0004,tax_id,PO252130,V-0004,26536.94,USD,0,0,0,0,0,0,0,0,0,,0,,0,Auto-approve,Perfect extraction,0.3016188846168882,,,
AP-0002248,perfect,,TX-0125-42798,Brightpath Resources Ltd.,INV-0125-002248,2025-12-15,2026-01-14,PO-251791,EUR,238999.55,50189.91,289189.46,30.0,False,V-0125,D,False,Supplier portal,2025-12-20 05:44:59.722,V-0125,tax_id,PO251791,V-0125,203432.09,EUR,0,0,0,0,1,0,0,0,0,,0,Invoice Over PO,1,Exception review,Perfect extraction,0.6827877266558346,,,
AP-0001145,perfect,,TX-0136-10386,Clearview Services Inc.,INV-0136-001145,2025-12-16,2026-01-30,PO-251500,SGD,5694.24,512.48,6206.72,45.0,False,V-0136,A,False,Supplier portal,2025-12-20 07:55:29.669,V-0136,tax_id,PO251500,V-0136,21917.99,SGD,0,0,0,0,0,0,0,1,0,,0,High-Risk Vendor,1,Exception review,Perfect extraction,0.4856419847348943,,,
AP-0001271,perfect,,TX-0081-73770,Silverline Supply Group,INV-0081-001271,2025-12-17,2026-01-16,PO-251876,USD,559.84,0.0,559.84,30.0,False,V-0081,C,False,Supplier portal,2025-12-20 09:00:12.503,V-0081,tax_id,PO251876,V-0081,13131.13,USD,0,0,0,0,0,0,0,0,0,,0,,0,Auto-approve,Perfect extraction,0.33075756716096666,,,
AP-0002133,perfect,,TX-0118-10046,Stonebridge Logistics Ltd.,INV-0118-002133,2025-12-17,2026-01-16,PO-252134,USD,357.12,29.46,386.58,30.0,False,V-0118,C,True,Email,2025-12-20 09:27:03.837,V-0118,tax_id,PO252134,V-0118,8593.84,USD,0,0,0,0,0,0,0,0,0,,0,,0,Auto-approve,Perfect extraction,0.32776034223740835,,,
AP-0003940,perfect,,TX-0054-19609,Crescent Logistics LLC,INV-0054-003940,2025-12-18,2026-01-17,PO-250242,USD,7550.97,622.96,8173.93,30.0,False,V-0054,A,False,Email,2025-12-20 10:30:16.302,V-0054,tax_id,PO250242,V-0054,40102.05,USD,0,0,0,0,0,0,0,0,0,,0,,0,Auto-approve,Perfect extraction,0.3327543429617999,,,
AP-0000165,perfect,,TX-0003-12255,Cobalt Technologies Group,INV-0003-000165,2025-12-20,2026-01-19,PO-252174,EUR,2881.49,605.11,3486.6,30.0,False,V-0003,D,False,Email,2025-12-20 10:50:49.513,V-0003,tax_id,PO252174,V-0003,24758.89,EUR,0,0,0,0,0,0,0,0,0,,0,,0,Auto-approve,Perfect extraction,0.3303796584583516,,,
AP-0003740,perfect,,TX-0104-57614,Oakmont Operations Group,INV-0104-003740,2025-12-19,2026-02-17,PO-250056,USD,122530.19,0.0,122530.19,60.0,False,V-0104,C,False,Supplier portal,2025-12-20 10:53:04.343,V-0104,tax_id,PO250056,V-0104,89450.27,USD,0,0,0,0,1,1,0,0,0,,0,Invoice Over PO; Payment Terms Mismatch,2,Exception review,Perfect extraction,0.756510850793502,,,
AP-0002169,edi,,TX-0137-44191,Pioneer Consulting Ltd.,INV-0137-002169,2025-12-15,2026-01-14,PO-251356,USD,6001.84,0.0,6001.84,30.0,False,V-0137,A,False,EDI,2025-12-20 11:15:12.399,V-0137,tax_id,PO251356,V-0137,47807.99,USD,0,0,0,0,0,0,1,0,0,,0,Inactive Vendor,1,Exception review,Perfect extraction,0.5876030867170169,,,
AP-0004959,perfect,,TX-0090-82710,Copperfield Advisors Ltd.,INV-0090-004959,2025-12-17,2026-01-31,PO-251145,USD,2943.27,0.0,2943.27,45.0,False,V-0090,B,False,Email,2025-12-20 13:27:37.832,V-0090,tax_id,PO251145,V-0090,8315.74,USD,0,0,0,0,0,0,0,0,0,,0,,0,Auto-approve,Perfect extraction,0.359358114932518,,,
AP-0002251,perfect,,TX-0054-19609,Crescent Logistics LLC,INV-0054-002251,2025-12-20,2026-01-19,PO-251066,USD,4356.55,359.42,4715.97,30.0,False,V-0054,A,True,Email,2025-12-20 18:18:25.909,V-0054,tax_id,PO251066,V-0054,13087.98,USD,0,0,0,0,0,0,0,0,0,,0,,0,Auto-approve,Perfect extraction,0.33042371943940174,,,
AP-0002866,perfect,,TX-0005-88178,Atlas Resources Inc.,INV-0005-002866,2025-12-19,2026-01-18,PO-250438,USD,6750.41,0.0,6750.41,30.0,False,V-0005,A,False,Supplier portal,2025-12-20 18:32:35.623,V-0005,tax_id,PO250438,V-0005,20690.47,USD,0,0,0,0,0,0,0,0,0,,0,,0,Auto-approve,Perfect extraction,0.31182901602295887,,,
AP-0002111,perfect,,TX-0005-88178,Atlas Resources Inc.,INV-0005-002111,2025-12-17,2026-01-16,PO-250053,USD,11497.05,0.0,11497.05,30.0,False,V-0005,A,False,Supplier portal,2025-12-20 20:26:44.197,V-0005,tax_id,PO250053,V-0005,112102.34,USD,0,0,0,0,0,0,0,0,0,,0,,0,Auto-approve,Perfect extraction,0.30698309724642725,,,
AP-0003469,perfect,,TX-0031-87911,Lighthouse Systems Inc.,INV-0031-003469,2025-12-19,2026-01-03,PO-250409,USD,2992.4,0.0,2992.4,15.0,False,V-0031,E,False,Supplier portal,2025-12-20 21:29:42.298,V-0031,tax_id,PO250409,V-0031,13074.97,USD,0,0,0,0,0,0,0,1,0,,0,High-Risk Vendor,1,Exception review,Perfect extraction,0.39708028634203457,,,
AP-0003290,perfect,,TX-0004-83750,Harbor Networks Ltd.,INV-0004-003290,2025-12-19,2026-01-18,PO-251620,USD,1934.8,159.62,2094.42,30.0,False,V-0004,E,False,Supplier portal,2025-12-20 23:29:59.350,V-0004,tax_id,PO251620,V-0004,7296.9,USD,0,0,0,0,0,0,0,0,0,,0,,0,Auto-approve,Perfect extraction,0.32046745830923606,,,
AP-0002852,perfect,,TX-0126-41894,Blue Ridge Digital LLC,INV-0126-002852,2025-12-15,2026-01-14,PO-250496,USD,25595.79,2111.65,27707.44,30.0,False,V-0126,C,False,Email,2025-12-20 23:49:04.612,V-0126,tax_id,PO250496,V-0126,22707.16,USD,0,0,0,0,1,0,0,0,0,,0,Invoice Over PO,1,Exception review,Perfect extraction,0.619630666536712,,,
AP-0003168,edi,,TX-0055-46775,Silverline Analytics Group,INV-0055-003168,2025-12-16,2026-01-30,PO-250876,SGD,4286.04,385.74,4671.78,45.0,False,V-0055,C,False,EDI,2025-12-21 01:32:32.294,V-0055,tax_id,PO250876,V-0055,26009.35,SGD,0,0,0,0,0,1,0,0,0,,0,Payment Terms Mismatch,1,Exception review,Perfect extraction,0.6493729767511628,,,
AP-0000489,perfect,,TX-0050-69493,Ironwood Services Ltd.,INV-0050-000489,2025-12-21,2026-01-20,PO-250622,SGD,8206.76,738.61,8945.37,30.0,False,V-0050,A,False,Supplier portal,2025-12-21 03:26:50.712,V-0050,tax_id,PO250622,V-0050,31045.47,USD,0,0,0,1,0,0,0,0,0,,0,Currency Mismatch,1,Exception review,Perfect extraction,0.6455668504472991,,,
AP-0001457,perfect,,TX-0127-49996,Ironwood Solutions Inc.,INV-0127-001457,2025-12-18,2026-02-01,PO-250166,USD,14253.8,1175.94,15429.74,45.0,False,V-0127,A,False,Supplier portal,2025-12-21 04:37:03.991,V-0127,tax_id,PO250166,V-0127,44966.9,USD,0,0,0,0,0,0,0,0,0,,0,,0,Auto-approve,Perfect extraction,0.3361481111121168,,,
AP-0003329,perfect,,TX-0034-94278,Beacon Solutions Inc.,INV-0034-003329,2025-12-17,2026-01-16,PO-X003329,USD,6808.37,0.0,6808.37,30.0,False,V-0034,B,False,Supplier portal,2025-12-21 04:55:32.140,V-0034,tax_id,POX003329,,,,0,1,0,0,0,0,0,0,0,,0,Invalid PO,1,Exception review,Perfect extraction,0.6484343965901511,,,
AP-0001763,perfect,,TX-0011-62098,Oakmont Solutions LLC,INV-0011-001763,2025-12-18,2026-01-17,PO-252265,USD,15962.91,0.0,15962.91,30.0,False,V-0011,B,False,Supplier portal,2025-12-21 06:09:37.353,V-0011,tax_id,PO252265,V-0011,94914.43,USD,0,0,0,0,0,0,0,0,0,,0,,0,Auto-approve,Perfect extraction,0.30365964414023644,,,
AP-0003526,edi,,TX-0006-57912,Copperfield Digital Group,INV-0006-003526,2025-12-20,2026-02-18,PO-250513,CAD,6142.38,307.12,6449.5,60.0,False,V-0006,B,False,EDI,2025-12-21 06:20:27.139,V-0006,tax_id,PO250513,V-0006,23586.09,CAD,0,0,0,0,0,0,0,0,0,,0,,0,Auto-approve,Perfect extraction,0.3223822713076865,,,
AP-0003123,edi,,TX-0044-84195,Blue Ridge Resources LLC,INV-0044-003123,2025-12-18,2026-01-02,PO-250193,USD,2154.06,0.0,2154.06,15.0,False,V-0044,B,False,EDI,2025-12-21 06:59:34.956,V-0044,tax_id,PO250193,V-0044,6387.24,USD,0,0,0,0,0,0,0,0,0,,0,,0,Auto-approve,Perfect extraction,0.32019363319764926,,,
AP-0001178,perfect,,TX-0054-19609,Crescent Logistics LLC,INV-0054-001178,2025-12-17,2026-01-16,PO-251111,USD,572.29,47.21,619.5,30.0,False,V-0054,A,False,Supplier portal,2025-12-21 09:05:27.355,V-0054,tax_id,PO251111,V-0054,6045.35,USD,0,0,0,0,0,0,0,0,0,,0,,0,Auto-approve,Perfect extraction,0.3120705654538236,,,
AP-0004989,perfect,,TX-0140-96185,Blue Ridge Operations Inc.,INV-0140-004989,2025-12-21,2026-01-20,PO-252198,USD,34088.39,0.0,34088.39,30.0,False,V-0140,C,False,Supplier portal,2025-12-21 09:19:25.282,V-0140,tax_id,PO252198,V-0140,121668.78,USD,0,0,0,0,0,0,0,0,0,,0,,0,Auto-approve,Perfect extraction,0.30593746472575295,,,
AP-0003235,perfect,,TX-0078-49721,Crescent Networks Ltd.,INV-0078-001798,2025-12-19,2026-01-18,PO-250071,USD,3784.63,0.0,3784.63,30.0,False,V-0078,C,False,Supplier portal,2025-12-21 11:50:48.059,V-0078,tax_id,PO250071,V-0078,207194.76,USD,0,0,0,0,0,0,0,0,1,,0,Duplicate Invoice,1,Exception review,Perfect extraction,0.5720961035789629,,,
AP-0001732,perfect,,TX-0008-41136,Lighthouse Supply Inc.,INV-0008-001732,2025-12-18,2026-02-01,PO-250528,USD,14798.1,0.0,14798.1,45.0,False,V-0008,E,False,Email,2025-12-21 12:08:46.795,V-0008,tax_id,PO250528,V-0008,48597.35,USD,0,0,0,0,0,0,0,0,0,,0,,0,Auto-approve,Perfect extraction,0.3472963000456427,,,
AP-0003691,perfect,,TX-0123-99977,Oakmont Analytics Ltd.,INV-0123-003691,2025-12-20,2026-01-19,PO-251317,USD,30505.49,2516.7,33022.19,30.0,False,V-0123,E,False,Email,2025-12-21 13:44:05.097,V-0123,tax_id,PO251317,V-0123,172389.31,USD,0,0,0,0,0,0,1,0,0,,0,Inactive Vendor,1,Exception review,Perfect extraction,0.6197792667118327,,,
AP-0002517,perfect,,TX-0002-28786,Cobalt Services LLC,INV-0002-002517,2025-12-17,2026-01-01,PO-252098,INR,6470.08,1164.61,7634.69,15.0,False,V-0002,C,False,Supplier portal,2025-12-21 13:56:46.901,V-0002,tax_id,PO252098,V-0002,21585.09,INR,0,0,0,0,0,0,1,0,0,,0,Inactive Vendor,1,Exception review,Perfect extraction,0.6980441042431476,,,
AP-0002672,perfect,,TX-0068-22381,Redwood Technologies Inc.,INV-0068-002672,2025-12-17,2026-02-15,PO-251260,CAD,8439.99,422.0,8861.99,60.0,False,V-0068,C,False,Supplier portal,2025-12-21 14:47:58.109,V-0068,tax_id,PO251260,V-0068,57118.34,CAD,0,0,0,0,0,1,0,0,0,,0,Payment Terms Mismatch,1,Exception review,Perfect extraction,0.5763668164840323,,,
AP-0002658,perfect,,TX-0092-15472,Summit Resources Group,INV-0092-002658,2025-12-16,2025-12-31,PO-251877,USD,5369.18,0.0,5369.18,15.0,False,V-0092,A,False,Supplier portal,2025-12-21 15:02:08.704,V-0092,tax_id,PO251877,V-0092,75362.5,USD,0,0,0,0,0,0,0,0,0,,0,,0,Auto-approve,Perfect extraction,0.31535682990975894,,,
AP-0003554,perfect,,TX-0061-83099,Copperfield Services Inc.,INV-0061-003554,2025-12-16,2026-01-15,PO-251205,USD,96028.04,0.0,96028.04,30.0,False,V-0061,C,True,Email,2025-12-21 16:05:53.696,V-0061,tax_id,PO251205,V-0061,74977.88,USD,0,0,0,0,1,0,0,0,0,,0,Invoice Over PO,1,Exception review,Perfect extraction,0.6867362585750854,,,
AP-0000591,perfect,,TX-0073-32545,Pioneer Partners Ltd.,INV-0073-000591,2025-12-17,2026-01-16,PO-251400,USD,8535.2,0.0,8535.2,30.0,False,V-0073,B,False,Supplier portal,2025-12-21 16:35:33.455,V-0073,tax_id,PO251400,V-0073,38360.17,USD,0,0,0,0,0,0,0,0,0,,0,,0,Auto-approve,Perfect extraction,0.33686227583607065,,,
AP-0001588,perfect,,TX-0088-45873,Atlas Systems Group,INV-0088-001588,2025-12-20,2026-01-19,PO-252207,USD,23927.7,0.0,23927.7,30.0,False,V-0088,A,False,Supplier portal,2025-12-21 16:39:57.058,V-0088,tax_id,PO252207,V-0088,70946.45,USD,0,0,0,0,0,0,0,0,0,,0,,0,Auto-approve,Perfect extraction,0.3031468284821886,,,
AP-0000865,perfect,,TX-0053-42836,Oakmont Supply Group,INV-0053-000865,2025-12-19,2026-01-18,PO-251056,SGD,3184.53,286.61,3471.14,30.0,False,V-0053,C,False,Supplier portal,2025-12-21 18:18:26.299,V-0053,tax_id,PO251056,V-0053,45216.68,SGD,0,0,0,0,0,0,0,0,0,,0,,0,Auto-approve,Perfect extraction,0.3466538627209637,,,
AP-0000378,perfect,,TX-0061-83099,Copperfield Services Inc.,INV-0061-000378,2025-12-17,2026-01-16,PO-252301,USD,14118.68,0.0,14118.68,30.0,False,V-0061,C,True,Email,2025-12-21 18:46:10.855,V-0061,tax_id,PO252301,V-0061,38766.16,USD,0,0,0,0,0,0,0,0,0,,0,,0,Auto-approve,Perfect extraction,0.34416618850602665,,,
AP-0002766,edi,,TX-0137-44191,Pioneer Consulting Ltd.,INV-0137-002766,2025-12-19,2026-01-18,PO-251426,SGD,9343.42,840.91,10184.33,30.0,False,V-0137,A,False,EDI,2025-12-21 20:44:23.805,V-0137,tax_id,PO251426,V-0137,144554.43,USD,0,0,0,1,0,0,1,0,0,,0,Currency Mismatch; Inactive Vendor,2,Exception review,Perfect extraction,0.6926995065428426,,,
AP-0002236,perfect,,TX-0097-36111,Clearview Analytics Ltd.,INV-0097-000826,2025-12-19,2026-02-02,PO-252148,GBP,2155.66,431.13,2586.79,45.0,False,V-0097,A,False,Supplier portal,2025-12-21 20:46:44.970,V-0097,tax_id,PO252148,V-0097,61944.24,GBP,0,0,0,0,0,0,0,0,1,,0,Duplicate Invoice,1,Exception review,Perfect extraction,0.6073074970819403,,,
AP-0003695,perfect,,TX-0065-32403,Stonebridge Networks Inc.,INV-0065-003695,2025-12-17,2026-01-16,PO-251728,USD,6280.3,0.0,6280.3,30.0,False,V-0065,C,False,Email,2025-12-21 21:35:31.373,V-0065,tax_id,PO251728,V-0065,27165.03,USD,0,0,0,0,0,0,0,0,0,,0,,0,Auto-approve,Perfect extraction,0.2952970893378248,,,
AP-0004757,edi,,TX-0017-46110,Cobalt Analytics Group,INV-0017-004757,2025-12-21,2026-02-04,PO-251646,GBP,36859.78,7371.95,44231.73,45.0,False,V-0017,C,False,EDI,2025-12-21 23:54:11.753,V-0017,tax_id,PO251646,V-0017,182474.85,GBP,0,0,0,0,0,0,0,1,0,,0,High-Risk Vendor,1,Exception review,Perfect extraction,0.4910867966806564,,,
AP-0004095,perfect,,TX-0118-10046,Stonebridge Logistics Ltd.,INV-0118-004095,2025-12-19,2026-01-18,PO-251761,USD,2967.45,244.81,3212.26,30.0,False,V-0118,C,False,Email,2025-12-22 01:13:38.614,V-0118,tax_id,PO251761,V-0118,14757.45,USD,0,0,0,0,0,0,0,0,0,,0,,0,Auto-approve,Perfect extraction,0.3159104223555177,,,
AP-0002935,perfect,,TX-0002-28786,Cobalt Services LLC,INV-0002-002935,2025-12-21,2026-01-05,PO-252098,INR,22935.95,4128.47,27064.42,15.0,False,V-0002,C,False,Email,2025-12-22 02:33:29.255,V-0002,tax_id,PO252098,V-0002,21585.09,INR,0,0,0,0,1,0,1,0,0,,0,Invoice Over PO; Inactive Vendor,2,Exception review,Perfect extraction,0.7463827903005006,,,
AP-0000379,perfect,,TX-0115-48708,Ironwood Services Group,INV-0115-000379,2025-12-19,2026-01-03,PO-251488,EUR,1925.15,404.28,2329.43,15.0,False,V-0115,D,False,Email,2025-12-22 02:37:36.436,V-0115,tax_id,PO251488,V-0115,14438.33,EUR,0,0,0,0,0,0,0,0,0,,0,,0,Auto-approve,Perfect extraction,0.3373489824110712,,,
AP-0000140,perfect,,TX-0013-11961,Cobalt Operations LLC,INV-0013-000140,2025-12-17,2026-01-31,PO-252035,USD,8219.14,0.0,8219.14,45.0,False,V-0013,B,False,Supplier portal,2025-12-22 02:51:23.922,V-0013,tax_id,PO252035,V-0013,65880.42,USD,0,0,0,0,0,0,1,0,0,,0,Inactive Vendor,1,Exception review,Perfect extraction,0.6095492303001326,,,
AP-0000843,perfect,,TX-0048-57091,Oakmont Systems Inc.,INV-0048-000843,2025-12-19,2026-01-03,PO-251290,USD,206.87,17.07,223.94,15.0,False,V-0048,C,False,Supplier portal,2025-12-22 03:01:35.770,V-0048,tax_id,PO251290,V-0048,4711.68,USD,0,0,0,0,0,0,0,0,1,,0,Duplicate Invoice,1,Exception review,Perfect extraction,0.5725168184959581,,,
AP-0004189,perfect,,TX-0134-16068,Atlas Resources Ltd.,INV-0134-004189,2025-12-18,2026-01-17,PO-251078,USD,9265.81,0.0,9265.81,30.0,False,V-0134,E,True,Email,2025-12-22 03:59:19.000,V-0134,tax_id,PO251078,V-0134,7568.62,USD,0,0,0,0,1,0,0,0,0,,0,Invoice Over PO,1,Exception review,Perfect extraction,0.6436855876524641,,,
AP-0000333,perfect,,TX-0118-10046,Stonebridge Logistics Ltd.,INV-0118-000333,2025-12-22,2026-01-21,PO-251084,USD,4107.65,338.88,4446.53,30.0,False,V-0118,C,False,Supplier portal,2025-12-22 04:07:56.187,V-0118,tax_id,PO251084,V-0118,42593.97,USD,0,0,0,0,0,0,0,0,0,,0,,0,Auto-approve,Perfect extraction,0.3142762137623487,,,
AP-0003276,perfect,,TX-0135-50499,Stonebridge Systems LLC,INV-0135-003276,2025-12-20,2026-01-19,PO-252023,USD,4020.22,331.67,4351.89,30.0,False,V-0135,B,False,Supplier portal,2025-12-22 06:51:33.004,V-0135,tax_id,PO252023,V-0135,13522.72,USD,0,0,0,0,0,0,0,0,0,,0,,0,Auto-approve,Perfect extraction,0.3248966693074464,,,
AP-0001180,perfect,,TX-0107-50949,Silverline Advisors Inc.,INV-0107-001180,2025-12-21,2026-02-19,PO-250140,USD,6370.24,525.55,6895.79,60.0,False,V-0107,C,False,Supplier portal,2025-12-22 07:11:03.505,V-0107,tax_id,PO250140,V-0107,20658.61,USD,0,0,0,0,0,0,0,0,0,,0,,0,Auto-approve,Perfect extraction,0.3561210225376952,,,
AP-0000395,perfect,,TX-0115-48708,Ironwood Services Group,INV-0115-000395,2025-12-21,2026-01-05,PO-250010,EUR,2459.39,516.47,2975.86,15.0,False,V-0115,D,False,Supplier portal,2025-12-22 07:19:18.605,V-0115,tax_id,PO250010,V-0115,10682.93,EUR,0,0,0,0,0,0,0,0,0,,0,,0,Auto-approve,Perfect extraction,0.32493640964729753,,,
AP-0003785,perfect,,TX-0066-17224,Stonebridge Networks Ltd.,INV-0066-003785,2025-12-22,2026-01-21,PO-252158,USD,4788.65,0.0,4788.65,30.0,False,V-0066,A,False,Supplier portal,2025-12-22 08:07:01.069,V-0066,tax_id,PO252158,V-0066,50099.64,USD,0,0,0,0,0,0,0,0,0,,0,,0,Auto-approve,Perfect extraction,0.33033897351440994,,,
AP-0003267,perfect,,TX-0074-79332,Harbor Analytics Ltd.,INV-0074-003267,2025-12-20,2026-01-19,PO-251683,USD,1777.86,0.0,1777.86,30.0,False,V-0074,C,False,Email,2025-12-22 08:34:57.445,V-0074,tax_id,PO251683,V-0074,5320.08,USD,0,0,0,0,0,0,0,1,0,,0,High-Risk Vendor,1,Exception review,Perfect extraction,0.40168850516949944,,,
AP-0002243,perfect,,TX-0049-19644,Harbor Resources LLC,INV-0049-002243,2025-12-20,2026-01-19,PO-250565,EUR,1625.5,341.35,1966.85,30.0,False,V-0049,D,False,Supplier portal,2025-12-22 08:36:39.731,V-0049,tax_id,PO250565,V-0049,22812.83,EUR,0,0,0,0,0,0,0,0,0,,0,,0,Auto-approve,Perfect extraction,0.32638593496407975,,,
AP-0004193,edi,,TX-0002-28786,Cobalt Services LLC,INV-0002-004193,2025-12-22,2026-01-06,PO-252098,INR,1837.53,330.75,2168.28,15.0,False,V-0002,C,False,EDI,2025-12-22 11:15:59.913,V-0002,tax_id,PO252098,V-0002,21585.09,INR,0,0,0,0,0,0,1,0,0,,0,Inactive Vendor,1,Exception review,Perfect extraction,0.6903421397027513,,,
AP-0004697,perfect,,TX-0085-56800,Silverline Analytics Inc.,INV-0085-004697,2025-12-18,2026-01-17,PO-251401,USD,7805.03,0.0,7805.03,30.0,False,V-0085,B,False,Supplier portal,2025-12-22 11:25:12.610,V-0085,tax_id,PO251401,V-0085,34917.04,USD,0,0,0,0,0,0,0,0,0,,0,,0,Auto-approve,Perfect extraction,0.3315310639681954,,,
AP-0003249,perfect,,TX-0123-99977,Oakmont Analytics Ltd.,INV-0123-003249,2025-12-18,2026-01-17,PO-250268,USD,162900.01,13439.25,176339.26,30.0,False,V-0123,E,False,Supplier portal,2025-12-22 15:29:40.676,V-0123,tax_id,PO250268,V-0123,521778.26,USD,0,0,0,0,0,0,1,0,0,,0,Inactive Vendor,1,Exception review,Perfect extraction,0.6858197069097725,,,
AP-0002718,edi,,TX-0071-54213,Summit Services LLC,INV-0071-002718,2025-12-20,2026-01-19,PO-251703,USD,8163.21,0.0,8163.21,30.0,False,V-0071,C,False,EDI,2025-12-22 15:53:06.566,V-0071,tax_id,PO251703,V-0071,56478.27,USD,0,0,0,0,0,0,0,0,0,,0,,0,Auto-approve,Perfect extraction,0.32038643767756214,,,
AP-0000474,perfect,,TX-0049-19644,Harbor Resources LLC,INV-0049-000474,2025-12-17,2026-01-16,PO-250477,EUR,3272.46,687.22,3959.68,30.0,False,V-0049,D,False,Email,2025-12-22 16:11:59.483,V-0049,tax_id,PO250477,V-0049,14553.34,EUR,0,0,0,0,0,0,0,0,0,,0,,0,Auto-approve,Perfect extraction,0.3413131649139418,,,
AP-0004306,perfect,,TX-0092-15472,Summit Resources Group,INV-0092-004306,2025-12-17,2026-01-01,PO-251877,USD,8387.16,0.0,8387.16,15.0,False,V-0092,A,False,Supplier portal,2025-12-22 16:58:11.636,V-0092,tax_id,PO251877,V-0092,75362.5,USD,0,0,0,0,0,0,0,0,0,,0,,0,Auto-approve,Perfect extraction,0.315706632663021,,,
AP-0003037,perfect,,TX-0015-69124,Clearview Digital Inc.,INV-0015-003037,2025-12-19,2026-01-18,PO-X003037,USD,4085.49,0.0,4085.49,30.0,False,V-0015,A,False,Email,2025-12-22 17:01:51.097,V-0015,tax_id,POX003037,,,,0,1,0,0,0,0,0,0,0,,0,Invalid PO,1,Exception review,Perfect extraction,0.6267511067132134,,,
AP-0003320,perfect,,TX-0084-70345,Redwood Supply LLC,INV-0084-003320,2025-12-18,2026-01-17,PO-250272,EUR,14576.45,3061.05,17637.5,30.0,False,V-0084,D,True,Email,2025-12-22 17:34:51.244,V-0084,tax_id,PO250272,V-0084,62432.47,EUR,0,0,0,0,0,0,0,0,0,,0,,0,Auto-approve,Perfect extraction,0.32267774942208943,,,
AP-0004730,perfect,,TX-0022-47741,Lighthouse Solutions LLC,INV-0022-004730,2025-12-21,2026-02-04,PO-251047,USD,4134.79,341.12,4475.91,45.0,False,V-0022,E,False,Supplier portal,2025-12-22 18:35:56.161,V-0022,tax_id,PO251047,V-0022,79514.97,USD,0,0,0,0,0,0,0,1,0,,0,High-Risk Vendor,1,Exception review,Perfect extraction,0.41738134906374075,,,
AP-0003811,perfect,,TX-0106-56495,Oakmont Analytics Inc.,INV-0106-003811,2025-12-17,2026-01-31,PO-252026,USD,8878.17,0.0,8878.17,45.0,False,V-0106,A,False,Email,2025-12-22 18:38:57.568,V-0106,tax_id,PO252026,V-0106,37696.16,USD,0,0,0,0,0,0,0,0,0,,0,,0,Auto-approve,Perfect extraction,0.3602520828296548,,,
AP-0003345,edi,,TX-0063-67062,Copperfield Systems Inc.,INV-0063-003345,2025-12-19,2026-01-18,PO-251855,USD,2158.62,178.09,2336.71,30.0,False,V-0063,E,False,EDI,2025-12-22 20:31:33.568,V-0063,tax_id,PO251855,V-0063,32669.63,USD,0,0,0,0,0,0,0,0,0,,0,,0,Auto-approve,Perfect extraction,0.3125347804887823,,,
AP-0000188,perfect,,TX-0106-56495,Oakmont Analytics Inc.,INV-0106-000188,2025-12-21,2026-02-04,PO-250953,USD,7693.09,0.0,7693.09,45.0,False,V-0106,A,True,Email,2025-12-22 21:19:58.316,V-0106,tax_id,PO250953,V-0106,89359.72,USD,0,0,0,0,0,0,0,0,1,,0,Duplicate Invoice,1,Exception review,Perfect extraction,0.578727479026164,,,
AP-0003672,perfect,,TX-0018-72351,Evergreen Resources Inc.,INV-0018-003672,2025-12-21,2026-01-20,PO-251209,USD,30859.88,0.0,30859.88,30.0,False,V-0018,B,False,Email,2025-12-22 23:09:59.795,V-0018,tax_id,PO251209,V-0018,470037.87,USD,0,0,0,0,0,0,0,0,0,,0,,0,Auto-approve,Perfect extraction,0.34565619213690024,,,
AP-0004037,perfect,,TX-0083-82789,Pioneer Services Group,INV-0083-004037,2025-12-19,2026-01-03,PO-252323,USD,37602.73,3102.22,40704.95,15.0,False,V-0083,B,False,Email,2025-12-23 00:13:59.704,V-0083,tax_id,PO252323,V-0083,153291.1,USD,0,0,0,0,0,0,0,0,0,,0,,0,Auto-approve,Perfect extraction,0.31034646661509374,,,
AP-0001491,perfect,,TX-0067-45894,Beacon Operations Ltd.,INV-0067-001491,2025-12-23,2026-01-22,PO-250833,USD,2653.38,0.0,2653.38,30.0,False,V-0067,B,False,Email,2025-12-23 01:06:22.177,V-0067,tax_id,PO250833,V-0067,15722.38,USD,0,0,0,0,0,0,0,0,0,,0,,0,Auto-approve,Perfect extraction,0.3103934630953189,,,
AP-0002233,edi,,TX-0107-50949,Silverline Advisors Inc.,INV-0107-002233,2025-12-18,2026-02-16,PO-252106,USD,7894.42,651.29,8545.71,60.0,False,V-0107,C,False,EDI,2025-12-23 01:08:57.785,V-0107,tax_id,PO252106,V-0107,43745.09,USD,0,0,0,0,0,0,0,0,0,,0,,0,Auto-approve,Perfect extraction,0.35210916863527625,,,
AP-0004643,perfect,,TX-0121-33255,Cobalt Systems Inc.,INV-0121-004643,2025-12-22,2026-02-20,PO-251443,USD,2519.16,0.0,2519.16,60.0,False,V-0121,E,True,Email,2025-12-23 03:32:01.406,V-0121,tax_id,PO251443,V-0121,17491.14,USD,0,0,0,0,0,0,1,1,0,,0,Inactive Vendor; High-Risk Vendor,2,Exception review,Perfect extraction,0.6828295044526062,,,
AP-0001013,edi,,TX-0008-41136,Lighthouse Supply Inc.,INV-0008-001013,2025-12-21,2026-02-04,PO-251390,USD,1548.11,0.0,1548.11,45.0,False,V-0008,E,False,EDI,2025-12-23 06:28:01.224,V-0008,tax_id,PO251390,V-0008,8011.34,USD,0,0,0,0,0,0,0,0,0,,0,,0,Auto-approve,Perfect extraction,0.31132877048227026,,,
AP-0002250,perfect,,TX-0033-48829,Northstar Advisors LLC,INV-0033-002250,2025-12-23,2026-02-21,PO-251987,USD,13690.6,0.0,13690.6,60.0,False,V-0033,E,False,Supplier portal,2025-12-23 06:38:12.091,V-0033,tax_id,PO251987,V-0033,75454.23,USD,0,0,0,0,0,0,0,0,0,,0,,0,Auto-approve,Perfect extraction,0.32509059480492963,,,
AP-0000884,perfect,,TX-0116-23088,Juniper Supply LLC,INV-0116-000884,2025-12-23,2026-02-21,PO-250591,USD,183805.11,0.0,183805.11,60.0,False,V-0116,C,False,Supplier portal,2025-12-23 07:24:39.448,V-0116,tax_id,PO250591,V-0116,124770.61,USD,0,0,0,0,1,0,0,0,0,,0,Invoice Over PO,1,Exception review,Perfect extraction,0.6839627858477407,,,
AP-0003610,perfect,,TX-0011-62098,Oakmont Solutions LLC,INV-0011-003610,2025-12-18,2026-02-16,PO-250084,USD,4004.06,0.0,4004.06,60.0,False,V-0011,B,False,Supplier portal,2025-12-23 07:28:09.024,V-0011,tax_id,PO250084,V-0011,24636.98,USD,0,0,0,0,0,1,0,0,0,,0,Payment Terms Mismatch,1,Exception review,Perfect extraction,0.6078772431528902,,,
AP-0001447,perfect,,TX-0039-91527,Blue Ridge Networks Group,INV-0039-001447,2025-12-18,2026-02-01,PO-250573,USD,8529.36,0.0,8529.36,45.0,False,V-0039,C,False,Supplier portal,2025-12-23 07:43:18.264,V-0039,tax_id,PO250573,V-0039,27361.1,USD,0,0,0,0,0,0,0,0,0,,0,,0,Auto-approve,Perfect extraction,0.3466896290311013,,,
AP-0002642,perfect,,TX-0017-46110,Cobalt Analytics Group,INV-0017-002642,2025-12-18,2026-02-01,PO-252200,GBP,3305.59,661.12,3966.71,45.0,False,V-0017,C,False,Supplier portal,2025-12-23 08:13:45.568,V-0017,tax_id,PO252200,V-0017,20430.05,GBP,0,0,0,0,0,0,0,1,0,,0,High-Risk Vendor,1,Exception review,Perfect extraction,0.5076703545842178,,,
AP-0003255,perfect,,TX-0015-69124,Clearview Digital Inc.,INV-0015-003255,2025-12-23,2026-01-22,PO-251102,USD,2124.69,0.0,2124.69,30.0,False,V-0015,A,True,Email,2025-12-23 08:24:01.102,V-0015,tax_id,PO251102,V-0015,9456.63,USD,0,0,0,0,0,0,0,0,0,,0,,0,Auto-approve,Perfect extraction,0.31634708738767015,,,
AP-0004779,perfect,,TX-0063-67062,Copperfield Systems Inc.,INV-0063-004779,2025-12-23,2026-01-22,PO-251448,USD,3715.48,306.53,4022.01,30.0,False,V-0063,E,False,Supplier portal,2025-12-23 09:21:49.646,V-0063,tax_id,PO251448,V-0063,15766.81,USD,0,0,0,0,0,0,0,0,0,,0,,0,Auto-approve,Perfect extraction,0.30063640824826826,,,
AP-0003084,perfect,,TX-0092-15472,Summit Resources Group,INV-0092-003084,2025-12-19,2026-01-03,PO-251877,USD,10211.86,0.0,10211.86,15.0,False,V-0092,A,False,Supplier portal,2025-12-23 10:11:16.158,V-0092,tax_id,PO251877,V-0092,75362.5,USD,0,0,0,0,0,0,0,0,0,,0,,0,Auto-approve,Perfect extraction,0.31739390181890215,,,
AP-0000303,edi,,TX-0001-43105,Evergreen Consulting Group,INV-0001-000303,2025-12-19,2026-01-03,PO-252001,INR,14989.17,2698.05,17687.22,15.0,False,V-0001,A,False,EDI,2025-12-23 11:10:26.358,V-0001,tax_id,PO252001,V-0001,54592.71,INR,0,0,0,0,0,1,0,0,0,,0,Payment Terms Mismatch,1,Exception review,Perfect extraction,0.6352636453359551,,,
AP-0001621,perfect,,TX-0087-76038,Atlas Digital Ltd.,INV-0087-001621,2025-12-18,2026-02-16,PO-252144,EUR,28028.77,5886.04,33914.81,60.0,False,V-0087,D,False,Email,2025-12-23 11:19:38.242,V-0087,tax_id,PO252144,V-0087,247775.26,EUR,0,0,0,0,0,0,0,0,0,,0,,0,Auto-approve,Perfect extraction,0.3634543858045201,,,
AP-0001566,edi,,TX-0017-46110,Cobalt Analytics Group,INV-0017-001566,2025-12-23,2026-01-22,PO-251799,GBP,3297.69,659.54,3957.23,30.0,False,V-0017,C,False,EDI,2025-12-23 11:56:47.283,V-0017,tax_id,PO251799,V-0017,19995.6,GBP,0,0,0,0,0,1,0,1,0,,0,Payment Terms Mismatch; High-Risk Vendor,2,Exception review,Perfect extraction,0.7010527448292179,,,
AP-0004864,perfect,,TX-0081-73770,Silverline Supply Group,INV-0081-004864,2025-12-18,2026-02-16,PO-250055,USD,5904.77,0.0,5904.77,60.0,False,V-0081,C,False,Supplier portal,2025-12-23 11:57:05.120,V-0081,tax_id,PO250055,V-0081,17547.63,USD,0,0,0,0,0,1,0,0,0,,0,Payment Terms Mismatch,1,Exception review,Perfect extraction,0.6326418708290118,,,
AP-0002180,perfect,,TX-0038-45747,Beacon Analytics Ltd.,INV-0038-002180,2025-12-23,2026-01-22,PO-252037,USD,8069.12,0.0,8069.12,30.0,False,V-0038,C,False,Supplier portal,2025-12-23 12:40:19.363,V-0038,tax_id,PO252037,V-0038,76058.9,USD,0,0,0,0,0,0,0,0,0,,0,,0,Auto-approve,Perfect extraction,0.3095726238578048,,,
AP-0001138,perfect,,TX-0055-46775,Silverline Analytics Group,INV-0055-001138,2025-12-23,2026-01-22,PO-252182,SGD,7476.88,672.92,8149.8,30.0,False,V-0055,C,False,Supplier portal,2025-12-23 16:18:27.667,V-0055,tax_id,PO252182,V-0055,85040.32,SGD,0,0,0,0,0,0,0,0,0,,0,,0,Auto-approve,Perfect extraction,0.35002310074735754,,,
AP-0001671,perfect,,TX-0108-54358,Summit Supply Ltd.,INV-0108-001671,2025-12-19,2026-02-17,PO-250355,CAD,13199.9,660.0,13859.9,60.0,False,V-0108,C,False,Email,2025-12-23 17:30:04.850,V-0108,tax_id,PO250355,V-0108,75110.39,CAD,0,0,0,0,0,0,0,0,0,,0,,0,Auto-approve,Perfect extraction,0.340899248624139,,,
AP-0003508,edi,,TX-0118-10046,Stonebridge Logistics Ltd.,INV-0118-003508,2025-12-22,2026-01-21,PO-251084,USD,14262.23,1176.63,15438.86,30.0,False,V-0118,C,False,EDI,2025-12-23 19:06:43.575,V-0118,tax_id,PO251084,V-0118,42593.97,USD,0,0,0,0,0,0,0,0,0,,0,,0,Auto-approve,Perfect extraction,0.3190511868704396,,,
AP-0004508,perfect,,TX-0121-33255,Cobalt Systems Inc.,INV-0121-004508,2025-12-19,2026-02-17,PO-251271,USD,4148.48,0.0,4148.48,60.0,False,V-0121,E,True,Email,2025-12-23 20:28:31.937,V-0121,tax_id,PO251271,V-0121,29300.28,USD,0,0,0,0,0,0,1,1,0,,0,Inactive Vendor; High-Risk Vendor,2,Exception review,Perfect extraction,0.6844544422916007,,,
AP-0000054,perfect,,TX-0064-39165,Summit Consulting Inc.,INV-0064-000054,2025-12-20,2026-01-19,PO-251149,CAD,1045.93,52.3,1098.23,30.0,False,V-0064,B,False,Supplier portal,2025-12-23 21:39:04.406,V-0064,tax_id,PO251149,V-0064,9777.63,CAD,0,0,0,0,0,0,0,0,0,,0,,0,Auto-approve,Perfect extraction,0.31879238808330246,,,
AP-0004349,edi,,TX-0053-42836,Oakmont Supply Group,INV-0053-004349,2025-12-23,2026-01-22,PO-251041,SGD,99208.01,8928.72,108136.73,30.0,False,V-0053,C,False,EDI,2025-12-23 22:16:40.652,V-0053,tax_id,PO251041,V-0053,305074.81,SGD,0,0,0,0,0,0,0,0,0,,0,,0,Auto-approve,Perfect extraction,0.4144673505372557,,,
AP-0004149,perfect,,TX-0135-50499,Stonebridge Systems LLC,INV-0135-004149,2025-12-21,2026-01-20,PO-251675,USD,1585.17,130.78,1715.95,30.0,False,V-0135,B,False,Email,2025-12-24 01:02:58.698,V-0135,tax_id,PO251675,V-0135,7016.71,USD,0,0,0,0,0,0,0,0,0,,0,,0,Auto-approve,Perfect extraction,0.33327860311608926,,,
AP-0003869,perfect,,TX-0106-56495,Oakmont Analytics Inc.,INV-0106-003869,2025-12-19,2026-02-02,PO-251166,USD,16349.43,0.0,16349.43,45.0,False,V-0106,A,False,Supplier portal,2025-12-24 01:38:46.308,V-0106,tax_id,PO251166,V-0106,102440.71,USD,0,0,0,0,0,0,0,0,0,,0,,0,Auto-approve,Perfect extraction,0.361508054793332,,,
AP-0002339,perfect,,TX-0054-19609,Crescent Logistics LLC,INV-0054-002339,2025-12-22,2026-01-21,PO-251111,USD,1889.71,155.9,2045.61,30.0,False,V-0054,A,False,Supplier portal,2025-12-24 07:07:33.091,V-0054,tax_id,PO251111,V-0054,6045.35,USD,0,0,0,0,0,0,0,0,0,,0,,0,Auto-approve,Perfect extraction,0.3126043009155047,,,
AP-0002390,perfect,,TX-0023-34364,Evergreen Systems LLC,INV-0023-002390,2025-12-21,2026-02-04,PO-252102,EUR,40544.88,8514.42,49059.3,45.0,False,V-0023,D,False,Email,2025-12-24 07:24:21.473,V-0023,tax_id,PO252102,V-0023,277876.47,EUR,0,0,0,0,0,0,0,0,0,,0,,0,Auto-approve,Perfect extraction,0.3437272788635573,,,
AP-0003768,edi,,TX-0019-24934,Redwood Systems LLC,INV-0019-003768,2025-12-21,2026-02-19,PO-250436,CAD,864.58,43.23,907.81,60.0,False,V-0019,B,False,EDI,2025-12-24 09:11:08.939,V-0019,tax_id,PO250436,V-0019,10259.74,CAD,0,0,0,0,0,0,0,0,0,,0,,0,Auto-approve,Perfect extraction,0.33152848107851673,,,
AP-0003241,perfect,,TX-0126-41894,Blue Ridge Digital LLC,INV-0126-003241,2025-12-19,2026-01-18,PO-251735,USD,41989.41,3464.13,45453.54,30.0,False,V-0126,C,False,Supplier portal,2025-12-24 12:22:33.552,V-0126,tax_id,PO251735,V-0126,187235.76,USD,0,0,0,0,0,0,0,0,0,,0,,0,Auto-approve,Perfect extraction,0.3188648658039521,,,
AP-0001505,edi,,TX-0044-84195,Blue Ridge Resources LLC,INV-0044-001505,2025-12-19,2026-01-03,PO-251682,USD,5180.03,0.0,5180.03,15.0,False,V-0044,B,False,EDI,2025-12-24 12:33:08.385,V-0044,tax_id,PO251682,V-0044,15352.83,USD,0,0,0,0,0,0,0,0,0,,0,,0,Auto-approve,Perfect extraction,0.32070289905175314,,,
AP-0003446,perfect,,TX-0137-44191,Pioneer Consulting Ltd.,INV-0137-000906,2025-12-24,2026-01-23,PO-251426,USD,15102.51,0.0,15102.51,30.0,False,V-0137,A,False,Email,2025-12-24 13:03:35.195,V-0137,tax_id,PO251426,V-0137,144554.43,USD,0,0,0,0,0,0,1,0,1,,0,Inactive Vendor; Duplicate Invoice,2,Exception review,Perfect extraction,0.6414982978436428,,,
AP-0003430,perfect,,TX-0004-83750,Harbor Networks Ltd.,INV-0004-003430,2025-12-20,2026-01-19,PO-251461,USD,2744.3,226.41,2970.71,30.0,False,V-0004,E,False,Supplier portal,2025-12-24 13:05:27.787,V-0004,tax_id,PO251461,V-0004,11761.55,USD,0,0,0,0,0,0,0,0,0,,0,,0,Auto-approve,Perfect extraction,0.31288866703830387,,,
AP-0000545,edi,,TX-0112-59988,Crescent Systems Group,INV-0112-000536,2025-12-20,2026-01-19,PO-250898,USD,148780.25,0.0,148780.25,30.0,False,V-0112,C,False,EDI,2025-12-24 14:20:52.341,V-0112,tax_id,PO250898,V-0112,221677.68,USD,0,0,0,0,0,0,0,0,1,,0,Duplicate Invoice,1,Exception review,Perfect extraction,0.59666495489077,,,
AP-0003434,perfect,,TX-0049-19644,Harbor Resources LLC,INV-0049-003434,2025-12-21,2026-01-20,PO-251915,EUR,2135.05,448.36,2583.41,30.0,True,V-0049,D,False,Email,2025-12-24 14:44:03.977,V-0049,tax_id,PO251915,V-0049,17120.32,EUR,0,0,0,0,0,0,0,0,0,,0,,0,Auto-approve,Perfect extraction,0.31570427893035086,,,
AP-0003685,perfect,,TX-0140-96185,Blue Ridge Operations Inc.,INV-0140-003685,2025-12-20,2026-01-19,PO-251464,USD,6074.11,0.0,6074.11,30.0,False,V-0140,C,False,Supplier portal,2025-12-24 14:48:31.259,V-0140,tax_id,PO251464,V-0140,17397.74,USD,0,0,0,0,0,0,0,0,0,,0,,0,Auto-approve,Perfect extraction,0.2869024696426452,,,
AP-0000713,perfect,,TX-0091-39995,Summit Resources Ltd.,INV-0091-000713,2025-12-24,2026-02-22,PO-251369,SGD,12614.06,1135.27,13749.33,60.0,False,V-0091,B,True,Email,2025-12-24 15:39:48.718,V-0091,tax_id,PO251369,V-0091,76564.58,SGD,0,0,0,0,0,0,0,0,0,,0,,0,Auto-approve,Perfect extraction,0.3791222894675243,,,
AP-0000581,perfect,,TX-0081-73770,Silverline Supply Group,INV-0081-000581,2025-12-23,2026-01-22,PO-250055,USD,1238.48,0.0,1238.48,30.0,True,V-0081,C,False,Supplier portal,2025-12-24 21:03:51.406,V-0081,tax_id,PO250055,V-0081,17547.63,USD,0,0,0,0,0,0,0,0,0,,0,,0,Auto-approve,Perfect extraction,0.3263717194927163,,,
AP-0001544,perfect,,TX-0125-42798,Brightpath Resources Ltd.,INV-0125-001544,2025-12-19,2026-01-18,PO-250378,EUR,1605.64,337.19,1942.83,30.0,False,V-0125,D,True,Email,2025-12-24 21:29:07.529,V-0125,tax_id,PO250378,V-0125,21008.87,EUR,0,0,0,0,0,0,0,0,0,,0,,0,Auto-approve,Perfect extraction,0.3400176022840447,,,
AP-0004333,perfect,,TX-0002-28786,Cobalt Services LLC,INV-0002-004333,2025-12-24,2026-01-08,PO-252002,INR,1744.56,314.02,2058.58,15.0,False,V-0002,C,False,Supplier portal,2025-12-24 22:17:15.221,V-0002,tax_id,PO252002,V-0002,39520.8,INR,0,0,0,0,0,0,1,0,0,,0,Inactive Vendor,1,Exception review,Perfect extraction,0.6859151418842115,,,
AP-0000358,perfect,,TX-0053-42836,Oakmont Supply Group,INV-0053-000358,2025-12-23,2026-01-22,PO-251722,SGD,1872.05,168.48,2040.53,30.0,False,V-0053,C,False,Supplier portal,2025-12-24 22:37:06.257,V-0053,tax_id,PO251722,V-0053,16767.81,SGD,0,0,0,0,0,0,0,0,0,,0,,0,Auto-approve,Perfect extraction,0.3464062598593641,,,
AP-0002694,perfect,,TX-0105-55701,Ironwood Analytics Inc.,INV-0105-002694,2025-12-25,2026-02-08,PO-250689,USD,12192.5,0.0,12192.5,45.0,False,V-0105,C,False,Supplier portal,2025-12-25 04:06:49.312,V-0105,tax_id,PO250689,V-0105,34672.44,USD,0,0,0,0,0,0,0,0,0,,0,,0,Auto-approve,Perfect extraction,0.331341655295458,,,
AP-0003501,perfect,,TX-0117-90487,Atlas Consulting LLC,INV-0117-003501,2025-12-24,2026-01-08,PO-250282,CAD,15841.38,792.07,16633.45,15.0,False,V-0117,C,False,Supplier portal,2025-12-25 04:52:54.910,V-0117,tax_id,PO250282,V-0117,58463.36,CAD,0,0,0,0,0,1,0,0,0,,0,Payment Terms Mismatch,1,Exception review,Perfect extraction,0.6136065746574891,,,
AP-0001893,perfect,,TX-0131-83608,Copperfield Systems LLC,INV-0131-001893,2025-12-20,2026-01-19,PO-250042,USD,4121.21,0.0,4121.21,30.0,False,V-0131,A,False,Supplier portal,2025-12-25 04:55:49.800,V-0131,tax_id,PO250042,V-0131,38013.89,USD,0,0,0,0,0,0,0,0,0,,0,,0,Auto-approve,Perfect extraction,0.3125046629923383,,,
AP-0002080,perfect,,TX-0086-70653,Lighthouse Technologies LLC,INV-0086-002080,2025-12-25,2026-02-08,PO-251841,USD,18576.04,1532.52,20108.56,45.0,False,V-0086,B,False,Supplier portal,2025-12-25 05:00:05.543,V-0086,tax_id,PO251841,V-0086,55547.53,USD,0,0,0,0,0,0,0,0,0,,0,,0,Auto-approve,Perfect extraction,0.29954548323322644,,,
AP-0002685,perfect,,TX-0132-11639,Atlas Supply Group,INV-0132-002685,2025-12-23,2026-02-21,PO-252131,USD,35770.94,2951.1,38722.04,60.0,False,V-0132,A,True,Email,2025-12-25 06:22:01.983,V-0132,tax_id,PO252131,V-0132,105811.67,USD,0,0,0,0,0,0,0,0,0,,0,,0,Auto-approve,Perfect extraction,0.34011360760974113,,,
AP-0004789,perfect,,TX-0004-83750,Harbor Networks Ltd.,INV-0004-004789,2025-12-25,2026-01-24,PO-251461,USD,1835.69,151.44,1987.13,30.0,False,V-0004,E,False,Supplier portal,2025-12-25 07:42:13.173,V-0004,tax_id,PO251461,V-0004,11761.55,USD,0,0,0,0,0,0,0,0,0,,0,,0,Auto-approve,Perfect extraction,0.3157494239006022,,,
AP-0002309,perfect,,TX-0051-19602,Summit Digital Ltd.,INV-0051-002309,2025-12-22,2026-02-05,PO-250026,INR,12634.55,2274.22,14908.77,45.0,False,V-0051,E,False,Email,2025-12-25 08:47:08.649,V-0051,tax_id,PO250026,V-0051,42345.41,INR,0,0,0,0,0,0,0,0,0,,0,,0,Auto-approve,Perfect extraction,0.3402360824861958,,,
AP-0004694,perfect,,TX-0049-19644,Harbor Resources LLC,INV-0049-004694,2025-12-22,2026-01-21,PO-251915,EUR,1798.0,377.58,2175.58,30.0,False,V-0049,D,False,Supplier portal,2025-12-25 09:07:45.273,V-0049,tax_id,PO251915,V-0049,17120.32,EUR,0,0,0,0,0,0,0,0,0,,0,,0,Auto-approve,Perfect extraction,0.3082420883173823,,,
AP-0004014,perfect,,TX-0063-67062,Copperfield Systems Inc.,INV-0063-004014,2025-12-20,2026-01-19,PO-250251,USD,50252.19,4145.81,54398.0,30.0,False,V-0063,E,True,Email,2025-12-25 09:15:11.159,V-0063,tax_id,PO250251,V-0063,183737.38,USD,0,0,0,0,0,0,0,0,0,,0,,0,Auto-approve,Perfect extraction,0.3191844648296412,,,
AP-0001508,perfect,,TX-0065-32403,Stonebridge Networks Inc.,INV-0065-001508,2025-12-22,2026-01-21,PO-251677,USD,16072.2,0.0,16072.2,30.0,False,V-0065,C,False,Supplier portal,2025-12-25 09:36:18.999,V-0065,tax_id,PO251677,V-0065,65247.52,USD,0,0,0,0,0,0,0,0,0,,0,,0,Auto-approve,Perfect extraction,0.3084525992535276,,,
AP-0003026,perfect,,TX-0108-54358,Summit Supply Ltd.,INV-0108-003026,2025-12-25,2026-02-23,PO-250355,CAD,85277.5,4263.87,89541.37,60.0,False,V-0108,C,False,Supplier portal,2025-12-25 10:01:22.237,V-0108,tax_id,PO250355,V-0108,75110.39,CAD,0,0,0,0,1,0,0,0,0,,0,Invoice Over PO,1,Exception review,Perfect extraction,0.6643665508502573,,,
AP-0004932,perfect,,TX-0063-67062,Copperfield Systems Inc.,INV-0063-004932,2025-12-21,2026-01-20,PO-250081,USD,2543.86,209.87,2753.73,30.0,False,V-0063,E,True,Email,2025-12-25 12:07:27.389,V-0063,tax_id,PO250081,V-0063,9134.2,USD,0,0,0,0,0,0,0,0,0,,0,,0,Auto-approve,Perfect extraction,0.2750374972355769,,,
AP-0003972,edi,,TX-0135-50499,Stonebridge Systems LLC,INV-0135-003972,2025-12-22,2026-01-21,PO-251077,USD,17119.6,1412.37,18531.97,30.0,False,V-0135,B,False,EDI,2025-12-25 13:40:51.960,V-0135,tax_id,PO251077,V-0135,71952.17,USD,0,0,0,0,0,0,0,0,0,,0,,0,Auto-approve,Perfect extraction,0.3214479986458336,,,
AP-0001184,perfect,,TX-0140-96185,Blue Ridge Operations Inc.,INV-0140-001184,2025-12-20,2026-01-19,PO-251819,USD,6887.94,0.0,6887.94,30.0,False,V-0140,C,False,Supplier portal,2025-12-25 15:15:58.934,V-0140,tax_id,PO251819,V-0140,72785.76,USD,0,0,0,0,0,0,0,0,0,,0,,0,Auto-approve,Perfect extraction,0.30874479780716746,,,
AP-0000287,perfect,,TX-0115-48708,Ironwood Services Group,INV-0115-000287,2025-12-20,2026-01-04,PO-251488,EUR,3205.85,673.23,3879.08,15.0,False,V-0115,D,False,Supplier portal,2025-12-25 15:56:57.591,V-0115,tax_id,PO251488,V-0115,14438.33,EUR,0,0,0,0,0,0,0,0,0,,0,,0,Auto-approve,Perfect extraction,0.3260512243927741,,,
AP-0000755,perfect,,TX-0031-87911,Lighthouse Systems Inc.,INV-0031-000755,2025-12-23,2026-01-07,PO-250418,USD,35221.7,0.0,35221.7,15.0,False,V-0031,E,False,Email,2025-12-25 20:43:06.502,V-0031,tax_id,PO250418,V-0031,97315.18,USD,0,0,0,0,0,0,0,1,0,,0,High-Risk Vendor,1,Exception review,Perfect extraction,0.43150949842036557,,,
AP-0001729,edi,,TX-0135-50499,Stonebridge Systems LLC,INV-0135-001729,2025-12-22,2026-01-21,PO-250150,USD,1744.2,143.9,1888.1,30.0,False,V-0135,B,False,EDI,2025-12-25 21:38:26.986,V-0135,tax_id,PO250150,V-0135,39817.76,USD,0,0,0,0,0,0,0,0,0,,0,,0,Auto-approve,Perfect extraction,0.32871912864307135,,,
AP-0002749,edi,,TX-0127-49996,Ironwood Solutions Inc.,INV-0127-002749,2025-12-21,2026-02-04,PO-252019,USD,907.25,74.85,982.1,45.0,False,V-0127,A,False,EDI,2025-12-26 02:54:51.676,V-0127,tax_id,PO252019,V-0127,12538.82,USD,0,0,0,0,0,0,0,0,0,,0,,0,Auto-approve,Perfect extraction,0.3455027475394863,,,
AP-0003197,perfect,,TX-0062-17232,Juniper Resources Ltd.,INV-0062-003197,2025-12-23,2026-01-22,PO-252062,USD,319.2,0.0,319.2,30.0,False,V-0062,B,True,Email,2025-12-26 02:58:45.981,V-0062,tax_id,PO252062,V-0062,7700.38,USD,0,0,0,0,0,0,0,0,0,,0,,0,Auto-approve,Perfect extraction,0.3535329534221956,,,
AP-0003116,perfect,,TX-0041-11074,Juniper Advisors Ltd.,INV-0041-003116,2025-12-21,2026-02-04,PO-252364,USD,2444.18,201.64,2645.82,45.0,False,V-0041,E,False,Email,2025-12-26 05:23:47.485,V-0041,tax_id,PO252364,V-0041,8903.96,USD,0,0,0,0,0,0,0,0,0,,0,,0,Auto-approve,Perfect extraction,0.347584522582997,,,
AP-0003217,perfect,,TX-0105-55701,Ironwood Analytics Inc.,INV-0105-003217,2025-12-25,2026-02-08,PO-251076,USD,14151.93,0.0,14151.93,45.0,False,V-0105,C,False,Supplier portal,2025-12-26 06:04:42.500,V-0105,tax_id,PO251076,V-0105,10381.67,USD,0,0,0,0,1,0,0,0,0,,0,Invoice Over PO,1,Exception review,Perfect extraction,0.632853135025086,,,
AP-0003553,edi,,TX-0016-44050,Redwood Consulting LLC,INV-0016-003553,2025-12-26,2026-01-10,PO-250864,EUR,29217.49,6135.67,35353.16,15.0,False,V-0016,D,False,EDI,2025-12-26 10:50:28.696,V-0016,tax_id,PO250864,V-0016,105873.66,EUR,0,0,0,0,0,0,0,0,0,,0,,0,Auto-approve,Perfect extraction,0.3429631178258141,,,
AP-0003782,perfect,,TX-0028-83716,Harbor Consulting Ltd.,INV-0028-002619,2025-12-22,2026-01-21,PO-250540,GBP,2147.98,429.6,2577.58,30.0,False,V-0028,E,True,Email,2025-12-26 12:50:55.116,V-0028,tax_id,PO250540,V-0028,50366.29,GBP,0,0,0,0,0,0,1,0,1,,0,Inactive Vendor; Duplicate Invoice,2,Exception review,Perfect extraction,0.7075645227985196,,,
AP-0001669,perfect,,TX-0032-86220,Harbor Networks Group,INV-0032-001669,2025-12-26,2026-02-09,PO-250964,SGD,42372.58,3813.53,46186.11,45.0,False,V-0032,A,False,Supplier portal,2025-12-26 13:26:27.712,V-0032,tax_id,PO250964,V-0032,31527.49,SGD,0,0,0,0,1,0,0,0,0,,0,Invoice Over PO,1,Exception review,Perfect extraction,0.6595564249218823,,,
AP-0000983,perfect,,TX-0037-24439,Redwood Supply LLC,INV-0037-000983,2025-12-22,2026-01-21,PO-251961,EUR,7737.54,1624.88,9362.42,30.0,True,V-0037,D,False,Supplier portal,2025-12-26 13:56:33.451,V-0037,tax_id,PO251961,V-0037,69606.21,EUR,0,0,0,0,0,0,0,0,0,,0,,0,Auto-approve,Perfect extraction,0.31972736642016236,,,
AP-0001514,perfect,,TX-0086-70653,Lighthouse Technologies LLC,INV-0086-001514,2025-12-21,2026-02-04,PO-251840,USD,21911.95,1807.74,23719.69,45.0,False,V-0086,B,False,Supplier portal,2025-12-26 14:10:56.224,V-0086,tax_id,PO251840,V-0086,115411.94,USD,0,0,0,0,0,0,0,0,0,,0,,0,Auto-approve,Perfect extraction,0.3361741551340286,,,
AP-0003849,perfect,,TX-0022-47741,Lighthouse Solutions LLC,INV-0022-003849,2025-12-25,2026-02-08,PO-252041,INR,1658.42,298.51,1956.93,45.0,False,V-0022,E,False,Supplier portal,2025-12-26 14:22:37.352,V-0022,tax_id,PO252041,V-0022,15204.24,USD,0,0,0,1,0,0,0,1,0,,0,Currency Mismatch; High-Risk Vendor,2,Exception review,Perfect extraction,0.6735112317729073,,,
AP-0001431,perfect,,TX-0006-57912,Copperfield Digital Group,INV-0006-001431,2025-12-26,2026-02-24,PO-252230,CAD,19844.01,992.2,20836.21,60.0,False,V-0006,B,True,Email,2025-12-26 18:45:39.424,V-0006,tax_id,PO252230,V-0006,55001.59,CAD,0,0,0,0,0,0,0,0,0,,0,,0,Auto-approve,Perfect extraction,0.3322437978451111,,,
AP-0004936,perfect,,TX-0113-54591,Stonebridge Logistics Inc.,INV-0113-004936,2025-12-25,2026-02-08,PO-250738,EUR,2076.26,436.02,2512.28,45.0,False,V-0113,D,False,Supplier portal,2025-12-26 19:54:13.938,V-0113,tax_id,PO250738,V-0113,10286.72,EUR,0,0,0,0,0,0,0,0,0,,0,,0,Auto-approve,Perfect extraction,0.3512528435106395,,,
AP-0002417,perfect,,TX-0087-76038,Atlas Digital Ltd.,INV-0087-002417,2025-12-23,2026-01-07,PO-252144,EUR,39508.26,8296.74,47805.0,15.0,False,V-0087,D,True,Email,2025-12-26 20:15:44.948,V-0087,tax_id,PO252144,V-0087,247775.26,EUR,0,0,0,0,0,1,0,0,0,,0,Payment Terms Mismatch,1,Exception review,Perfect extraction,0.638408515064334,,,
AP-0001675,edi,,TX-0090-82710,Copperfield Advisors Ltd.,INV-0090-001675,2025-12-22,2026-02-05,PO-252058,USD,9018.35,0.0,9018.35,45.0,False,V-0090,B,False,EDI,2025-12-26 20:34:52.902,V-0090,tax_id,PO252058,V-0090,32756.22,USD,0,0,0,0,0,0,0,0,0,,0,,0,Auto-approve,Perfect extraction,0.3511538733960508,,,
AP-0004862,edi,,TX-0002-28786,Cobalt Services LLC,INV-0002-004862,2025-12-21,2026-01-05,PO-252002,INR,6899.44,1241.9,8141.34,15.0,False,V-0002,C,False,EDI,2025-12-26 20:54:05.832,V-0002,tax_id,PO252002,V-0002,39520.8,INR,0,0,0,0,0,0,1,0,0,,0,Inactive Vendor,1,Exception review,Perfect extraction,0.6827034912878284,,,
AP-0002897,perfect,,TX-0024-91040,Evergreen Solutions Inc.,INV-0024-002897,2025-12-21,2026-01-05,PO-250086,EUR,5676.1,1191.98,6868.08,15.0,False,V-0024,D,False,Supplier portal,2025-12-26 23:04:59.014,V-0024,tax_id,PO250086,V-0024,51934.65,EUR,0,0,0,0,0,0,0,0,0,,0,,0,Auto-approve,Perfect extraction,0.3256076925695271,,,
AP-0003438,perfect,,TX-0029-56211,Crescent Technologies LLC,INV-0029-003438,2025-12-21,2026-01-05,PO-252138,USD,43874.48,3619.64,47494.12,15.0,False,V-0029,C,True,Email,2025-12-26 23:55:30.007,V-0029,tax_id,PO252138,V-0029,135876.64,USD,0,0,0,0,0,0,0,0,0,,0,,0,Auto-approve,Perfect extraction,0.31499547813982676,,,
AP-0004876,perfect,,TX-0037-24439,Redwood Supply LLC,INV-0037-004876,2025-12-26,2026-01-10,PO-252161,EUR,5073.53,1065.44,6138.97,15.0,False,V-0037,D,False,Supplier portal,2025-12-26 23:59:31.260,V-0037,tax_id,PO252161,V-0037,144911.1,EUR,0,0,0,0,0,1,0,0,0,,0,Payment Terms Mismatch,1,Exception review,Perfect extraction,0.6310056543162835,,,
AP-0001049,edi,,TX-0085-56800,Silverline Analytics Inc.,INV-0085-001049,2025-12-25,2026-01-24,PO-251401,USD,4106.62,0.0,4106.62,30.0,False,V-0085,B,False,EDI,2025-12-27 02:04:43.920,V-0085,tax_id,PO251401,V-0085,34917.04,USD,0,0,0,0,0,0,0,0,0,,0,,0,Auto-approve,Perfect extraction,0.3384775255323587,,,
AP-0002628,perfect,,TX-0115-48708,Ironwood Services Group,INV-0115-002628,2025-12-22,2026-01-06,PO-250010,EUR,2193.88,460.71,2654.59,15.0,False,V-0115,D,False,Supplier portal,2025-12-27 02:31:48.035,V-0115,tax_id,PO250010,V-0115,10682.93,EUR,0,0,0,0,0,0,0,0,0,,0,,0,Auto-approve,Perfect extraction,0.34155962236995524,,,
AP-0002202,edi,,TX-0009-87210,Blue Ridge Supply LLC,INV-0009-002202,2025-12-25,2026-02-08,PO-252126,USD,11982.56,0.0,11982.56,45.0,False,V-0009,B,False,EDI,2025-12-27 03:32:43.327,V-0009,tax_id,PO252126,V-0009,80788.83,USD,0,0,0,0,0,0,0,0,0,,0,,0,Auto-approve,Perfect extraction,0.3345248292290728,,,
AP-0002235,perfect,,TX-0001-43105,Evergreen Consulting Group,INV-0001-002235,2025-12-25,2026-01-24,PO-251434,INR,14593.86,2626.9,17220.76,30.0,False,V-0001,A,False,Supplier portal,2025-12-27 05:15:37.605,V-0001,tax_id,PO251434,V-0001,46557.32,INR,0,0,0,0,0,0,0,0,0,,0,,0,Auto-approve,Perfect extraction,0.3098036532824298,,,
AP-0004180,perfect,,TX-0035-47483,Pioneer Networks Ltd.,INV-0035-004180,2025-12-23,2026-01-22,PO-251581,USD,2907.49,0.0,2907.49,30.0,False,V-0035,E,False,Supplier portal,2025-12-27 05:40:20.079,V-0035,tax_id,PO251581,V-0035,46720.81,USD,0,0,0,0,0,0,0,0,0,,0,,0,Auto-approve,Perfect extraction,0.35230067370664125,,,
AP-0000558,perfect,,TX-0092-15472,Summit Resources Group,INV-0092-000558,2025-12-24,2026-01-08,PO-251236,USD,39968.69,0.0,39968.69,15.0,False,V-0092,A,False,Supplier portal,2025-12-27 05:51:08.693,V-0092,tax_id,PO251236,V-0092,159450.5,USD,0,0,0,0,0,0,0,0,0,,0,,0,Auto-approve,Perfect extraction,0.3162397823311195,,,
AP-0003963,perfect,,TX-0045-69725,Atlas Services LLC,INV-0045-003963,2025-12-24,2026-02-07,PO-252369,USD,4709.31,0.0,4709.31,45.0,False,V-0045,A,False,Supplier portal,2025-12-27 05:58:44.050,V-0045,tax_id,PO252369,V-0045,13854.1,USD,0,0,0,0,0,0,0,0,0,,0,,0,Auto-approve,Perfect extraction,0.3288858625413096,,,
AP-0003973,perfect,,TX-0107-50949,Silverline Advisors Inc.,INV-0107-003973,2025-12-25,2026-02-23,PO-250140,USD,2360.32,194.73,2555.05,60.0,False,V-0107,C,True,Email,2025-12-27 07:16:33.779,V-0107,tax_id,PO250140,V-0107,20658.61,USD,0,0,0,0,0,0,0,0,0,,0,,0,Auto-approve,Perfect extraction,0.3664523120446974,,,
AP-0004983,edi,,TX-0050-69493,Ironwood Services Ltd.,INV-0050-004983,2025-12-22,2026-01-21,PO-250070,USD,18325.14,0.0,18325.14,30.0,False,V-0050,A,False,EDI,2025-12-27 07:43:11.585,V-0050,tax_id,PO250070,V-0050,70447.52,USD,0,0,0,0,0,0,0,0,0,,0,,0,Auto-approve,Perfect extraction,0.3356358203114219,,,
AP-0002185,edi,,TX-0064-39165,Summit Consulting Inc.,INV-0064-002185,2025-12-23,2026-01-22,PO-251972,CAD,28985.21,1449.26,30434.47,30.0,False,V-0064,B,False,EDI,2025-12-27 09:34:19.576,V-0064,tax_id,PO251972,V-0064,93928.8,CAD,0,0,0,0,0,0,0,0,0,,0,,0,Auto-approve,Perfect extraction,0.3274371841627535,,,
AP-0004751,perfect,,TX-0047-37316,Stonebridge Advisors Group,INV-0047-004751,2025-12-27,2026-02-10,PO-252344,EUR,1197.39,251.45,1448.84,45.0,False,V-0047,D,False,Supplier portal,2025-12-27 10:07:33.351,V-0047,tax_id,PO252344,V-0047,9652.86,EUR,0,0,0,0,0,1,0,0,0,,0,Payment Terms Mismatch,1,Exception review,Perfect extraction,0.6253226844081868,,,
AP-0004090,perfect,,TX-0112-59988,Crescent Systems Group,INV-0112-004090,2025-12-23,2026-01-22,PO-250898,USD,28529.63,0.0,28529.63,30.0,False,V-0112,C,False,Supplier portal,2025-12-27 10:19:48.410,V-0112,tax_id,PO250898,V-0112,221677.68,USD,0,0,0,0,0,0,0,0,0,,0,,0,Auto-approve,Perfect extraction,0.3059477000947553,,,
AP-0003942,edi,,TX-0006-57912,Copperfield Digital Group,INV-0006-003942,2025-12-22,2026-02-20,PO-250510,CAD,62824.6,3141.23,65965.83,60.0,False,V-0006,B,False,EDI,2025-12-27 10:43:30.173,V-0006,tax_id,PO250510,V-0006,54927.98,CAD,0,0,0,0,1,0,0,0,0,,0,Invoice Over PO,1,Exception review,Perfect extraction,0.604088675666733,,,
AP-0002842,perfect,,TX-0055-46775,Silverline Analytics Group,INV-0055-002842,2025-12-24,2026-01-23,PO-252182,SGD,20162.29,1814.61,21976.9,30.0,False,V-0055,C,False,Email,2025-12-27 12:42:01.490,V-0055,tax_id,PO252182,V-0055,85040.32,SGD,0,0,0,0,0,0,0,0,0,,0,,0,Auto-approve,Perfect extraction,0.35463277286988837,,,
AP-0003390,perfect,,TX-0042-54837,Harbor Services Group,INV-0042-003390,2025-12-26,2026-02-24,PO-250570,USD,1366.85,0.0,1366.85,60.0,False,V-0042,B,False,Email,2025-12-27 14:47:31.656,V-0042,tax_id,PO250570,V-0042,20022.47,USD,0,0,0,0,0,0,0,0,0,,0,,0,Auto-approve,Perfect extraction,0.36356297299308776,,,
AP-0000641,perfect,,TX-0097-36111,Clearview Analytics Ltd.,INV-0097-000641,2025-12-23,2026-02-06,PO-251282,GBP,2306.03,461.21,2767.24,45.0,False,V-0097,A,False,Supplier portal,2025-12-27 17:37:29.595,V-0097,tax_id,PO251282,V-0097,8464.86,GBP,0,0,0,0,0,0,0,0,0,,0,,0,Auto-approve,Perfect extraction,0.39546252516173835,,,
AP-0003833,perfect,,TX-0014-36758,Summit Logistics Group,INV-0014-001337,2025-12-22,2026-01-21,PO-250151,USD,1877.05,0.0,1877.05,30.0,False,V-0014,E,True,Email,2025-12-27 18:29:10.083,V-0014,tax_id,PO250151,V-0014,27385.43,USD,0,0,0,0,0,0,0,0,1,,0,Duplicate Invoice,1,Exception review,Perfect extraction,0.5437037505798148,,,
AP-0004854,perfect,,TX-0104-57614,Oakmont Operations Group,INV-0104-004854,2025-12-26,2026-01-10,PO-252091,USD,3817.87,0.0,3817.87,15.0,False,V-0104,C,False,Supplier portal,2025-12-27 18:33:31.180,V-0104,tax_id,PO252091,V-0104,11682.06,USD,0,0,0,0,0,0,0,0,0,,0,,0,Auto-approve,Perfect extraction,0.3226340964854103,,,
AP-0003097,edi,,TX-0096-18776,Copperfield Systems Group,INV-0096-003097,2025-12-23,2026-02-21,PO-251328,CAD,78794.35,3939.72,82734.07,60.0,False,V-0096,A,False,EDI,2025-12-27 18:34:41.571,V-0096,tax_id,PO251328,V-0096,70954.41,CAD,0,0,0,0,1,1,0,0,0,,0,Invoice Over PO; Payment Terms Mismatch,2,Exception review,Perfect extraction,0.7039335897404108,,,
AP-0003384,perfect,,TX-0119-27534,Evergreen Systems Group,INV-0119-003384,2025-12-22,2026-01-21,PO-251419,USD,67310.83,5553.14,72863.97,30.0,False,V-0119,E,False,Supplier portal,2025-12-27 18:48:45.832,V-0119,tax_id,PO251419,V-0119,330449.68,USD,0,0,0,0,0,0,0,0,0,,0,,0,Auto-approve,Perfect extraction,0.3593024529137285,,,
AP-0002649,edi,,TX-0083-82789,Pioneer Services Group,INV-0083-002649,2025-12-27,2026-01-26,PO-251412,USD,15411.24,1271.43,16682.67,30.0,False,V-0083,B,False,EDI,2025-12-27 18:50:59.975,V-0083,tax_id,PO251412,V-0083,46553.28,USD,0,0,0,0,0,1,0,0,0,,0,Payment Terms Mismatch,1,Exception review,Perfect extraction,0.6048952127123772,,,
AP-0002518,perfect,,TX-0025-19498,Oakmont Supply Group,INV-0025-002518,2025-12-23,2026-02-21,PO-250162,USD,4750.92,391.95,5142.87,60.0,False,V-0025,B,False,Email,2025-12-27 19:07:24.420,V-0025,tax_id,PO250162,V-0025,14782.05,USD,0,0,0,0,0,0,0,0,0,,0,,0,Auto-approve,Perfect extraction,0.33618262946344835,,,
AP-0003252,perfect,,TX-0120-96327,Oakmont Advisors Group,INV-0120-003252,2025-12-23,2026-01-22,PO-250366,CAD,8512.76,425.64,8938.4,30.0,False,V-0120,C,False,Supplier portal,2025-12-27 19:33:35.800,V-0120,tax_id,PO250366,V-0120,32811.93,CAD,0,0,0,0,0,0,0,0,0,,0,,0,Auto-approve,Perfect extraction,0.3200086254090108,,,
AP-0002689,edi,,TX-0077-86128,Cobalt Operations LLC,INV-0077-002689,2025-12-22,2026-02-20,PO-250108,USD,43395.62,0.0,43395.62,60.0,False,V-0077,B,False,EDI,2025-12-27 19:43:26.810,V-0077,tax_id,PO250108,V-0077,255775.11,USD,0,0,0,0,0,1,0,0,0,,0,Payment Terms Mismatch,1,Exception review,Perfect extraction,0.591517565131662,,,
AP-0000637,perfect,,TX-0059-74622,Pioneer Solutions Group,INV-0059-000637,2025-12-25,2026-02-08,PO-251186,USD,6388.06,527.02,6915.08,45.0,False,V-0059,A,False,Supplier portal,2025-12-27 21:09:21.178,V-0059,tax_id,PO251186,V-0059,28161.33,USD,0,0,0,0,0,0,1,0,0,,0,Inactive Vendor,1,Exception review,Perfect extraction,0.592946701086936,,,
AP-0004675,perfect,,TX-0084-70345,Redwood Supply LLC,INV-0084-004675,2025-12-22,2026-01-21,PO-250272,EUR,8643.04,1815.04,10458.08,30.0,False,V-0084,D,False,Email,2025-12-27 21:44:56.743,V-0084,tax_id,PO250272,V-0084,62432.47,EUR,0,0,0,0,0,0,0,0,0,,0,,0,Auto-approve,Perfect extraction,0.32549545052779116,,,
AP-0000051,perfect,,TX-0049-19644,Harbor Resources LLC,INV-0049-000051,2025-12-26,2026-01-25,PO-250477,EUR,3254.16,683.37,3937.53,30.0,False,V-0049,D,False,Supplier portal,2025-12-27 23:08:06.294,V-0049,tax_id,PO250477,V-0049,14553.34,EUR,0,0,0,0,0,0,0,0,0,,0,,0,Auto-approve,Perfect extraction,0.33145337060494173,,,
AP-0002556,perfect,,TX-0118-10046,Stonebridge Logistics Ltd.,INV-0118-002556,2025-12-27,2026-01-26,PO-251084,USD,9390.23,774.69,10164.92,30.0,False,V-0118,C,False,Email,2025-12-27 23:59:30.186,V-0118,tax_id,PO251084,V-0118,42593.97,USD,0,0,0,0,0,0,0,0,0,,0,,0,Auto-approve,Perfect extraction,0.32930311556026254,,,
AP-0004157,edi,,TX-0102-39905,Blue Ridge Analytics Inc.,INV-0102-004157,2025-12-28,2026-01-12,PO-251392,EUR,2070.23,434.75,2504.98,15.0,False,V-0102,D,False,EDI,2025-12-28 00:02:08.427,V-0102,tax_id,PO251392,V-0102,54239.91,EUR,0,0,0,0,0,0,0,0,0,,0,,0,Auto-approve,Perfect extraction,0.313356045781226,,,
AP-0003266,perfect,,TX-0061-83099,Copperfield Services Inc.,INV-0061-003266,2025-12-24,2026-01-23,PO-251480,USD,22962.05,0.0,22962.05,30.0,False,V-0061,C,False,Supplier portal,2025-12-28 02:21:31.444,V-0061,tax_id,PO251480,V-0061,118328.65,USD,0,0,0,0,0,0,0,0,0,,0,,0,Auto-approve,Perfect extraction,0.33923714488163087,,,
AP-0003873,perfect,,TX-0007-69764,Redwood Logistics Ltd.,INV-0007-003873,2025-12-26,2026-01-10,PO-250437,INR,2424.07,436.33,2860.4,15.0,False,V-0007,A,False,Supplier portal,2025-12-28 03:07:41.010,V-0007,tax_id,PO250437,V-0007,12842.91,INR,0,0,0,0,0,0,0,0,0,,0,,0,Auto-approve,Perfect extraction,0.34462012979798307,,,
AP-0003658,edi,,TX-0090-82710,Copperfield Advisors Ltd.,INV-0090-003658,2025-12-24,2026-02-07,PO-251828,USD,31953.48,0.0,31953.48,45.0,False,V-0090,B,False,EDI,2025-12-28 04:59:25.377,V-0090,tax_id,PO251828,V-0090,264389.51,USD,0,0,0,0,0,0,0,0,0,,0,,0,Auto-approve,Perfect extraction,0.347654157616911,,,
AP-0004469,perfect,,TX-0089-88461,Atlas Supply LLC,INV-0089-004469,2025-12-25,2026-02-08,PO-250031,CAD,2430.7,121.53,2552.23,45.0,False,V-0089,E,False,Supplier portal,2025-12-28 06:06:51.715,V-0089,tax_id,PO250031,V-0089,15788.09,CAD,0,0,0,0,0,0,0,0,0,,0,,0,Auto-approve,Perfect extraction,0.34374748504475466,,,
AP-0000459,perfect,,TX-0054-19609,Crescent Logistics LLC,INV-0054-000459,2025-12-25,2026-01-24,PO-250127,USD,1090.56,89.97,1180.53,30.0,False,V-0054,A,False,Supplier portal,2025-12-28 08:15:38.071,V-0054,tax_id,PO250127,V-0054,12164.06,USD,0,0,0,0,0,0,0,0,0,,0,,0,Auto-approve,Perfect extraction,0.3205729146593634,,,
AP-0001615,perfect,,TX-0131-83608,Copperfield Systems LLC,INV-0131-001615,2025-12-24,2026-01-23,PO-250735,USD,3519.9,0.0,3519.9,30.0,False,V-0131,A,True,Email,2025-12-28 12:18:12.883,V-0131,tax_id,PO250735,V-0131,10656.36,USD,0,0,0,0,0,0,0,0,0,,0,,0,Auto-approve,Perfect extraction,0.3215401567616616,,,
AP-0004720,perfect,,TX-0102-39905,Blue Ridge Analytics Inc.,INV-0102-004720,2025-12-27,2026-01-11,PO-251195,EUR,11416.17,2397.39,13813.56,15.0,False,V-0102,D,False,Supplier portal,2025-12-28 12:35:24.997,V-0102,tax_id,PO251195,V-0102,105504.57,EUR,0,0,0,0,0,0,0,0,0,,0,,0,Auto-approve,Perfect extraction,0.3307118934463483,,,
AP-0000064,perfect,,TX-0120-96327,Oakmont Advisors Group,INV-0120-000064,2025-12-27,2026-01-26,PO-250803,CAD,3747.64,187.38,3935.02,30.0,False,V-0120,C,False,Supplier portal,2025-12-28 16:35:59.967,V-0120,tax_id,PO250803,V-0120,16202.83,CAD,0,0,0,0,0,0,0,0,0,,0,,0,Auto-approve,Perfect extraction,0.30648385542043816,,,
AP-0000852,perfect,,TX-0113-54591,Stonebridge Logistics Inc.,INV-0113-000852,2025-12-26,2026-02-09,PO-251406,EUR,72707.4,15268.56,87975.96,45.0,False,V-0113,D,False,Supplier portal,2025-12-28 16:42:58.604,V-0113,tax_id,PO251406,V-0113,341370.8,EUR,0,0,0,0,0,0,0,0,0,,0,,0,Auto-approve,Perfect extraction,0.3770363857300334,,,
AP-0000735,perfect,,TX-0038-45747,Beacon Analytics Ltd.,INV-0038-000735,2025-12-28,2026-01-12,PO-251181,USD,5336.4,0.0,5336.4,15.0,False,V-0038,C,False,Supplier portal,2025-12-28 17:44:03.156,V-0038,tax_id,PO251181,V-0038,33796.61,USD,0,0,0,0,0,1,0,0,0,,0,Payment Terms Mismatch,1,Exception review,Perfect extraction,0.627124909247636,,,
AP-0002969,perfect,,TX-0028-83716,Harbor Consulting Ltd.,INV-0028-002969,2025-12-28,2026-01-27,PO-251100,GBP,32910.12,6582.03,39492.15,30.0,False,V-0028,E,False,Supplier portal,2025-12-28 19:26:35.000,V-0028,tax_id,PO251100,V-0028,32005.31,GBP,0,0,0,0,1,0,1,0,0,,0,Invoice Over PO; Inactive Vendor,2,Exception review,Perfect extraction,0.7504629720474943,,,
AP-0003580,perfect,,TX-0093-95568,Clearview Systems Inc.,INV-0093-003580,2025-12-28,2026-01-12,PO-251917,USD,15153.34,1250.15,16403.49,15.0,False,V-0093,B,False,Supplier portal,2025-12-28 20:05:27.570,V-0093,tax_id,PO251917,V-0093,50857.57,USD,0,0,0,0,0,0,0,0,0,,0,,0,Auto-approve,Perfect extraction,0.3188551218621002,,,
AP-0003936,perfect,,TX-0073-32545,Pioneer Partners Ltd.,INV-0073-003936,2025-12-26,2026-01-25,PO-251221,USD,38546.04,0.0,38546.04,30.0,False,V-0073,B,True,Email,2025-12-28 21:35:12.299,V-0073,tax_id,PO251221,V-0073,152907.45,USD,0,0,0,0,0,0,0,0,0,,0,,0,Auto-approve,Perfect extraction,0.34769733195295127,,,
AP-0001300,perfect,,TX-0136-10386,Clearview Services Inc.,INV-0136-001300,2025-12-25,2026-02-08,PO-251298,SGD,5107.99,459.72,5567.71,45.0,False,V-0136,A,False,Supplier portal,2025-12-28 22:39:16.065,V-0136,tax_id,PO251298,V-0136,61777.61,SGD,0,0,0,0,0,0,0,1,0,,0,High-Risk Vendor,1,Exception review,Perfect extraction,0.4700010146162122,,,
AP-0004332,perfect,,TX-0138-43552,Atlas Partners Group,INV-0138-004332,2025-12-26,2026-01-25,PO-250890,EUR,18292.83,3841.5,22134.33,30.0,False,V-0138,D,False,Supplier portal,2025-12-29 00:23:05.770,V-0138,tax_id,PO250890,V-0138,62344.11,EUR,0,0,0,0,0,0,0,1,0,,0,High-Risk Vendor,1,Exception review,Perfect extraction,0.4117806821263941,,,
AP-0000873,perfect,,TX-0133-30576,Cobalt Partners Group,INV-0133-000873,2025-12-24,2026-02-07,PO-250527,USD,27067.85,0.0,27067.85,45.0,False,V-0133,C,False,Supplier portal,2025-12-29 01:09:30.469,V-0133,tax_id,PO250527,V-0133,192189.99,USD,0,0,0,0,0,0,0,0,0,,0,,0,Auto-approve,Perfect extraction,0.3582598959970944,,,
AP-0003405,perfect,,TX-0051-19602,Summit Digital Ltd.,INV-0051-003405,2025-12-29,2026-02-12,PO-250026,INR,6941.53,1249.47,8191.0,45.0,False,V-0051,E,True,Email,2025-12-29 02:18:28.825,V-0051,tax_id,PO250026,V-0051,42345.41,INR,0,0,0,0,0,0,0,0,0,,0,,0,Auto-approve,Perfect extraction,0.33991426919607154,,,
AP-0002760,edi,,TX-0011-62098,Oakmont Solutions LLC,INV-0011-002760,2025-12-24,2026-01-23,PO-250084,USD,3673.44,0.0,3673.44,30.0,False,V-0011,B,False,EDI,2025-12-29 06:01:59.445,V-0011,tax_id,PO250084,V-0011,24636.98,USD,0,0,0,0,0,0,0,0,0,,0,,0,Auto-approve,Perfect extraction,0.312597418512198,,,
AP-0003090,perfect,,TX-0137-44191,Pioneer Consulting Ltd.,INV-0137-003090,2025-12-25,2026-01-24,PO-252347,USD,1163.17,0.0,1163.17,30.0,False,V-0137,A,False,Supplier portal,2025-12-29 06:08:26.162,V-0137,tax_id,PO252347,V-0137,3249.28,USD,0,0,0,0,0,0,1,0,0,,0,Inactive Vendor,1,Exception review,Perfect extraction,0.5975280097054008,,,
AP-0002149,perfect,,TX-0001-43105,Evergreen Consulting Group,INV-0001-002149,2025-12-24,2026-01-23,PO-252366,INR,989.69,178.14,1167.83,30.0,False,V-0001,A,False,Supplier portal,2025-12-29 06:18:49.899,V-0001,tax_id,PO252366,V-0001,11852.48,INR,0,0,0,0,0,0,0,0,0,,0,,0,Auto-approve,Perfect extraction,0.3303387710426785,,,
AP-0000093,perfect,,TX-0115-48708,Ironwood Services Group,INV-0115-000093,2025-12-24,2026-01-08,PO-251686,EUR,41052.94,8621.12,49674.06,15.0,False,V-0115,D,False,Supplier portal,2025-12-29 07:00:37.222,V-0115,tax_id,PO251686,V-0115,164573.75,EUR,0,0,0,0,0,0,0,0,0,,0,,0,Auto-approve,Perfect extraction,0.3338569250221709,,,
AP-0001686,perfect,,TX-0073-32545,Pioneer Partners Ltd.,INV-0073-001686,2025-12-27,2026-01-26,PO-250551,USD,6511.24,0.0,6511.24,30.0,False,V-0073,B,False,Supplier portal,2025-12-29 08:05:10.351,V-0073,tax_id,PO250551,V-0073,155895.9,USD,0,0,0,0,0,0,0,0,0,,0,,0,Auto-approve,Perfect extraction,0.33296936591218057,,,
AP-0003024,perfect,,TX-0011-62098,Oakmont Solutions LLC,INV-0011-003024,2025-12-26,2026-01-10,PO-250715,USD,31236.5,0.0,31236.5,15.0,False,V-0011,B,False,Supplier portal,2025-12-29 08:33:40.767,V-0011,tax_id,PO250715,V-0011,88280.23,USD,0,0,0,0,0,1,0,0,0,,0,Payment Terms Mismatch,1,Exception review,Perfect extraction,0.6484734055018196,,,
AP-0003420,edi,,TX-0130-24969,Harbor Technologies Ltd.,INV-0130-003420,2025-12-29,2026-02-27,PO-252128,EUR,24330.05,5109.31,29439.36,60.0,False,V-0130,D,False,EDI,2025-12-29 08:51:30.298,V-0130,tax_id,PO252128,V-0130,79758.16,EUR,0,0,0,0,0,0,0,0,0,,0,,0,Auto-approve,Perfect extraction,0.33550680773295855,,,
AP-0004640,edi,,TX-0035-47483,Pioneer Networks Ltd.,INV-0035-004640,2025-12-25,2026-01-24,PO-251267,USD,14987.79,0.0,14987.79,30.0,False,V-0035,E,False,EDI,2025-12-29 08:52:16.695,V-0035,tax_id,PO251267,V-0035,40063.91,USD,0,0,0,0,0,0,0,0,0,,0,,0,Auto-approve,Perfect extraction,0.3420442034618955,,,
AP-0002609,perfect,,TX-0020-45960,Copperfield Partners Group,INV-0020-002609,2025-12-26,2026-02-24,PO-250232,USD,24670.76,0.0,24670.76,60.0,False,V-0020,C,False,Email,2025-12-29 09:33:08.956,V-0020,tax_id,PO250232,V-0020,79506.26,USD,0,0,0,0,0,0,0,1,0,,0,High-Risk Vendor,1,Exception review,Perfect extraction,0.43728268962746947,,,
AP-0004942,perfect,,TX-0133-30576,Cobalt Partners Group,INV-0133-004942,2025-12-27,2026-02-10,PO-250677,USD,12452.79,0.0,12452.79,45.0,False,V-0133,C,False,Supplier portal,2025-12-29 10:54:56.727,V-0133,tax_id,PO250677,V-0133,99286.25,USD,0,0,0,0,0,0,0,0,0,,0,,0,Auto-approve,Perfect extraction,0.35667802495159917,,,
AP-0000338,edi,,TX-0125-42798,Brightpath Resources Ltd.,INV-0125-000338,2025-12-29,2026-01-13,PO-250378,EUR,4989.53,1047.8,6037.33,15.0,False,V-0125,D,False,EDI,2025-12-29 10:59:55.506,V-0125,tax_id,PO250378,V-0125,21008.87,EUR,0,0,0,0,0,1,0,0,0,,0,Payment Terms Mismatch,1,Exception review,Perfect extraction,0.621216868844107,,,
AP-0002004,perfect,,TX-0070-80671,Beacon Services LLC,INV-0070-002004,2025-12-26,2026-02-24,PO-251674,USD,6608.9,0.0,6608.9,60.0,False,V-0070,A,False,Email,2025-12-29 12:32:45.472,V-0070,tax_id,PO251674,V-0070,38528.88,USD,0,0,0,0,0,1,0,0,0,,0,Payment Terms Mismatch,1,Exception review,Perfect extraction,0.6261543948377201,,,
AP-0000594,edi,,TX-0137-44191,Pioneer Consulting Ltd.,INV-0137-000594,2025-12-25,2026-01-24,PO-252347,USD,225.85,0.0,225.85,30.0,False,V-0137,A,False,EDI,2025-12-29 12:41:21.384,V-0137,tax_id,PO252347,V-0137,3249.28,USD,0,0,0,0,0,0,1,0,0,,0,Inactive Vendor,1,Exception review,Perfect extraction,0.5953923145220397,,,
AP-0001325,perfect,,TX-0100-21510,Summit Logistics Inc.,INV-0100-001325,2025-12-28,2026-01-27,PO-252133,USD,55353.31,0.0,55353.31,30.0,False,V-0100,E,False,Supplier portal,2025-12-29 12:58:21.416,V-0100,tax_id,PO252133,V-0100,145882.53,USD,0,0,0,0,0,0,0,0,0,,0,,0,Auto-approve,Perfect extraction,0.299980652461919,,,
AP-0000098,edi,,TX-0073-32545,Pioneer Partners Ltd.,INV-0073-000098,2025-12-24,2026-01-23,PO-251221,USD,24897.24,0.0,24897.24,30.0,False,V-0073,B,False,EDI,2025-12-29 13:13:09.271,V-0073,tax_id,PO251221,V-0073,152907.45,USD,0,0,0,0,0,0,0,0,0,,0,,0,Auto-approve,Perfect extraction,0.3385267421609654,,,
AP-0001785,perfect,,TX-0015-69124,Clearview Digital Inc.,INV-0015-001785,2025-12-29,2026-01-28,PO-251059,USD,46031.44,0.0,46031.44,30.0,False,V-0015,A,False,Supplier portal,2025-12-29 13:59:09.765,V-0015,tax_id,PO251059,V-0015,129078.95,USD,0,0,0,0,0,0,0,0,0,,0,,0,Auto-approve,Perfect extraction,0.2971504873841139,,,
AP-0000952,perfect,,TX-0016-44050,Redwood Consulting LLC,INV-0016-000952,2025-12-28,2026-01-12,PO-250864,EUR,8817.11,1851.59,10668.7,15.0,False,V-0016,D,False,Supplier portal,2025-12-29 13:59:13.296,V-0016,tax_id,PO250864,V-0016,105873.66,EUR,0,0,0,0,0,0,0,0,0,,0,,0,Auto-approve,Perfect extraction,0.32658346449333625,,,
AP-0003407,perfect,,TX-0090-82710,Copperfield Advisors Ltd.,INV-0090-003407,2025-12-24,2026-02-07,PO-252058,USD,11842.92,0.0,11842.92,45.0,False,V-0090,B,False,Supplier portal,2025-12-29 14:22:03.198,V-0090,tax_id,PO252058,V-0090,32756.22,USD,0,0,0,0,0,0,0,0,0,,0,,0,Auto-approve,Perfect extraction,0.34521244718907296,,,
AP-0004254,perfect,,TX-0054-19609,Crescent Logistics LLC,INV-0054-004254,2025-12-25,2026-01-24,PO-251052,USD,38799.29,3200.94,42000.23,30.0,False,V-0054,A,True,Email,2025-12-29 15:36:05.671,V-0054,tax_id,PO251052,V-0054,122922.31,USD,0,0,0,0,0,0,0,0,0,,0,,0,Auto-approve,Perfect extraction,0.32402853104048984,,,
AP-0003862,perfect,,TX-0107-50949,Silverline Advisors Inc.,INV-0107-003862,2025-12-27,2026-02-25,PO-252050,USD,2999.6,247.47,3247.07,60.0,False,V-0107,C,False,Supplier portal,2025-12-29 16:05:30.583,V-0107,tax_id,PO252050,V-0107,33145.87,USD,0,0,0,0,0,0,0,0,0,,0,,0,Auto-approve,Perfect extraction,0.35181576062595477,,,
AP-0004086,perfect,,TX-0049-19644,Harbor Resources LLC,INV-0049-004086,2025-12-26,2026-01-25,PO-250565,EUR,6422.03,1348.63,7770.66,30.0,False,V-0049,D,False,Email,2025-12-29 16:43:39.685,V-0049,tax_id,PO250565,V-0049,22812.83,EUR,0,0,0,0,0,0,0,0,0,,0,,0,Auto-approve,Perfect extraction,0.34096226235286786,,,
AP-0001573,perfect,,TX-0081-73770,Silverline Supply Group,INV-0081-001573,2025-12-28,2026-01-27,PO-250291,USD,149821.81,0.0,149821.81,30.0,False,V-0081,C,False,Supplier portal,2025-12-29 17:51:48.023,V-0081,tax_id,PO250291,V-0081,462953.15,USD,0,0,0,0,0,0,0,0,0,,0,,0,Auto-approve,Perfect extraction,0.4152053268034966,,,
AP-0003360,perfect,,TX-0102-39905,Blue Ridge Analytics Inc.,INV-0102-003360,2025-12-26,2026-01-10,PO-251392,EUR,8576.07,1800.97,10377.04,15.0,False,V-0102,D,False,Email,2025-12-29 19:04:02.390,V-0102,tax_id,PO251392,V-0102,54239.91,EUR,0,0,0,0,0,0,0,0,0,,0,,0,Auto-approve,Perfect extraction,0.3053586009255154,,,
AP-0002859,perfect,,TX-0043-75924,Crescent Analytics Group,INV-0043-002859,2025-12-25,2026-02-23,PO-251773,USD,5183.84,0.0,5183.84,60.0,False,V-0043,E,True,Email,2025-12-29 20:06:11.752,V-0043,tax_id,PO251773,V-0043,34840.84,USD,0,0,0,0,0,0,0,0,0,,0,,0,Auto-approve,Perfect extraction,0.34379079215417746,,,
AP-0003594,perfect,,TX-0114-88629,Beacon Logistics Group,INV-0114-003594,2025-12-25,2026-01-24,PO-251650,USD,28572.4,2357.22,30929.62,30.0,False,V-0114,A,False,Email,2025-12-29 20:13:34.193,V-0114,tax_id,PO251650,V-0114,82848.7,USD,0,0,0,0,0,0,0,0,0,,0,,0,Auto-approve,Perfect extraction,0.3127212281228292,,,
AP-0003074,edi,,TX-0029-56211,Crescent Technologies LLC,INV-0029-003074,2025-12-26,2026-01-10,PO-252138,USD,35586.41,2935.88,38522.29,15.0,False,V-0029,C,False,EDI,2025-12-29 22:04:51.885,V-0029,tax_id,PO252138,V-0029,135876.64,USD,0,0,0,0,0,0,0,0,0,,0,,0,Auto-approve,Perfect extraction,0.31234021383686006,,,
AP-0000632,perfect,,TX-0050-69493,Ironwood Services Ltd.,INV-0050-000632,2025-12-29,2026-01-28,PO-252341,USD,24054.91,0.0,24054.91,30.0,False,V-0050,A,True,Email,2025-12-29 23:19:15.388,V-0050,tax_id,PO252341,V-0050,71988.14,USD,0,0,0,0,0,0,0,0,0,,0,,0,Auto-approve,Perfect extraction,0.33800480023516544,,,
AP-0001706,perfect,,TX-0131-83608,Copperfield Systems LLC,INV-0131-001706,2025-12-27,2026-01-26,PO-250735,USD,1792.14,0.0,1792.14,30.0,False,V-0131,A,False,Supplier portal,2025-12-30 00:17:27.490,V-0131,tax_id,PO250735,V-0131,10656.36,USD,0,0,0,0,0,0,0,0,0,,0,,0,Auto-approve,Perfect extraction,0.31846425889592855,,,
AP-0003121,perfect,,TX-0138-43552,Atlas Partners Group,INV-0138-003121,2025-12-28,2026-02-11,PO-251068,EUR,4650.1,976.52,5626.62,45.0,False,V-0138,D,False,Supplier portal,2025-12-30 03:07:32.454,V-0138,tax_id,PO251068,V-0138,30511.99,EUR,0,0,0,0,0,1,0,1,0,,0,Payment Terms Mismatch; High-Risk Vendor,2,Exception review,Perfect extraction,0.6463563416068608,,,
AP-0001899,perfect,,TX-0065-32403,Stonebridge Networks Inc.,INV-0065-001899,2025-12-28,2026-01-27,PO-251728,USD,8024.27,0.0,8024.27,30.0,False,V-0065,C,True,Email,2025-12-30 03:45:58.291,V-0065,tax_id,PO251728,V-0065,27165.03,USD,0,0,0,0,0,0,0,0,0,,0,,0,Auto-approve,Perfect extraction,0.29502760305048653,,,
AP-0002653,perfect,,TX-0083-82789,Pioneer Services Group,INV-0083-002653,2025-12-30,2026-01-14,PO-250229,USD,3834.09,316.31,4150.4,15.0,False,V-0083,B,False,Supplier portal,2025-12-30 04:03:25.142,V-0083,tax_id,PO250229,V-0083,54402.16,USD,0,0,0,0,0,0,0,0,0,,0,,0,Auto-approve,Perfect extraction,0.29377367821070577,,,
AP-0000875,perfect,,TX-0053-42836,Oakmont Supply Group,INV-0053-000875,2025-12-28,2026-01-27,PO-250248,SGD,41247.68,3712.29,44959.97,30.0,False,V-0053,C,False,Email,2025-12-30 04:31:16.416,V-0053,tax_id,PO250248,V-0053,121543.14,SGD,0,0,0,0,0,0,0,0,0,,0,,0,Auto-approve,Perfect extraction,0.3188114752027159,,,
AP-0004066,perfect,,TX-0136-10386,Clearview Services Inc.,INV-0136-004066,2025-12-27,2026-02-10,PO-251805,SGD,8421.76,757.96,9179.72,45.0,False,V-0136,A,False,Supplier portal,2025-12-30 05:27:33.034,V-0136,tax_id,PO251805,V-0136,50527.52,SGD,0,0,0,0,0,0,0,1,0,,0,High-Risk Vendor,1,Exception review,Perfect extraction,0.46540765562236514,,,
AP-0000832,perfect,,TX-0022-47741,Lighthouse Solutions LLC,INV-0022-000832,2025-12-29,2026-02-12,PO-252041,USD,2158.22,178.05,2336.27,45.0,False,V-0022,E,False,Supplier portal,2025-12-30 05:58:07.177,V-0022,tax_id,PO252041,V-0022,15204.24,USD,0,0,0,0,0,0,0,1,0,,0,High-Risk Vendor,1,Exception review,Perfect extraction,0.4175748537490798,,,
AP-0002592,perfect,,TX-0090-82710,Copperfield Advisors Ltd.,INV-0090-002592,2025-12-29,2026-02-12,PO-251733,USD,235820.15,0.0,235820.15,45.0,False,V-0090,B,False,Supplier portal,2025-12-30 06:50:40.658,V-0090,tax_id,PO251733,V-0090,755592.91,USD,0,0,0,0,0,0,0,0,0,,0,,0,Auto-approve,Perfect extraction,0.4492430667321878,,,
AP-0004894,perfect,,TX-0042-54837,Harbor Services Group,INV-0042-004894,2025-12-27,2026-02-25,PO-250740,USD,5671.58,0.0,5671.58,60.0,False,V-0042,B,False,Supplier portal,2025-12-30 09:00:51.784,V-0042,tax_id,PO250740,V-0042,80471.68,USD,0,0,0,0,0,0,0,0,0,,0,,0,Auto-approve,Perfect extraction,0.3555527685204423,,,
AP-0000446,perfect,,TX-0011-62098,Oakmont Solutions LLC,INV-0011-000446,2025-12-28,2026-01-27,PO-252265,USD,4471.33,0.0,4471.33,30.0,False,V-0011,B,False,Supplier portal,2025-12-30 10:36:20.946,V-0011,tax_id,PO252265,V-0011,94914.43,USD,0,0,0,0,0,0,0,0,0,,0,,0,Auto-approve,Perfect extraction,0.303400118409568,,,
AP-0004340,edi,,TX-0019-24934,Redwood Systems LLC,INV-0019-000658,2025-12-27,2026-02-25,PO-250847,CAD,9773.83,488.69,10262.52,60.0,False,V-0019,B,False,EDI,2025-12-30 10:39:25.547,V-0019,tax_id,PO250847,V-0019,4414.6,CAD,0,0,0,0,1,0,0,0,1,,0,Invoice Over PO; Duplicate Invoice,2,Exception review,Perfect extraction,0.6317754014058444,,,
AP-0004583,perfect,,TX-0073-32545,Pioneer Partners Ltd.,INV-0073-004583,2025-12-28,2026-01-27,PO-251221,USD,49976.1,0.0,49976.1,30.0,False,V-0073,B,False,Supplier portal,2025-12-30 11:34:14.475,V-0073,tax_id,PO251221,V-0073,152907.45,USD,0,0,0,0,0,0,0,0,0,,0,,0,Auto-approve,Perfect extraction,0.3432122294680871,,,
AP-0000910,perfect,,TX-0090-82710,Copperfield Advisors Ltd.,INV-0090-000910,2025-12-25,2026-02-08,PO-250970,USD,11717.53,0.0,11717.53,45.0,False,V-0090,B,True,Email,2025-12-30 13:43:07.711,V-0090,tax_id,PO250970,V-0090,33636.72,USD,0,0,0,0,0,0,0,0,0,,0,,0,Auto-approve,Perfect extraction,0.3523073377246068,,,
AP-0001604,perfect,,TX-0013-11961,Cobalt Operations LLC,INV-0013-001604,2025-12-30,2026-02-13,PO-250656,USD,194484.99,0.0,194484.99,45.0,False,V-0013,B,False,Supplier portal,2025-12-30 15:42:13.053,V-0013,tax_id,PO250656,V-0013,145743.12,USD,0,0,0,0,1,0,1,0,1,,0,Invoice Over PO; Inactive Vendor; Duplicate Invoice,3,Exception review,Perfect extraction,0.7751117949629612,,,
AP-0001861,perfect,,TX-0106-56495,Oakmont Analytics Inc.,INV-0106-001861,2025-12-25,2026-02-08,PO-252026,USD,12256.74,0.0,12256.74,45.0,False,V-0106,A,False,Supplier portal,2025-12-30 16:38:42.759,V-0106,tax_id,PO252026,V-0106,37696.16,USD,0,0,0,0,0,0,0,0,0,,0,,0,Auto-approve,Perfect extraction,0.35544659965712083,,,
AP-0004255,edi,,TX-0080-26211,Juniper Resources Inc.,INV-0080-004255,2025-12-27,2026-01-26,PO-252132,EUR,16864.47,3541.54,20406.01,30.0,False,V-0080,D,False,EDI,2025-12-30 17:07:58.696,V-0080,tax_id,PO252132,V-0080,62219.56,EUR,0,0,0,0,0,0,0,0,0,,0,,0,Auto-approve,Perfect extraction,0.3336891446515898,,,
AP-0003829,edi,,TX-0074-79332,Harbor Analytics Ltd.,INV-0074-003829,2025-12-26,2026-01-25,PO-252029,USD,19031.28,0.0,19031.28,30.0,False,V-0074,C,False,EDI,2025-12-30 17:51:07.475,V-0074,tax_id,PO252029,V-0074,51072.6,USD,0,0,0,0,0,0,0,1,0,,0,High-Risk Vendor,1,Exception review,Perfect extraction,0.43201373073598387,,,
AP-0001962,perfect,,TX-0132-11639,Atlas Supply Group,INV-0132-001962,2025-12-30,2026-02-13,PO-252311,USD,457.49,37.74,495.23,45.0,False,V-0132,A,False,Supplier portal,2025-12-30 18:19:01.271,V-0132,tax_id,PO252311,V-0132,8345.32,USD,0,0,0,0,0,1,0,0,0,,0,Payment Terms Mismatch,1,Exception review,Perfect extraction,0.6276750220079024,,,
AP-0001185,perfect,,TX-0128-19285,Harbor Systems LLC,INV-0128-001185,2025-12-30,2026-02-13,PO-251159,USD,1429.25,117.91,1547.16,45.0,False,V-0128,A,False,Email,2025-12-30 18:28:08.815,V-0128,tax_id,PO251159,V-0128,12818.92,USD,0,0,0,0,0,0,0,0,0,,0,,0,Auto-approve,Perfect extraction,0.34118902368338366,,,
AP-0003363,perfect,,TX-0099-76362,Copperfield Networks Ltd.,INV-0099-003363,2025-12-28,2026-01-12,PO-251089,USD,34795.82,0.0,34795.82,15.0,False,V-0099,E,True,Email,2025-12-30 20:13:01.874,V-0099,tax_id,PO251089,V-0099,167461.38,USD,0,0,0,0,0,1,0,0,0,,0,Payment Terms Mismatch,1,Exception review,Perfect extraction,0.625867854834854,,,
AP-0000423,perfect,,TX-0041-11074,Juniper Advisors Ltd.,INV-0041-000423,2025-12-26,2026-02-09,PO-251085,USD,33283.54,2745.89,36029.43,45.0,False,V-0041,E,False,Supplier portal,2025-12-30 21:50:46.290,V-0041,tax_id,PO251085,V-0041,177844.01,USD,0,0,0,0,0,0,0,0,0,,0,,0,Auto-approve,Perfect extraction,0.34060837297150964,,,
AP-0002348,edi,,TX-0133-30576,Cobalt Partners Group,INV-0133-002348,2025-12-26,2026-02-09,PO-251407,USD,7967.2,0.0,7967.2,45.0,False,V-0133,C,False,EDI,2025-12-30 22:07:14.164,V-0133,tax_id,PO251407,V-0133,133493.97,USD,0,0,0,0,0,0,0,0,0,,0,,0,Auto-approve,Perfect extraction,0.359320760977978,,,
AP-0002558,perfect,,TX-0076-41538,Summit Systems LLC,INV-0076-002558,2025-12-28,2026-02-26,PO-250937,EUR,61207.56,12853.59,74061.15,60.0,False,V-0076,D,False,Supplier portal,2025-12-31 00:25:29.620,V-0076,tax_id,PO250937,V-0076,250290.23,EUR,0,0,0,0,0,0,0,0,0,,0,,0,Auto-approve,Perfect extraction,0.3944848466368125,,,
AP-0003118,perfect,,TX-0140-96185,Blue Ridge Operations Inc.,INV-0140-003118,2025-12-27,2026-01-26,PO-251744,USD,4307.96,0.0,4307.96,30.0,False,V-0140,C,True,Email,2025-12-31 00:35:43.462,V-0140,tax_id,PO251744,V-0140,94972.44,USD,0,0,0,0,0,0,0,0,0,,0,,0,Auto-approve,Perfect extraction,0.30747604276473434,,,
AP-0000480,edi,,TX-0093-95568,Clearview Systems Inc.,INV-0093-000480,2025-12-26,2026-01-10,PO-251313,USD,66893.76,5518.74,72412.5,15.0,False,V-0093,B,False,EDI,2025-12-31 02:15:09.423,V-0093,tax_id,PO251313,V-0093,225924.06,USD,0,0,0,0,0,0,0,0,0,,0,,0,Auto-approve,Perfect extraction,0.38693322693702775,,,
AP-0004966,perfect,,TX-0102-39905,Blue Ridge Analytics Inc.,INV-0102-004966,2025-12-31,2026-01-15,PO-251857,EUR,3118.65,654.92,3773.57,15.0,False,V-0102,D,True,Email,2025-12-31 03:29:30.548,V-0102,tax_id,PO251857,V-0102,13226.94,EUR,0,0,0,0,0,0,0,0,0,,0,,0,Auto-approve,Perfect extraction,0.3407460510984833,,,
AP-0000511,perfect,,TX-0118-10046,Stonebridge Logistics Ltd.,INV-0118-000511,2025-12-27,2026-01-26,PO-251761,USD,1179.46,97.31,1276.77,30.0,False,V-0118,C,False,Supplier portal,2025-12-31 04:21:54.137,V-0118,tax_id,PO251761,V-0118,14757.45,USD,0,0,0,0,0,0,0,0,0,,0,,0,Auto-approve,Perfect extraction,0.3064715313770946,,,
AP-0003470,perfect,,TX-0039-91527,Blue Ridge Networks Group,INV-0039-003470,2025-12-27,2026-02-10,PO-251447,USD,445.9,0.0,445.9,45.0,False,V-0039,C,False,Supplier portal,2025-12-31 04:37:42.541,V-0039,tax_id,PO251447,V-0039,10938.45,USD,0,0,0,0,0,0,0,0,0,,0,,0,Auto-approve,Perfect extraction,0.32039017262683556,,,
AP-0002387,perfect,,TX-0003-12255,Cobalt Technologies Group,INV-0003-002387,2025-12-26,2026-01-25,PO-251594,EUR,1684.55,353.76,2038.31,30.0,False,V-0003,D,False,Supplier portal,2025-12-31 05:31:36.221,V-0003,tax_id,PO251594,V-0003,11917.78,EUR,0,0,0,0,0,0,0,0,0,,0,,0,Auto-approve,Perfect extraction,0.34765244249623356,,,
AP-0004699,perfect,,TX-0011-62098,Oakmont Solutions LLC,INV-0011-004106,2025-12-31,2026-01-30,PO-252101,USD,19450.51,0.0,19450.51,30.0,False,V-0011,B,False,Supplier portal,2025-12-31 09:10:51.815,V-0011,tax_id,PO252101,V-0011,70771.29,USD,0,0,0,0,0,0,0,0,1,,0,Duplicate Invoice,1,Exception review,Perfect extraction,0.5903353806680162,,,
AP-0002409,perfect,,TX-0125-42798,Brightpath Resources Ltd.,INV-0125-002409,2025-12-28,2026-01-27,PO-251984,EUR,8820.61,1852.33,10672.94,30.0,False,V-0125,D,False,Supplier portal,2025-12-31 10:11:04.498,V-0125,tax_id,PO251984,V-0125,62187.46,EUR,0,0,0,0,0,0,0,0,0,,0,,0,Auto-approve,Perfect extraction,0.33736045017160904,,,
AP-0001401,perfect,,TX-0036-11692,Juniper Operations Ltd.,INV-0036-001401,2025-12-27,2026-01-26,PO-250517,USD,5850.29,0.0,5850.29,30.0,False,V-0036,B,True,Email,2025-12-31 13:16:29.905,V-0036,tax_id,PO250517,V-0036,18438.21,USD,0,0,0,0,0,0,0,0,0,,0,,0,Auto-approve,Perfect extraction,0.27181115906828346,,,
AP-0001087,perfect,,TX-0064-39165,Summit Consulting Inc.,INV-0064-001087,2025-12-28,2026-01-27,PO-250223,CAD,25384.84,1269.24,26654.08,30.0,False,V-0064,B,False,Supplier portal,2025-12-31 13:57:35.915,V-0064,tax_id,PO250223,V-0064,75705.48,CAD,0,0,0,0,0,0,0,0,0,,0,,0,Auto-approve,Perfect extraction,0.3206518530823356,,,
AP-0001984,perfect,,TX-0100-21510,Summit Logistics Inc.,INV-0100-001984,2025-12-30,2026-01-14,PO-250497,USD,346.97,0.0,346.97,15.0,False,V-0100,E,False,Supplier portal,2025-12-31 15:22:38.325,V-0100,tax_id,PO250497,V-0100,4657.97,USD,0,0,0,0,0,1,0,0,0,,0,Payment Terms Mismatch,1,Exception review,Perfect extraction,0.5965212499657135,,,
AP-0000834,edi,,TX-0008-41136,Lighthouse Supply Inc.,INV-0008-000834,2025-12-30,2026-01-29,PO-252317,USD,5136.17,0.0,5136.17,30.0,False,V-0008,E,False,EDI,2025-12-31 17:19:00.014,V-0008,tax_id,PO252317,V-0008,21028.81,USD,0,0,0,0,0,1,0,0,0,,0,Payment Terms Mismatch,1,Exception review,Perfect extraction,0.6238796249168111,,,
AP-0002783,perfect,,TX-0001-43105,Evergreen Consulting Group,INV-0001-002783,2025-12-30,2026-01-29,PO-252366,INR,1998.92,359.81,2358.73,30.0,False,V-0001,A,False,Supplier portal,2025-12-31 21:25:12.958,V-0001,tax_id,PO252366,V-0001,11852.48,INR,0,0,0,0,0,0,0,0,0,,0,,0,Auto-approve,Perfect extraction,0.33668252828023487,,,
AP-0003322,perfect,,TX-0014-36758,Summit Logistics Group,INV-0014-003322,2025-12-26,2026-01-25,PO-252100,USD,5769.65,0.0,5769.65,30.0,False,V-0014,E,True,Email,2025-12-31 22:30:36.752,V-0014,tax_id,PO252100,V-0014,20442.54,USD,0,0,0,0,0,0,0,0,0,,0,,0,Auto-approve,Perfect extraction,0.31086274057077556,,,
AP-0001902,perfect,,TX-0061-83099,Copperfield Services Inc.,INV-0061-001902,2025-12-26,2026-02-24,PO-252301,USD,10969.7,0.0,10969.7,60.0,False,V-0061,C,False,Supplier portal,2025-12-31 23:43:27.417,V-0061,tax_id,PO252301,V-0061,38766.16,USD,0,0,0,0,0,1,0,0,0,,0,Payment Terms Mismatch,1,Exception review,Perfect extraction,0.6290360315589951,,,
AP-0004145,perfect,,TX-0015-69124,Clearview Digital Inc.,INV-0015-004145,2025-12-27,2026-01-26,PO-252244,USD,31195.37,0.0,31195.37,30.0,False,V-0015,A,False,Email,2025-12-31 23:53:47.186,V-0015,tax_id,PO252244,V-0015,280986.83,USD,0,0,0,0,0,0,0,0,0,,0,,0,Auto-approve,Perfect extraction,0.3199718159086985,,,
AP-0004896,perfect,,TX-0012-74674,Oakmont Technologies LLC,INV-0012-004896,2025-12-31,2026-01-30,PO-251012,USD,4109.34,0.0,4109.34,30.0,False,V-0012,A,False,Email,2026-01-01 00:01:07.537,V-0012,tax_id,PO251012,V-0012,12200.51,USD,0,0,0,0,0,0,0,0,0,,0,,0,Auto-approve,Perfect extraction,0.3373868013098628,,,
AP-0003136,perfect,,TX-0009-87210,Blue Ridge Supply LLC,INV-0009-003136,2025-12-28,2026-02-11,PO-250933,USD,23962.37,0.0,23962.37,45.0,False,V-0009,B,False,Supplier portal,2026-01-01 00:18:55.385,V-0009,tax_id,PO250933,V-0009,72811.05,USD,0,0,0,0,0,0,0,0,0,,0,,0,Auto-approve,Perfect extraction,0.34423927429979667,,,
AP-0000824,perfect,,TX-0091-39995,Summit Resources Ltd.,INV-0091-000824,2025-12-27,2026-02-25,PO-250582,SGD,975.85,87.83,1063.68,60.0,False,V-0091,B,False,Supplier portal,2026-01-01 01:55:14.780,V-0091,tax_id,PO250582,V-0091,16239.92,SGD,0,0,0,0,0,0,0,0,0,,0,,0,Auto-approve,Perfect extraction,0.3998468815003237,,,
AP-0004006,perfect,,TX-0071-54213,Summit Services LLC,INV-0071-004006,2025-12-30,2026-01-29,PO-252074,USD,1390.59,0.0,1390.59,30.0,False,V-0071,C,False,Email,2026-01-01 02:11:44.982,V-0071,tax_id,PO252074,V-0071,31276.39,USD,0,0,0,0,0,0,0,0,0,,0,,0,Auto-approve,Perfect extraction,0.3283765542270791,,,
AP-0004376,perfect,,TX-0040-49956,Evergreen Digital LLC,INV-0040-004376,2025-12-31,2026-01-30,PO-252064,EUR,14933.15,3135.96,18069.11,30.0,False,V-0040,D,False,Supplier portal,2026-01-01 02:25:00.004,V-0040,tax_id,PO252064,V-0040,193242.69,EUR,0,0,0,0,0,0,0,0,0,,0,,0,Auto-approve,Perfect extraction,0.332769432136972,,,
AP-0004120,edi,,TX-0004-83750,Harbor Networks Ltd.,INV-0004-004120,2025-12-28,2026-01-27,PO-251461,USD,3055.11,252.05,3307.16,30.0,False,V-0004,E,False,EDI,2026-01-01 04:54:32.518,V-0004,tax_id,PO251461,V-0004,11761.55,USD,0,0,0,0,0,0,0,0,0,,0,,0,Auto-approve,Perfect extraction,0.345994586560629,,,
AP-0002701,perfect,,TX-0037-24439,Redwood Supply LLC,INV-0037-002701,2025-12-29,2026-01-28,PO-252161,EUR,25181.45,5288.11,30469.56,30.0,False,V-0037,D,False,Email,2026-01-01 06:00:57.499,V-0037,tax_id,PO252161,V-0037,144911.1,EUR,0,0,0,0,0,0,0,0,0,,0,,0,Auto-approve,Perfect extraction,0.36340998106918865,,,
AP-0002363,perfect,,TX-0055-46775,Silverline Analytics Group,INV-0055-002363,2025-12-30,2026-01-29,PO-251359,SGD,16938.13,1524.43,18462.56,30.0,False,V-0055,C,False,Supplier portal,2026-01-01 07:50:13.563,V-0055,tax_id,PO251359,V-0055,16617.75,SGD,0,0,0,0,1,0,0,0,0,,0,Invoice Over PO,1,Exception review,Perfect extraction,0.6547631721469239,,,
AP-0002294,perfect,,TX-0046-43936,Beacon Solutions LLC,INV-0046-002294,2025-12-30,2026-02-28,PO-251026,USD,5077.73,0.0,5077.73,60.0,False,V-0046,C,True,Email,2026-01-01 09:09:01.652,V-0046,tax_id,PO251026,V-0046,15239.95,USD,0,0,0,0,0,0,0,0,1,,0,Duplicate Invoice,1,Exception review,Perfect extraction,0.5770231342524194,,,
AP-0002186,perfect,,TX-0005-88178,Atlas Resources Inc.,INV-0005-002186,2025-12-27,2026-01-26,PO-251060,USD,43124.91,0.0,43124.91,30.0,False,V-0005,A,False,Supplier portal,2026-01-01 09:18:10.475,V-0005,tax_id,PO251060,V-0005,140803.44,USD,0,0,0,0,0,0,0,0,0,,0,,0,Auto-approve,Perfect extraction,0.33470102169368926,,,
AP-0001507,perfect,,TX-0073-32545,Pioneer Partners Ltd.,INV-0073-001507,2025-12-30,2026-01-29,PO-250617,USD,162521.12,0.0,162521.12,30.0,False,V-0073,B,False,Email,2026-01-01 11:11:55.358,V-0073,tax_id,PO250617,V-0073,513414.94,USD,0,0,0,0,0,0,0,0,0,,0,,0,Auto-approve,Perfect extraction,0.45019426525659756,,,
AP-0002818,perfect,,TX-0116-23088,Juniper Supply LLC,INV-0116-002818,2025-12-28,2026-02-26,PO-251796,USD,4551.87,0.0,4551.87,60.0,False,V-0116,C,False,Supplier portal,2026-01-01 12:55:10.730,V-0116,tax_id,PO251796,V-0116,71829.2,USD,0,0,0,0,0,0,0,0,0,,0,,0,Auto-approve,Perfect extraction,0.3497108408639888,,,
AP-0001265,perfect,,TX-0015-69124,Clearview Digital Inc.,INV-0015-001265,2025-12-27,2026-01-26,PO-251251,USD,5369.73,0.0,5369.73,30.0,False,V-0015,A,False,Email,2026-01-01 13:46:14.399,V-0015,tax_id,PO251251,V-0015,33374.05,USD,0,0,0,0,0,0,0,0,0,,0,,0,Auto-approve,Perfect extraction,0.31995896751268943,,,
AP-0003834,edi,,TX-0107-50949,Silverline Advisors Inc.,INV-0107-003834,2025-12-30,2026-02-28,PO-252050,USD,1505.94,124.24,1630.18,60.0,False,V-0107,C,False,EDI,2026-01-01 14:56:44.974,V-0107,tax_id,PO252050,V-0107,33145.87,USD,0,0,0,0,0,0,0,0,0,,0,,0,Auto-approve,Perfect extraction,0.37743745361245146,,,
AP-0003648,perfect,,TX-0088-45873,Atlas Systems Group,INV-0088-003648,2025-12-29,2026-01-28,PO-251892,USD,4910.04,0.0,4910.04,30.0,True,V-0088,A,False,Supplier portal,2026-01-01 15:36:26.548,V-0088,tax_id,PO251892,V-0088,32985.35,USD,0,0,0,0,0,0,0,0,0,,0,,0,Auto-approve,Perfect extraction,0.3276606543888128,,,
AP-0002213,perfect,,TX-0046-43936,Beacon Solutions LLC,INV-0046-002213,2025-12-30,2026-02-28,PO-250420,USD,3161.8,0.0,3161.8,60.0,False,V-0046,C,False,Supplier portal,2026-01-01 17:06:54.799,V-0046,tax_id,PO250420,V-0046,16327.41,USD,0,0,0,0,0,0,0,0,0,,0,,0,Auto-approve,Perfect extraction,0.3407588419608798,,,
AP-0001624,perfect,,TX-0071-54213,Summit Services LLC,INV-0071-001624,2025-12-30,2026-01-29,PO-250979,USD,3937.53,0.0,3937.53,30.0,False,V-0071,C,False,Supplier portal,2026-01-01 18:26:03.326,V-0071,tax_id,PO250979,V-0071,34721.5,USD,0,0,0,0,0,0,0,0,0,,0,,0,Auto-approve,Perfect extraction,0.3258565283410154,,,
AP-0004478,perfect,,TX-0117-90487,Atlas Consulting LLC,INV-0117-004478,2025-12-30,2026-01-29,PO-251423,CAD,7148.35,357.42,7505.77,30.0,False,V-0117,C,True,Email,2026-01-01 22:00:44.177,V-0117,tax_id,PO251423,V-0117,22329.81,CAD,0,0,0,0,0,0,0,0,0,,0,,0,Auto-approve,Perfect extraction,0.30823319325146104,,,
AP-0000934,perfect,,TX-0042-54837,Harbor Services Group,INV-0042-000934,2025-12-30,2026-01-14,PO-251305,USD,5204.63,0.0,5204.63,15.0,False,V-0042,B,True,Email,2026-01-01 22:39:20.485,V-0042,tax_id,PO251305,V-0042,19067.95,USD,0,0,0,0,0,1,0,0,0,,0,Payment Terms Mismatch,1,Exception review,Perfect extraction,0.6288566873915966,,,
AP-0004213,edi,,TX-0018-72351,Evergreen Resources Inc.,INV-0018-004213,2025-12-28,2026-02-26,PO-251209,USD,114556.55,0.0,114556.55,60.0,False,V-0018,B,False,EDI,2026-01-01 22:57:36.031,V-0018,tax_id,PO251209,V-0018,470037.87,USD,0,0,0,0,0,1,0,0,0,,0,Payment Terms Mismatch,1,Exception review,Perfect extraction,0.6883023982453147,,,
AP-0002597,edi,,TX-0099-76362,Copperfield Networks Ltd.,INV-0099-002597,2025-12-28,2026-01-12,PO-251730,USD,1066.85,0.0,1066.85,15.0,False,V-0099,E,False,EDI,2026-01-02 00:43:29.432,V-0099,tax_id,PO251730,V-0099,8839.53,USD,0,0,0,0,0,1,0,0,0,,0,Payment Terms Mismatch,1,Exception review,Perfect extraction,0.6198694436212707,,,
AP-0000938,perfect,,TX-0048-57091,Oakmont Systems Inc.,INV-0048-000938,2025-12-29,2026-01-13,PO-251988,USD,10980.38,905.88,11886.26,15.0,False,V-0048,C,False,Email,2026-01-02 04:13:51.132,V-0048,tax_id,PO251988,V-0048,196021.28,USD,0,0,0,0,0,0,0,0,0,,0,,0,Auto-approve,Perfect extraction,0.3274412781168359,,,
AP-0004353,perfect,,TX-0060-58175,Clearview Solutions LLC,INV-0060-004353,2025-12-31,2026-01-15,PO-250693,USD,18863.1,0.0,18863.1,15.0,False,V-0060,C,False,Supplier portal,2026-01-02 06:24:21.673,V-0060,tax_id,PO250693,V-0060,54234.9,USD,0,0,0,0,0,0,0,0,0,,0,,0,Auto-approve,Perfect extraction,0.34784943773324545,,,
AP-0004370,perfect,,TX-0025-19498,Oakmont Supply Group,INV-0025-004370,2025-12-29,2026-02-27,PO-250162,USD,3771.58,311.15,4082.73,60.0,True,V-0025,B,True,Email,2026-01-02 06:41:36.425,V-0025,tax_id,PO250162,V-0025,14782.05,USD,0,0,0,0,0,0,0,0,0,,0,,0,Auto-approve,Perfect extraction,0.34801913808076673,,,
AP-0001326,perfect,,TX-0015-69124,Clearview Digital Inc.,INV-0015-001326,2025-12-30,2026-01-29,PO-251102,USD,1024.07,0.0,1024.07,30.0,False,V-0015,A,False,Supplier portal,2026-01-02 10:25:44.521,V-0015,tax_id,PO251102,V-0015,9456.63,USD,0,0,0,0,0,0,0,0,0,,0,,0,Auto-approve,Perfect extraction,0.3326987640925134,,,
AP-0002667,perfect,,TX-0104-57614,Oakmont Operations Group,INV-0104-002667,2025-12-30,2026-01-14,PO-250056,USD,4285.36,0.0,4285.36,15.0,False,V-0104,C,False,Supplier portal,2026-01-02 11:04:01.433,V-0104,tax_id,PO250056,V-0104,89450.27,USD,0,0,0,0,0,0,0,0,0,,0,,0,Auto-approve,Perfect extraction,0.33808760624602857,,,
AP-0004079,perfect,,TX-0108-54358,Summit Supply Ltd.,INV-0108-004079,2025-12-28,2026-02-26,PO-251668,CAD,5574.45,278.72,5853.17,60.0,False,V-0108,C,False,Email,2026-01-02 12:19:06.962,V-0108,tax_id,PO251668,V-0108,100269.58,CAD,0,0,0,0,0,0,0,0,0,,0,,0,Auto-approve,Perfect extraction,0.3759132841509589,,,
AP-0002034,perfect,,TX-0009-87210,Blue Ridge Supply LLC,INV-0009-002034,2025-12-30,2026-02-13,PO-252126,USD,9434.11,0.0,9434.11,45.0,True,V-0009,B,False,Supplier portal,2026-01-02 13:40:06.150,V-0009,tax_id,PO252126,V-0009,80788.83,USD,0,0,0,0,0,0,0,0,0,,0,,0,Auto-approve,Perfect extraction,0.35322535241605085,,,
AP-0001130,edi,,TX-0085-56800,Silverline Analytics Inc.,INV-0085-001130,2025-12-31,2026-01-30,PO-251164,USD,10532.79,0.0,10532.79,30.0,False,V-0085,B,False,EDI,2026-01-02 16:03:02.527,V-0085,tax_id,PO251164,V-0085,59743.53,USD,0,0,0,0,0,0,0,0,0,,0,,0,Auto-approve,Perfect extraction,0.34990807939029783,,,
AP-0004550,perfect,,TX-0030-52947,Crescent Networks Inc.,INV-0030-004550,2025-12-28,2026-02-26,PO-251445,USD,19192.55,1583.38,20775.93,60.0,False,V-0030,E,False,Email,2026-01-02 18:43:41.714,V-0030,tax_id,PO251445,V-0030,100363.62,USD,0,0,0,0,0,0,0,0,0,,0,,0,Auto-approve,Perfect extraction,0.3317873436059775,,,
AP-0001940,perfect,,TX-0003-12255,Cobalt Technologies Group,INV-0003-001940,2025-12-31,2026-01-30,PO-251242,EUR,4725.5,992.35,5717.85,30.0,False,V-0003,D,False,Supplier portal,2026-01-02 19:13:20.188,V-0003,tax_id,PO251242,V-0003,115177.05,EUR,0,0,0,0,0,0,0,0,0,,0,,0,Auto-approve,Perfect extraction,0.337167340826298,,,
AP-0003371,perfect,,TX-0027-23409,Harbor Digital LLC,INV-0027-003371,2025-12-28,2026-01-27,PO-251884,USD,3081.93,0.0,3081.93,30.0,False,V-0027,B,False,Email,2026-01-02 19:22:48.141,V-0027,tax_id,PO251884,V-0027,22242.15,USD,0,0,0,0,0,0,1,0,0,,0,Inactive Vendor,1,Exception review,Perfect extraction,0.6342398302547336,,,
AP-0004636,perfect,,TX-0011-62098,Oakmont Solutions LLC,INV-0011-004636,2025-12-30,2026-01-29,PO-252265,USD,25576.82,0.0,25576.82,30.0,False,V-0011,B,False,Supplier portal,2026-01-02 20:04:15.318,V-0011,tax_id,PO252265,V-0011,94914.43,USD,0,0,0,0,0,0,0,0,0,,0,,0,Auto-approve,Perfect extraction,0.314376042718819,,,
AP-0002237,perfect,,TX-0054-19609,Crescent Logistics LLC,INV-0054-002237,2025-12-31,2026-01-30,PO-252121,USD,6848.15,564.97,7413.12,30.0,False,V-0054,A,False,Supplier portal,2026-01-03 01:22:50.450,V-0054,tax_id,PO252121,V-0054,61968.86,USD,0,0,0,0,0,0,0,0,0,,0,,0,Auto-approve,Perfect extraction,0.3354841162977605,,,
AP-0004326,perfect,,TX-0140-96185,Blue Ridge Operations Inc.,INV-0140-004326,2025-12-31,2026-01-30,PO-251965,USD,22107.52,0.0,22107.52,30.0,False,V-0140,C,False,Supplier portal,2026-01-03 06:32:49.777,V-0140,tax_id,PO251965,V-0140,231229.57,USD,0,0,0,0,0,0,0,0,0,,0,,0,Auto-approve,Perfect extraction,0.3188319807813563,,,
AP-0004130,perfect,,TX-0114-88629,Beacon Logistics Group,INV-0114-004130,2025-12-31,2026-01-30,PO-250176,USD,32116.59,2649.62,34766.21,30.0,False,V-0114,A,False,Supplier portal,2026-01-03 08:53:14.953,V-0114,tax_id,PO250176,V-0114,180880.39,USD,0,0,0,0,0,0,0,0,0,,0,,0,Auto-approve,Perfect extraction,0.3248073957327338,,,
AP-0003639,perfect,,TX-0100-21510,Summit Logistics Inc.,INV-0100-003639,2025-12-31,2026-01-30,PO-252133,USD,12385.98,0.0,12385.98,30.0,False,V-0100,E,True,Email,2026-01-03 10:50:47.055,V-0100,tax_id,PO252133,V-0100,145882.53,USD,0,0,0,0,0,0,0,0,0,,0,,0,Auto-approve,Perfect extraction,0.3208033894327461,,,
AP-0004415,perfect,,TX-0092-15472,Summit Resources Group,INV-0092-004415,2025-12-30,2026-01-14,PO-251873,USD,9400.11,0.0,9400.11,15.0,False,V-0092,A,False,Supplier portal,2026-01-03 10:54:46.979,V-0092,tax_id,PO251873,V-0092,39316.78,USD,0,0,0,0,0,0,0,0,0,,0,,0,Auto-approve,Perfect extraction,0.32572180242832455,,,
AP-0003822,perfect,,TX-0054-19609,Crescent Logistics LLC,INV-0054-003822,2025-12-29,2026-01-28,PO-250127,USD,1575.02,129.94,1704.96,30.0,False,V-0054,A,False,Supplier portal,2026-01-03 11:58:57.137,V-0054,tax_id,PO250127,V-0054,12164.06,USD,0,0,0,0,0,0,0,0,0,,0,,0,Auto-approve,Perfect extraction,0.34063685666081683,,,
AP-0003211,perfect,,TX-0054-19609,Crescent Logistics LLC,INV-0054-003211,2025-12-30,2026-01-29,PO-252121,USD,15298.36,1262.11,16560.47,30.0,False,V-0054,A,False,Email,2026-01-03 12:10:39.141,V-0054,tax_id,PO252121,V-0054,61968.86,USD,0,0,0,0,0,0,0,0,0,,0,,0,Auto-approve,Perfect extraction,0.346224508458443,,,
AP-0004957,perfect,,TX-0047-37316,Stonebridge Advisors Group,INV-0047-004957,2025-12-31,2026-01-30,PO-252344,EUR,11153.36,2342.2,13495.56,30.0,False,V-0047,D,False,Supplier portal,2026-01-03 14:54:37.263,V-0047,tax_id,PO252344,V-0047,9652.86,EUR,0,0,0,0,1,0,0,0,0,,0,Invoice Over PO,1,Exception review,Perfect extraction,0.6361556925166189,,,
AP-0000608,perfect,,TX-0087-76038,Atlas Digital Ltd.,INV-0087-000608,2025-12-30,2026-02-28,PO-250525,EUR,16246.78,3411.82,19658.6,60.0,False,V-0087,D,True,Email,2026-01-03 16:14:24.155,V-0087,tax_id,PO250525,V-0087,56958.3,EUR,0,0,0,0,0,0,0,0,0,,0,,0,Auto-approve,Perfect extraction,0.37166761764956424,,,
AP-0001682,perfect,,TX-0095-51083,Crescent Supply Ltd.,INV-0095-001682,2025-12-30,2026-01-29,PO-251294,USD,9906.68,0.0,9906.68,30.0,False,V-0095,A,False,Supplier portal,2026-01-03 20:14:52.880,V-0095,tax_id,PO251294,V-0095,44886.45,USD,0,0,0,0,0,0,0,0,0,,0,,0,Auto-approve,Perfect extraction,0.3445707073744014,,,
AP-0004205,perfect,,TX-0042-54837,Harbor Services Group,INV-0042-004205,2025-12-30,2026-02-28,PO-251206,USD,31844.15,0.0,31844.15,60.0,False,V-0042,B,False,Supplier portal,2026-01-04 00:47:53.137,V-0042,tax_id,PO251206,V-0042,122546.83,USD,0,0,0,0,0,0,0,0,0,,0,,0,Auto-approve,Perfect extraction,0.3504930039627185,,,
AP-0000538,perfect,,TX-0053-42836,Oakmont Supply Group,INV-0053-000538,2025-12-31,2026-01-30,PO-251041,SGD,61112.27,5500.1,66612.37,30.0,False,V-0053,C,False,Email,2026-01-04 02:21:15.561,V-0053,tax_id,PO251041,V-0053,305074.81,SGD,0,0,0,0,0,0,0,0,0,,0,,0,Auto-approve,Perfect extraction,0.36836641594157,,,
AP-0003023,perfect,,TX-0071-54213,Summit Services LLC,INV-0071-003023,2025-12-31,2026-01-30,PO-250666,USD,2751.48,0.0,2751.48,30.0,False,V-0071,C,True,Email,2026-01-04 02:35:09.147,V-0071,tax_id,PO250666,V-0071,47259.78,USD,0,0,0,0,0,0,0,0,0,,0,,0,Auto-approve,Perfect extraction,0.2967362773172803,,,
AP-0004244,perfect,,TX-0095-51083,Crescent Supply Ltd.,INV-0095-004244,2025-12-30,2026-01-29,PO-250011,USD,3295.25,0.0,3295.25,30.0,False,V-0095,A,True,Email,2026-01-04 06:39:58.830,V-0095,tax_id,PO250011,V-0095,18742.58,USD,0,0,0,0,0,0,0,0,0,,0,,0,Auto-approve,Perfect extraction,0.310840582750098,,,
AP-0002033,perfect,,TX-0090-82710,Copperfield Advisors Ltd.,INV-0090-002033,2025-12-30,2026-02-28,PO-250348,USD,4953.17,0.0,4953.17,60.0,False,V-0090,B,False,Supplier portal,2026-01-04 14:17:33.627,V-0090,tax_id,PO250348,V-0090,30585.72,USD,0,0,0,0,0,1,0,0,0,,0,Payment Terms Mismatch,1,Exception review,Perfect extraction,0.6428278282515691,,,
AP-0003949,perfect,,TX-0017-46110,Cobalt Analytics Group,INV-0017-003949,2025-12-31,2026-02-14,PO-251799,GBP,6005.26,1201.05,7206.31,45.0,False,V-0017,C,False,Email,2026-01-05 02:19:27.877,V-0017,tax_id,PO251799,V-0017,19995.6,GBP,0,0,0,0,0,0,0,1,0,,0,High-Risk Vendor,1,Exception review,Perfect extraction,0.47900713956208735,,,
AP-0003881,perfect,,TX-0121-33255,Cobalt Systems Inc.,INV-0121-003881,2025-12-31,2026-03-01,PO-251869,USD,7719.23,0.0,7719.23,60.0,False,V-0121,E,False,Supplier portal,2026-01-05 09:22:58.468,V-0121,tax_id,PO251869,V-0121,33644.76,USD,0,0,0,0,0,0,1,1,0,,0,Inactive Vendor; High-Risk Vendor,2,Exception review,Perfect extraction,0.6792938018709826,,,
AP-0004283,perfect,,TX-0067-45894,Beacon Operations Ltd.,INV-0067-004283,2025-12-31,2026-01-30,PO-251203,USD,4911.35,0.0,4911.35,30.0,False,V-0067,B,False,Email,2026-01-05 11:02:09.863,V-0067,tax_id,PO251203,V-0067,24583.37,USD,0,0,0,0,0,0,0,0,0,,0,,0,Auto-approve,Perfect extraction,0.32321162363819583,,,
AP-0004522,ocr,95.7187911724138,TX-0001-43105,Evergreen Consulting Group,INV-0001-004522,2025-11-19,2025-12-19,PO-251520,INR,66627.23,11992.9,78620.13,30.0,False,V-0001,A,True,Email,2025-11-19 16:31:16.156,V-0001,tax_id,PO251520,V-0001,237854.54,INR,0,0,0,0,0,0,0,0,0,,0,,0,Auto-approve,Rules + OCR,0.3494639024364146,,,
AP-0000028,edi,,TX-0127-49996,Ironwood Solutions Inc.,INV-0127-000028,2025-11-14,2025-12-29,PO-252247,USD,1813.75,149.63,1963.38,45.0,False,V-0127,A,False,EDI,2025-11-19 17:12:26.874,V-0127,tax_id,PO252247,V-0127,10109.81,USD,0,0,0,0,0,0,0,0,0,,0,,0,Auto-approve,Rules + OCR,0.3386072642735493,,,
AP-0004401,pdf_text,,TX-0079-81417,Brightpath Technologies LLC,,,,,,,,,,False,V-0079,E,False,Supplier portal,2025-11-19 18:59:27.363,V-0079,tax_id,,,,,1,0,0,0,0,0,0,0,0,Missing field,1,Missing PO,1,Data check,Rules + OCR,0.6416839207359001,,,
AP-0003289,pdf_text,,TX-0044-84195,Harbor Analytics Ltd.,INV-0044-003289,2025-11-16,2026-01-15,PO-250228,USD,1222.5,0.0,1222.5,60.0,False,V-0044,B,False,Supplier portal,2025-11-19 19:20:45.548,V-0044,tax_id,PO250228,V-0044,12269.96,USD,0,0,0,0,0,1,0,0,0,,0,Payment Terms Mismatch,1,Exception review,Rules + OCR,0.6246192195913932,,,
AP-0003167,pdf_text,,TX-0094-30896,Copperfield Systems Group,INV-0094-003167,2025-11-14,2025-12-14,PO-250274,INR,1715.59,308.81,2024.4,30.0,False,V-0094,A,False,Supplier portal,2025-11-19 20:00:12.444,V-0094,tax_id,PO250274,V-0094,16789.05,INR,0,0,0,0,0,0,0,0,0,,0,,0,Auto-approve,Rules + OCR,0.31624077280904284,,,
AP-0000183,pdf_text,,TX-0107-50949,Silverline Advisors Inc.,INV-0107-000183,2025-11-18,2026-01-17,PO-251453,USD,66472.68,5484.0,71956.68,60.0,False,V-0107,C,False,Email,2025-11-19 21:23:41.812,V-0107,tax_id,PO251453,V-0107,400335.43,USD,0,0,0,0,0,0,0,0,1,,0,Duplicate Invoice,1,Exception review,Rules + OCR,0.5638748471306078,,,
AP-0001057,pdf_text,,TX-0006-57912,Beacon Solutions LLC,INV-0006-001057,2025-11-18,2026-01-17,PO-250703,CAD,6866.79,343.34,7210.13,60.0,False,V-0006,B,False,Supplier portal,2025-11-19 22:48:56.538,V-0006,tax_id,PO250703,V-0006,22864.68,CAD,0,0,0,0,0,0,0,0,0,,0,,0,Auto-approve,Rules + OCR,0.32659676496735657,,,
AP-0003082,ocr,95.2359452804878,TX-0137-44191,Pioneer Consulting Ltd.,INV-0137-003082,2025-11-19,2025-12-19,PO-251114,USD,13463.96,0.0,13463.96,30.0,False,V-0137,A,True,Email,2025-11-19 22:57:38.638,V-0137,tax_id,PO251114,V-0137,35484.79,USD,0,0,0,0,0,0,1,0,0,,0,Inactive Vendor,1,Exception review,Rules + OCR,0.6365733514204441,,,
AP-0003102,pdf_text,,TX-0128-19285,Harbor Systems LLC,INV-0128-003102,2025-11-17,2026-01-01,PO-251185,USD,11049.13,911.55,11960.68,45.0,False,V-0128,A,False,Email,2025-11-19 23:45:53.706,V-0128,tax_id,PO251185,V-0128,73602.24,USD,0,0,0,0,0,0,0,0,0,,0,,0,Auto-approve,Rules + OCR,0.3453132977798443,,,
AP-0002458,edi,,TX-0137-44191,Pioneer Consulting Ltd.,INV-0137-002458,2025-11-15,2025-12-15,PO-251114,USD,7621.63,0.0,7621.63,30.0,False,V-0137,A,False,EDI,2025-11-20 02:02:43.386,V-0137,tax_id,PO251114,V-0137,35484.79,USD,0,0,0,0,0,0,1,0,0,,0,Inactive Vendor,1,Exception review,Rules + OCR,0.6362207169323364,,,
AP-0004220,ocr,86.95963862000002,TX-0004-83750,Harbor Networks Ltd.,,,,,,,,,,False,V-0004,E,True,Email,2025-11-20 02:46:54.438,V-0004,tax_id,,,,,1,0,0,0,0,0,0,0,0,Missing field,1,Missing PO,1,Data check,Rules + OCR,0.5840997713478746,,,
AP-0000410,edi,,TX-0052-68137,Evergreen Consulting LLC,INV-0052-000410,2025-11-19,2025-12-19,PO-252384,USD,1282.5,0.0,1282.5,30.0,False,V-0052,A,False,EDI,2025-11-20 03:12:22.971,V-0052,tax_id,PO252384,V-0052,7214.96,USD,0,0,0,0,0,0,0,0,0,,0,,0,Auto-approve,Rules + OCR,0.306114775561085,,,
AP-0002954,ocr,95.16621851764704,TX-0056-21648,Oakmont Services LLC,,,,,,,610.03,,,False,V-0056,E,True,Email,2025-11-20 04:37:20.996,V-0056,tax_id,,,,,1,0,0,0,0,0,0,0,0,Missing field,1,Missing PO,1,Data check,Rules + OCR,0.6601803403197123,,,
AP-0000286,pdf_text,,TX-0078-49721,Crescent Networks Ltd.,INV-0078-000286,2025-11-17,2025-12-17,PO-250071,USD,65118.14,0.0,65118.14,30.0,False,V-0078,C,False,Supplier portal,2025-11-20 05:06:56.980,V-0078,tax_id,PO250071,V-0078,207194.76,USD,0,0,0,0,0,0,0,0,0,,0,,0,Auto-approve,Rules + OCR,0.3624103528654577,,,
AP-0002521,pdf_text,,TX-0119-27534,Evergreen Systems Group,,,,,,,374.26,,,False,V-0119,E,False,Email,2025-11-20 05:23:03.314,V-0119,tax_id,,,,,1,0,0,0,0,0,0,0,0,Missing field,1,Missing PO,1,Data check,Rules + OCR,0.6192639398998204,,,
AP-0003081,pdf_text,,TX-0046-43936,Beacon Solutions LLC,INV-0046-003081,2025-11-17,2026-01-16,PO-252155,USD,122671.74,0.0,122671.74,60.0,True,V-0046,C,False,Email,2025-11-20 05:41:03.789,V-0046,tax_id,PO252155,V-0046,84071.6,USD,0,0,0,0,1,0,0,0,0,,0,Invoice Over PO,1,Exception review,Rules + OCR,0.6805587019313911,,,
AP-0003105,pdf_text,,TX-0070-80671,Beacon Services LLC,INV-0070-003105,2025-11-15,2025-12-15,PO-250030,USD,61977.67,0.0,61977.67,30.0,False,V-0070,A,False,Supplier portal,2025-11-20 07:19:56.286,V-0070,tax_id,PO250030,V-0070,202298.55,USD,0,0,0,0,0,1,0,0,0,,0,Payment Terms Mismatch,1,Exception review,Rules + OCR,0.6544383901795247,,,
AP-0000925,pdf_text,,TX-0001-43105,Evergreen Consulting Group,INV-0001-000925,2025-11-20,2025-12-20,PO-251139,INR,25872.61,4657.07,30529.68,30.0,False,V-0001,A,False,Supplier portal,2025-11-20 08:53:30.877,V-0001,tax_id,PO251139,V-0001,105286.08,INR,0,0,0,0,0,0,0,0,0,,0,,0,Auto-approve,Rules + OCR,0.3199773169622636,,,
AP-0001834,pdf_text,,TX-0100-21510,Summit Logistics Inc.,,,,,,,,,,False,V-0100,E,False,Supplier portal,2025-11-20 12:34:48.357,V-0100,tax_id,,,,,1,0,0,0,0,0,0,0,0,Missing field,1,Missing PO,1,Data check,Rules + OCR,0.6521047701041527,,,
AP-0002905,edi,,TX-0031-87911,Lighthouse Systems Inc.,INV-0031-002905,2025-11-18,2025-12-03,PO-250418,USD,23705.2,0.0,23705.2,15.0,False,V-0031,E,False,EDI,2025-11-20 12:46:20.372,V-0031,tax_id,PO250418,V-0031,97315.18,USD,0,0,0,0,0,0,0,1,0,,0,High-Risk Vendor,1,Exception review,Rules + OCR,0.4213218817224008,,,
AP-0004788,pdf_text,,TX-0036-11692,Summit Systems LLC,INV-0036-004788,2025-11-16,2025-12-16,PO-251759,USD,8371.23,0.0,8371.23,30.0,False,V-0036,B,False,Supplier portal,2025-11-20 13:50:12.498,V-0036,tax_id,PO251759,V-0036,51278.63,USD,0,0,0,0,0,0,0,0,0,,0,,0,Auto-approve,Rules + OCR,0.30739345577574123,,,
AP-0003175,pdf_text,,TX-0048-57091,Oakmont Systems Inc.,INV-0048-003175,2025-11-20,2025-12-05,PO-252294,USD,6781.87,559.5,7341.37,15.0,False,V-0048,C,False,Email,2025-11-20 13:50:41.069,V-0048,tax_id,PO252294,V-0048,98913.96,USD,0,0,0,0,0,0,0,0,0,,0,,0,Auto-approve,Rules + OCR,0.3218684804010534,,,
AP-0001583,edi,,TX-0022-47741,Lighthouse Solutions LLC,INV-0022-001583,2025-11-19,2026-01-03,PO-251167,USD,8532.09,703.9,9235.99,45.0,False,V-0022,E,False,EDI,2025-11-20 15:02:28.587,V-0022,tax_id,PO251167,V-0022,118567.81,USD,0,0,0,0,0,0,0,1,0,,0,High-Risk Vendor,1,Exception review,Rules + OCR,0.41572938139851096,,,
AP-0004831,pdf_text,,TX-0021-37068,Brightpath Operations LLC,INV-0021-004831,2025-11-15,2025-12-30,PO-250889,USD,1413.73,116.63,1530.36,45.0,False,V-0021,C,False,Email,2025-11-20 15:23:57.254,V-0021,tax_id,PO250889,V-0021,5923.76,USD,0,0,0,0,0,0,0,0,0,,0,,0,Auto-approve,Rules + OCR,0.3368676491932168,,,
AP-0002321,edi,,TX-0113-54591,Stonebridge Logistics Inc.,INV-0113-002321,2025-11-20,2026-01-04,PO-250787,EUR,2385.51,500.96,2886.47,45.0,False,V-0113,D,False,EDI,2025-11-20 17:34:05.261,V-0113,tax_id,PO250787,V-0113,27735.59,EUR,0,0,0,0,0,0,0,0,0,,0,,0,Auto-approve,Rules + OCR,0.35376980952216747,,,
AP-0001060,pdf_text,,TX-0134-16068,Atlas Resources Ltd.,,,,,,,,,,False,V-0134,E,False,Supplier portal,2025-11-20 17:42:00.184,V-0134,tax_id,,,,,1,0,0,0,0,0,0,0,0,Missing field,1,Missing PO,1,Data check,Rules + OCR,0.662221601492271,,,
AP-0002430,edi,,TX-0079-81417,Brightpath Technologies LLC,INV-0079-002430,2025-11-20,2025-12-20,PO-250299,USD,36688.29,0.0,36688.29,30.0,False,V-0079,E,False,EDI,2025-11-20 17:59:13.921,V-0079,tax_id,PO250299,V-0079,99153.47,USD,0,0,0,0,0,0,0,0,0,,0,,0,Auto-approve,Rules + OCR,0.3110042895549176,,,
AP-0002887,pdf_text,,TX-0042-54837,Summit Systems LLC,INV-0042-002887,2025-11-15,2026-01-14,PO-250570,USD,7013.05,0.0,7013.05,60.0,False,V-0042,B,False,Supplier portal,2025-11-20 19:17:46.768,V-0042,tax_id,PO250570,V-0042,20022.47,USD,0,0,0,0,0,0,0,0,0,,0,,0,Auto-approve,Rules + OCR,0.3593547687888523,,,
AP-0000957,edi,,TX-0071-54213,Summit Services LLC,INV-0071-000957,2025-11-16,2025-12-16,PO-250666,USD,13104.39,0.0,13104.39,30.0,False,V-0071,C,False,EDI,2025-11-20 21:06:10.186,V-0071,tax_id,PO250666,V-0071,47259.78,USD,0,0,0,0,0,0,0,0,0,,0,,0,Auto-approve,Rules + OCR,0.2852305913525873,,,
AP-0004004,pdf_text,,TX-0029-56211,Crescent Technologies LLC,INV-0029-004004,2025-11-20,2025-12-05,PO-252327,USD,2392.26,197.36,2589.62,15.0,False,V-0029,C,False,Supplier portal,2025-11-20 21:50:32.221,V-0029,tax_id,PO252327,V-0029,18924.89,USD,0,0,0,0,0,0,0,0,0,,0,,0,Auto-approve,Rules + OCR,0.3085499555586995,,,
AP-0002528,pdf_text,,TX-0090-82710,Summit Systems LLC,INV-0090-002528,2025-11-17,2026-01-01,PO-250970,USD,2817.2,0.0,2817.2,45.0,False,V-0090,B,False,Supplier portal,2025-11-20 21:51:50.136,V-0090,tax_id,PO250970,V-0090,33636.72,USD,0,0,0,0,0,0,0,0,0,,0,,0,Auto-approve,Rules + OCR,0.35441654196431194,,,
AP-0004062,pdf_text,,TX-0044-84195,Harbor Analytics Ltd.,INV-0044-004062,2025-11-18,2025-12-03,,USD,8000.61,0.0,8000.61,15.0,False,V-0044,B,False,Supplier portal,2025-11-20 22:07:17.911,V-0044,tax_id,,,,,1,0,0,0,0,0,0,0,0,,0,Missing PO,1,Exception review,Rules + OCR,0.6494238533872252,,,
AP-0000317,pdf_text,,TX-0037-24439,Redwood Supply LLC,INV-0037-000317,2025-11-17,2025-12-17,PO-250737,EUR,5515.88,1158.33,6674.21,30.0,False,V-0037,D,False,Supplier portal,2025-11-20 23:44:24.066,V-0037,tax_id,PO250737,V-0037,43579.99,EUR,0,0,0,0,0,0,0,0,0,,0,,0,Auto-approve,Rules + OCR,0.31178687449166614,,,
AP-0003028,ocr,94.36761833333333,TX-0064-39165,Oakmont Supply Ltd.,INV-0064-003028,2025-11-16,2025-12-16,PO-251705,CAD,1189.22,59.46,1248.68,30.0,False,V-0064,B,True,Email,2025-11-21 01:41:35.329,V-0064,tax_id,PO251705,V-0064,10879.66,CAD,0,0,0,0,0,0,0,0,0,,0,,0,Auto-approve,Rules + OCR,0.47741500482266125,,,
AP-0004247,pdf_text,,TX-0048-57091,Oakmont Systems Inc.,INV-0048-004247,2025-11-20,2025-12-05,PO-250179,USD,512.43,42.28,554.71,15.0,False,V-0048,C,False,Supplier portal,2025-11-21 04:19:17.245,V-0048,tax_id,PO250179,V-0048,10361.45,USD,0,0,0,0,0,0,0,0,0,,0,,0,Auto-approve,Rules + OCR,0.3214595123216585,,,
AP-0004556,pdf_text,,TX-0088-45873,Atlas Systems Group,INV-0088-004556,2025-11-20,2025-12-20,PO-250345,USD,100305.94,0.0,100305.94,30.0,False,V-0088,A,False,Supplier portal,2025-11-21 04:48:18.037,V-0088,tax_id,PO250345,V-0088,85040.66,USD,0,0,0,0,1,0,0,0,0,,0,Invoice Over PO,1,Exception review,Rules + OCR,0.6777767350415987,,,
AP-0003819,ocr,90.45291305208332,TX-0047-37316,Stonebridge Advisors Group,INV-0047-003819,2025-11-17,2025-12-17,PO-252226,EUR,11727.9,2462.86,14190.76,30.0,False,V-0047,D,True,Email,2025-11-21 05:46:16.540,V-0047,tax_id,PO252226,V-0047,255433.66,EUR,0,0,0,0,0,0,0,0,0,,0,,0,Auto-approve,Rules + OCR,0.3224975114423597,,,
AP-0000738,pdf_text,,TX-0054-19609,Crescent Logistics LLC,INV-0054-000738,2025-11-19,2025-12-04,PO-X000738,USD,3620.14,298.66,3918.8,15.0,False,V-0054,A,False,Supplier portal,2025-11-21 06:34:59.565,V-0054,tax_id,POX000738,,,,0,1,0,0,0,1,0,0,0,,0,Invalid PO; Payment Terms Mismatch,2,Exception review,Rules + OCR,0.7332417109327626,,,
AP-0003333,pdf_text,,TX-0017-46110,Cobalt Analytics Group,INV-0017-003333,2025-11-16,2025-12-31,PO-251983,GBP,83524.4,16704.88,100229.28,45.0,False,V-0017,C,False,Email,2025-11-21 07:54:11.621,V-0017,tax_id,PO251983,V-0017,366114.67,GBP,0,0,0,0,0,0,0,1,0,,0,High-Risk Vendor,1,Exception review,Rules + OCR,0.5553888283966902,,,
AP-0000810,pdf_text,,TX-0059-74622,Pioneer Solutions Group,INV-0059-000810,2025-11-18,2026-01-02,PO-251568,USD,15028.44,1239.85,16268.29,45.0,False,V-0059,A,False,Supplier portal,2025-11-21 07:56:22.689,V-0059,tax_id,PO251568,V-0059,46307.84,USD,0,0,0,0,0,0,1,0,1,,0,Inactive Vendor; Duplicate Invoice,2,Exception review,Rules + OCR,0.6558372948807734,,,
AP-0003726,pdf_text,,TX-0042-54837,Summit Systems LLC,INV-0042-003726,2025-11-18,2026-01-17,PO-250763,USD,9329.21,0.0,9329.21,60.0,False,V-0042,B,False,Email,2025-11-21 07:59:02.551,V-0042,tax_id,PO250763,V-0042,24958.38,USD,0,0,0,0,0,0,0,0,0,,0,,0,Auto-approve,Rules + OCR,0.3593828504347497,,,
AP-0001697,pdf_text,,TX-0112-59988,Crescent Systems Group,INV-0112-001697,2025-11-19,2025-12-19,PO-252159,USD,2023.85,0.0,2023.85,30.0,True,V-0112,C,False,Supplier portal,2025-11-21 08:02:00.709,V-0112,tax_id,PO252159,V-0112,31383.4,USD,0,0,0,0,0,0,0,0,0,,0,,0,Auto-approve,Rules + OCR,0.3203921273719334,,,
AP-0003173,pdf_text,,TX-0062-17232,Summit Systems LLC,INV-0062-003173,2025-11-21,2025-12-21,PO-252062,USD,703.76,0.0,703.76,30.0,True,V-0062,B,False,Email,2025-11-21 11:37:30.477,V-0062,tax_id,PO252062,V-0062,7700.38,USD,0,0,0,0,0,0,0,0,0,,0,,0,Auto-approve,Rules + OCR,0.3438348107931831,,,
AP-0001618,pdf_text,,TX-0140-96185,Blue Ridge Operations Inc.,INV-0140-001618,2025-11-19,2025-12-19,PO-252194,USD,2214.9,0.0,2214.9,30.0,False,V-0140,C,False,Supplier portal,2025-11-21 12:14:43.011,V-0140,tax_id,PO252194,V-0140,36896.16,USD,0,0,0,0,0,0,0,0,0,,0,,0,Auto-approve,Rules + OCR,0.3111022270886416,,,
AP-0003971,ocr,95.17149659036144,TX-0097-36111,Clearview Analytics Ltd.,INV-0097-003971,2025-11-16,2025-12-31,PO-250375,GBP,2863.38,572.68,3436.06,45.0,False,V-0097,A,True,Email,2025-11-21 13:26:06.679,V-0097,tax_id,PO250375,V-0097,38122.17,GBP,0,0,0,0,0,0,0,0,0,,0,,0,Auto-approve,Rules + OCR,0.4066897773445582,,,
AP-0000774,pdf_text,,TX-0130-24969,Harbor Technologies Ltd.,INV-0130-000774,2025-11-16,2026-01-15,PO-252251,EUR,7447.3,1563.93,9011.23,60.0,False,V-0130,D,False,Email,2025-11-21 13:52:23.309,V-0130,tax_id,PO252251,V-0130,29613.45,EUR,0,0,0,0,0,0,0,0,0,,0,,0,Auto-approve,Rules + OCR,0.35938876906530914,,,
AP-0003821,ocr,95.7075624117647,TX-0096-18776,Copperfield Systems Group,INV-0096-003821,2025-11-16,2025-12-16,PO-252293,CAD,8012.4,400.62,8413.02,30.0,False,V-0096,A,True,Email,2025-11-21 19:11:34.418,V-0096,tax_id,PO252293,V-0096,49546.84,CAD,0,0,0,0,0,0,0,0,0,,0,,0,Auto-approve,Rules + OCR,0.32744878028787117,,,
AP-0000085,pdf_text,,TX-0059-74622,Pioneer Solutions Group,INV-0059-000085,2025-11-21,2026-01-05,PO-251823,USD,5925.88,488.88,6414.76,45.0,False,V-0059,A,False,Supplier portal,2025-11-21 20:56:11.183,V-0059,tax_id,PO251823,V-0059,54564.55,USD,0,0,0,0,0,0,1,0,0,,0,Inactive Vendor,1,Exception review,Rules + OCR,0.6130136134397706,,,
AP-0003141,pdf_text,,TX-0033-48829,Northstar Advisors LLC,,,,,,,,,,False,V-0033,E,False,Supplier portal,2025-11-21 22:21:10.464,V-0033,tax_id,,,,,1,0,0,0,0,0,0,0,0,Missing field,1,Missing PO,1,Data check,Rules + OCR,0.6383239094687763,,,
AP-0002276,ocr,95.42702102777778,TX-0112-59988,Crescent Systems Group,INV-0112-002276,2025-11-17,2025-12-17,PO-250898,USD,,,43666.16,30.0,False,V-0112,C,True,Email,2025-11-21 22:28:29.954,V-0112,tax_id,PO250898,V-0112,221677.68,USD,0,0,0,0,0,0,0,0,0,,0,,0,Auto-approve,Rules + OCR,0.30633219989036814,,,
AP-0002399,ocr,95.02758071764708,TX-0034-94278,Summit Systems LLC,,,,,CAD,16381.88,819.09,17200.97,,False,V-0034,B,True,Email,2025-11-21 22:34:20.429,V-0034,tax_id,,,,,1,0,0,0,0,0,0,0,0,Missing field,1,Missing PO,1,Data check,Rules + OCR,0.6658351530392623,,,
AP-0004935,pdf_text,,TX-0115-48708,Ironwood Services Group,INV-0115-004935,2025-11-20,2025-12-05,PO-252147,EUR,2098.37,440.66,2539.03,15.0,False,V-0115,D,False,Supplier portal,2025-11-21 23:08:13.718,V-0115,tax_id,PO252147,V-0115,16538.48,EUR,0,0,0,0,0,0,0,0,0,,0,,0,Auto-approve,Rules + OCR,0.32949064189327626,,,
AP-0000184,pdf_text,,TX-0113-54591,Stonebridge Logistics Inc.,INV-0113-000184,2025-11-19,2026-01-03,PO-250032,EUR,5444.54,1143.35,6587.89,45.0,False,V-0113,D,False,Supplier portal,2025-11-21 23:31:22.527,V-0113,tax_id,PO250032,V-0113,24782.92,EUR,0,0,0,0,0,0,0,0,0,,0,,0,Auto-approve,Rules + OCR,0.35231867041929515,,,
AP-0003050,pdf_text,,TX-0053-42836,Oakmont Supply Group,INV-0053-003050,2025-11-21,2025-12-21,PO-250248,SGD,28005.37,2520.48,30525.85,30.0,False,V-0053,C,False,Supplier portal,2025-11-22 00:18:58.219,V-0053,tax_id,PO250248,V-0053,121543.14,SGD,0,0,0,0,0,0,0,0,0,,0,,0,Auto-approve,Rules + OCR,0.31670717738880955,,,
AP-0000118,pdf_text,,TX-0037-24439,Redwood Supply LLC,INV-0037-000118,2025-11-19,2025-12-19,PO-250349,EUR,4918.83,1032.96,5951.79,30.0,False,V-0037,D,False,Supplier portal,2025-11-22 01:02:10.678,V-0037,tax_id,PO250349,V-0037,21543.31,EUR,0,0,0,0,0,0,0,0,0,,0,,0,Auto-approve,Rules + OCR,0.33899608224984756,,,
AP-0003383,ocr,95.68493368085105,TX-0054-19609,Crescent Logistics LLC,INV-0054-003383,2025-11-21,2025-12-21,PO-250974,USD,11611.84,957.98,12569.82,30.0,False,V-0054,A,True,Email,2025-11-22 01:54:56.524,V-0054,tax_id,PO250974,V-0054,37636.46,USD,0,0,0,0,0,0,0,0,0,,0,,0,Auto-approve,Rules + OCR,0.32259559253019005,,,
AP-0004034,pdf_text,,TX-0064-39165,Oakmont Supply Ltd.,INV-0064-004034,2025-11-20,2025-12-20,PO-252071,CAD,914.97,45.75,960.72,30.0,False,V-0064,B,False,Supplier portal,2025-11-22 03:27:01.443,V-0064,tax_id,PO252071,V-0064,17560.43,CAD,0,0,0,0,0,0,0,0,0,,0,,0,Auto-approve,Rules + OCR,0.32733955244663926,,,
AP-0002001,ocr,94.93405046835444,TX-0075-26492,Evergreen Digital Group,,,,,,,556.95,,,False,V-0075,E,True,Email,2025-11-22 03:54:12.645,V-0075,tax_id,,,,,1,0,0,0,0,0,0,0,0,Missing field,1,Missing PO,1,Data check,Rules + OCR,0.5743337679828033,,,
AP-0001377,ocr,96.07779492207791,TX-0045-69725,Atlas Services LLC,INV-0045-001377,2025-11-20,2026-01-04,PO-252017,USD,23790.02,0.0,23790.02,45.0,False,V-0045,A,True,Email,2025-11-22 05:49:24.688,V-0045,tax_id,PO252017,V-0045,108313.54,USD,0,0,0,0,0,0,0,0,0,,0,,0,Auto-approve,Rules + OCR,0.33088059368430867,,,
AP-0004012,edi,,TX-0138-43552,Atlas Partners Group,INV-0138-004012,2025-11-20,2025-12-20,PO-251567,EUR,8364.39,1756.52,10120.91,30.0,False,V-0138,D,False,EDI,2025-11-22 06:56:38.809,V-0138,tax_id,PO251567,V-0138,53984.46,EUR,0,0,0,0,0,0,0,1,0,,0,High-Risk Vendor,1,Exception review,Rules + OCR,0.40809387807136693,,,
AP-0004267,pdf_text,,TX-0042-54837,Summit Systems LLC,INV-0042-004267,2025-11-19,2026-01-18,PO-251784,USD,2836.64,0.0,2836.64,60.0,False,V-0042,B,False,Supplier portal,2025-11-22 07:34:09.677,V-0042,tax_id,PO251784,V-0042,14351.43,USD,0,0,0,0,0,0,0,0,0,,0,,0,Auto-approve,Rules + OCR,0.36023083948118584,,,
AP-0001464,pdf_text,,TX-0071-54213,Summit Services LLC,INV-0071-001464,2025-11-19,2025-12-19,PO-250979,USD,10831.32,0.0,10831.32,30.0,False,V-0071,C,False,Email,2025-11-22 08:31:23.768,V-0071,tax_id,PO250979,V-0071,34721.5,USD,0,0,0,0,0,0,0,0,0,,0,,0,Auto-approve,Rules + OCR,0.3214156821250566,,,
AP-0001239,pdf_text,,TX-0057-94723,Lighthouse Supply Ltd.,INV-0057-001239,2025-11-20,2025-12-20,PO-252254,USD,10618.83,0.0,10618.83,30.0,False,V-0057,A,False,Supplier portal,2025-11-22 09:05:21.756,V-0057,tax_id,PO252254,V-0057,37926.53,USD,0,0,0,0,0,0,0,0,0,,0,,0,Auto-approve,Rules + OCR,0.3312927146761423,,,
AP-0001817,pdf_text,,TX-0100-21510,Summit Logistics Inc.,,,,,,,,,,False,V-0100,E,False,Supplier portal,2025-11-22 12:36:18.929,V-0100,tax_id,,,,,1,0,0,0,0,0,0,0,0,Missing field,1,Missing PO,1,Data check,Rules + OCR,0.591326120005422,,,
AP-0002756,pdf_text,,TX-0087-76038,Atlas Digital Ltd.,INV-0087-002756,2025-11-20,2026-01-19,PO-250190,EUR,988.74,207.63,1196.37,60.0,False,V-0087,D,False,Supplier portal,2025-11-22 14:44:12.900,V-0087,tax_id,PO250190,V-0087,16356.69,EUR,0,0,0,0,0,0,0,0,0,,0,,0,Auto-approve,Rules + OCR,0.3578095950695989,,,
AP-0000166,pdf_text,,TX-0097-36111,Clearview Analytics Ltd.,INV-0097-000166,2025-11-19,2026-01-03,PO-251096,GBP,16616.53,3323.3,19939.83,45.0,False,V-0097,A,False,Supplier portal,2025-11-22 14:56:00.143,V-0097,tax_id,PO251096,V-0097,69688.02,GBP,0,0,0,0,0,0,0,0,0,,0,,0,Auto-approve,Rules + OCR,0.4029905860104651,,,
AP-0002373,edi,,TX-0027-23409,Harbor Digital LLC,INV-0027-002373,2025-11-20,2025-12-20,PO-251884,USD,1021.19,0.0,1021.19,30.0,False,V-0027,B,False,EDI,2025-11-22 14:56:47.694,V-0027,tax_id,PO251884,V-0027,22242.15,USD,0,0,0,0,0,0,1,0,0,,0,Inactive Vendor,1,Exception review,Rules + OCR,0.6085015371327754,,,
AP-0004374,pdf_text,,TX-0011-62098,Summit Systems LLC,INV-0011-004374,2025-11-19,2025-12-19,PO-252101,USD,15823.38,0.0,15823.38,30.0,False,V-0011,B,False,Supplier portal,2025-11-22 14:59:17.985,V-0011,tax_id,PO252101,V-0011,70771.29,USD,0,0,0,0,0,0,0,0,0,,0,,0,Auto-approve,Rules + OCR,0.3338847723174331,,,
AP-0001369,pdf_text,,TX-0030-52947,Crescent Networks Inc.,,,,,,,504.77,,,False,V-0030,E,False,Supplier portal,2025-11-22 15:32:01.361,V-0030,tax_id,,,,,1,0,0,0,0,0,0,0,0,Missing field,1,Missing PO,1,Data check,Rules + OCR,0.6581122330039814,,,
AP-0001570,pdf_text,,TX-0119-27534,Evergreen Systems Group,,,,,,,724.1,,,True,V-0119,E,False,Supplier portal,2025-11-22 17:34:01.182,V-0119,tax_id,,,,,1,0,0,0,0,0,0,0,0,Missing field,1,Missing PO,1,Data check,Rules + OCR,0.6136505025265241,,,
AP-0000779,pdf_text,,TX-0054-19609,Crescent Logistics LLC,INV-0054-000779,2025-11-21,2025-12-21,PO-250035,USD,36375.98,3001.02,39377.0,30.0,False,V-0054,A,False,Supplier portal,2025-11-22 20:37:56.743,V-0054,tax_id,PO250035,V-0054,112817.82,USD,0,0,0,0,0,0,0,0,0,,0,,0,Auto-approve,Rules + OCR,0.32222144445116857,,,
AP-0004457,edi,,TX-0118-10046,Stonebridge Logistics Ltd.,INV-0118-004457,2025-11-22,2025-12-22,PO-250798,USD,95103.47,7846.04,102949.51,30.0,False,V-0118,C,False,EDI,2025-11-22 21:39:47.301,V-0118,tax_id,PO250798,V-0118,470466.69,USD,0,0,0,0,0,0,0,0,0,,0,,0,Auto-approve,Rules + OCR,0.38534509070712425,,,
AP-0000679,edi,,TX-0128-19285,Harbor Systems LLC,INV-0128-000679,2025-11-20,2026-01-04,PO-251185,USD,21046.53,1736.34,22782.87,45.0,False,V-0128,A,False,EDI,2025-11-22 21:51:50.289,V-0128,tax_id,PO251185,V-0128,73602.24,USD,0,0,0,0,0,0,0,0,0,,0,,0,Auto-approve,Rules + OCR,0.344867996772244,,,
AP-0001662,pdf_text,,TX-0063-67062,Copperfield Systems Inc.,,,,,,,229.56,,,True,V-0063,E,False,Supplier portal,2025-11-22 22:23:34.735,V-0063,tax_id,,,,,1,0,0,0,0,0,0,0,0,Missing field,1,Missing PO,1,Data check,Rules + OCR,0.6167596253593346,,,
AP-0000190,pdf_text,,TX-0063-67062,Copperfield Systems Inc.,,,,,,,4126.05,,,False,V-0063,E,False,Email,2025-11-23 01:07:00.519,V-0063,tax_id,,,,,1,0,0,0,0,0,0,0,0,Missing field,1,Missing PO,1,Data check,Rules + OCR,0.6241756824984093,,,
AP-0002576,pdf_text,,TX-0059-74622,Pioneer Solutions Group,INV-0059-002576,2025-11-20,2026-01-04,PO-251568,USD,5627.27,464.25,6091.52,45.0,False,V-0059,A,False,Supplier portal,2025-11-23 01:07:28.479,V-0059,tax_id,PO251568,V-0059,46307.84,USD,0,0,0,0,0,0,1,0,0,,0,Inactive Vendor,1,Exception review,Rules + OCR,0.6057329404725996,,,
AP-0002975,pdf_text,,TX-0031-87911,Lighthouse Systems Inc.,,,,,,,,,,False,V-0031,E,False,Email,2025-11-23 01:19:29.899,V-0031,tax_id,,,,,1,0,0,0,0,0,0,1,0,Missing field,1,Missing PO; High-Risk Vendor,2,Data check,Rules + OCR,0.630295735621036,,,
AP-0004716,pdf_text,,TX-0032-86220,Harbor Networks Group,INV-0032-004716,2025-11-20,2026-01-04,PO-250922,SGD,15443.33,1389.9,16833.23,45.0,False,V-0032,A,False,Supplier portal,2025-11-23 04:21:27.041,V-0032,tax_id,PO250922,V-0032,51045.5,SGD,0,0,0,0,0,0,0,0,0,,0,,0,Auto-approve,Rules + OCR,0.36596033278444795,,,
AP-0000833,pdf_text,,TX-0093-95568,Summit Systems LLC,INV-0093-000833,2025-11-20,2026-01-04,PO-252095,USD,12193.28,1005.95,13199.23,45.0,False,V-0093,B,False,Supplier portal,2025-11-23 04:41:12.667,V-0093,tax_id,PO252095,V-0093,186450.89,USD,0,0,0,0,0,1,0,0,0,,0,Payment Terms Mismatch,1,Exception review,Rules + OCR,0.6299700899216728,,,
AP-0002259,pdf_text,,TX-0140-96185,Blue Ridge Operations Inc.,INV-0140-002259,2025-11-22,2025-12-22,PO-251522,USD,15422.37,0.0,15422.37,30.0,False,V-0140,C,False,Supplier portal,2025-11-23 09:58:45.743,V-0140,tax_id,PO251522,V-0140,44643.55,USD,0,0,0,0,0,0,0,0,0,,0,,0,Auto-approve,Rules + OCR,0.3029739869689877,,,
AP-0003412,pdf_text,,TX-0132-11639,Atlas Supply Group,INV-0132-003412,2025-11-23,2026-01-22,PO-250939,USD,4096.98,338.0,4434.98,60.0,False,V-0132,A,False,Supplier portal,2025-11-23 10:23:30.505,V-0132,tax_id,PO250939,V-0132,12124.95,USD,0,0,0,0,0,0,0,0,0,,0,,0,Auto-approve,Rules + OCR,0.33729510201139556,,,
AP-0004835,pdf_text,,TX-0132-11639,Atlas Supply Group,INV-0132-004835,2025-11-19,2026-01-18,PO-252131,USD,35641.56,2940.43,38581.99,60.0,False,V-0132,A,False,Supplier portal,2025-11-23 10:32:15.723,V-0132,tax_id,PO252131,V-0132,105811.67,USD,0,0,0,0,0,0,0,0,0,,0,,0,Auto-approve,Rules + OCR,0.32919675814698,,,
AP-0001314,pdf_text,,TX-0062-17232,Summit Systems LLC,INV-0062-001314,2025-11-20,2025-12-20,PO-252175,USD,17820.62,0.0,17820.62,30.0,False,V-0062,B,False,Supplier portal,2025-11-23 11:57:52.828,V-0062,tax_id,PO252175,V-0062,130741.51,USD,0,0,0,0,0,0,0,0,0,,0,,0,Auto-approve,Rules + OCR,0.3296997769390877,,,
AP-0004440,pdf_text,,TX-0136-10386,Clearview Services Inc.,INV-0136-004440,2025-11-22,2026-01-06,PO-251340,SGD,12622.81,1136.05,13758.86,45.0,False,V-0136,A,False,Supplier portal,2025-11-23 11:58:14.774,V-0136,tax_id,PO251340,V-0136,48312.87,SGD,0,0,0,0,0,0,0,1,0,,0,High-Risk Vendor,1,Exception review,Rules + OCR,0.4711939625525739,,,
AP-0001853,pdf_text,,TX-0005-88178,Atlas Resources Inc.,INV-0005-001853,2025-11-23,2025-12-23,PO-250835,USD,791.77,0.0,791.77,30.0,False,V-0005,A,False,Email,2025-11-23 12:39:03.506,V-0005,tax_id,PO250835,V-0005,5396.79,USD,0,0,0,0,0,0,0,0,0,,0,,0,Auto-approve,Rules + OCR,0.31256739966163266,,,
AP-0000621,pdf_text,,TX-0130-24969,Harbor Technologies Ltd.,INV-0130-000621,2025-11-21,2026-01-20,PO-252251,EUR,9081.47,1907.11,10988.58,60.0,False,V-0130,D,False,Supplier portal,2025-11-23 13:44:51.419,V-0130,tax_id,PO252251,V-0130,29613.45,EUR,0,0,0,0,0,0,0,0,0,,0,,0,Auto-approve,Rules + OCR,0.3524601805880131,,,
AP-0002483,edi,,TX-0011-62098,Oakmont Solutions LLC,INV-0011-002483,2025-11-20,2025-12-20,PO-252265,USD,10972.9,0.0,10972.9,30.0,False,V-0011,B,False,EDI,2025-11-23 13:50:35.765,V-0011,tax_id,PO252265,V-0011,94914.43,USD,0,0,0,0,0,0,0,0,0,,0,,0,Auto-approve,Rules + OCR,0.3030029250657007,,,
AP-0004980,pdf_text,,TX-0140-96185,Blue Ridge Operations Inc.,INV-0140-004980,2025-11-22,2025-12-22,PO-251464,USD,25008.14,0.0,25008.14,30.0,False,V-0140,C,False,Supplier portal,2025-11-23 15:07:16.317,V-0140,tax_id,PO251464,V-0140,17397.74,USD,0,0,0,0,1,0,0,0,0,,0,Invoice Over PO,1,Exception review,Rules + OCR,0.5776126412517294,,,
AP-0004564,pdf_text,,TX-0033-48829,Northstar Advisors LLC,,,,,,,,,,False,V-0033,E,False,Supplier portal,2025-11-23 18:51:00.286,V-0033,tax_id,,,,,1,0,0,0,0,0,0,0,0,Missing field,1,Missing PO,1,Data check,Rules + OCR,0.6302915883326388,,,
AP-0003484,pdf_text,,TX-0031-87911,Lighthouse Systems Inc.,,,,,,,,,,False,V-0031,E,False,Supplier portal,2025-11-23 19:37:46.896,V-0031,tax_id,,,,,1,0,0,0,0,0,0,1,0,Missing field,1,Missing PO; High-Risk Vendor,2,Data check,Rules + OCR,0.6274518109490457,,,
AP-0004970,edi,,TX-0071-54213,Summit Services LLC,INV-0071-004970,2025-11-22,2025-12-22,,USD,2043.28,0.0,2043.28,30.0,False,V-0071,C,False,EDI,2025-11-23 19:47:06.185,V-0071,tax_id,,,,,1,0,0,0,0,0,0,0,0,,0,Missing PO,1,Exception review,Rules + OCR,0.6157238388317818,,,
AP-0001252,edi,,TX-0055-46775,Silverline Analytics Group,INV-0055-000534,2025-11-18,2025-12-18,PO-251286,SGD,12847.96,1156.32,14004.28,30.0,False,V-0055,C,False,EDI,2025-11-23 19:51:01.541,V-0055,tax_id,PO251286,V-0055,7210.4,SGD,0,0,0,0,1,0,0,0,1,,0,Invoice Over PO; Duplicate Invoice,2,Exception review,Rules + OCR,0.6696258335501981,,,
AP-0001782,pdf_text,,TX-0052-68137,Evergreen Consulting LLC,INV-0052-001782,2025-11-18,2025-12-18,PO-251061,USD,5035.6,0.0,5035.6,30.0,False,V-0052,A,False,Supplier portal,2025-11-23 20:56:06.179,V-0052,tax_id,PO251061,V-0052,51143.3,USD,0,0,0,0,0,0,0,0,0,,0,,0,Auto-approve,Rules + OCR,0.33790816265364604,,,
AP-0004780,pdf_text,,TX-0048-57091,Oakmont Systems Inc.,INV-0048-004780,2025-11-18,2025-12-18,PO-250619,USD,13324.65,1099.28,14423.93,30.0,False,V-0048,C,False,Supplier portal,2025-11-23 21:41:36.225,V-0048,tax_id,PO250619,V-0048,64194.21,USD,0,0,0,0,0,1,0,0,0,,0,Payment Terms Mismatch,1,Exception review,Rules + OCR,0.6230335476783168,,,
AP-0001283,ocr,92.86514456976744,TX-0003-12255,Cobalt Technologies Group,INV-0003-001283,2025-11-19,2025-12-19,PO-252174,INR,2233.51,402.03,2635.54,30.0,False,V-0003,D,True,Email,2025-11-23 21:54:05.337,V-0003,tax_id,PO252174,V-0003,24758.89,EUR,0,0,0,1,0,0,0,0,0,,0,Currency Mismatch,1,Exception review,Rules + OCR,0.6200717373844481,,,
AP-0004740,pdf_text,,TX-0139-47222,Summit Systems LLC,INV-0139-004740,2025-11-22,2025-12-22,PO-250869,USD,40536.81,0.0,40536.81,30.0,False,V-0139,B,False,Supplier portal,2025-11-23 22:23:19.120,V-0139,tax_id,PO250869,V-0139,143086.95,USD,0,0,0,0,0,0,0,0,0,,0,,0,Auto-approve,Rules + OCR,0.3047124042557859,,,
AP-0004171,edi,,TX-0026-46682,Oakmont Supply Ltd.,INV-0026-004171,2025-11-19,2025-12-04,PO-251838,EUR,3837.8,805.94,4643.74,15.0,False,V-0026,D,False,EDI,2025-11-23 23:21:20.478,V-0026,tax_id,PO251838,V-0026,102916.28,EUR,0,0,0,0,0,0,0,0,0,,0,,0,Auto-approve,Rules + OCR,0.30480971219591163,,,
AP-0001716,pdf_text,,TX-0048-57091,Oakmont Systems Inc.,INV-0048-001716,2025-11-20,2025-12-05,PO-252125,USD,1987.61,163.98,2151.59,15.0,False,V-0048,C,False,Supplier portal,2025-11-24 00:54:06.331,V-0048,tax_id,PO252125,V-0048,15055.85,USD,0,0,0,0,0,0,0,0,0,,0,,0,Auto-approve,Rules + OCR,0.3280840633463861,,,
AP-0000734,pdf_text,,TX-0015-69124,Clearview Digital Inc.,INV-0015-000734,2025-11-20,2025-12-20,PO-251102,USD,2207.59,0.0,2207.59,30.0,False,V-0015,A,False,Email,2025-11-24 01:12:45.375,V-0015,tax_id,PO251102,V-0015,9456.63,USD,0,0,0,0,0,0,0,0,0,,0,,0,Auto-approve,Rules + OCR,0.31979255721030375,,,
AP-0003800,pdf_text,,TX-0015-69124,Clearview Digital Inc.,INV-0015-003800,2025-11-22,2026-01-21,PO-251059,USD,23122.89,0.0,23122.89,60.0,False,V-0015,A,False,Supplier portal,2025-11-24 01:36:25.953,V-0015,tax_id,PO251059,V-0015,129078.95,USD,0,0,0,0,0,1,0,0,0,,0,Payment Terms Mismatch,1,Exception review,Rules + OCR,0.6102155402388285,,,
AP-0001759,pdf_text,,TX-0053-42836,Oakmont Supply Group,INV-0053-001759,2025-11-21,2025-12-21,PO-250772,GBP,8308.99,1661.8,9970.79,30.0,False,V-0053,C,False,Email,2025-11-24 02:00:55.136,V-0053,tax_id,PO250772,V-0053,27019.93,SGD,0,0,0,1,0,0,0,0,0,,0,Currency Mismatch,1,Exception review,Rules + OCR,0.6507003190945849,,,
AP-0002058,pdf_text,,TX-0052-68137,Evergreen Consulting LLC,INV-0052-002058,2025-11-20,2025-12-20,PO-252384,USD,1191.4,0.0,1191.4,30.0,False,V-0052,A,False,Supplier portal,2025-11-24 02:09:34.643,V-0052,tax_id,PO252384,V-0052,7214.96,USD,0,0,0,0,0,0,0,0,0,,0,,0,Auto-approve,Rules + OCR,0.30650836607985005,,,
AP-0004520,edi,,TX-0100-21510,Summit Logistics Inc.,INV-0100-004520,2025-11-23,2025-12-23,PO-250616,USD,11459.85,0.0,11459.85,30.0,False,V-0100,E,False,EDI,2025-11-24 02:54:26.926,V-0100,tax_id,PO250616,V-0100,97443.06,USD,0,0,0,0,0,0,0,0,0,,0,,0,Auto-approve,Rules + OCR,0.3115487357207929,,,
AP-0002413,pdf_text,,TX-0002-28786,Cobalt Services LLC,INV-0002-001437,2025-11-19,2025-12-04,PO-252270,INR,18861.17,3395.01,22256.18,15.0,False,V-0002,C,False,Email,2025-11-24 03:10:41.551,V-0002,tax_id,PO252270,V-0002,50134.6,INR,0,0,0,0,0,0,1,0,1,,0,Inactive Vendor; Duplicate Invoice,2,Exception review,Rules + OCR,0.7154936049134981,,,
AP-0003441,pdf_text,,TX-0037-24439,Redwood Supply LLC,INV-0037-003441,2025-11-20,2025-12-20,PO-250349,EUR,4665.4,979.73,5645.13,30.0,False,V-0037,D,False,Supplier portal,2025-11-24 03:40:35.391,V-0037,tax_id,PO250349,V-0037,21543.31,EUR,0,0,0,0,0,0,0,0,0,,0,,0,Auto-approve,Rules + OCR,0.33525139985913316,,,
AP-0002360,pdf_text,,TX-0131-83608,Copperfield Systems LLC,INV-0131-002360,2025-11-24,2025-12-24,PO-250335,USD,4875.82,0.0,4875.82,30.0,False,V-0131,A,False,Supplier portal,2025-11-24 05:09:25.278,V-0131,tax_id,PO250335,V-0131,14282.08,USD,0,0,0,0,0,0,0,0,0,,0,,0,Auto-approve,Rules + OCR,0.3123212138592582,,,
AP-0001632,edi,,TX-0108-54358,Summit Supply Ltd.,INV-0108-001632,2025-11-23,2026-01-22,PO-252304,CAD,34235.45,1711.77,35947.22,60.0,False,V-0108,C,False,EDI,2025-11-24 05:58:30.422,V-0108,tax_id,PO252304,V-0108,184747.34,CAD,0,0,0,0,0,0,0,0,0,,0,,0,Auto-approve,Rules + OCR,0.3456108601639685,,,
AP-0002994,pdf_text,,TX-0113-54591,Stonebridge Logistics Inc.,INV-0113-002994,2025-11-20,2026-01-04,PO-251484,EUR,86870.25,18242.75,105113.0,45.0,False,V-0113,D,False,Email,2025-11-24 06:06:15.546,V-0113,tax_id,PO251484,V-0113,281278.62,EUR,0,0,0,0,0,0,0,0,0,,0,,0,Auto-approve,Rules + OCR,0.39499922254111036,,,
AP-0002114,pdf_text,,TX-0018-72351,Summit Systems LLC,INV-0018-002114,2025-11-23,2025-12-23,PO-251612,USD,4135.76,0.0,4135.76,30.0,False,V-0018,B,False,Supplier portal,2025-11-24 06:42:58.607,V-0018,tax_id,PO251612,V-0018,11668.47,USD,0,0,0,0,0,0,0,0,0,,0,,0,Auto-approve,Rules + OCR,0.3347516117155177,,,
AP-0004054,pdf_text,,TX-0020-45960,Copperfield Partners Group,INV-0020-004054,2025-11-21,2026-01-20,PO-250535,USD,6117.62,0.0,6117.62,60.0,False,V-0020,C,False,Supplier portal,2025-11-24 07:33:09.326,V-0020,tax_id,PO250535,V-0020,33136.33,USD,0,0,0,0,0,0,0,1,0,,0,High-Risk Vendor,1,Exception review,Rules + OCR,0.44456661703321043,,,
AP-0001416,pdf_text,,TX-0023-34364,Evergreen Systems LLC,INV-0023-001416,2025-11-22,2026-01-06,PO-252365,EUR,18569.65,3899.63,22469.28,45.0,False,V-0023,D,False,Email,2025-11-24 07:51:43.466,V-0023,tax_id,PO252365,V-0023,61141.99,EUR,0,0,0,0,0,0,0,0,0,,0,,0,Auto-approve,Rules + OCR,0.3581369066657779,,,
AP-0003938,pdf_text,,TX-0031-87911,Lighthouse Systems Inc.,,,,,,,,,,False,V-0031,E,False,Supplier portal,2025-11-24 07:54:40.449,V-0031,tax_id,,,,,1,0,0,0,0,0,0,1,0,Missing field,1,Missing PO; High-Risk Vendor,2,Data check,Rules + OCR,0.6391635151950142,,,
AP-0001814,edi,,TX-0081-73770,Silverline Supply Group,INV-0081-001814,2025-11-19,2025-12-19,PO-250880,USD,991.73,0.0,991.73,30.0,False,V-0081,C,False,EDI,2025-11-24 08:45:52.166,V-0081,tax_id,PO250880,V-0081,11735.76,USD,0,0,0,0,0,0,0,0,0,,0,,0,Auto-approve,Rules + OCR,0.3149484485534987,,,
AP-0003603,pdf_text,,TX-0091-39995,Oakmont Advisors Group,INV-0091-003603,2025-11-23,2026-01-22,PO-251193,SGD,3158.16,284.23,3442.39,60.0,False,V-0091,B,False,Supplier portal,2025-11-24 11:11:04.608,V-0091,tax_id,PO251193,V-0091,20188.0,SGD,0,0,0,0,0,0,0,0,0,,0,,0,Auto-approve,Rules + OCR,0.37359898721528567,,,
AP-0003085,pdf_text,,TX-0075-26492,Evergreen Digital Group,,,,,,,40.33,,,False,V-0075,E,False,Supplier portal,2025-11-24 11:13:37.404,V-0075,tax_id,,,,,1,0,0,0,0,0,0,0,0,Missing field,1,Missing PO,1,Data check,Rules + OCR,0.5724901232024577,,,
AP-0001073,edi,,TX-0077-86128,Cobalt Operations LLC,INV-0077-001073,2025-11-24,2025-12-24,PO-252252,USD,2820.38,0.0,2820.38,30.0,False,V-0077,B,False,EDI,2025-11-24 12:14:22.068,V-0077,tax_id,PO252252,V-0077,18665.51,USD,0,0,0,0,0,0,0,0,1,,0,Duplicate Invoice,1,Exception review,Rules + OCR,0.5431397885937148,,,
AP-0002043,pdf_text,,TX-0014-36758,Summit Logistics Group,,,,,,,,,,False,V-0014,E,False,Supplier portal,2025-11-24 13:27:48.365,V-0014,tax_id,,,,,1,0,0,0,0,0,0,0,0,Missing field,1,Missing PO,1,Data check,Rules + OCR,0.6064378284256646,,,
AP-0002115,pdf_text,,TX-0002-28786,Cobalt Services LLC,INV-0002-002115,2025-11-23,2026-01-22,PO-252002,INR,3630.0,653.4,4283.4,60.0,False,V-0002,C,False,Supplier portal,2025-11-24 17:46:21.739,V-0002,tax_id,PO252002,V-0002,39520.8,INR,0,0,0,0,0,1,1,0,0,,0,Payment Terms Mismatch; Inactive Vendor,2,Exception review,Rules + OCR,0.7454763352401177,,,
AP-0000193,ocr,95.47577665671643,TX-0060-58175,Clearview Solutions LLC,INV-0060-000193,2025-11-22,2025-12-07,PO-250118,USD,,,20669.34,15.0,True,V-0060,C,True,Email,2025-11-24 18:34:58.694,V-0060,tax_id,PO250118,V-0060,82634.65,USD,0,0,0,0,0,0,0,0,1,,0,Duplicate Invoice,1,Exception review,Rules + OCR,0.5951640419258334,,,
AP-0000918,pdf_text,,TX-0049-19644,Harbor Resources LLC,INV-0049-000918,2025-11-22,2025-12-22,PO-251578,EUR,10216.74,2145.52,12362.26,30.0,False,V-0049,D,False,Supplier portal,2025-11-24 20:11:51.614,V-0049,tax_id,PO251578,V-0049,33669.93,EUR,0,0,0,0,0,0,0,0,0,,0,,0,Auto-approve,Rules + OCR,0.32648197171344495,,,
AP-0004902,pdf_text,,TX-0139-47222,Summit Systems LLC,INV-0139-004902,2025-11-19,2025-12-19,PO-251745,USD,7732.2,0.0,7732.2,30.0,False,V-0139,B,False,Supplier portal,2025-11-24 20:26:17.335,V-0139,tax_id,PO251745,V-0139,55630.67,USD,0,0,0,0,0,0,0,0,0,,0,,0,Auto-approve,Rules + OCR,0.30517422656462045,,,
AP-0002116,pdf_text,,TX-0114-88629,Beacon Logistics Group,INV-0114-002116,2025-11-24,2025-12-24,PO-251650,USD,27860.35,2298.48,30158.83,30.0,False,V-0114,A,False,Email,2025-11-24 22:22:36.950,V-0114,tax_id,PO251650,V-0114,82848.7,USD,0,0,0,0,0,0,0,0,0,,0,,0,Auto-approve,Rules + OCR,0.3104337432469609,,,
AP-0004277,pdf_text,,TX-0025-19498,Summit Systems LLC,INV-0025-004277,2025-11-20,2026-01-04,PO-251630,USD,5901.58,486.88,6388.46,45.0,False,V-0025,B,False,Supplier portal,2025-11-25 01:30:39.973,V-0025,tax_id,PO251630,V-0025,113022.54,USD,0,0,0,0,0,1,0,0,0,,0,Payment Terms Mismatch,1,Exception review,Rules + OCR,0.5904582302515466,,,
AP-0003775,pdf_text,,TX-0001-43105,Evergreen Consulting Group,INV-0001-003775,2025-11-21,2025-12-21,PO-251139,INR,6396.69,1151.4,7548.09,30.0,False,V-0001,A,False,Email,2025-11-25 03:34:08.744,V-0001,tax_id,PO251139,V-0001,105286.08,INR,0,0,0,0,0,0,0,0,0,,0,,0,Auto-approve,Rules + OCR,0.32560463593034716,,,
AP-0000906,pdf_text,,TX-0137-44191,Pioneer Consulting Ltd.,INV-0137-000906,2025-11-23,2025-12-23,PO-251356,USD,15102.51,0.0,15102.51,30.0,True,V-0137,A,False,Supplier portal,2025-11-25 03:42:01.740,V-0137,tax_id,PO251356,V-0137,47807.99,USD,0,0,0,0,0,0,1,0,0,,0,Inactive Vendor,1,Exception review,Rules + OCR,0.6367098704989146,,,
AP-0003754,pdf_text,,TX-0075-26492,Evergreen Digital Group,,,,,,,770.54,,,False,V-0075,E,False,Email,2025-11-25 04:33:38.377,V-0075,tax_id,,,,,1,0,0,0,0,0,0,0,0,Missing field,1,Missing PO,1,Data check,Rules + OCR,0.6520886430078308,,,
AP-0002543,pdf_text,,TX-0031-87911,Lighthouse Systems Inc.,,,,,,,,,,False,V-0031,E,False,Email,2025-11-25 07:43:00.097,V-0031,tax_id,,,,,1,0,0,0,0,0,0,1,0,Missing field,1,Missing PO; High-Risk Vendor,2,Data check,Rules + OCR,0.7032521437482638,,,
AP-0001532,pdf_text,,TX-0138-43552,Atlas Partners Group,INV-0138-001532,2025-11-25,2025-12-25,PO-250890,SGD,5727.41,515.47,6242.88,30.0,False,V-0138,D,False,Supplier portal,2025-11-25 08:27:50.590,V-0138,tax_id,PO250890,V-0138,62344.11,EUR,0,0,0,1,0,0,0,1,0,,0,Currency Mismatch; High-Risk Vendor,2,Exception review,Rules + OCR,0.6634514013960672,,,
AP-0004859,pdf_text,,TX-0099-76362,Copperfield Networks Ltd.,,,,,,,,,,False,V-0099,E,False,Email,2025-11-25 08:35:53.929,V-0099,tax_id,,,,,1,0,0,0,0,0,0,0,0,Missing field,1,Missing PO,1,Data check,Rules + OCR,0.6484017491545903,,,
AP-0004216,pdf_text,,TX-0006-57912,Beacon Solutions LLC,INV-0006-004216,2025-11-22,2026-01-21,PO-250513,CAD,7738.39,386.92,8125.31,60.0,False,V-0006,B,False,Supplier portal,2025-11-25 10:26:30.339,V-0006,tax_id,PO250513,V-0006,23586.09,CAD,0,0,0,0,0,0,0,0,0,,0,,0,Auto-approve,Rules + OCR,0.31908164770705255,,,
AP-0003477,pdf_text,,TX-0048-57091,Oakmont Systems Inc.,INV-0048-003477,2025-11-24,2025-12-09,PO-250852,GBP,30427.21,6085.44,36512.65,15.0,False,V-0048,C,False,Supplier portal,2025-11-25 11:05:08.315,V-0048,tax_id,PO250852,V-0048,105924.09,USD,0,0,0,1,0,0,0,0,0,,0,Currency Mismatch,1,Exception review,Rules + OCR,0.6727824404471566,,,
AP-0004551,pdf_text,,TX-0109-51449,Blue Ridge Analytics LLC,INV-0109-004551,2025-11-25,2026-01-24,PO-251004,USD,6052.27,0.0,6052.27,60.0,False,V-0109,A,False,Email,2025-11-25 11:31:11.428,V-0109,tax_id,PO251004,V-0109,20008.18,USD,0,0,0,0,0,1,0,0,0,,0,Payment Terms Mismatch,1,Exception review,Rules + OCR,0.6366981793501447,,,
AP-0004584,pdf_text,,TX-0083-82789,Summit Systems LLC,INV-0083-004584,2025-11-21,2025-12-06,PO-251412,USD,15894.57,1311.3,17205.87,15.0,False,V-0083,B,False,Supplier portal,2025-11-25 12:29:05.703,V-0083,tax_id,PO251412,V-0083,46553.28,USD,0,0,0,0,0,0,0,0,0,,0,,0,Auto-approve,Rules + OCR,0.29868597281161563,,,
AP-0000717,pdf_text,,TX-0079-81417,Brightpath Technologies LLC,,,,,,,,,,False,V-0079,E,False,Supplier portal,2025-11-25 13:00:23.563,V-0079,tax_id,,,,,1,0,0,0,0,0,0,0,0,Missing field,1,Missing PO,1,Data check,Rules + OCR,0.6429640001908834,,,
AP-0002288,pdf_text,,TX-0032-86220,Harbor Networks Group,INV-0032-002288,2025-11-23,2026-01-07,PO-250922,SGD,3844.77,346.03,4190.8,45.0,False,V-0032,A,False,Supplier portal,2025-11-25 13:09:38.251,V-0032,tax_id,PO250922,V-0032,51045.5,SGD,0,0,0,0,0,0,0,0,0,,0,,0,Auto-approve,Rules + OCR,0.36984648822442107,,,
AP-0001804,pdf_text,,TX-0126-41894,Blue Ridge Digital LLC,INV-0126-001804,2025-11-21,2025-12-21,PO-250496,USD,6649.15,548.56,7197.71,30.0,False,V-0126,C,False,Supplier portal,2025-11-25 13:29:25.021,V-0126,tax_id,PO250496,V-0126,22707.16,USD,0,0,0,0,0,0,0,0,0,,0,,0,Auto-approve,Rules + OCR,0.3266535275326962,,,
AP-0001110,pdf_text,,TX-0015-69124,Clearview Digital Inc.,INV-0015-001110,2025-11-25,2025-12-25,PO-252223,USD,7082.54,0.0,7082.54,30.0,False,V-0015,A,False,Email,2025-11-25 14:14:53.331,V-0015,tax_id,PO252223,V-0015,19996.0,USD,0,0,0,0,0,0,0,0,0,,0,,0,Auto-approve,Rules + OCR,0.31566348967508623,,,
AP-0002862,ocr,95.94710802531648,TX-0015-69124,Clearview Digital Inc.,INV-0015-002862,2025-11-23,2025-12-23,PO-252223,USD,1960.78,0.0,1960.78,30.0,False,V-0015,A,True,Email,2025-11-25 14:42:14.041,V-0015,tax_id,PO252223,V-0015,19996.0,USD,0,0,0,0,0,0,0,0,0,,0,,0,Auto-approve,Rules + OCR,0.31847928578659673,,,
AP-0001811,pdf_text,,TX-0117-90487,Atlas Consulting LLC,INV-0117-001811,2025-11-21,2025-12-21,PO-251750,CAD,98541.81,4927.09,103468.9,30.0,False,V-0117,C,False,Supplier portal,2025-11-25 15:03:20.643,V-0117,tax_id,PO251750,V-0117,279482.48,CAD,0,0,0,0,0,0,0,0,0,,0,,0,Auto-approve,Rules + OCR,0.37473112880457093,,,
AP-0003703,ocr,95.1651293943662,TX-0112-59988,Crescent Systems Group,INV-0112-003703,2025-11-25,2025-12-25,PO-252388,USD,,,2584.76,30.0,False,V-0112,C,True,Email,2025-11-25 17:07:11.654,V-0112,tax_id,PO252388,V-0112,32329.43,USD,0,0,0,0,0,0,0,0,0,,0,,0,Auto-approve,Rules + OCR,0.31744429363715215,,,
AP-0001030,edi,,TX-0079-81417,Brightpath Technologies LLC,INV-0079-001030,2025-11-23,2025-12-23,PO-250904,USD,15892.71,0.0,15892.71,30.0,False,V-0079,E,False,EDI,2025-11-25 17:25:14.689,V-0079,tax_id,PO250904,V-0079,58359.88,USD,0,0,0,0,0,0,0,0,0,,0,,0,Auto-approve,Rules + OCR,0.28098305573678317,,,
AP-0003101,pdf_text,,TX-0130-24969,Harbor Technologies Ltd.,INV-0130-003101,2025-11-24,2026-01-23,PO-250471,EUR,1790.45,375.99,2166.44,60.0,False,V-0130,D,False,Supplier portal,2025-11-25 18:17:00.623,V-0130,tax_id,PO250471,V-0130,23862.12,EUR,0,0,0,0,0,0,0,0,0,,0,,0,Auto-approve,Rules + OCR,0.3521655021379873,,,
AP-0002923,pdf_text,,TX-0043-75924,Crescent Analytics Group,,,,,,,,,,False,V-0043,E,False,Supplier portal,2025-11-25 18:42:34.117,V-0043,tax_id,,,,,1,0,0,0,0,0,0,0,0,Missing field,1,Missing PO,1,Data check,Rules + OCR,0.6621186192661366,,,
AP-0003546,ocr,95.07311652112676,TX-0122-68733,Summit Operations Ltd.,INV-0122-003546,2025-11-23,2026-01-07,PO-251706,USD,,,3997.64,45.0,False,V-0122,C,True,Email,2025-11-25 19:48:56.903,V-0122,tax_id,PO251706,V-0122,16604.18,USD,0,0,0,0,0,0,0,0,0,,0,,0,Auto-approve,Rules + OCR,0.3811032743987193,,,
AP-0004704,edi,,TX-0035-47483,Pioneer Networks Ltd.,INV-0035-004704,2025-11-24,2025-12-24,PO-252043,USD,18914.04,0.0,18914.04,30.0,False,V-0035,E,False,EDI,2025-11-25 20:33:09.215,V-0035,tax_id,PO252043,V-0035,111832.27,USD,0,0,0,0,0,0,0,0,0,,0,,0,Auto-approve,Rules + OCR,0.3433890137752013,,,
AP-0002688,pdf_text,,TX-0044-84195,Harbor Analytics Ltd.,INV-0044-002688,2025-11-20,2025-12-05,PO-250003,USD,830.02,0.0,830.02,15.0,False,V-0044,B,False,Email,2025-11-25 22:02:08.129,V-0044,tax_id,PO250003,V-0044,6875.16,USD,0,0,0,0,0,0,0,0,0,,0,,0,Auto-approve,Rules + OCR,0.32802391855750834,,,
AP-0004855,pdf_text,,TX-0059-74622,Pioneer Solutions Group,INV-0059-004855,2025-11-25,2026-01-09,PO-250443,USD,2934.68,242.11,3176.79,45.0,False,V-0059,A,False,Supplier portal,2025-11-25 23:27:59.435,V-0059,tax_id,PO250443,V-0059,35425.8,USD,0,0,0,0,0,0,1,0,0,,0,Inactive Vendor,1,Exception review,Rules + OCR,0.6163925646430765,,,
AP-0003737,pdf_text,,TX-0086-70653,Summit Systems LLC,INV-0086-003737,2025-11-22,2026-01-06,PO-252178,USD,3307.1,272.84,3579.94,45.0,False,V-0086,B,False,Supplier portal,2025-11-26 00:07:59.738,V-0086,tax_id,PO252178,V-0086,24300.92,USD,0,0,0,0,0,0,0,0,0,,0,,0,Auto-approve,Rules + OCR,0.3357421741423106,,,
AP-0001011,pdf_text,,TX-0096-18776,Copperfield Systems Group,INV-0096-001011,2025-11-23,2025-12-23,,CAD,5213.13,260.66,5473.79,30.0,False,V-0096,A,False,Email,2025-11-26 02:15:29.462,V-0096,tax_id,,,,,1,0,0,0,0,0,0,0,0,,0,Missing PO,1,Exception review,Rules + OCR,0.6099064129766348,,,
AP-0000007,pdf_text,,TX-0051-19602,Summit Digital Ltd.,,,,,,,,,,False,V-0051,E,False,Supplier portal,2025-11-26 04:30:55.165,V-0051,tax_id,,,,,1,0,0,0,0,0,0,0,0,Missing field,1,Missing PO,1,Data check,Rules + OCR,0.6600979383893033,,,
AP-0002704,pdf_text,,TX-0037-24439,Redwood Supply LLC,INV-0037-002704,2025-11-24,2025-12-24,PO-250737,EUR,6210.38,1304.18,7514.56,30.0,False,V-0037,D,False,Supplier portal,2025-11-26 04:53:40.862,V-0037,tax_id,PO250737,V-0037,43579.99,EUR,0,0,0,0,0,0,0,0,0,,0,,0,Auto-approve,Rules + OCR,0.3124016225925378,,,
AP-0004499,pdf_text,,TX-0005-88178,Atlas Resources Inc.,INV-0005-004499,2025-11-25,2025-12-25,PO-251045,USD,5915.25,0.0,5915.25,30.0,False,V-0005,A,False,Supplier portal,2025-11-26 05:08:11.398,V-0005,tax_id,PO251045,V-0005,34122.25,USD,0,0,0,0,0,0,0,0,0,,0,,0,Auto-approve,Rules + OCR,0.30439934959300124,,,
AP-0001913,pdf_text,,TX-0015-69124,Clearview Digital Inc.,INV-0015-001913,2025-11-24,2025-12-24,PO-251102,USD,2127.38,0.0,2127.38,30.0,False,V-0015,A,False,Supplier portal,2025-11-26 07:53:54.324,V-0015,tax_id,PO251102,V-0015,9456.63,USD,0,0,0,0,0,0,0,0,0,,0,,0,Auto-approve,Rules + OCR,0.3149811780573116,,,
AP-0004031,pdf_text,,TX-0119-27534,Evergreen Systems Group,,,,,,,1078.11,,,False,V-0119,E,False,Supplier portal,2025-11-26 08:54:58.547,V-0119,tax_id,,,,,1,0,0,0,0,0,0,0,0,Missing field,1,Missing PO,1,Data check,Rules + OCR,0.6183535534824971,,,
AP-0004084,pdf_text,,TX-0003-12255,Cobalt Technologies Group,INV-0003-004084,2025-11-26,2025-12-26,PO-252174,EUR,4880.75,1024.96,5905.71,30.0,False,V-0003,D,False,Email,2025-11-26 09:59:03.480,V-0003,tax_id,PO252174,V-0003,24758.89,EUR,0,0,0,0,0,0,0,0,0,,0,,0,Auto-approve,Rules + OCR,0.3291389632277018,,,
AP-0002946,edi,,TX-0103-92209,Silverline Services Group,INV-0103-002946,2025-11-24,2026-01-08,PO-250745,USD,8362.86,0.0,8362.86,45.0,False,V-0103,C,False,EDI,2025-11-26 13:25:01.462,V-0103,tax_id,PO250745,V-0103,35984.62,USD,0,0,0,0,0,0,0,0,0,,0,,0,Auto-approve,Rules + OCR,0.33843781631351716,,,
AP-0001549,pdf_text,,TX-0032-86220,Harbor Networks Group,INV-0032-000344,2025-11-23,2026-01-07,PO-251957,SGD,30356.19,2732.06,33088.25,45.0,False,V-0032,A,False,Supplier portal,2025-11-26 14:12:53.681,V-0032,tax_id,PO251957,V-0032,37792.37,SGD,0,0,0,0,0,0,0,0,1,,0,Duplicate Invoice,1,Exception review,Rules + OCR,0.5937844941701979,,,
AP-0000844,pdf_text,,TX-0105-55701,Ironwood Analytics Inc.,INV-0105-000844,2025-11-21,2026-01-05,PO-251076,USD,2313.24,0.0,2313.24,45.0,False,V-0105,C,False,Supplier portal,2025-11-26 15:01:46.904,V-0105,tax_id,PO251076,V-0105,10381.67,USD,0,0,0,0,0,0,0,0,0,,0,,0,Auto-approve,Rules + OCR,0.33947984061624975,,,
AP-0002285,pdf_text,,TX-0092-15472,Summit Resources Group,INV-0092-002285,2025-11-26,2025-12-11,PO-251562,USD,2140.98,0.0,2140.98,15.0,False,V-0092,A,False,Supplier portal,2025-11-26 16:22:58.458,V-0092,tax_id,PO251562,V-0092,41561.75,USD,0,0,0,0,0,0,0,0,0,,0,,0,Auto-approve,Rules + OCR,0.3090968313828388,,,
AP-0003845,pdf_text,,TX-0001-43105,Evergreen Consulting Group,INV-0001-003845,2025-11-23,2025-12-23,PO-251520,INR,28954.85,5211.87,34166.72,30.0,False,V-0001,A,False,Supplier portal,2025-11-26 18:27:58.725,V-0001,tax_id,PO251520,V-0001,237854.54,INR,0,0,0,0,0,0,0,0,0,,0,,0,Auto-approve,Rules + OCR,0.333263487461129,,,
AP-0004443,pdf_text,,TX-0006-57912,Beacon Solutions LLC,INV-0006-004443,2025-11-21,2026-01-20,PO-250510,CAD,14141.26,707.06,14848.32,60.0,False,V-0006,B,False,Supplier portal,2025-11-26 19:27:26.874,V-0006,tax_id,PO250510,V-0006,54927.98,CAD,0,0,0,0,0,0,0,0,0,,0,,0,Auto-approve,Rules + OCR,0.3246551500508151,,,
AP-0004747,pdf_text,,TX-0009-87210,Harbor Digital LLC,INV-0009-004747,2025-11-22,2026-01-06,PO-252126,USD,5291.01,0.0,5291.01,45.0,False,V-0009,B,False,Email,2025-11-26 20:30:39.228,V-0009,tax_id,PO252126,V-0009,80788.83,USD,0,0,0,0,0,0,0,0,0,,0,,0,Auto-approve,Rules + OCR,0.3454901439176769,,,
AP-0003764,pdf_text,,TX-0120-96327,Oakmont Advisors Group,INV-0120-003764,2025-11-23,2025-12-23,PO-252030,CAD,10042.0,502.1,10544.1,30.0,False,V-0120,C,False,Email,2025-11-26 22:13:01.420,V-0120,tax_id,PO252030,V-0120,63279.58,CAD,0,0,0,0,0,0,0,0,1,,0,Duplicate Invoice,1,Exception review,Rules + OCR,0.551008984070199,,,
AP-0004746,pdf_text,,TX-0069-10137,Summit Systems LLC,INV-0069-004746,2025-11-25,2025-12-25,PO-250257,USD,6585.51,0.0,6585.51,30.0,False,V-0069,B,False,Supplier portal,2025-11-26 22:23:11.295,V-0069,tax_id,PO250257,V-0069,29352.13,USD,0,0,0,0,0,0,0,0,0,,0,,0,Auto-approve,Rules + OCR,0.3249458811690765,,,
AP-0001005,pdf_text,,TX-0106-56495,Oakmont Analytics Inc.,INV-0106-001005,2025-11-26,2026-01-10,PO-251837,USD,12442.65,0.0,12442.65,45.0,False,V-0106,A,False,Supplier portal,2025-11-26 22:37:20.452,V-0106,tax_id,PO251837,V-0106,57088.82,USD,0,0,0,0,0,0,0,0,0,,0,,0,Auto-approve,Rules + OCR,0.34989060322907484,,,
AP-0002860,pdf_text,,TX-0090-82710,Summit Systems LLC,INV-0090-002860,2025-11-26,2026-01-10,PO-250970,USD,9387.6,0.0,9387.6,45.0,False,V-0090,B,False,Supplier portal,2025-11-26 23:23:53.656,V-0090,tax_id,PO250970,V-0090,33636.72,USD,0,0,0,0,0,0,0,0,0,,0,,0,Auto-approve,Rules + OCR,0.3513699699697873,,,
AP-0001496,pdf_text,,TX-0018-72351,Summit Systems LLC,INV-0018-001496,2025-11-25,2025-12-25,PO-251451,USD,4929.72,0.0,4929.72,30.0,False,V-0018,B,False,Email,2025-11-27 00:49:12.276,V-0018,tax_id,PO251451,V-0018,32101.79,USD,0,0,0,0,0,0,0,0,0,,0,,0,Auto-approve,Rules + OCR,0.3418642744687179,,,
AP-0003058,pdf_text,,TX-0129-39742,Blue Ridge Digital Ltd.,INV-0129-001428,2025-11-26,2025-12-26,PO-252219,USD,1439.98,0.0,1439.98,30.0,False,V-0129,C,False,Email,2025-11-27 02:54:46.991,V-0129,tax_id,PO252219,V-0129,108088.67,USD,0,0,0,0,0,1,0,0,1,,0,Payment Terms Mismatch; Duplicate Invoice,2,Exception review,Rules + OCR,0.6735483759154278,,,
AP-0003893,edi,,TX-0102-39905,Blue Ridge Analytics Inc.,INV-0102-003893,2025-11-26,2025-12-11,PO-251195,EUR,11789.03,2475.7,14264.73,15.0,False,V-0102,D,False,EDI,2025-11-27 04:40:39.912,V-0102,tax_id,PO251195,V-0102,105504.57,EUR,0,0,0,0,0,0,0,0,0,,0,,0,Auto-approve,Rules + OCR,0.3346738705871489,,,
AP-0003214,ocr,94.99975935,TX-0140-96185,Blue Ridge Operations Inc.,INV-0140-003214,2025-11-24,2025-12-24,PO-250531,USD,,,12511.0,30.0,False,V-0140,C,True,Email,2025-11-27 05:13:58.816,V-0140,tax_id,PO250531,V-0140,34045.91,USD,0,0,0,0,0,0,0,0,0,,0,,0,Auto-approve,Rules + OCR,0.3131037422091315,,,
AP-0004294,pdf_text,,TX-0077-86128,Beacon Solutions LLC,INV-0077-004294,2025-11-27,2025-12-27,PO-252252,USD,4777.59,0.0,4777.59,30.0,False,V-0077,B,False,Supplier portal,2025-11-27 05:35:28.071,V-0077,tax_id,PO252252,V-0077,18665.51,USD,0,0,0,0,0,0,0,0,0,,0,,0,Auto-approve,Rules + OCR,0.3032072552992715,,,
AP-0002962,edi,,TX-0084-70345,Redwood Supply LLC,INV-0084-002962,2025-11-22,2026-01-06,PO-251105,EUR,2954.69,620.49,3575.18,45.0,False,V-0084,D,False,EDI,2025-11-27 07:48:11.319,V-0084,tax_id,PO251105,V-0084,59370.31,EUR,0,0,0,0,0,1,0,0,0,,0,Payment Terms Mismatch,1,Exception review,Rules + OCR,0.6227695146626827,,,
AP-0003216,pdf_text,,TX-0107-50949,Silverline Advisors Inc.,INV-0107-003216,2025-11-23,2026-01-22,PO-252050,USD,8381.85,691.5,9073.35,60.0,False,V-0107,C,False,Supplier portal,2025-11-27 08:35:27.221,V-0107,tax_id,PO252050,V-0107,33145.87,USD,0,0,0,0,0,0,0,0,0,,0,,0,Auto-approve,Rules + OCR,0.3489799136229859,,,
AP-0002853,pdf_text,,TX-0017-46110,Cobalt Analytics Group,INV-0017-002853,2025-11-25,2026-01-09,PO-251799,GBP,24589.28,4917.86,29507.14,45.0,False,V-0017,C,False,Supplier portal,2025-11-27 09:10:17.216,V-0017,tax_id,PO251799,V-0017,19995.6,GBP,0,0,0,0,1,0,0,1,0,,0,Invoice Over PO; High-Risk Vendor,2,Exception review,Rules + OCR,0.7113657649470323,,,
AP-0004521,pdf_text,,TX-0031-87911,Lighthouse Systems Inc.,,,,,,,,,,False,V-0031,E,False,Email,2025-11-27 10:01:49.597,V-0031,tax_id,,,,,1,0,0,0,0,0,0,1,0,Missing field,1,Missing PO; High-Risk Vendor,2,Data check,Rules + OCR,0.6999377541842474,,,
AP-0003457,pdf_text,,TX-0007-69764,Redwood Logistics Ltd.,INV-0007-003457,2025-11-25,2025-12-10,PO-250626,INR,5116.64,920.99,6037.63,15.0,False,V-0007,A,False,Supplier portal,2025-11-27 10:47:06.189,V-0007,tax_id,PO250626,V-0007,32127.85,INR,0,0,0,0,0,0,0,0,0,,0,,0,Auto-approve,Rules + OCR,0.3522089907102023,,,
AP-0000557,edi,,TX-0042-54837,Harbor Services Group,INV-0042-000557,2025-11-22,2026-01-21,PO-251670,USD,15329.38,0.0,15329.38,60.0,False,V-0042,B,False,EDI,2025-11-27 12:15:34.234,V-0042,tax_id,PO251670,V-0042,43544.99,USD,0,0,0,0,0,0,0,0,0,,0,,0,Auto-approve,Rules + OCR,0.3538900566660635,,,
AP-0002990,pdf_text,,TX-0093-95568,Summit Systems LLC,INV-0093-002990,2025-11-23,2025-12-08,PO-252234,USD,8757.61,722.5,9480.11,15.0,False,V-0093,B,False,Supplier portal,2025-11-27 13:41:03.835,V-0093,tax_id,PO252234,V-0093,25139.08,USD,0,0,0,0,0,0,0,0,0,,0,,0,Auto-approve,Rules + OCR,0.316351712183691,,,
AP-0003651,edi,,TX-0123-99977,Oakmont Analytics Ltd.,INV-0123-003651,2025-11-26,2025-12-26,PO-250121,USD,36295.67,2994.39,39290.06,30.0,False,V-0123,E,False,EDI,2025-11-27 14:48:12.717,V-0123,tax_id,PO250121,V-0123,218249.97,USD,0,0,0,0,0,0,1,0,0,,0,Inactive Vendor,1,Exception review,Rules + OCR,0.6187615173294698,,,
AP-0004578,pdf_text,,TX-0057-94723,Lighthouse Supply Ltd.,INV-0057-004578,2025-11-26,2025-12-26,PO-250600,USD,2008.51,0.0,2008.51,30.0,False,V-0057,A,False,Supplier portal,2025-11-27 15:40:56.047,V-0057,tax_id,PO250600,V-0057,7586.18,USD,0,0,0,0,0,0,0,0,0,,0,,0,Auto-approve,Rules + OCR,0.3045646766474098,,,
AP-0000970,pdf_text,,TX-0076-41538,Summit Systems LLC,INV-0076-000970,2025-11-25,2026-01-24,PO-250454,EUR,2670.69,560.84,3231.53,60.0,False,V-0076,D,False,Email,2025-11-27 16:12:09.394,V-0076,tax_id,PO250454,V-0076,13981.63,EUR,0,0,0,0,0,0,0,0,0,,0,,0,Auto-approve,Rules + OCR,0.34213961964549744,,,
AP-0003357,pdf_text,,TX-0066-17224,Stonebridge Networks Ltd.,INV-0066-003357,2025-11-23,2025-12-23,PO-252158,USD,14360.85,0.0,14360.85,30.0,False,V-0066,A,False,Supplier portal,2025-11-27 16:29:46.737,V-0066,tax_id,PO252158,V-0066,50099.64,USD,0,0,0,0,0,0,0,0,0,,0,,0,Auto-approve,Rules + OCR,0.3296801815622467,,,
AP-0002596,ocr,95.1306343409091,TX-0050-69493,Ironwood Services Ltd.,INV-0050-002222,2025-11-23,2025-12-23,PO-251082,CAD,2912.77,145.64,3058.41,30.0,False,V-0050,A,True,Email,2025-11-27 18:05:36.985,V-0050,tax_id,PO251082,V-0050,21094.11,USD,0,0,0,1,0,0,0,0,1,,0,Currency Mismatch; Duplicate Invoice,2,Exception review,Rules + OCR,0.6669446737715709,,,
AP-0002752,ocr,95.69317846341464,TX-0140-96185,Blue Ridge Operations Inc.,INV-0140-002752,2025-11-23,2026-01-07,PO-250916,USD,14092.24,0.0,14092.24,45.0,False,V-0140,C,True,Email,2025-11-27 19:55:57.369,V-0140,tax_id,PO250916,V-0140,63209.77,USD,0,0,0,0,0,1,0,0,0,,0,Payment Terms Mismatch,1,Exception review,Rules + OCR,0.5889649049207849,,,
AP-0004497,pdf_text,,TX-0082-48109,Cobalt Partners Ltd.,INV-0082-004497,2025-11-26,2025-12-11,PO-250104,USD,268.89,22.18,291.07,15.0,False,V-0082,C,False,Supplier portal,2025-11-27 20:04:03.331,V-0082,tax_id,PO250104,V-0082,5053.56,USD,0,0,0,0,0,0,0,0,0,,0,,0,Auto-approve,Rules + OCR,0.3210218369565661,,,
AP-0000962,pdf_text,,TX-0139-47222,Summit Systems LLC,INV-0139-000962,2025-11-23,2025-12-23,PO-251745,USD,11545.91,0.0,11545.91,30.0,True,V-0139,B,False,Supplier portal,2025-11-27 20:55:13.421,V-0139,tax_id,PO251745,V-0139,55630.67,USD,0,0,0,0,0,0,0,0,0,,0,,0,Auto-approve,Rules + OCR,0.2973874212454974,,,
AP-0003550,edi,,TX-0130-24969,Harbor Technologies Ltd.,INV-0130-003550,2025-11-22,2026-01-21,PO-252115,EUR,3159.93,663.58,3823.51,60.0,False,V-0130,D,False,EDI,2025-11-27 21:59:54.300,V-0130,tax_id,PO252115,V-0130,14510.95,EUR,0,0,0,0,0,0,0,0,0,,0,,0,Auto-approve,Rules + OCR,0.35320808103683904,,,
AP-0001769,pdf_text,,TX-0084-70345,Redwood Supply LLC,INV-0084-001769,2025-11-27,2025-12-27,PO-251105,EUR,13094.09,2749.76,15843.85,30.0,False,V-0084,D,False,Supplier portal,2025-11-27 23:39:31.042,V-0084,tax_id,PO251105,V-0084,59370.31,EUR,0,0,0,0,0,0,0,0,0,,0,,0,Auto-approve,Rules + OCR,0.31581904190988586,,,
AP-0004123,edi,,TX-0097-36111,Clearview Analytics Ltd.,INV-0097-004123,2025-11-24,2026-01-08,PO-252078,GBP,10180.96,2036.19,12217.15,45.0,False,V-0097,A,False,EDI,2025-11-28 00:40:58.436,V-0097,tax_id,PO252078,V-0097,41408.57,GBP,0,0,0,0,0,0,0,0,0,,0,,0,Auto-approve,Rules + OCR,0.3962049114000461,,,
AP-0003707,pdf_text,,TX-0084-70345,Redwood Supply LLC,INV-0084-003707,2025-11-23,2025-12-23,PO-251105,EUR,15390.07,3231.92,18621.99,30.0,False,V-0084,D,False,Supplier portal,2025-11-28 02:31:28.482,V-0084,tax_id,PO251105,V-0084,59370.31,EUR,0,0,0,0,0,0,0,0,0,,0,,0,Auto-approve,Rules + OCR,0.31554678163079836,,,
AP-0002347,edi,,TX-0122-68733,Summit Operations Ltd.,INV-0122-002347,2025-11-24,2026-01-08,PO-251706,USD,3587.57,0.0,3587.57,45.0,False,V-0122,C,False,EDI,2025-11-28 04:40:11.595,V-0122,tax_id,PO251706,V-0122,16604.18,USD,0,0,0,0,0,0,0,0,0,,0,,0,Auto-approve,Rules + OCR,0.3752619606946048,,,
AP-0001436,pdf_text,,TX-0067-45894,Summit Systems LLC,INV-0067-001436,2025-11-28,2025-12-28,PO-250833,USD,5331.34,0.0,5331.34,30.0,False,V-0067,B,False,Supplier portal,2025-11-28 05:39:25.003,V-0067,tax_id,PO250833,V-0067,15722.38,USD,0,0,0,0,0,0,0,0,0,,0,,0,Auto-approve,Rules + OCR,0.3032648426233452,,,
AP-0000339,edi,,TX-0135-50499,Stonebridge Systems LLC,INV-0135-000339,2025-11-27,2025-12-27,PO-251675,USD,1150.46,94.91,1245.37,30.0,False,V-0135,B,False,EDI,2025-11-28 08:41:27.618,V-0135,tax_id,PO251675,V-0135,7016.71,USD,0,0,0,0,0,0,0,0,0,,0,,0,Auto-approve,Rules + OCR,0.3224337921855254,,,
AP-0000743,pdf_text,,TX-0011-62098,Summit Systems LLC,INV-0011-000743,2025-11-25,2025-12-25,PO-252101,USD,3907.05,0.0,3907.05,30.0,False,V-0011,B,False,Supplier portal,2025-11-28 09:24:48.773,V-0011,tax_id,PO252101,V-0011,70771.29,USD,0,0,0,0,0,0,0,0,0,,0,,0,Auto-approve,Rules + OCR,0.3279881644778018,,,
AP-0002380,pdf_text,,TX-0035-47483,Pioneer Networks Ltd.,,,,,,,,,,False,V-0035,E,False,Email,2025-11-28 11:08:41.795,V-0035,tax_id,,,,,1,0,0,0,0,0,0,0,0,Missing field,1,Missing PO,1,Data check,Rules + OCR,0.6702814705621328,,,
AP-0003346,edi,,TX-0086-70653,Lighthouse Technologies LLC,INV-0086-003346,2025-11-24,2026-01-08,PO-X003346,USD,39532.44,3261.43,42793.87,45.0,False,V-0086,B,False,EDI,2025-11-28 11:41:06.325,V-0086,tax_id,POX003346,,,,0,1,0,0,0,0,0,0,0,,0,Invalid PO,1,Exception review,Rules + OCR,0.6369459016747273,,,
AP-0000039,edi,,TX-0130-24969,Harbor Technologies Ltd.,INV-0130-000039,2025-11-27,2026-01-26,PO-252128,EUR,4679.74,982.75,5662.49,60.0,False,V-0130,D,False,EDI,2025-11-28 12:44:23.018,V-0130,tax_id,PO252128,V-0130,79758.16,EUR,0,0,0,0,0,0,0,0,0,,0,,0,Auto-approve,Rules + OCR,0.33154232293698355,,,
AP-0003896,ocr,94.99751906315788,TX-0127-49996,Ironwood Solutions Inc.,INV-0127-003896,2025-11-28,2026-01-12,PO-250460,USD,8241.64,679.93,8921.57,45.0,False,V-0127,A,True,Email,2025-11-28 12:48:15.894,V-0127,tax_id,PO250460,V-0127,33544.39,USD,0,0,0,0,0,0,0,0,0,,0,,0,Auto-approve,Rules + OCR,0.3407095330808565,,,
AP-0000866,edi,,TX-0027-23409,Harbor Digital LLC,INV-0027-000866,2025-11-28,2025-12-28,PO-251696,USD,9666.55,0.0,9666.55,30.0,False,V-0027,B,False,EDI,2025-11-28 13:19:21.088,V-0027,tax_id,PO251696,V-0027,41181.63,USD,0,0,0,0,0,0,1,0,0,,0,Inactive Vendor,1,Exception review,Rules + OCR,0.6184798862673692,,,
AP-0001217,pdf_text,,TX-0059-74622,Pioneer Solutions Group,INV-0059-001217,2025-11-28,2026-01-12,PO-250443,USD,10654.36,878.98,11533.34,45.0,False,V-0059,A,False,Supplier portal,2025-11-28 14:13:32.093,V-0059,tax_id,PO250443,V-0059,35425.8,USD,0,0,0,0,0,0,1,0,0,,0,Inactive Vendor,1,Exception review,Rules + OCR,0.6178214537768676,,,
AP-0004833,edi,,TX-0092-15472,Summit Resources Group,INV-0092-004833,2025-11-25,2025-12-10,PO-250794,USD,3525.51,0.0,3525.51,15.0,False,V-0092,A,False,EDI,2025-11-28 15:50:06.504,V-0092,tax_id,PO250794,V-0092,9763.44,USD,0,0,0,0,0,0,0,0,0,,0,,0,Auto-approve,Rules + OCR,0.3264146981211271,,,
AP-0002319,pdf_text,,TX-0070-80671,Beacon Services LLC,INV-0070-002319,2025-11-27,2025-12-12,,USD,2357.67,0.0,2357.67,15.0,False,V-0070,A,False,Supplier portal,2025-11-28 16:44:56.496,V-0070,tax_id,,,,,1,0,0,0,0,0,0,0,0,,0,Missing PO,1,Exception review,Rules + OCR,0.633373222799127,,,
AP-0002412,ocr,94.80788126388887,TX-0129-39742,Blue Ridge Digital Ltd.,INV-0129-002412,2025-11-23,2026-01-07,PO-252219,USD,,,9225.4,45.0,False,V-0129,C,True,Email,2025-11-28 17:18:20.776,V-0129,tax_id,PO252219,V-0129,108088.67,USD,0,0,0,0,0,0,0,0,0,,0,,0,Auto-approve,Rules + OCR,0.3724118927023654,,,
AP-0004715,pdf_text,,TX-0082-48109,Cobalt Partners Ltd.,INV-0082-004715,2025-11-23,2025-12-08,PO-251489,USD,5767.86,475.85,6243.71,15.0,False,V-0082,C,False,Supplier portal,2025-11-28 20:09:30.972,V-0082,tax_id,PO251489,V-0082,20953.17,USD,0,0,0,0,0,0,0,0,0,,0,,0,Auto-approve,Rules + OCR,0.3140125351973268,,,
AP-0002735,pdf_text,,TX-0079-81417,Brightpath Technologies LLC,,,,,,,,,,False,V-0079,E,False,Supplier portal,2025-11-28 20:31:01.224,V-0079,tax_id,,,,,1,0,0,0,0,0,0,0,0,Missing field,1,Missing PO,1,Data check,Rules + OCR,0.6390855684809755,,,
AP-0001778,edi,,TX-0013-11961,Cobalt Operations LLC,INV-0013-001778,2025-11-25,2026-01-09,PO-250995,USD,16612.27,0.0,16612.27,45.0,False,V-0013,B,False,EDI,2025-11-28 20:57:38.057,V-0013,tax_id,PO250995,V-0013,100751.61,USD,0,0,0,0,0,0,1,0,0,,0,Inactive Vendor,1,Exception review,Rules + OCR,0.6506636392409011,,,
AP-0001553,pdf_text,,TX-0053-42836,Oakmont Supply Group,INV-0053-001553,2025-11-23,2025-12-23,PO-251722,SGD,1983.96,178.56,2162.52,30.0,False,V-0053,C,False,Supplier portal,2025-11-28 21:33:08.454,V-0053,tax_id,PO251722,V-0053,16767.81,SGD,0,0,0,0,0,0,0,0,0,,0,,0,Auto-approve,Rules + OCR,0.3458424224246324,,,
AP-0000897,edi,,TX-0016-44050,Redwood Consulting LLC,INV-0016-000897,2025-11-28,2025-12-13,PO-250618,EUR,81550.65,17125.64,98676.29,15.0,False,V-0016,D,False,EDI,2025-11-28 22:20:14.319,V-0016,tax_id,PO250618,V-0016,72721.98,EUR,0,0,0,0,1,0,0,0,0,,0,Invoice Over PO,1,Exception review,Rules + OCR,0.6874925413926194,,,
AP-0004786,pdf_text,,TX-0028-83716,Harbor Consulting Ltd.,,,,,,,483.52,,,False,V-0028,E,False,Supplier portal,2025-11-29 02:20:49.303,V-0028,tax_id,,,,,1,0,0,0,0,0,1,0,0,Missing field,1,Missing PO; Inactive Vendor,2,Data check,Rules + OCR,0.7691000778410058,,,
AP-0002445,pdf_text,,TX-0083-82789,Summit Systems LLC,INV-0083-002445,2025-11-27,2025-12-12,PO-251196,USD,25223.87,2080.97,27304.84,15.0,False,V-0083,B,False,Supplier portal,2025-11-29 04:13:00.882,V-0083,tax_id,PO251196,V-0083,153087.72,USD,0,0,0,0,0,0,0,0,0,,0,,0,Auto-approve,Rules + OCR,0.3208184357606661,,,
AP-0003481,edi,,TX-0108-54358,Summit Supply Ltd.,INV-0108-003481,2025-11-27,2026-01-26,PO-250336,CAD,49390.7,2469.54,51860.24,60.0,False,V-0108,C,False,EDI,2025-11-29 05:11:39.994,V-0108,tax_id,PO250336,V-0108,375870.08,CAD,0,0,0,0,0,0,0,0,0,,0,,0,Auto-approve,Rules + OCR,0.35186071741239994,,,
AP-0002669,ocr,94.56541599999998,TX-0064-39165,Oakmont Supply Ltd.,INV-0064-002669,2025-11-27,2025-12-12,PO-250926,GBP,16247.0,3249.4,19496.4,15.0,False,V-0064,B,True,Email,2025-11-29 05:15:02.366,V-0064,tax_id,PO250926,V-0064,65101.9,CAD,0,0,0,1,0,1,0,0,0,,0,Currency Mismatch; Payment Terms Mismatch,2,Exception review,Rules + OCR,0.7105500972968026,,,
AP-0000889,ocr,95.46603622666667,TX-0017-46110,Cobalt Analytics Group,INV-0017-000889,2025-11-28,2026-01-12,PO-251646,GBP,,,265855.34,45.0,False,V-0017,C,True,Email,2025-11-29 07:32:19.524,V-0017,tax_id,PO251646,V-0017,182474.85,GBP,0,0,0,0,1,0,0,1,0,,0,Invoice Over PO; High-Risk Vendor,2,Exception review,Rules + OCR,0.7416939690292333,,,
AP-0001361,pdf_text,,TX-0067-45894,Summit Systems LLC,INV-0067-001361,2025-11-29,2025-12-29,PO-250463,USD,10181.41,0.0,10181.41,30.0,False,V-0067,B,False,Supplier portal,2025-11-29 07:36:49.490,V-0067,tax_id,PO250463,V-0067,43002.76,USD,0,0,0,0,0,0,0,0,0,,0,,0,Auto-approve,Rules + OCR,0.3010329733452092,,,
AP-0004719,pdf_text,,TX-0114-88629,Beacon Logistics Group,INV-0114-004719,2025-11-24,2025-12-24,PO-250176,USD,29969.94,2472.52,32442.46,30.0,False,V-0114,A,False,Email,2025-11-29 08:13:55.347,V-0114,tax_id,PO250176,V-0114,180880.39,USD,0,0,0,0,0,0,0,0,0,,0,,0,Auto-approve,Rules + OCR,0.32484030556020715,,,
AP-0002536,ocr,95.90449017241376,TX-0059-74622,Pioneer Solutions Group,INV-0059-002536,2025-11-27,2026-01-11,PO-251568,USD,4618.51,381.03,4999.54,45.0,False,V-0059,A,True,Email,2025-11-29 08:16:02.953,V-0059,tax_id,PO251568,V-0059,46307.84,USD,0,0,0,0,0,0,1,0,0,,0,Inactive Vendor,1,Exception review,Rules + OCR,0.6179365095426473,,,
AP-0001091,pdf_text,,TX-0118-10046,Stonebridge Logistics Ltd.,INV-0118-001091,2025-11-24,2025-12-24,PO-250351,USD,23645.55,1950.76,25596.31,30.0,False,V-0118,C,False,Supplier portal,2025-11-29 08:45:24.941,V-0118,tax_id,PO250351,V-0118,141344.4,USD,0,0,0,0,0,0,0,0,0,,0,,0,Auto-approve,Rules + OCR,0.31933189311619,,,
AP-0001529,pdf_text,,TX-0054-19609,Crescent Logistics LLC,INV-0054-001529,2025-11-24,2025-12-24,PO-251618,USD,7871.04,649.36,8520.4,30.0,False,V-0054,A,False,Supplier portal,2025-11-29 08:58:44.826,V-0054,tax_id,PO251618,V-0054,31456.98,USD,0,0,0,0,0,0,0,0,0,,0,,0,Auto-approve,Rules + OCR,0.2995267894566531,,,
AP-0001339,pdf_text,,TX-0118-10046,Stonebridge Logistics Ltd.,INV-0118-001339,2025-11-28,2025-12-28,PO-250915,USD,7005.28,577.94,7583.22,30.0,False,V-0118,C,False,Supplier portal,2025-11-29 10:20:20.848,V-0118,tax_id,PO250915,V-0118,173123.61,USD,0,0,0,0,0,0,0,0,0,,0,,0,Auto-approve,Rules + OCR,0.3175420851796012,,,
AP-0003539,pdf_text,,TX-0062-17232,Summit Systems LLC,INV-0062-003539,2025-11-25,2025-12-25,PO-X003539,USD,7330.13,0.0,7330.13,30.0,False,V-0062,B,False,Supplier portal,2025-11-29 12:02:44.186,V-0062,tax_id,POX003539,,,,0,1,0,0,0,0,0,0,0,,0,Invalid PO,1,Exception review,Rules + OCR,0.6470188476824746,,,
AP-0002492,pdf_text,,TX-0087-76038,Atlas Digital Ltd.,INV-0087-002492,2025-11-25,2026-01-24,PO-250906,EUR,1447.13,303.9,1751.03,60.0,False,V-0087,D,False,Supplier portal,2025-11-29 13:51:28.451,V-0087,tax_id,PO250906,V-0087,17514.72,EUR,0,0,0,0,0,0,0,0,0,,0,,0,Auto-approve,Rules + OCR,0.34967935770088526,,,
AP-0003486,pdf_text,,TX-0009-87210,Harbor Digital LLC,INV-0009-003486,2025-11-24,2026-01-08,PO-252126,USD,9460.44,0.0,9460.44,45.0,True,V-0009,B,False,Supplier portal,2025-11-29 14:23:05.130,V-0009,tax_id,PO252126,V-0009,80788.83,USD,0,0,0,0,0,0,0,0,0,,0,,0,Auto-approve,Rules + OCR,0.3395781906347202,,,
AP-0001322,pdf_text,,TX-0015-69124,Clearview Digital Inc.,INV-0015-001110,2025-11-29,2025-12-29,PO-252223,USD,7082.54,0.0,7082.54,30.0,False,V-0015,A,False,Supplier portal,2025-11-29 14:51:32.568,V-0015,tax_id,PO252223,V-0015,19996.0,USD,0,0,0,0,0,0,0,0,1,,0,Duplicate Invoice,1,Exception review,Rules + OCR,0.5724402355106017,,,
AP-0004846,pdf_text,,TX-0100-21510,Summit Logistics Inc.,,,,,,,,,,False,V-0100,E,False,Supplier portal,2025-11-29 15:15:40.517,V-0100,tax_id,,,,,1,0,0,0,0,0,0,0,0,Missing field,1,Missing PO,1,Data check,Rules + OCR,0.6572859211963322,,,
AP-0000421,pdf_text,,TX-0032-86220,Harbor Networks Group,INV-0032-000421,2025-11-26,2026-01-10,PO-250552,SGD,3997.99,359.82,4357.81,45.0,False,V-0032,A,False,Supplier portal,2025-11-29 16:04:39.037,V-0032,tax_id,PO250552,V-0032,14457.11,SGD,0,0,0,0,0,0,0,0,0,,0,,0,Auto-approve,Rules + OCR,0.34726325578451056,,,
AP-0000960,pdf_text,,TX-0125-42798,Brightpath Resources Ltd.,INV-0125-000960,2025-11-25,2025-12-25,PO-251244,EUR,4379.17,919.62,5298.79,30.0,False,V-0125,D,False,Email,2025-11-29 17:17:48.695,V-0125,tax_id,PO251244,V-0125,17334.14,EUR,0,0,0,0,0,0,0,0,0,,0,,0,Auto-approve,Rules + OCR,0.34648587700025896,,,
AP-0003502,pdf_text,,TX-0079-81417,Brightpath Technologies LLC,,,,,,,905.82,,,False,V-0079,E,False,Email,2025-11-29 18:17:25.000,V-0079,tax_id,,,,,1,0,0,0,0,0,0,0,0,Missing field,1,Missing PO,1,Data check,Rules + OCR,0.6535493272252184,,,
AP-0003277,pdf_text,,TX-0045-69725,Atlas Services LLC,INV-0045-003277,2025-11-28,2026-01-12,PO-252369,USD,684.78,0.0,684.78,45.0,False,V-0045,A,False,Supplier portal,2025-11-29 18:21:03.069,V-0045,tax_id,PO252369,V-0045,13854.1,USD,0,0,0,0,0,0,0,0,0,,0,,0,Auto-approve,Rules + OCR,0.327215899161672,,,
AP-0004738,pdf_text,,TX-0025-19498,Summit Systems LLC,INV-0025-004738,2025-11-24,2026-01-23,PO-250162,USD,4241.38,349.91,4591.29,60.0,True,V-0025,B,False,Supplier portal,2025-11-29 18:32:19.862,V-0025,tax_id,PO250162,V-0025,14782.05,USD,0,0,0,0,0,0,0,0,0,,0,,0,Auto-approve,Rules + OCR,0.3336091657482249,,,
AP-0002355,pdf_text,,TX-0056-21648,Oakmont Services LLC,,,,,,,897.88,,,False,V-0056,E,False,Email,2025-11-29 19:01:35.039,V-0056,tax_id,,,,,1,0,0,0,0,0,0,0,0,Missing field,1,Missing PO,1,Data check,Rules + OCR,0.6613798861068004,,,
AP-0002849,edi,,TX-0115-48708,Ironwood Services Group,INV-0115-002849,2025-11-26,2025-12-11,PO-250010,EUR,1027.96,215.87,1243.83,15.0,False,V-0115,D,False,EDI,2025-11-29 21:28:55.296,V-0115,tax_id,PO250010,V-0115,10682.93,EUR,0,0,0,0,0,0,0,0,0,,0,,0,Auto-approve,Rules + OCR,0.3393475174352754,,,
AP-0004059,pdf_text,,TX-0098-91882,Summit Systems LLC,INV-0098-004059,2025-11-25,2026-01-09,PO-251482,USD,8337.69,0.0,8337.69,45.0,False,V-0098,B,False,Supplier portal,2025-11-29 21:35:46.389,V-0098,tax_id,PO251482,V-0098,62081.04,USD,0,0,0,0,0,0,0,1,0,,0,High-Risk Vendor,1,Exception review,Rules + OCR,0.4416829944492172,,,
AP-0003900,pdf_text,,TX-0017-46110,Cobalt Analytics Group,INV-0017-003900,2025-11-26,2026-01-10,PO-251912,GBP,12705.72,2541.14,15246.86,45.0,False,V-0017,C,False,Supplier portal,2025-11-29 23:25:25.276,V-0017,tax_id,PO251912,V-0017,41947.88,GBP,0,0,0,0,0,0,0,1,0,,0,High-Risk Vendor,1,Exception review,Rules + OCR,0.5073171905870149,,,
AP-0001278,edi,,TX-0005-88178,Atlas Resources Inc.,INV-0005-001278,2025-11-30,2026-01-14,PO-251279,USD,6662.0,0.0,6662.0,45.0,False,V-0005,A,False,EDI,2025-11-30 00:50:04.053,V-0005,tax_id,PO251279,V-0005,39282.38,USD,0,0,0,0,0,1,0,0,0,,0,Payment Terms Mismatch,1,Exception review,Rules + OCR,0.6160658407455532,,,
AP-0001224,edi,,TX-0133-30576,Cobalt Partners Group,INV-0133-001224,2025-11-26,2026-01-10,PO-250677,USD,34709.66,0.0,34709.66,45.0,False,V-0133,C,False,EDI,2025-11-30 01:58:52.952,V-0133,tax_id,PO250677,V-0133,99286.25,USD,0,0,0,0,0,0,0,0,0,,0,,0,Auto-approve,Rules + OCR,0.3592243933110178,,,
AP-0004913,pdf_text,,TX-0019-24934,Summit Resources Group,INV-0019-004913,2025-11-25,2026-01-24,PO-250436,CAD,3708.32,185.42,3893.74,60.0,False,V-0019,B,False,Supplier portal,2025-11-30 02:46:09.965,V-0019,tax_id,PO250436,V-0019,10259.74,CAD,0,0,0,0,0,0,0,0,0,,0,,0,Auto-approve,Rules + OCR,0.3306238180164332,,,
AP-0001793,edi,,TX-0017-46110,Cobalt Analytics Group,INV-0017-001793,2025-11-30,2026-01-14,PO-251646,GBP,196145.36,39229.07,235374.43,45.0,False,V-0017,C,False,EDI,2025-11-30 02:49:43.738,V-0017,tax_id,PO251646,V-0017,182474.85,GBP,0,0,0,0,1,0,0,1,0,,0,Invoice Over PO; High-Risk Vendor,2,Exception review,Rules + OCR,0.7435046905652843,,,
AP-0003771,ocr,93.8225701764706,TX-0101-51229,Juniper Technologies LLC,INV-0101-003771,2025-11-29,2025-12-14,_,EUR,,21.0,4653.72,15.0,False,V-0101,D,True,Email,2025-11-30 03:51:27.854,V-0101,tax_id,,,,,0,1,0,0,0,0,0,0,0,,0,Invalid PO,1,Exception review,Rules + OCR,0.6528187799626886,,,
AP-0004315,pdf_text,,TX-0100-21510,Summit Logistics Inc.,,,,,,,,,,False,V-0100,E,False,Supplier portal,2025-11-30 03:52:32.364,V-0100,tax_id,,,,,1,0,0,0,0,0,0,0,0,Missing field,1,Missing PO,1,Data check,Rules + OCR,0.6373012243631706,,,
AP-0004888,pdf_text,,TX-0050-69493,Ironwood Services Ltd.,INV-0050-004888,2025-11-25,2025-12-25,PO-252172,USD,589.83,0.0,589.83,30.0,False,V-0050,A,False,Email,2025-11-30 04:52:23.870,V-0050,tax_id,PO252172,V-0050,14297.94,USD,0,0,0,0,0,0,0,0,0,,0,,0,Auto-approve,Rules + OCR,0.33491000032642,,,
AP-0002057,ocr,95.76618141304348,TX-0005-88178,Atlas Resources Inc.,INV-0005-002057,2025-11-30,2025-12-30,PO-250053,USD,37322.83,0.0,37322.83,30.0,False,V-0005,A,True,Email,2025-11-30 05:16:29.592,V-0005,tax_id,PO250053,V-0005,112102.34,USD,0,0,0,0,0,0,0,0,0,,0,,0,Auto-approve,Rules + OCR,0.31718234459635997,,,
AP-0001534,pdf_text,,TX-0100-21510,Summit Logistics Inc.,,,,,,,,,,False,V-0100,E,False,Supplier portal,2025-11-30 07:41:16.742,V-0100,tax_id,,,,,1,0,0,0,0,0,0,0,0,Missing field,1,Missing PO,1,Data check,Rules + OCR,0.6378139152039306,,,
AP-0003566,edi,,TX-0127-49996,Ironwood Solutions Inc.,INV-0127-003566,2025-11-26,2026-01-10,PO-250620,USD,47097.56,3885.55,50983.11,45.0,False,V-0127,A,False,EDI,2025-11-30 09:41:26.713,V-0127,tax_id,PO250620,V-0127,45391.74,USD,0,0,0,0,1,0,0,0,0,,0,Invoice Over PO,1,Exception review,Rules + OCR,0.6256710313041133,,,
AP-0003060,pdf_text,,TX-0103-92209,Silverline Services Group,INV-0103-003060,2025-11-26,2026-01-10,PO-251785,USD,1418.63,0.0,1418.63,45.0,False,V-0103,C,False,Supplier portal,2025-11-30 11:43:23.067,V-0103,tax_id,PO251785,V-0103,8590.66,USD,0,0,0,0,0,0,0,0,0,,0,,0,Auto-approve,Rules + OCR,0.3359762748983083,,,
AP-0004639,pdf_text,,TX-0055-46775,Silverline Analytics Group,INV-0055-004639,2025-11-29,2025-12-29,PO-250718,SGD,598.89,53.9,652.79,30.0,False,V-0055,C,False,Supplier portal,2025-11-30 12:18:41.514,V-0055,tax_id,PO250718,V-0055,4627.51,SGD,0,0,0,0,0,0,0,0,0,,0,,0,Auto-approve,Rules + OCR,0.3462117526444711,,,
AP-0001500,pdf_text,,TX-0069-10137,Summit Systems LLC,INV-0069-001500,2025-11-25,2025-12-25,PO-250048,USD,14158.29,0.0,14158.29,30.0,False,V-0069,B,False,Supplier portal,2025-11-30 13:05:45.153,V-0069,tax_id,PO250048,V-0069,255370.01,USD,0,0,0,0,0,0,0,0,0,,0,,0,Auto-approve,Rules + OCR,0.28939713785987076,,,
AP-0003736,pdf_text,,TX-0081-73770,Silverline Supply Group,INV-0081-003736,2025-11-30,2025-12-30,PO-251926,USD,3916.94,0.0,3916.94,30.0,False,V-0081,C,False,Supplier portal,2025-11-30 15:30:33.839,V-0081,tax_id,PO251926,V-0081,30919.3,USD,0,0,0,0,0,0,0,0,0,,0,,0,Auto-approve,Rules + OCR,0.33558009272793454,,,
AP-0003743,pdf_text,,TX-0084-70345,Redwood Supply LLC,INV-0084-003743,2025-11-30,2025-12-30,PO-250272,EUR,13243.74,2781.18,16024.92,30.0,True,V-0084,D,False,Supplier portal,2025-11-30 16:43:50.440,V-0084,tax_id,PO250272,V-0084,62432.47,EUR,0,0,0,0,0,0,0,0,0,,0,,0,Auto-approve,Rules + OCR,0.3170672009123412,,,
AP-0001945,pdf_text,,TX-0001-43105,Evergreen Consulting Group,INV-0001-001945,2025-11-26,2025-12-26,PO-250608,INR,4517.06,813.07,5330.13,30.0,False,V-0001,A,False,Supplier portal,2025-11-30 17:04:21.815,V-0001,tax_id,PO250608,V-0001,40031.33,INR,0,0,0,0,0,0,0,0,0,,0,,0,Auto-approve,Rules + OCR,0.3293034976579264,,,
AP-0001720,pdf_text,,TX-0038-45747,Beacon Analytics Ltd.,INV-0038-001720,2025-11-30,2025-12-30,,USD,2406.38,0.0,2406.38,30.0,False,V-0038,C,False,Supplier portal,2025-11-30 18:08:10.467,V-0038,tax_id,,,,,1,0,0,0,0,0,0,0,0,,0,Missing PO,1,Exception review,Rules + OCR,0.6272929582562846,,,
AP-0004330,pdf_text,,TX-0089-88461,Atlas Supply LLC,,,,,,,,,,False,V-0089,E,False,Supplier portal,2025-11-30 18:08:55.933,V-0089,tax_id,,,,,1,0,0,0,0,0,0,0,0,Missing field,1,Missing PO,1,Data check,Rules + OCR,0.6521478161511763,,,
AP-0003093,pdf_text,,TX-0138-43552,Atlas Partners Group,INV-0138-003093,2025-11-30,2025-12-30,PO-251567,EUR,11739.45,2465.28,14204.73,30.0,False,V-0138,D,False,Supplier portal,2025-11-30 19:44:07.840,V-0138,tax_id,PO251567,V-0138,53984.46,EUR,0,0,0,0,0,0,0,1,0,,0,High-Risk Vendor,1,Exception review,Rules + OCR,0.3935273025464924,,,
AP-0001572,pdf_text,,TX-0129-39742,Blue Ridge Digital Ltd.,INV-0129-001572,2025-11-27,2026-01-11,PO-251636,USD,8152.08,0.0,8152.08,45.0,False,V-0129,C,False,Email,2025-11-30 21:18:51.955,V-0129,tax_id,PO251636,V-0129,54557.42,USD,0,0,0,0,0,0,0,0,0,,0,,0,Auto-approve,Rules + OCR,0.34811437911468984,,,
AP-0000300,pdf_text,,TX-0005-88178,Atlas Resources Inc.,INV-0005-000300,2025-11-30,2025-12-30,PO-251279,USD,10248.05,0.0,10248.05,30.0,False,V-0005,A,False,Supplier portal,2025-11-30 21:30:21.516,V-0005,tax_id,PO251279,V-0005,39282.38,USD,0,0,0,0,0,0,0,0,0,,0,,0,Auto-approve,Rules + OCR,0.30632770892804906,,,
AP-0002713,pdf_text,,TX-0007-69764,Redwood Logistics Ltd.,INV-0007-002713,2025-11-30,2025-12-15,PO-251127,INR,29760.75,5356.94,35117.69,15.0,False,V-0007,A,False,Supplier portal,2025-11-30 23:31:10.044,V-0007,tax_id,PO251127,V-0007,152410.32,INR,0,0,0,0,0,0,0,0,0,,0,,0,Auto-approve,Rules + OCR,0.3406121951722253,,,
AP-0004987,pdf_text,,TX-0102-39905,Blue Ridge Analytics Inc.,INV-0102-004987,2025-11-28,2025-12-13,PO-250384,EUR,14340.93,3011.6,17352.53,15.0,False,V-0102,D,False,Supplier portal,2025-12-01 00:25:07.951,V-0102,tax_id,PO250384,V-0102,51820.72,EUR,0,0,0,0,0,0,0,0,0,,0,,0,Auto-approve,Rules + OCR,0.33262158703875855,,,
AP-0002320,pdf_text,,TX-0109-51449,Blue Ridge Analytics LLC,INV-0109-002320,2025-11-26,2025-12-26,PO-250657,USD,17202.36,0.0,17202.36,30.0,True,V-0109,A,False,Supplier portal,2025-12-01 01:31:25.667,V-0109,tax_id,PO250657,V-0109,167530.48,USD,0,0,0,0,0,0,0,0,0,,0,,0,Auto-approve,Rules + OCR,0.33573944410121576,,,
AP-0001363,ocr,88.71897252083333,TX-0079-81417,Brightpath Technologies LLC,,,,,,,,,,False,V-0079,E,True,Email,2025-12-01 03:35:12.254,V-0079,tax_id,,,,,1,0,0,0,0,0,0,0,0,Missing field,1,Missing PO,1,Data check,Rules + OCR,0.6298243473611906,,,
AP-0000254,pdf_text,,TX-0077-86128,Beacon Solutions LLC,INV-0077-000254,2025-11-28,2025-12-28,PO-250560,USD,9656.15,0.0,9656.15,30.0,True,V-0077,B,False,Email,2025-12-01 03:59:02.993,V-0077,tax_id,PO250560,V-0077,55420.02,USD,0,0,0,0,0,0,0,0,0,,0,,0,Auto-approve,Rules + OCR,0.305002151664246,,,
AP-0003527,pdf_text,,TX-0072-14104,Silverline Systems LLC,INV-0072-003527,2025-12-01,2025-12-31,PO-250038,SGD,6045.72,544.11,6589.83,30.0,False,V-0072,A,False,Email,2025-12-01 04:46:40.899,V-0072,tax_id,PO250038,V-0072,21750.16,SGD,0,0,0,0,0,0,0,0,0,,0,,0,Auto-approve,Rules + OCR,0.3147940166998349,,,
AP-0001964,pdf_text,,TX-0002-28786,Cobalt Services LLC,INV-0002-001964,2025-11-30,2025-12-15,PO-252002,INR,4080.47,734.48,4814.95,15.0,False,V-0002,C,False,Supplier portal,2025-12-01 05:07:59.355,V-0002,tax_id,PO252002,V-0002,39520.8,INR,0,0,0,0,0,0,1,0,0,,0,Inactive Vendor,1,Exception review,Rules + OCR,0.6905858524589735,,,
AP-0003392,pdf_text,,TX-0068-22381,Redwood Technologies Inc.,INV-0068-003392,2025-11-27,2025-12-12,PO-251772,CAD,56002.56,2800.13,58802.69,15.0,False,V-0068,C,False,Supplier portal,2025-12-01 06:06:31.885,V-0068,tax_id,PO251772,V-0068,177767.65,CAD,0,0,0,0,0,1,0,0,0,,0,Payment Terms Mismatch,1,Exception review,Rules + OCR,0.6053030993099967,,,
AP-0004945,pdf_text,,TX-0041-11074,Juniper Advisors Ltd.,,,,,,,516.04,,,False,V-0041,E,False,Supplier portal,2025-12-01 06:39:30.609,V-0041,tax_id,,,,,1,0,0,0,0,0,0,0,0,Missing field,1,Missing PO,1,Data check,Rules + OCR,0.6363792878384066,,,
AP-0002142,edi,,TX-0086-70653,Lighthouse Technologies LLC,INV-0086-002142,2025-11-27,2026-01-11,PO-251841,USD,10457.92,862.78,11320.7,45.0,False,V-0086,B,False,EDI,2025-12-01 07:12:48.388,V-0086,tax_id,PO251841,V-0086,55547.53,USD,0,0,0,0,0,0,0,0,0,,0,,0,Auto-approve,Rules + OCR,0.3017958579940284,,,
AP-0000977,pdf_text,,TX-0041-11074,Juniper Advisors Ltd.,,,,,,,363.06,,,False,V-0041,E,False,Supplier portal,2025-12-01 07:23:28.553,V-0041,tax_id,,,,,1,0,0,0,0,0,0,0,0,Missing field,1,Missing PO,1,Data check,Rules + OCR,0.627983103915104,,,
AP-0001586,pdf_text,,TX-0063-67062,Copperfield Systems Inc.,,,,,,,532.66,,,False,V-0063,E,False,Supplier portal,2025-12-01 08:43:57.026,V-0063,tax_id,,,,,1,0,0,0,0,0,0,0,0,Missing field,1,Missing PO,1,Data check,Rules + OCR,0.630126376833041,,,
AP-0003945,pdf_text,,TX-0058-42609,Brightpath Logistics Inc.,,,,,,,4093.02,,,False,V-0058,E,False,Supplier portal,2025-12-01 09:38:01.977,V-0058,tax_id,,,,,1,0,0,0,0,0,0,0,0,Missing field,1,Missing PO,1,Data check,Rules + OCR,0.6589256753507056,,,
AP-0001157,pdf_text,,TX-0129-39742,Blue Ridge Digital Ltd.,INV-0129-001157,2025-11-30,2026-01-14,PO-252219,USD,31153.47,0.0,31153.47,45.0,False,V-0129,C,False,Supplier portal,2025-12-01 10:59:44.883,V-0129,tax_id,PO252219,V-0129,108088.67,USD,0,0,0,0,0,0,0,0,0,,0,,0,Auto-approve,Rules + OCR,0.3593166299221397,,,
AP-0002522,pdf_text,,TX-0107-50949,Silverline Advisors Inc.,INV-0107-002522,2025-11-27,2026-01-26,PO-251605,USD,20084.31,1656.96,21741.27,60.0,False,V-0107,C,False,Email,2025-12-01 12:20:46.280,V-0107,tax_id,PO251605,V-0107,63093.68,USD,0,0,0,0,0,0,0,0,0,,0,,0,Auto-approve,Rules + OCR,0.3626969162941601,,,
AP-0003798,ocr,94.87348662650604,TX-0118-10046,Stonebridge Logistics Ltd.,INV-0118-003798,2025-11-29,2025-12-14,PO-250721,USD,,,22789.8,15.0,False,V-0118,C,True,Email,2025-12-01 12:34:20.342,V-0118,tax_id,PO250721,V-0118,17404.81,USD,0,0,0,0,1,1,0,0,0,,0,Invoice Over PO; Payment Terms Mismatch,2,Exception review,Rules + OCR,0.6661029175221203,,,
AP-0001991,ocr,95.67568693023256,TX-0070-80671,Beacon Services LLC,INV-0070-001991,2025-12-01,2025-12-16,PO-250407,USD,38923.78,0.0,38923.78,15.0,False,V-0070,A,True,Email,2025-12-01 14:03:49.825,V-0070,tax_id,PO250407,V-0070,104678.91,USD,0,0,0,0,0,0,0,0,0,,0,,0,Auto-approve,Rules + OCR,0.29314621198537333,,,
AP-0000390,ocr,85.64933930612244,TX-0063-67062,Copperfield Systems Inc.,,,,,,,213.76,,,False,V-0063,E,True,Email,2025-12-01 14:04:50.500,V-0063,tax_id,,,,,1,0,0,0,0,0,0,0,0,Missing field,1,Missing PO,1,Data check,Rules + OCR,0.6248859832676663,,,
AP-0002102,pdf_text,,TX-0117-90487,Atlas Consulting LLC,INV-0117-002102,2025-11-30,2025-12-30,PO-251263,CAD,6797.06,339.85,7136.91,30.0,False,V-0117,C,False,Email,2025-12-01 14:12:54.094,V-0117,tax_id,PO251263,V-0117,30512.91,CAD,0,0,0,0,0,0,0,0,0,,0,,0,Auto-approve,Rules + OCR,0.3162430360092071,,,
AP-0001966,pdf_text,,TX-0127-49996,Ironwood Solutions Inc.,INV-0127-001966,2025-11-28,2026-01-12,PO-250166,USD,1720.48,141.94,1862.42,45.0,False,V-0127,A,False,Supplier portal,2025-12-01 15:11:02.685,V-0127,tax_id,PO250166,V-0127,44966.9,USD,0,0,0,0,0,0,0,0,0,,0,,0,Auto-approve,Rules + OCR,0.34383478516713345,,,
AP-0002801,pdf_text,,TX-0123-99977,Oakmont Analytics Ltd.,,,,,,,749.44,,,False,V-0123,E,False,Supplier portal,2025-12-01 15:18:13.471,V-0123,tax_id,,,,,1,0,0,0,0,0,1,0,0,Missing field,1,Missing PO; Inactive Vendor,2,Data check,Rules + OCR,0.6583527438062701,,,
AP-0003828,pdf_text,,TX-0041-11074,Juniper Advisors Ltd.,,,,,,,172.88,,,False,V-0041,E,False,Supplier portal,2025-12-01 16:23:38.398,V-0041,tax_id,,,,,1,0,0,0,0,0,0,0,0,Missing field,1,Missing PO,1,Data check,Rules + OCR,0.6340060202450617,,,
AP-0003159,pdf_text,,TX-0031-87911,Lighthouse Systems Inc.,,,,,,,,,,False,V-0031,E,False,Email,2025-12-01 19:23:11.173,V-0031,tax_id,,,,,1,0,0,0,0,0,0,1,0,Missing field,1,Missing PO; High-Risk Vendor,2,Data check,Rules + OCR,0.6960902314732504,,,
AP-0004410,ocr,94.950007655914,TX-0107-50949,Silverline Advisors Inc.,INV-0107-004410,2025-11-26,2026-01-25,PO-250288,USD,5333.66,440.03,5773.69,60.0,False,V-0107,C,True,Email,2025-12-01 19:44:48.173,V-0107,tax_id,PO250288,V-0107,16811.38,USD,0,0,0,0,0,0,0,0,0,,0,,0,Auto-approve,Rules + OCR,0.3567328458120822,,,
AP-0002192,pdf_text,,TX-0110-54537,Ironwood Networks Ltd.,,,,,,,,,,False,V-0110,E,False,Supplier portal,2025-12-01 21:36:52.627,V-0110,tax_id,,,,,1,0,0,0,0,0,0,0,0,Missing field,1,Missing PO,1,Data check,Rules + OCR,0.6072712097618451,,,
AP-0001648,pdf_text,,TX-0101-51229,Juniper Technologies LLC,INV-0101-001648,2025-11-29,2025-12-14,PO-252068,EUR,2562.46,538.12,3100.58,15.0,False,V-0101,D,False,Email,2025-12-01 22:47:16.003,V-0101,tax_id,PO252068,V-0101,30705.73,EUR,0,0,0,0,0,0,0,0,0,,0,,0,Auto-approve,Rules + OCR,0.3363642071116689,,,
AP-0004900,pdf_text,,TX-0063-67062,Copperfield Systems Inc.,,,,,,,243.64,,,False,V-0063,E,False,Supplier portal,2025-12-01 23:57:46.934,V-0063,tax_id,,,,,1,0,0,0,0,0,0,0,0,Missing field,1,Missing PO,1,Data check,Rules + OCR,0.5528734694977716,,,
AP-0002394,pdf_text,,TX-0057-94723,Lighthouse Supply Ltd.,INV-0057-002394,2025-12-02,2026-01-01,PO-250309,USD,10589.02,0.0,10589.02,30.0,False,V-0057,A,False,Email,2025-12-02 00:14:26.470,V-0057,tax_id,PO250309,V-0057,138886.06,USD,0,0,0,0,0,0,0,0,0,,0,,0,Auto-approve,Rules + OCR,0.33665151202307736,,,
AP-0000298,pdf_text,,TX-0002-28786,Cobalt Services LLC,INV-0002-000298,2025-11-30,2025-12-15,PO-252334,GBP,8828.64,1765.73,10594.37,15.0,False,V-0002,C,False,Supplier portal,2025-12-02 01:40:56.156,V-0002,tax_id,PO252334,V-0002,88928.07,INR,0,0,0,1,0,0,1,0,0,,0,Currency Mismatch; Inactive Vendor,2,Exception review,Rules + OCR,0.7124321848809556,,,
AP-0004141,pdf_text,,TX-0100-21510,Summit Logistics Inc.,,,,,,,,,,False,V-0100,E,False,Supplier portal,2025-12-02 03:15:44.536,V-0100,tax_id,,,,,1,0,0,0,0,0,0,0,0,Missing field,1,Missing PO,1,Data check,Rules + OCR,0.5850073085462705,,,
AP-0000440,pdf_text,,TX-0043-75924,Crescent Analytics Group,,,,,,,,,,False,V-0043,E,False,Supplier portal,2025-12-02 04:44:54.507,V-0043,tax_id,,,,,1,0,0,0,0,0,0,0,0,Missing field,1,Missing PO,1,Data check,Rules + OCR,0.6625062307847693,,,
AP-0003830,edi,,TX-0032-86220,Harbor Networks Group,INV-0032-003830,2025-11-30,2026-01-14,,SGD,911.32,82.02,993.34,45.0,False,V-0032,A,False,EDI,2025-12-02 06:57:00.551,V-0032,tax_id,,,,,1,0,0,0,0,0,0,0,0,,0,Missing PO,1,Exception review,Rules + OCR,0.6760410717094927,,,
AP-0003872,pdf_text,,TX-0070-80671,Beacon Services LLC,INV-0070-003872,2025-11-27,2025-12-12,,USD,24735.37,0.0,24735.37,15.0,False,V-0070,A,False,Supplier portal,2025-12-02 07:52:17.827,V-0070,tax_id,,,,,1,0,0,0,0,0,0,0,0,,0,Missing PO,1,Exception review,Rules + OCR,0.6451215288228707,,,
AP-0000927,ocr,95.66329812820514,TX-0088-45873,Atlas Systems Group,INV-0088-000927,2025-11-27,2025-12-27,PO-250592,USD,5557.19,0.0,5557.19,30.0,False,V-0088,A,True,Email,2025-12-02 10:45:50.991,V-0088,tax_id,PO250592,V-0088,71458.41,USD,0,0,0,0,0,0,0,0,0,,0,,0,Auto-approve,Rules + OCR,0.3154944509555904,,,
AP-0003920,edi,,TX-0080-26211,Juniper Resources Inc.,INV-0080-003920,2025-11-30,2025-12-30,PO-250673,EUR,45079.84,9466.77,54546.61,30.0,False,V-0080,D,False,EDI,2025-12-02 11:53:07.460,V-0080,tax_id,PO250673,V-0080,303596.08,EUR,0,0,0,0,0,0,0,0,0,,0,,0,Auto-approve,Rules + OCR,0.34022841645247587,,,
AP-0003153,ocr,93.61217801298702,TX-0031-87911,Lighthouse Systems Inc.,,,,,,,,,,False,V-0031,E,True,Email,2025-12-02 13:49:29.971,V-0031,tax_id,,,,,1,0,0,0,0,0,0,1,0,Missing field,1,Missing PO; High-Risk Vendor,2,Data check,Rules + OCR,0.630932602386446,,,
AP-0002074,edi,,TX-0088-45873,Atlas Systems Group,INV-0088-002074,2025-12-01,2025-12-31,PO-252362,USD,8077.99,0.0,8077.99,30.0,False,V-0088,A,False,EDI,2025-12-02 15:07:28.597,V-0088,tax_id,PO252362,V-0088,53330.72,USD,0,0,0,0,0,0,0,0,0,,0,,0,Auto-approve,Rules + OCR,0.31568815383999393,,,
AP-0002292,edi,,TX-0104-57614,Oakmont Operations Group,INV-0104-002292,2025-12-02,2025-12-17,PO-251974,USD,4903.34,0.0,4903.34,15.0,False,V-0104,C,False,EDI,2025-12-02 15:45:18.450,V-0104,tax_id,PO251974,V-0104,60929.9,USD,0,0,0,0,0,0,0,0,0,,0,,0,Auto-approve,Rules + OCR,0.32941647652658484,,,
AP-0004934,pdf_text,,TX-0105-55701,Ironwood Analytics Inc.,INV-0105-004934,2025-11-30,2026-01-14,PO-250689,USD,12337.79,0.0,12337.79,45.0,False,V-0105,C,False,Supplier portal,2025-12-02 16:03:57.264,V-0105,tax_id,PO250689,V-0105,34672.44,USD,0,0,0,0,0,0,0,0,0,,0,,0,Auto-approve,Rules + OCR,0.3354181763159759,,,
AP-0000003,pdf_text,,TX-0002-28786,Cobalt Services LLC,INV-0002-000003,2025-11-30,2025-12-15,PO-252098,INR,1296.5,233.37,1529.87,15.0,False,V-0002,C,False,Email,2025-12-02 17:08:39.185,V-0002,tax_id,PO252098,V-0002,21585.09,INR,0,0,0,0,0,0,1,0,0,,0,Inactive Vendor,1,Exception review,Rules + OCR,0.7051920565227061,,,
AP-0003923,pdf_text,,TX-0053-42836,Oakmont Supply Group,INV-0053-003923,2025-12-01,2025-12-31,PO-251041,SGD,56874.04,5118.66,61992.7,30.0,False,V-0053,C,False,Email,2025-12-02 17:56:08.225,V-0053,tax_id,PO251041,V-0053,305074.81,SGD,0,0,0,0,0,0,0,0,0,,0,,0,Auto-approve,Rules + OCR,0.3574024716071856,,,
AP-0000042,pdf_text,,TX-0086-70653,Summit Systems LLC,INV-0086-000042,2025-11-29,2026-01-13,PO-251219,USD,13537.42,1116.84,14654.26,45.0,False,V-0086,B,False,Email,2025-12-02 18:44:42.614,V-0086,tax_id,PO251219,V-0086,106025.02,USD,0,0,0,0,0,0,0,0,0,,0,,0,Auto-approve,Rules + OCR,0.33317300154806123,,,
AP-0003388,pdf_text,,TX-0117-90487,Atlas Consulting LLC,INV-0117-003388,2025-11-29,2025-12-14,PO-251268,CAD,25895.46,1294.77,27190.23,15.0,False,V-0117,C,False,Supplier portal,2025-12-02 20:22:17.965,V-0117,tax_id,PO251268,V-0117,74044.76,CAD,0,0,0,0,0,1,0,0,0,,0,Payment Terms Mismatch,1,Exception review,Rules + OCR,0.6244499533993186,,,
AP-0002329,pdf_text,,TX-0117-90487,Atlas Consulting LLC,INV-0117-002329,2025-12-02,2026-01-01,PO-251268,CAD,6703.7,335.18,7038.88,30.0,True,V-0117,C,False,Email,2025-12-02 21:17:38.068,V-0117,tax_id,PO251268,V-0117,74044.76,CAD,0,0,0,0,0,0,0,0,0,,0,,0,Auto-approve,Rules + OCR,0.3218460424481516,,,
AP-0003780,pdf_text,,TX-0131-83608,Copperfield Systems LLC,INV-0131-003780,2025-12-02,2026-01-01,PO-X003780,USD,47797.56,0.0,47797.56,30.0,False,V-0131,A,False,Supplier portal,2025-12-02 22:49:22.793,V-0131,tax_id,POX003780,,,,0,1,0,0,0,0,0,0,0,,0,Invalid PO,1,Exception review,Rules + OCR,0.6480993938531603,,,
AP-0002336,pdf_text,,TX-0057-94723,Lighthouse Supply Ltd.,INV-0057-002336,2025-11-30,2025-12-30,PO-252254,USD,12171.72,0.0,12171.72,30.0,False,V-0057,A,False,Email,2025-12-02 23:39:17.395,V-0057,tax_id,PO252254,V-0057,37926.53,USD,0,0,0,0,0,0,0,0,0,,0,,0,Auto-approve,Rules + OCR,0.3396168803645441,,,
AP-0003427,edi,,TX-0138-43552,Atlas Partners Group,INV-0138-003427,2025-12-03,2026-01-02,PO-251575,EUR,9658.5,2028.29,11686.79,30.0,False,V-0138,D,False,EDI,2025-12-03 00:42:22.987,V-0138,tax_id,PO251575,V-0138,48246.18,EUR,0,0,0,0,0,0,0,1,0,,0,High-Risk Vendor,1,Exception review,Rules + OCR,0.4148606910047273,,,
AP-0001268,pdf_text,,TX-0034-94278,Summit Systems LLC,INV-0034-001268,2025-12-01,2025-12-31,PO-250491,USD,5129.51,0.0,5129.51,30.0,True,V-0034,B,False,Email,2025-12-03 04:20:17.133,V-0034,tax_id,PO250491,V-0034,45979.21,USD,0,0,0,0,0,0,0,0,0,,0,,0,Auto-approve,Rules + OCR,0.30524403870204664,,,
AP-0000563,pdf_text,,TX-0078-49721,Crescent Networks Ltd.,INV-0078-000563,2025-12-03,2026-01-02,PO-251655,USD,3833.15,0.0,3833.15,30.0,False,V-0078,C,False,Supplier portal,2025-12-03 04:34:20.002,V-0078,tax_id,PO251655,V-0078,16435.04,USD,0,0,0,0,0,0,0,0,0,,0,,0,Auto-approve,Rules + OCR,0.30823045543178607,,,
AP-0004727,pdf_text,,TX-0046-43936,Beacon Solutions LLC,INV-0046-004727,2025-12-03,2026-02-01,PO-251026,USD,1083.79,0.0,1083.79,60.0,False,V-0046,C,False,Supplier portal,2025-12-03 04:47:29.804,V-0046,tax_id,PO251026,V-0046,15239.95,USD,0,0,0,0,0,0,0,0,0,,0,,0,Auto-approve,Rules + OCR,0.3388046663124014,,,
AP-0004588,pdf_text,,TX-0123-99977,Oakmont Analytics Ltd.,,,,,,,640.64,,,False,V-0123,E,False,Supplier portal,2025-12-03 04:49:31.115,V-0123,tax_id,,,,,1,0,0,0,0,0,1,0,0,Missing field,1,Missing PO; Inactive Vendor,2,Data check,Rules + OCR,0.7114638402366408,,,
AP-0000023,pdf_text,,TX-0024-91040,Evergreen Solutions Inc.,INV-0024-000023,2025-12-02,2025-12-17,PO-251951,EUR,7023.26,1474.88,8498.14,15.0,False,V-0024,D,False,Email,2025-12-03 05:51:18.090,V-0024,tax_id,PO251951,V-0024,30080.28,EUR,0,0,0,0,0,0,0,0,0,,0,,0,Auto-approve,Rules + OCR,0.312669325222394,,,
AP-0000963,pdf_text,,TX-0095-51083,Crescent Supply Ltd.,INV-0095-000963,2025-11-29,2025-12-29,PO-250011,USD,1635.75,0.0,1635.75,30.0,False,V-0095,A,False,Email,2025-12-03 06:49:32.298,V-0095,tax_id,PO250011,V-0095,18742.58,USD,0,0,0,0,0,0,0,0,0,,0,,0,Auto-approve,Rules + OCR,0.2964330322887749,,,
AP-0002838,pdf_text,,TX-0042-54837,Summit Systems LLC,INV-0042-002838,2025-11-28,2026-01-27,PO-251184,USD,20792.84,0.0,20792.84,60.0,False,V-0042,B,False,Supplier portal,2025-12-03 07:23:25.363,V-0042,tax_id,PO251184,V-0042,66400.39,USD,0,0,0,0,0,0,0,0,0,,0,,0,Auto-approve,Rules + OCR,0.3536146129506644,,,
AP-0003941,ocr,95.84932291666668,TX-0009-87210,Harbor Digital LLC,,,,,USD,570.76,0.0,570.76,,False,V-0009,B,True,Email,2025-12-03 09:20:47.593,V-0009,tax_id,,,,,1,0,0,0,0,0,0,0,0,Missing field,1,Missing PO,1,Data check,Rules + OCR,0.6393183621333012,,,
AP-0003838,pdf_text,,TX-0111-16923,Summit Systems LLC,INV-0111-003838,2025-12-02,2025-12-17,PO-250981,USD,16443.33,1356.58,17799.91,15.0,False,V-0111,B,False,Supplier portal,2025-12-03 10:54:19.936,V-0111,tax_id,PO250981,V-0111,60850.63,USD,0,0,0,0,0,0,0,0,0,,0,,0,Auto-approve,Rules + OCR,0.28624206623603055,,,
AP-0004172,pdf_text,,TX-0005-88178,Atlas Resources Inc.,INV-0005-004172,2025-12-02,2026-01-01,PO-250438,USD,2368.38,0.0,2368.38,30.0,False,V-0005,A,False,Supplier portal,2025-12-03 11:18:29.000,V-0005,tax_id,PO250438,V-0005,20690.47,USD,0,0,0,0,0,0,0,0,0,,0,,0,Auto-approve,Rules + OCR,0.3082588877402312,,,
AP-0004367,pdf_text,,TX-0001-43105,Evergreen Consulting Group,INV-0001-004367,2025-11-28,2025-12-28,PO-252001,INR,7467.31,1344.11,8811.42,30.0,False,V-0001,A,False,Email,2025-12-03 14:10:48.446,V-0001,tax_id,PO252001,V-0001,54592.71,INR,0,0,0,0,0,0,0,0,0,,0,,0,Auto-approve,Rules + OCR,0.33873259745567474,,,
AP-0004909,pdf_text,,TX-0104-57614,Oakmont Operations Group,INV-0104-004909,2025-12-03,2025-12-18,PO-250984,USD,512.33,0.0,512.33,15.0,False,V-0104,C,False,Supplier portal,2025-12-03 14:12:39.694,V-0104,tax_id,PO250984,V-0104,7790.76,USD,0,0,0,0,0,0,0,0,0,,0,,0,Auto-approve,Rules + OCR,0.32604963031549217,,,
AP-0001465,pdf_text,,TX-0112-59988,Crescent Systems Group,INV-0112-001465,2025-11-29,2025-12-29,PO-250159,USD,18314.99,0.0,18314.99,30.0,False,V-0112,C,False,Supplier portal,2025-12-03 14:27:32.368,V-0112,tax_id,PO250159,V-0112,58896.96,USD,0,0,0,0,0,0,0,0,0,,0,,0,Auto-approve,Rules + OCR,0.2960813283830948,,,
AP-0004729,pdf_text,,TX-0130-24969,Harbor Technologies Ltd.,INV-0130-004729,2025-11-30,2026-01-29,PO-250780,EUR,9295.49,1952.05,11247.54,60.0,False,V-0130,D,False,Supplier portal,2025-12-03 16:23:11.588,V-0130,tax_id,PO250780,V-0130,32024.55,EUR,0,0,0,0,0,0,0,0,0,,0,,0,Auto-approve,Rules + OCR,0.34698308217693874,,,
AP-0002861,pdf_text,,TX-0083-82789,Summit Systems LLC,INV-0083-002861,2025-12-02,2025-12-17,PO-251196,USD,16644.51,1373.17,18017.68,15.0,False,V-0083,B,False,Supplier portal,2025-12-03 16:44:27.787,V-0083,tax_id,PO251196,V-0083,153087.72,USD,0,0,0,0,0,0,0,0,0,,0,,0,Auto-approve,Rules + OCR,0.3205794294940643,,,
AP-0004962,pdf_text,,TX-0034-94278,Summit Systems LLC,INV-0034-004962,2025-12-02,2026-01-01,PO-252206,USD,42772.18,0.0,42772.18,30.0,True,V-0034,B,False,Supplier portal,2025-12-03 18:39:54.541,V-0034,tax_id,PO252206,V-0034,184068.55,USD,0,0,0,0,0,0,0,0,0,,0,,0,Auto-approve,Rules + OCR,0.3255979340527449,,,
AP-0002141,pdf_text,,TX-0036-11692,Summit Systems LLC,INV-0036-002141,2025-12-03,2026-01-02,PO-251759,USD,2151.02,0.0,2151.02,30.0,False,V-0036,B,False,Supplier portal,2025-12-03 18:46:28.989,V-0036,tax_id,PO251759,V-0036,51278.63,USD,0,0,0,0,0,0,0,0,0,,0,,0,Auto-approve,Rules + OCR,0.3048496059651496,,,
AP-0003939,pdf_text,,TX-0135-50499,Summit Systems LLC,INV-0135-003939,2025-11-29,2025-12-29,PO-251675,USD,1460.33,120.48,1580.81,30.0,False,V-0135,B,False,Supplier portal,2025-12-03 21:40:37.423,V-0135,tax_id,PO251675,V-0135,7016.71,USD,0,0,0,0,0,0,0,0,0,,0,,0,Auto-approve,Rules + OCR,0.32727958461071593,,,
AP-0004621,pdf_text,,TX-0046-43936,Beacon Solutions LLC,INV-0046-004621,2025-11-28,2026-01-27,PO-252155,USD,28507.16,0.0,28507.16,60.0,False,V-0046,C,False,Supplier portal,2025-12-03 22:45:08.427,V-0046,tax_id,PO252155,V-0046,84071.6,USD,0,0,0,0,0,0,0,0,0,,0,,0,Auto-approve,Rules + OCR,0.34618514025181457,,,
AP-0003067,edi,,TX-0062-17232,Juniper Resources Ltd.,INV-0062-003067,2025-12-01,2025-12-31,,USD,7586.89,0.0,7586.89,30.0,False,V-0062,B,False,EDI,2025-12-03 23:27:15.652,V-0062,tax_id,,,,,1,0,0,0,0,0,0,0,0,,0,Missing PO,1,Exception review,Rules + OCR,0.6500014602422034,,,
AP-0000080,pdf_text,,TX-0135-50499,Summit Systems LLC,INV-0135-000080,2025-12-01,2025-12-31,PO-252090,USD,11550.08,952.88,12502.96,30.0,False,V-0135,B,False,Supplier portal,2025-12-03 23:45:43.817,V-0135,tax_id,PO252090,V-0135,40170.29,USD,0,0,0,0,0,0,0,0,0,,0,,0,Auto-approve,Rules + OCR,0.3219501984682332,,,
AP-0001195,ocr,93.34524031764708,,Harbor Networks Group,INV-0032-001195,2025-11-30,2026-01-14,PO-250552,SGD,2622.9,236.06,2858.96,45.0,False,V-0032,A,True,Email,2025-12-04 00:07:55.836,V-0032,name,PO250552,V-0032,14457.11,SGD,0,0,0,0,0,0,0,0,0,,0,,0,Auto-approve,Rules + OCR,0.34611750604357583,,,
AP-0001218,pdf_text,,TX-0032-86220,Harbor Networks Group,INV-0032-001218,2025-12-02,2026-01-16,PO-250552,SGD,978.61,88.07,1066.68,45.0,False,V-0032,A,False,Supplier portal,2025-12-04 01:25:38.277,V-0032,tax_id,PO250552,V-0032,14457.11,SGD,0,0,0,0,0,0,0,0,0,,0,,0,Auto-approve,Rules + OCR,0.34432732092643925,,,
AP-0002491,pdf_text,,TX-0104-57614,Oakmont Operations Group,INV-0104-002491,2025-12-04,2025-12-19,PO-251712,USD,1789.19,0.0,1789.19,15.0,False,V-0104,C,False,Supplier portal,2025-12-04 02:37:40.049,V-0104,tax_id,PO251712,V-0104,21326.48,USD,0,0,0,0,0,0,0,0,0,,0,,0,Auto-approve,Rules + OCR,0.32028440989557694,,,
AP-0002333,pdf_text,,TX-0029-56211,Crescent Technologies LLC,INV-0029-002333,2025-12-01,2025-12-16,PO-252327,USD,5192.68,428.4,5621.08,15.0,False,V-0029,C,False,Supplier portal,2025-12-04 03:42:50.705,V-0029,tax_id,PO252327,V-0029,18924.89,USD,0,0,0,0,0,0,0,0,0,,0,,0,Auto-approve,Rules + OCR,0.31573555354393795,,,
AP-0000555,pdf_text,,TX-0004-83750,Harbor Networks Ltd.,,,,,,,1153.71,,,False,V-0004,E,False,Supplier portal,2025-12-04 03:57:36.952,V-0004,tax_id,,,,,1,0,0,0,0,0,0,0,0,Missing field,1,Missing PO,1,Data check,Rules + OCR,0.6493706725634575,,,
AP-0003445,pdf_text,,TX-0049-19644,Harbor Resources LLC,INV-0049-003445,2025-11-29,2025-12-29,PO-250431,EUR,2257.74,474.12,2731.86,30.0,False,V-0049,D,False,Supplier portal,2025-12-04 03:57:52.929,V-0049,tax_id,PO250431,V-0049,13950.89,EUR,0,0,0,0,0,0,0,0,0,,0,,0,Auto-approve,Rules + OCR,0.3296476266733628,,,
AP-0002189,pdf_text,,TX-0117-90487,Atlas Consulting LLC,INV-0117-002189,2025-11-30,2025-12-30,PO-250387,CAD,1017.87,50.89,1068.76,30.0,False,V-0117,C,False,Supplier portal,2025-12-04 05:55:26.072,V-0117,tax_id,PO250387,V-0117,3899.16,CAD,0,0,0,0,0,0,0,0,0,,0,,0,Auto-approve,Rules + OCR,0.3138313599198641,,,
AP-0000773,pdf_text,,TX-0100-21510,Summit Logistics Inc.,,,,,,,,,,False,V-0100,E,False,Supplier portal,2025-12-04 07:29:32.323,V-0100,tax_id,,,,,1,0,0,0,0,0,0,0,0,Missing field,1,Missing PO,1,Data check,Rules + OCR,0.6349301352652399,,,
AP-0002772,pdf_text,,TX-0081-73770,Silverline Supply Group,INV-0081-002772,2025-11-29,2025-12-29,PO-251876,USD,4933.41,0.0,4933.41,30.0,False,V-0081,C,False,Email,2025-12-04 07:47:34.148,V-0081,tax_id,PO251876,V-0081,13131.13,USD,0,0,0,0,0,0,0,0,0,,0,,0,Auto-approve,Rules + OCR,0.3373282264400476,,,
AP-0001094,pdf_text,,TX-0124-51957,Brightpath Systems Ltd.,INV-0124-001094,2025-12-04,2025-12-19,PO-250793,CAD,14440.01,722.0,15162.01,15.0,False,V-0124,A,False,Email,2025-12-04 07:59:48.103,V-0124,tax_id,PO250793,V-0124,45060.69,CAD,0,0,0,0,0,0,0,0,0,,0,,0,Auto-approve,Rules + OCR,0.3235940672724688,,,
AP-0002086,pdf_text,,TX-0030-52947,Crescent Networks Inc.,,,,,,,1226.31,,,False,V-0030,E,False,Supplier portal,2025-12-04 08:29:11.799,V-0030,tax_id,,,,,1,0,0,0,0,0,0,0,0,Missing field,1,Missing PO,1,Data check,Rules + OCR,0.652911454303944,,,
AP-0004165,ocr,95.91437915789471,TX-0036-11692,Summit Systems LLC,INV-0036-004165,2025-11-29,2026-01-13,PO-251108,USD,2407.1,0.0,2407.1,45.0,False,V-0036,B,True,Email,2025-12-04 10:13:21.496,V-0036,tax_id,PO251108,V-0036,16436.17,USD,0,0,0,0,0,1,0,0,0,,0,Payment Terms Mismatch,1,Exception review,Rules + OCR,0.6046063613426178,,,
AP-0002302,pdf_text,,TX-0032-86220,Harbor Networks Group,INV-0032-002302,2025-12-02,2026-01-16,PO-250552,SGD,2444.59,220.01,2664.6,45.0,False,V-0032,A,False,Supplier portal,2025-12-04 10:17:14.739,V-0032,tax_id,PO250552,V-0032,14457.11,SGD,0,0,0,0,0,0,0,0,0,,0,,0,Auto-approve,Rules + OCR,0.3451844068094266,,,
AP-0002059,pdf_text,,TX-0078-49721,Crescent Networks Ltd.,INV-0078-002059,2025-12-03,2026-01-02,PO-252190,USD,3939.72,0.0,3939.72,30.0,False,V-0078,C,False,Supplier portal,2025-12-04 10:24:27.555,V-0078,tax_id,PO252190,V-0078,26239.46,USD,0,0,0,0,0,0,0,0,0,,0,,0,Auto-approve,Rules + OCR,0.3048433247302594,,,
AP-0000257,pdf_text,,TX-0092-15472,Summit Resources Group,INV-0092-000257,2025-12-01,2025-12-16,PO-252031,USD,6454.17,0.0,6454.17,15.0,False,V-0092,A,False,Supplier portal,2025-12-04 11:34:59.513,V-0092,tax_id,PO252031,V-0092,17275.65,USD,0,0,0,0,0,0,0,0,0,,0,,0,Auto-approve,Rules + OCR,0.2829521442525501,,,
AP-0001684,edi,,TX-0026-46682,Oakmont Supply Ltd.,INV-0026-001684,2025-12-04,2025-12-19,PO-251405,EUR,9890.64,2077.03,11967.67,15.0,False,V-0026,D,False,EDI,2025-12-04 12:24:20.943,V-0026,tax_id,PO251405,V-0026,31807.51,EUR,0,0,0,0,0,0,0,0,0,,0,,0,Auto-approve,Rules + OCR,0.32820650286966785,,,
AP-0001413,pdf_text,,TX-0050-69493,Ironwood Services Ltd.,INV-0050-001413,2025-11-30,2025-12-30,PO-250622,USD,5316.16,0.0,5316.16,30.0,False,V-0050,A,False,Supplier portal,2025-12-04 13:06:32.570,V-0050,tax_id,PO250622,V-0050,31045.47,USD,0,0,0,0,0,0,0,0,1,,0,Duplicate Invoice,1,Exception review,Rules + OCR,0.5808848003169886,,,
AP-0000293,pdf_text,,TX-0093-95568,Summit Systems LLC,INV-0093-000293,2025-11-29,2025-12-14,PO-250172,USD,2858.59,235.83,3094.42,15.0,False,V-0093,B,False,Supplier portal,2025-12-04 13:30:11.674,V-0093,tax_id,PO250172,V-0093,36846.05,USD,0,0,0,0,0,0,0,0,0,,0,,0,Auto-approve,Rules + OCR,0.32524032400438574,,,
AP-0003030,ocr,95.5256510096154,TX-0094-30896,Copperfield Systems Group,INV-0094-003030,2025-12-02,2026-01-01,PO-251365,INR,439.81,79.17,518.98,30.0,False,V-0094,A,True,Email,2025-12-04 15:32:51.843,V-0094,tax_id,PO251365,V-0094,8596.74,INR,0,0,0,0,0,0,0,0,0,,0,,0,Auto-approve,Rules + OCR,0.3087734498157258,,,
AP-0004647,edi,,TX-0066-17224,Stonebridge Networks Ltd.,INV-0066-004647,2025-11-30,2025-12-30,PO-252158,USD,5484.97,0.0,5484.97,30.0,False,V-0066,A,False,EDI,2025-12-04 17:15:49.863,V-0066,tax_id,PO252158,V-0066,50099.64,USD,0,0,0,0,0,0,0,0,0,,0,,0,Auto-approve,Rules + OCR,0.3342506525948264,,,
AP-0000261,ocr,95.1737109230769,TX-0100-21510,Summit Logistics Inc.,,,,,,,,,,False,V-0100,E,True,Email,2025-12-04 17:20:43.361,V-0100,tax_id,,,,,1,0,0,0,0,0,0,0,0,Missing field,1,Missing PO,1,Data check,Rules + OCR,0.6419567500197371,,,
AP-0000726,pdf_text,,TX-0039-91527,Blue Ridge Networks Group,INV-0039-000726,2025-11-29,2026-01-13,PO-250453,USD,5909.48,0.0,5909.48,45.0,False,V-0039,C,False,Supplier portal,2025-12-04 21:32:23.116,V-0039,tax_id,PO250453,V-0039,22011.66,USD,0,0,0,0,0,0,0,0,0,,0,,0,Auto-approve,Rules + OCR,0.3104625747971728,,,
AP-0002266,ocr,91.54118494623656,TX-0089-88461,Atlas Supply LLC,,,,,,,,,,False,V-0089,E,True,Email,2025-12-04 23:16:47.649,V-0089,tax_id,,,,,1,0,0,0,0,0,0,0,0,Missing field,1,Missing PO,1,Data check,Rules + OCR,0.6446459241377779,,,
AP-0002898,pdf_text,,TX-0137-44191,Pioneer Consulting Ltd.,INV-0137-002898,2025-12-01,2025-12-31,PO-251114,USD,3017.41,0.0,3017.41,30.0,False,V-0137,A,False,Supplier portal,2025-12-04 23:28:38.165,V-0137,tax_id,PO251114,V-0137,35484.79,USD,0,0,0,0,0,0,1,0,0,,0,Inactive Vendor,1,Exception review,Rules + OCR,0.6386803941657124,,,
AP-0000343,pdf_text,,TX-0001-43105,Evergreen Consulting Group,INV-0001-000343,2025-12-05,2026-01-04,PO-252366,INR,2784.62,501.23,3285.85,30.0,False,V-0001,A,False,Email,2025-12-05 00:18:08.025,V-0001,tax_id,PO252366,V-0001,11852.48,INR,0,0,0,0,0,0,0,0,0,,0,,0,Auto-approve,Rules + OCR,0.3422216304289707,,,
AP-0002854,pdf_text,,TX-0035-47483,Pioneer Networks Ltd.,,,,,,,,,,False,V-0035,E,False,Email,2025-12-05 00:34:21.669,V-0035,tax_id,,,,,1,0,0,0,0,0,0,0,0,Missing field,1,Missing PO,1,Data check,Rules + OCR,0.6721744234738642,,,
AP-0003055,ocr,95.01513114634146,TX-0140-96185,Blue Ridge Operations Inc.,INV-0140-003055,2025-12-01,2025-12-31,PO-251744,USD,24807.28,0.0,24807.28,30.0,False,V-0140,C,True,Email,2025-12-05 02:40:37.908,V-0140,tax_id,PO251744,V-0140,94972.44,USD,0,0,0,0,0,0,0,0,0,,0,,0,Auto-approve,Rules + OCR,0.3093125778617685,,,
AP-0004502,pdf_text,,TX-0054-19609,Crescent Logistics LLC,INV-0054-004502,2025-12-02,2026-01-01,PO-250035,USD,19395.95,1600.17,20996.12,30.0,False,V-0054,A,False,Supplier portal,2025-12-05 04:13:33.056,V-0054,tax_id,PO250035,V-0054,112817.82,USD,0,0,0,0,0,0,0,0,0,,0,,0,Auto-approve,Rules + OCR,0.31493912398677176,,,
AP-0004265,edi,,TX-0007-69764,Redwood Logistics Ltd.,INV-0007-004265,2025-12-01,2025-12-16,PO-X004265,INR,4304.47,774.81,5079.28,15.0,False,V-0007,A,False,EDI,2025-12-05 05:24:56.588,V-0007,tax_id,POX004265,,,,0,1,0,0,0,0,0,0,0,,0,Invalid PO,1,Exception review,Rules + OCR,0.6473843320980293,,,
AP-0000204,pdf_text,,TX-0029-56211,Crescent Technologies LLC,INV-0029-000204,2025-12-02,2026-01-16,PO-251337,USD,9061.77,747.6,9809.37,45.0,False,V-0029,C,False,Supplier portal,2025-12-05 05:44:23.630,V-0029,tax_id,PO251337,V-0029,37046.1,USD,0,0,0,0,0,1,0,0,0,,0,Payment Terms Mismatch,1,Exception review,Rules + OCR,0.6173298889155017,,,
AP-0003582,pdf_text,,TX-0113-54591,Stonebridge Logistics Inc.,INV-0113-003582,2025-12-02,2026-01-16,,EUR,20856.87,4379.94,25236.81,45.0,False,V-0113,D,False,Supplier portal,2025-12-05 06:12:23.991,V-0113,tax_id,,,,,1,0,0,0,0,0,0,0,0,,0,Missing PO,1,Exception review,Rules + OCR,0.6630902856146342,,,
AP-0001240,pdf_text,,TX-0090-82710,Summit Systems LLC,INV-0090-001240,2025-12-04,2026-01-18,PO-250348,USD,7812.12,0.0,7812.12,45.0,False,V-0090,B,False,Supplier portal,2025-12-05 08:23:58.481,V-0090,tax_id,PO250348,V-0090,30585.72,USD,0,0,0,0,0,0,0,0,0,,0,,0,Auto-approve,Rules + OCR,0.34711061862499853,,,
AP-0000712,pdf_text,,TX-0101-51229,Juniper Technologies LLC,INV-0101-000712,2025-12-03,2025-12-18,PO-252124,EUR,9638.98,2024.19,11663.17,15.0,False,V-0101,D,False,Supplier portal,2025-12-05 11:22:10.644,V-0101,tax_id,PO252124,V-0101,113168.63,EUR,0,0,0,0,0,0,0,0,0,,0,,0,Auto-approve,Rules + OCR,0.31141243161963655,,,
AP-0001144,edi,,TX-0006-57912,Copperfield Digital Group,INV-0006-001144,2025-11-30,2026-01-29,PO-250067,CAD,3342.9,167.15,3510.05,60.0,False,V-0006,B,False,EDI,2025-12-05 11:53:57.532,V-0006,tax_id,PO250067,V-0006,12381.2,CAD,0,0,0,0,0,0,0,0,0,,0,,0,Auto-approve,Rules + OCR,0.329334486054581,,,
AP-0000615,pdf_text,,TX-0015-69124,Clearview Digital Inc.,INV-0015-000615,2025-12-01,2025-12-31,PO-251739,USD,3515.64,0.0,3515.64,30.0,False,V-0015,A,False,Supplier portal,2025-12-05 12:14:58.695,V-0015,tax_id,PO251739,V-0015,33694.73,USD,0,0,0,0,0,0,0,0,0,,0,,0,Auto-approve,Rules + OCR,0.2882795558869585,,,
AP-0002928,ocr,95.86169137974684,TX-0131-83608,Copperfield Systems LLC,INV-0131-002928,2025-12-04,2026-01-03,PO-250735,USD,1532.43,0.0,1532.43,30.0,False,V-0131,A,True,Email,2025-12-05 14:24:32.756,V-0131,tax_id,PO250735,V-0131,10656.36,USD,0,0,0,0,0,0,0,0,0,,0,,0,Auto-approve,Rules + OCR,0.3208204264409835,,,
AP-0003243,edi,,TX-0054-19609,Crescent Logistics LLC,INV-0054-003243,2025-12-04,2025-12-19,PO-252181,USD,2538.79,209.45,2748.24,15.0,False,V-0054,A,False,EDI,2025-12-05 14:47:36.530,V-0054,tax_id,PO252181,V-0054,13682.76,USD,0,0,0,0,0,1,0,0,0,,0,Payment Terms Mismatch,1,Exception review,Rules + OCR,0.6168571502475584,,,
AP-0003889,pdf_text,,TX-0064-39165,Oakmont Supply Ltd.,INV-0064-003889,2025-12-02,2026-01-01,PO-252071,CAD,6241.09,312.05,6553.14,30.0,False,V-0064,B,False,Supplier portal,2025-12-05 15:20:12.513,V-0064,tax_id,PO252071,V-0064,17560.43,CAD,0,0,0,0,0,0,0,0,0,,0,,0,Auto-approve,Rules + OCR,0.3179352214489254,,,
AP-0004925,edi,,TX-0041-11074,Juniper Advisors Ltd.,INV-0041-004925,2025-12-02,2026-01-16,PO-252012,USD,6452.87,532.36,6985.23,45.0,False,V-0041,E,False,EDI,2025-12-05 15:27:56.067,V-0041,tax_id,PO252012,V-0041,21182.47,USD,0,0,0,0,0,0,0,0,0,,0,,0,Auto-approve,Rules + OCR,0.3407891007044296,,,
AP-0001067,pdf_text,,TX-0064-39165,Oakmont Supply Ltd.,INV-0064-001067,2025-12-03,2026-02-01,PO-251681,CAD,5879.65,293.98,6173.63,60.0,False,V-0064,B,False,Supplier portal,2025-12-05 15:47:57.418,V-0064,tax_id,PO251681,V-0064,18464.29,CAD,0,0,0,0,0,1,0,0,0,,0,Payment Terms Mismatch,1,Exception review,Rules + OCR,0.6199060557404241,,,
AP-0003657,pdf_text,,TX-0017-46110,Cobalt Analytics Group,INV-0017-003657,2025-12-03,2026-01-02,PO-251912,GBP,11831.08,2366.21,14197.29,30.0,True,V-0017,C,False,Supplier portal,2025-12-05 16:54:01.204,V-0017,tax_id,PO251912,V-0017,41947.88,GBP,0,0,0,0,0,1,0,1,0,,0,Payment Terms Mismatch; High-Risk Vendor,2,Exception review,Rules + OCR,0.6972189811704391,,,
AP-0000274,pdf_text,,TX-0118-10046,Stonebridge Logistics Ltd.,INV-0118-000274,2025-12-01,2025-12-31,PO-250721,USD,3723.59,307.2,4030.79,30.0,False,V-0118,C,False,Supplier portal,2025-12-05 17:01:06.247,V-0118,tax_id,PO250721,V-0118,17404.81,USD,0,0,0,0,0,0,0,0,0,,0,,0,Auto-approve,Rules + OCR,0.28271794129816785,,,
AP-0003914,pdf_text,,TX-0136-10386,Clearview Services Inc.,INV-0136-003914,2025-12-02,2026-01-16,PO-252093,SGD,5219.28,469.74,5689.02,45.0,False,V-0136,A,False,Supplier portal,2025-12-05 18:43:20.198,V-0136,tax_id,PO252093,V-0136,48961.88,SGD,0,0,0,0,0,0,0,1,0,,0,High-Risk Vendor,1,Exception review,Rules + OCR,0.4689159892660553,,,
AP-0000296,pdf_text,,TX-0092-15472,Summit Resources Group,INV-0092-000296,2025-12-05,2025-12-20,PO-251894,USD,6316.07,0.0,6316.07,15.0,False,V-0092,A,False,Supplier portal,2025-12-05 19:38:20.677,V-0092,tax_id,PO251894,V-0092,24007.85,USD,0,0,0,0,0,0,0,0,0,,0,,0,Auto-approve,Rules + OCR,0.3098977003857521,,,
AP-0003362,pdf_text,,TX-0130-24969,Harbor Technologies Ltd.,INV-0130-003362,2025-12-01,2026-01-30,PO-250780,EUR,4422.36,928.69,5351.05,60.0,False,V-0130,D,False,Supplier portal,2025-12-05 21:23:39.405,V-0130,tax_id,PO250780,V-0130,32024.55,EUR,0,0,0,0,0,0,0,0,0,,0,,0,Auto-approve,Rules + OCR,0.35226385272619787,,,
AP-0001635,pdf_text,,TX-0015-69124,Clearview Digital Inc.,INV-0015-001635,2025-12-04,2026-01-03,PO-252223,USD,5952.21,0.0,5952.21,30.0,False,V-0015,A,False,Email,2025-12-05 21:26:28.847,V-0015,tax_id,PO252223,V-0015,19996.0,USD,0,0,0,0,0,0,0,0,0,,0,,0,Auto-approve,Rules + OCR,0.31719737613308135,,,
AP-0001198,pdf_text,,TX-0019-24934,Summit Resources Group,INV-0019-001198,2025-12-03,2026-02-01,PO-252116,CAD,22270.3,1113.52,23383.82,60.0,False,V-0019,B,False,Supplier portal,2025-12-05 23:38:03.346,V-0019,tax_id,PO252116,V-0019,185623.25,CAD,0,0,0,0,0,0,0,0,0,,0,,0,Auto-approve,Rules + OCR,0.3351403583286439,,,
AP-0004664,edi,,TX-0059-74622,Pioneer Solutions Group,INV-0059-004664,2025-12-03,2026-01-17,PO-251314,USD,26742.91,2206.29,28949.2,45.0,False,V-0059,A,False,EDI,2025-12-06 00:54:22.466,V-0059,tax_id,PO251314,V-0059,160525.92,USD,0,0,0,0,0,0,1,0,0,,0,Inactive Vendor,1,Exception review,Rules + OCR,0.6220044242763548,,,
AP-0002538,pdf_text,,TX-0049-19644,Harbor Resources LLC,INV-0049-002538,2025-12-06,2026-01-05,PO-251915,EUR,1433.6,301.05,1734.65,30.0,False,V-0049,D,False,Supplier portal,2025-12-06 01:15:38.372,V-0049,tax_id,PO251915,V-0049,17120.32,EUR,0,0,0,0,0,0,0,0,0,,0,,0,Auto-approve,Rules + OCR,0.3130008379134433,,,
AP-0000059,pdf_text,,TX-0066-17224,Stonebridge Networks Ltd.,INV-0066-000059,2025-12-02,2026-01-01,PO-251322,USD,4821.64,0.0,4821.64,30.0,False,V-0066,A,False,Supplier portal,2025-12-06 01:25:40.826,V-0066,tax_id,PO251322,V-0066,20550.96,USD,0,0,0,0,0,0,0,0,0,,0,,0,Auto-approve,Rules + OCR,0.32021732621866483,,,
AP-0003734,edi,,TX-0098-91882,Cobalt Partners Group,INV-0098-003734,2025-12-06,2026-01-20,PO-X003734,USD,11056.67,0.0,11056.67,45.0,False,V-0098,B,False,EDI,2025-12-06 02:52:48.333,V-0098,tax_id,POX003734,,,,0,1,0,0,0,0,0,1,0,,0,Invalid PO; High-Risk Vendor,2,Exception review,Rules + OCR,0.6915720173819033,,,
AP-0002632,pdf_text,,TX-0039-91527,Blue Ridge Networks Group,INV-0039-002632,2025-12-06,2025-12-21,PO-250573,USD,8835.04,0.0,8835.04,15.0,False,V-0039,C,False,Supplier portal,2025-12-06 03:20:20.555,V-0039,tax_id,PO250573,V-0039,27361.1,USD,0,0,0,0,0,1,0,0,0,,0,Payment Terms Mismatch,1,Exception review,Rules + OCR,0.6303051704717741,,,
AP-0003128,edi,,TX-0074-79332,Harbor Analytics Ltd.,INV-0074-003128,2025-12-04,2025-12-19,PO-252029,USD,16104.15,0.0,16104.15,15.0,False,V-0074,C,False,EDI,2025-12-06 03:32:53.733,V-0074,tax_id,PO252029,V-0074,51072.6,USD,0,0,0,0,0,1,0,1,0,,0,Payment Terms Mismatch; High-Risk Vendor,2,Exception review,Rules + OCR,0.672317706760529,,,
AP-0003068,pdf_text,,TX-0095-51083,Crescent Supply Ltd.,INV-0095-003068,2025-12-05,2026-01-04,PO-251294,USD,2625.31,0.0,2625.31,30.0,False,V-0095,A,False,Supplier portal,2025-12-06 03:43:33.542,V-0095,tax_id,PO251294,V-0095,44886.45,USD,0,0,0,0,0,0,0,0,0,,0,,0,Auto-approve,Rules + OCR,0.313519743760887,,,
AP-0002171,pdf_text,,TX-0094-30896,Copperfield Systems Group,INV-0094-002171,2025-12-05,2026-01-04,PO-251470,INR,705.0,126.9,831.9,30.0,False,V-0094,A,False,Supplier portal,2025-12-06 04:54:29.614,V-0094,tax_id,PO251470,V-0094,12494.89,INR,0,0,0,0,0,0,0,0,0,,0,,0,Auto-approve,Rules + OCR,0.30682718529565,,,
AP-0000518,pdf_text,,TX-0042-54837,Summit Systems LLC,INV-0042-000518,2025-12-02,2026-01-31,PO-250740,USD,12983.76,0.0,12983.76,60.0,False,V-0042,B,False,Supplier portal,2025-12-06 06:00:48.413,V-0042,tax_id,PO250740,V-0042,80471.68,USD,0,0,0,0,0,0,0,0,0,,0,,0,Auto-approve,Rules + OCR,0.3534841543751145,,,
AP-0003627,pdf_text,,TX-0013-11961,Atlas Services LLC,INV-0013-003627,2025-12-02,2026-01-16,PO-251907,USD,7859.12,0.0,7859.12,45.0,False,V-0013,B,False,Supplier portal,2025-12-06 06:55:53.654,V-0013,tax_id,PO251907,V-0013,36855.99,USD,0,0,0,0,0,0,1,0,0,,0,Inactive Vendor,1,Exception review,Rules + OCR,0.646510852414315,,,
AP-0003985,pdf_text,,TX-0123-99977,Oakmont Analytics Ltd.,,,,,,,1305.47,,,False,V-0123,E,False,Email,2025-12-06 07:10:53.604,V-0123,tax_id,,,,,1,0,0,0,0,0,1,0,0,Missing field,1,Missing PO; Inactive Vendor,2,Data check,Rules + OCR,0.7207920379069457,,,
AP-0001242,pdf_text,,TX-0054-19609,Crescent Logistics LLC,INV-0054-001242,2025-12-05,2026-01-04,PO-252121,USD,7660.07,631.96,8292.03,30.0,False,V-0054,A,False,Email,2025-12-06 07:44:46.806,V-0054,tax_id,PO252121,V-0054,61968.86,USD,0,0,0,0,0,0,0,0,0,,0,,0,Auto-approve,Rules + OCR,0.3250867993206468,,,
AP-0002055,pdf_text,,TX-0003-12255,Cobalt Technologies Group,INV-0003-002055,2025-12-04,2026-01-03,PO-251867,EUR,6043.14,1269.06,7312.2,30.0,False,V-0003,D,False,Supplier portal,2025-12-06 09:03:40.090,V-0003,tax_id,PO251867,V-0003,38178.76,EUR,0,0,0,0,0,0,0,0,0,,0,,0,Auto-approve,Rules + OCR,0.3461502999829129,,,
AP-0002641,pdf_text,,TX-0061-83099,Copperfield Services Inc.,INV-0061-002641,2025-12-03,2026-01-02,PO-250334,USD,14321.52,0.0,14321.52,30.0,False,V-0061,C,False,Supplier portal,2025-12-06 11:29:37.266,V-0061,tax_id,PO250334,V-0061,65592.75,USD,0,0,0,0,0,0,0,0,0,,0,,0,Auto-approve,Rules + OCR,0.3139515652085579,,,
AP-0003791,pdf_text,,TX-0071-54213,Summit Services LLC,INV-0071-003791,2025-12-03,2026-01-02,PO-250666,USD,14689.43,0.0,14689.43,30.0,False,V-0071,C,False,Email,2025-12-06 15:38:26.810,V-0071,tax_id,PO250666,V-0071,47259.78,USD,0,0,0,0,0,0,0,0,0,,0,,0,Auto-approve,Rules + OCR,0.3002740454670302,,,
AP-0000961,edi,,TX-0131-83608,Copperfield Systems LLC,INV-0131-000961,2025-12-03,2026-01-02,PO-250042,USD,4000.0,0.0,4000.0,30.0,False,V-0131,A,False,EDI,2025-12-06 18:26:16.402,V-0131,tax_id,PO250042,V-0131,38013.89,USD,0,0,0,0,0,0,0,0,0,,0,,0,Auto-approve,Rules + OCR,0.31967193330393573,,,
AP-0000225,edi,,TX-0035-47483,Pioneer Networks Ltd.,INV-0035-000225,2025-12-02,2026-01-01,PO-251083,USD,21599.05,0.0,21599.05,30.0,False,V-0035,E,False,EDI,2025-12-06 20:00:51.791,V-0035,tax_id,PO251083,V-0035,76256.07,USD,0,0,0,0,0,0,0,0,0,,0,,0,Auto-approve,Rules + OCR,0.3453242419822832,,,
AP-0001626,pdf_text,,TX-0040-49956,Evergreen Digital LLC,INV-0040-001626,2025-12-04,2026-01-03,PO-251782,EUR,4766.13,1000.89,5767.02,30.0,False,V-0040,D,False,Email,2025-12-06 20:17:55.865,V-0040,tax_id,PO251782,V-0040,37415.92,EUR,0,0,0,0,0,0,0,0,0,,0,,0,Auto-approve,Rules + OCR,0.30468533593791236,,,
AP-0001335,edi,,TX-0071-54213,Summit Services LLC,INV-0071-001335,2025-12-06,2026-01-05,PO-252199,USD,1389.03,0.0,1389.03,30.0,False,V-0071,C,False,EDI,2025-12-06 21:21:11.048,V-0071,tax_id,PO252199,V-0071,19071.41,USD,0,0,0,0,0,0,0,0,0,,0,,0,Auto-approve,Rules + OCR,0.31588859996755053,,,
AP-0004422,pdf_text,,TX-0069-10137,Summit Systems LLC,INV-0069-004422,2025-12-02,2026-01-01,PO-250138,USD,12859.04,0.0,12859.04,30.0,False,V-0069,B,False,Supplier portal,2025-12-06 21:30:00.962,V-0069,tax_id,PO250138,V-0069,103906.27,USD,0,0,0,0,0,0,0,0,0,,0,,0,Auto-approve,Rules + OCR,0.32383142585163915,,,
AP-0004573,pdf_text,,TX-0120-96327,Oakmont Advisors Group,INV-0120-004573,2025-12-06,2026-01-05,PO-252030,CAD,18467.71,923.39,19391.1,30.0,False,V-0120,C,False,Supplier portal,2025-12-06 23:05:57.683,V-0120,tax_id,PO252030,V-0120,63279.58,CAD,0,0,0,0,0,0,0,0,0,,0,,0,Auto-approve,Rules + OCR,0.3112918155126515,,,
AP-0001025,edi,,TX-0119-27534,Evergreen Systems Group,INV-0119-001025,2025-12-01,2025-12-31,PO-251588,USD,69197.26,5708.77,74906.03,30.0,False,V-0119,E,False,EDI,2025-12-06 23:16:21.474,V-0119,tax_id,PO251588,V-0119,52990.7,USD,0,0,0,0,1,0,0,0,0,,0,Invoice Over PO,1,Exception review,Rules + OCR,0.6336976155329597,,,
AP-0002640,edi,,TX-0133-30576,Cobalt Partners Group,INV-0133-002640,2025-12-05,2026-01-19,PO-251685,USD,2519.7,0.0,2519.7,45.0,False,V-0133,C,False,EDI,2025-12-06 23:40:56.639,V-0133,tax_id,PO251685,V-0133,7298.47,USD,0,0,0,0,0,0,0,0,0,,0,,0,Auto-approve,Rules + OCR,0.36010040759738204,,,
AP-0004796,edi,,TX-0078-49721,Crescent Networks Ltd.,INV-0078-004796,2025-12-04,2026-01-03,PO-252066,USD,27346.22,0.0,27346.22,30.0,False,V-0078,C,False,EDI,2025-12-06 23:45:31.659,V-0078,tax_id,PO252066,V-0078,80256.94,USD,0,0,0,0,0,0,0,0,0,,0,,0,Auto-approve,Rules + OCR,0.31692393764687976,,,
AP-0001266,pdf_text,,TX-0132-11639,Atlas Supply Group,INV-0132-001266,2025-12-04,2026-02-02,,USD,3838.47,316.67,4155.14,60.0,False,V-0132,A,False,Supplier portal,2025-12-07 04:58:38.347,V-0132,tax_id,,,,,1,0,0,0,0,0,0,0,0,,0,Missing PO,1,Exception review,Rules + OCR,0.6206801893264396,,,
AP-0000733,pdf_text,,TX-0028-83716,Harbor Consulting Ltd.,,,,,,,3887.72,,,False,V-0028,E,False,Email,2025-12-07 05:15:27.663,V-0028,tax_id,,,,,1,0,0,0,0,0,1,0,0,Missing field,1,Missing PO; Inactive Vendor,2,Data check,Rules + OCR,0.7659617688613207,,,
AP-0003015,ocr,93.12284593181818,TX-0125-42798,Brightpath Resources Ltd.,INV-0125-003015,2025-12-06,2026-01-05,PO-25165,EUR,11486.76,2412.22,13898.98,30.0,False,V-0125,D,True,Email,2025-12-07 07:24:47.171,V-0125,tax_id,PO25165,,,,0,1,0,0,0,0,0,0,0,,0,Invalid PO,1,Exception review,Rules + OCR,0.6490304446860338,,,
AP-0003262,pdf_text,,TX-0070-80671,Beacon Services LLC,INV-0070-003262,2025-12-07,2025-12-22,PO-250407,USD,28401.12,0.0,28401.12,15.0,False,V-0070,A,False,Supplier portal,2025-12-07 07:27:16.235,V-0070,tax_id,PO250407,V-0070,104678.91,USD,0,0,0,0,0,0,0,0,0,,0,,0,Auto-approve,Rules + OCR,0.287092539730907,,,
AP-0001718,edi,,TX-0067-45894,Beacon Operations Ltd.,INV-0067-001718,2025-12-04,2026-01-03,PO-251203,USD,7346.61,0.0,7346.61,30.0,False,V-0067,B,False,EDI,2025-12-07 07:33:08.650,V-0067,tax_id,PO251203,V-0067,24583.37,USD,0,0,0,0,0,0,0,0,0,,0,,0,Auto-approve,Rules + OCR,0.3090886327637466,,,
AP-0003155,pdf_text,,TX-0065-32403,Stonebridge Networks Inc.,INV-0065-003155,2025-12-05,2026-01-04,PO-251728,USD,5775.81,0.0,5775.81,30.0,False,V-0065,C,False,Email,2025-12-07 08:42:01.999,V-0065,tax_id,PO251728,V-0065,27165.03,USD,0,0,0,0,0,0,0,0,0,,0,,0,Auto-approve,Rules + OCR,0.2981185968037159,,,
AP-0000853,pdf_text,,TX-0123-99977,Oakmont Analytics Ltd.,,,,,,,371.25,,,False,V-0123,E,False,Supplier portal,2025-12-07 10:48:52.372,V-0123,tax_id,,,,,1,0,0,0,0,0,1,0,0,Missing field,1,Missing PO; Inactive Vendor,2,Data check,Rules + OCR,0.6418399859171674,,,
AP-0001222,ocr,94.90149592207791,,Cobalt Partners Ltd.,INV-0082-001222,2025-12-02,2025-12-17,PO-251021,USD,713.42,58.86,772.28,15.0,False,V-0082,C,True,Email,2025-12-07 11:28:52.141,V-0082,name,PO251021,V-0082,9307.94,USD,0,0,0,0,0,0,0,0,0,,0,,0,Auto-approve,Rules + OCR,0.3189221041796714,,,
AP-0001672,pdf_text,,TX-0027-23409,Harbor Resources LLC,INV-0027-001672,2025-12-06,2026-01-05,,USD,5253.62,0.0,5253.62,30.0,False,V-0027,B,False,Email,2025-12-07 12:10:19.804,V-0027,tax_id,,,,,1,0,0,0,0,0,1,0,0,,0,Missing PO; Inactive Vendor,2,Exception review,Rules + OCR,0.7104055700677869,,,
AP-0000548,edi,,TX-0045-69725,Atlas Services LLC,INV-0045-000548,2025-12-05,2026-01-19,PO-251363,USD,53288.32,0.0,53288.32,45.0,False,V-0045,A,False,EDI,2025-12-07 12:42:19.505,V-0045,tax_id,PO251363,V-0045,205945.09,USD,0,0,0,0,0,0,0,0,0,,0,,0,Auto-approve,Rules + OCR,0.3315593282801395,,,
AP-0002950,edi,,TX-0064-39165,Summit Consulting Inc.,INV-0064-002950,2025-12-02,2026-01-01,PO-251903,CAD,1617.88,80.89,1698.77,30.0,False,V-0064,B,False,EDI,2025-12-07 13:20:29.558,V-0064,tax_id,PO251903,V-0064,35006.69,CAD,0,0,0,0,0,0,0,0,0,,0,,0,Auto-approve,Rules + OCR,0.32498998307863647,,,
AP-0000719,ocr,95.45673726666666,TX-0131-83608,Copperfield Systems LLC,INV-0131-000719,2025-12-06,2026-01-05,PO-250735,USD,15407.43,0.0,15407.43,30.0,False,V-0131,A,True,Email,2025-12-07 16:09:57.651,V-0131,tax_id,PO250735,V-0131,10656.36,USD,0,0,0,0,1,0,0,0,0,,0,Invoice Over PO,1,Exception review,Rules + OCR,0.6152477858896944,,,
AP-0001183,pdf_text,,TX-0107-50949,Silverline Advisors Inc.,INV-0107-001183,2025-12-07,2026-02-05,PO-252050,USD,36007.66,2970.63,38978.29,60.0,False,V-0107,C,False,Email,2025-12-07 16:21:44.732,V-0107,tax_id,PO252050,V-0107,33145.87,USD,0,0,0,0,1,0,0,0,0,,0,Invoice Over PO,1,Exception review,Rules + OCR,0.6467147234798577,,,
AP-0000422,pdf_text,,TX-0052-68137,Evergreen Consulting LLC,INV-0052-000422,2025-12-07,2026-01-06,PO-252372,USD,21283.99,0.0,21283.99,30.0,False,V-0052,A,False,Supplier portal,2025-12-07 16:50:23.099,V-0052,tax_id,PO252372,V-0052,80328.95,USD,0,0,0,0,0,0,0,0,0,,0,,0,Auto-approve,Rules + OCR,0.3351053224032953,,,
AP-0003975,pdf_text,,TX-0002-28786,Cobalt Services LLC,INV-0002-003975,2025-12-03,2025-12-18,PO-252334,INR,18200.56,3276.1,21476.66,15.0,False,V-0002,C,False,Supplier portal,2025-12-07 17:35:59.438,V-0002,tax_id,PO252334,V-0002,88928.07,INR,0,0,0,0,0,0,1,0,0,,0,Inactive Vendor,1,Exception review,Rules + OCR,0.6548985019009437,,,
AP-0004524,pdf_text,,TX-0128-19285,Harbor Systems LLC,INV-0128-004524,2025-12-03,2026-01-17,PO-251185,GBP,19378.08,3875.61,23253.69,45.0,False,V-0128,A,False,Email,2025-12-07 17:45:22.726,V-0128,tax_id,PO251185,V-0128,73602.24,USD,0,0,0,1,0,0,0,0,0,,0,Currency Mismatch,1,Exception review,Rules + OCR,0.6570843202244323,,,
AP-0002312,ocr,90.63336211363638,TX-0076-41538,Summit Systems LLC,INV-0076-002312,2025-12-02,2026-01-31,PO-250937,EUR,54641.12,11474.63,66115.75,60.0,False,V-0076,D,True,Email,2025-12-07 18:16:06.234,V-0076,tax_id,PO250937,V-0076,250290.23,EUR,0,0,0,0,0,0,0,0,0,,0,,0,Auto-approve,Rules + OCR,0.38010308211837274,,,
AP-0000659,pdf_text,,TX-0133-30576,Cobalt Partners Group,INV-0133-000659,2025-12-07,2026-01-21,PO-251685,USD,1697.38,0.0,1697.38,45.0,False,V-0133,C,False,Supplier portal,2025-12-07 18:36:21.374,V-0133,tax_id,PO251685,V-0133,7298.47,USD,0,0,0,0,0,0,0,0,0,,0,,0,Auto-approve,Rules + OCR,0.3547495967046441,,,
AP-0003517,pdf_text,,TX-0064-39165,Oakmont Supply Ltd.,INV-0064-003517,2025-12-07,2026-01-06,PO-251903,CAD,8528.7,426.44,8955.14,30.0,False,V-0064,B,False,Supplier portal,2025-12-07 19:09:48.921,V-0064,tax_id,PO251903,V-0064,35006.69,CAD,0,0,0,0,0,0,0,0,0,,0,,0,Auto-approve,Rules + OCR,0.31918038724702963,,,
AP-0002385,edi,,TX-0132-11639,Atlas Supply Group,INV-0132-002385,2025-12-06,2026-02-04,,USD,7606.68,627.55,8234.23,60.0,False,V-0132,A,False,EDI,2025-12-07 19:16:37.693,V-0132,tax_id,,,,,1,0,0,0,0,0,0,0,0,,0,Missing PO,1,Exception review,Rules + OCR,0.6257343574071154,,,
AP-0003444,pdf_text,,TX-0035-47483,Pioneer Networks Ltd.,,,,,,,,,,False,V-0035,E,False,Email,2025-12-07 19:42:03.860,V-0035,tax_id,,,,,1,0,0,0,0,0,0,0,0,Missing field,1,Missing PO,1,Data check,Rules + OCR,0.666105120937788,,,
AP-0002071,pdf_text,,TX-0053-42836,Oakmont Supply Group,INV-0053-002071,2025-12-05,2026-01-04,PO-251065,SGD,15870.03,1428.3,17298.33,30.0,False,V-0053,C,False,Supplier portal,2025-12-07 20:00:11.218,V-0053,tax_id,PO251065,V-0053,95393.3,SGD,0,0,0,0,0,0,0,0,0,,0,,0,Auto-approve,Rules + OCR,0.33590569020588096,,,
AP-0001487,pdf_text,,TX-0108-54358,Summit Supply Ltd.,INV-0108-001487,2025-12-05,2026-02-03,PO-250336,CAD,35730.56,1786.53,37517.09,60.0,False,V-0108,C,False,Supplier portal,2025-12-07 20:38:07.361,V-0108,tax_id,PO250336,V-0108,375870.08,CAD,0,0,0,0,0,0,0,0,1,,0,Duplicate Invoice,1,Exception review,Rules + OCR,0.5890704633459205,,,
AP-0004338,ocr,95.53369082191782,TX-0055-46775,Silverline Analytics Group,INV-0055-004338,2025-12-02,2026-01-01,PO-251359,SGD,,,2242.48,30.0,False,V-0055,C,True,Email,2025-12-07 20:56:16.388,V-0055,tax_id,PO251359,V-0055,16617.75,SGD,0,0,0,0,0,0,0,0,0,,0,,0,Auto-approve,Rules + OCR,0.3543859865092078,,,
AP-0000504,pdf_text,,TX-0073-32545,Beacon Services LLC,INV-0073-000504,2025-12-05,2026-01-04,PO-250617,USD,153097.46,0.0,153097.46,30.0,False,V-0073,B,False,Supplier portal,2025-12-07 22:06:26.575,V-0073,tax_id,PO250617,V-0073,513414.94,USD,0,0,0,0,0,0,0,0,0,,0,,0,Auto-approve,Rules + OCR,0.4360404975861285,,,
AP-0003883,pdf_text,,TX-0135-50499,Summit Systems LLC,INV-0135-003883,2025-12-04,2026-01-03,PO-251675,USD,2141.58,176.68,2318.26,30.0,False,V-0135,B,False,Supplier portal,2025-12-07 22:34:45.227,V-0135,tax_id,PO251675,V-0135,7016.71,USD,0,0,0,0,0,0,0,0,0,,0,,0,Auto-approve,Rules + OCR,0.3271995494573098,,,
AP-0004055,pdf_text,,TX-0001-43105,Evergreen Consulting Group,INV-0001-004055,2025-12-03,2026-01-02,PO-252366,INR,1290.03,232.2,1522.23,30.0,False,V-0001,A,False,Email,2025-12-07 23:20:50.544,V-0001,tax_id,PO252366,V-0001,11852.48,INR,0,0,0,0,0,0,0,0,0,,0,,0,Auto-approve,Rules + OCR,0.33957682138816875,,,
AP-0002121,pdf_text,,TX-0124-51957,Brightpath Systems Ltd.,INV-0124-002121,2025-12-03,2025-12-18,PO-251888,CAD,4168.99,208.45,4377.44,15.0,False,V-0124,A,False,Email,2025-12-07 23:25:09.021,V-0124,tax_id,PO251888,V-0124,32943.33,CAD,0,0,0,0,0,0,0,0,0,,0,,0,Auto-approve,Rules + OCR,0.3314134171181198,,,
AP-0000640,edi,,TX-0127-49996,Ironwood Solutions Inc.,INV-0127-000640,2025-12-04,2026-01-18,PO-250303,USD,5884.84,485.5,6370.34,45.0,False,V-0127,A,False,EDI,2025-12-08 00:11:02.537,V-0127,tax_id,PO250303,V-0127,21921.62,USD,0,0,0,0,0,0,0,0,0,,0,,0,Auto-approve,Rules + OCR,0.30462548257551225,,,
AP-0002435,pdf_text,,TX-0079-81417,Brightpath Technologies LLC,,,,,,,,,,False,V-0079,E,False,Email,2025-12-08 00:44:28.072,V-0079,tax_id,,,,,1,0,0,0,0,0,0,0,0,Missing field,1,Missing PO,1,Data check,Rules + OCR,0.6235177603675224,,,
AP-0001503,pdf_text,,TX-0124-51957,Brightpath Systems Ltd.,INV-0124-001503,2025-12-04,2025-12-19,PO-251473,CAD,1646.79,82.34,1729.13,15.0,False,V-0124,A,False,Supplier portal,2025-12-08 00:50:19.326,V-0124,tax_id,PO251473,V-0124,10780.71,CAD,0,0,0,0,0,0,0,0,0,,0,,0,Auto-approve,Rules + OCR,0.32291135815233524,,,
AP-0000912,edi,,TX-0084-70345,Redwood Supply LLC,INV-0084-000912,2025-12-05,2026-01-04,PO-250272,EUR,13005.25,2731.1,15736.35,30.0,False,V-0084,D,False,EDI,2025-12-08 01:38:26.868,V-0084,tax_id,PO250272,V-0084,62432.47,EUR,0,0,0,0,0,0,0,0,0,,0,,0,Auto-approve,Rules + OCR,0.32154157653097604,,,
AP-0004080,pdf_text,,TX-0079-81417,Brightpath Technologies LLC,,,,,,,,,,False,V-0079,E,False,Email,2025-12-08 02:12:24.011,V-0079,tax_id,,,,,1,0,0,0,0,0,0,0,0,Missing field,1,Missing PO,1,Data check,Rules + OCR,0.6338156363437347,,,
AP-0001305,pdf_text,,TX-0016-44050,Redwood Consulting LLC,INV-0016-001305,2025-12-08,2025-12-23,PO-250618,EUR,14115.55,2964.27,17079.82,15.0,False,V-0016,D,False,Email,2025-12-08 02:17:40.170,V-0016,tax_id,PO250618,V-0016,72721.98,EUR,0,0,0,0,0,0,0,0,0,,0,,0,Auto-approve,Rules + OCR,0.3349932576363143,,,
AP-0002728,pdf_text,,TX-0139-47222,Summit Systems LLC,INV-0139-002728,2025-12-08,2026-01-07,PO-250869,USD,11079.24,0.0,11079.24,30.0,False,V-0139,B,False,Email,2025-12-08 02:45:26.435,V-0139,tax_id,PO250869,V-0139,143086.95,USD,0,0,0,0,0,0,0,0,0,,0,,0,Auto-approve,Rules + OCR,0.29959791974687133,,,
AP-0003909,pdf_text,,TX-0059-74622,Pioneer Solutions Group,INV-0059-003909,2025-12-03,2026-01-17,PO-251314,USD,54605.29,4504.94,59110.23,45.0,False,V-0059,A,False,Supplier portal,2025-12-08 03:31:33.281,V-0059,tax_id,PO251314,V-0059,160525.92,USD,0,0,0,0,0,0,1,0,0,,0,Inactive Vendor,1,Exception review,Rules + OCR,0.6223518763573191,,,
AP-0002219,pdf_text,,TX-0121-33255,Cobalt Systems Inc.,,,,,,,,,,False,V-0121,E,False,Email,2025-12-08 04:10:04.099,V-0121,tax_id,,,,,1,0,0,0,0,0,1,1,0,Missing field,1,Missing PO; Inactive Vendor; High-Risk Vendor,3,Data check,Rules + OCR,0.7584436732298213,,,
AP-0004406,pdf_text,,TX-0111-16923,Summit Systems LLC,INV-0111-004406,2025-12-06,2025-12-21,PO-250163,USD,2007.1,165.59,2172.69,15.0,False,V-0111,B,False,Supplier portal,2025-12-08 04:19:03.519,V-0111,tax_id,PO250163,V-0111,14091.61,USD,0,0,0,0,0,0,0,0,0,,0,,0,Auto-approve,Rules + OCR,0.29689227744543956,,,
AP-0001915,pdf_text,,TX-0043-75924,Crescent Analytics Group,,,,,,,,,,False,V-0043,E,False,Supplier portal,2025-12-08 04:24:53.295,V-0043,tax_id,,,,,1,0,0,0,0,0,0,0,0,Missing field,1,Missing PO,1,Data check,Rules + OCR,0.665229133408769,,,
AP-0003111,edi,,TX-0019-24934,Redwood Systems LLC,INV-0019-003111,2025-12-08,2026-02-06,PO-250436,GBP,2968.82,593.76,3562.58,60.0,False,V-0019,B,False,EDI,2025-12-08 05:48:24.217,V-0019,tax_id,PO250436,V-0019,10259.74,CAD,0,0,0,1,0,0,0,0,0,,0,Currency Mismatch,1,Exception review,Rules + OCR,0.6332878115090542,,,
AP-0000823,edi,,TX-0113-54591,Stonebridge Logistics Inc.,INV-0113-000823,2025-12-03,2026-01-17,PO-251406,EUR,15764.67,3310.58,19075.25,45.0,False,V-0113,D,False,EDI,2025-12-08 05:55:27.542,V-0113,tax_id,PO251406,V-0113,341370.8,EUR,0,0,0,0,0,0,0,0,0,,0,,0,Auto-approve,Rules + OCR,0.32918083908064727,,,
AP-0001858,pdf_text,,TX-0140-96185,Blue Ridge Operations Inc.,INV-0140-001858,2025-12-06,2026-01-05,PO-251819,USD,25091.15,0.0,25091.15,30.0,False,V-0140,C,False,Supplier portal,2025-12-08 07:07:59.735,V-0140,tax_id,PO251819,V-0140,72785.76,USD,0,0,0,0,0,0,0,0,1,,0,Duplicate Invoice,1,Exception review,Rules + OCR,0.5730863239866628,,,
AP-0002980,pdf_text,,TX-0068-22381,Redwood Technologies Inc.,INV-0068-002980,2025-12-06,2026-01-05,PO-252080,CAD,3304.28,165.21,3469.49,30.0,False,V-0068,C,False,Supplier portal,2025-12-08 08:50:45.148,V-0068,tax_id,PO252080,V-0068,14081.22,CAD,0,0,0,0,0,0,0,0,0,,0,,0,Auto-approve,Rules + OCR,0.303915540948061,,,
AP-0003530,pdf_text,,TX-0088-45873,Atlas Systems Group,INV-0088-003530,2025-12-07,2026-01-06,PO-252352,USD,87723.96,0.0,87723.96,30.0,False,V-0088,A,False,Email,2025-12-08 08:56:40.651,V-0088,tax_id,PO252352,V-0088,480117.84,USD,0,0,0,0,0,0,0,0,0,,0,,0,Auto-approve,Rules + OCR,0.3935290406097132,,,
AP-0002600,pdf_text,,TX-0132-11639,Atlas Supply Group,INV-0132-002600,2025-12-04,2026-02-02,PO-X002600,USD,3739.9,308.54,4048.44,60.0,False,V-0132,A,False,Supplier portal,2025-12-08 09:15:47.672,V-0132,tax_id,POX002600,,,,0,1,0,0,0,0,0,0,0,,0,Invalid PO,1,Exception review,Rules + OCR,0.6262440259653327,,,
AP-0002275,pdf_text,,TX-0106-56495,Oakmont Analytics Inc.,INV-0106-002275,2025-12-06,2026-01-20,PO-251166,USD,4135.49,0.0,4135.49,45.0,False,V-0106,A,False,Supplier portal,2025-12-08 09:18:38.725,V-0106,tax_id,PO251166,V-0106,102440.71,USD,0,0,0,0,0,0,0,0,0,,0,,0,Auto-approve,Rules + OCR,0.35763234008961114,,,
AP-0003323,pdf_text,,TX-0056-21648,Oakmont Services LLC,,,,,,,256.45,,,False,V-0056,E,False,Supplier portal,2025-12-08 09:49:49.749,V-0056,tax_id,,,,,1,0,0,0,0,0,0,0,0,Missing field,1,Missing PO,1,Data check,Rules + OCR,0.6691042912369645,,,
AP-0002402,pdf_text,,TX-0079-81417,Brightpath Technologies LLC,,,,,,,,,,False,V-0079,E,False,Supplier portal,2025-12-08 11:00:15.167,V-0079,tax_id,,,,,1,0,0,0,0,0,0,0,0,Missing field,1,Missing PO,1,Data check,Rules + OCR,0.6319292069122661,,,
AP-0000638,pdf_text,,TX-0011-62098,Summit Systems LLC,INV-0011-000638,2025-12-03,2026-02-01,PO-250084,USD,1357.7,0.0,1357.7,60.0,False,V-0011,B,False,Email,2025-12-08 11:48:06.150,V-0011,tax_id,PO250084,V-0011,24636.98,USD,0,0,0,0,0,1,0,0,0,,0,Payment Terms Mismatch,1,Exception review,Rules + OCR,0.5988753805133955,,,
AP-0004430,pdf_text,,TX-0083-82789,Summit Systems LLC,INV-0083-004430,2025-12-04,2025-12-19,PO-250921,USD,19491.23,1608.03,21099.26,15.0,False,V-0083,B,False,Email,2025-12-08 12:14:29.603,V-0083,tax_id,PO250921,V-0083,68157.21,USD,0,0,0,0,0,0,0,0,0,,0,,0,Auto-approve,Rules + OCR,0.30732931218086273,,,
AP-0002981,pdf_text,,TX-0048-57091,Oakmont Systems Inc.,INV-0048-002981,2025-12-06,2025-12-21,PO-251925,USD,21579.98,1780.35,23360.33,15.0,False,V-0048,C,False,Supplier portal,2025-12-08 12:48:15.495,V-0048,tax_id,PO251925,V-0048,80003.82,USD,0,0,0,0,0,0,0,0,0,,0,,0,Auto-approve,Rules + OCR,0.2859559340693698,,,
AP-0004958,ocr,95.22486640963857,TX-0002-28786,Cobalt Services LLC,INV-0002-004958,2025-12-05,,,INR,,,47752.66,15.0,False,V-0002,C,True,Email,2025-12-08 14:57:56.161,V-0002,tax_id,,,,,1,0,0,0,0,0,1,0,0,,0,Missing PO; Inactive Vendor,2,Exception review,Rules + OCR,0.7344488145930704,,,
AP-0004801,pdf_text,,TX-0024-91040,Evergreen Solutions Inc.,INV-0024-004801,2025-12-08,2025-12-23,PO-251585,EUR,7204.62,1512.97,8717.59,15.0,False,V-0024,D,False,Supplier portal,2025-12-08 15:42:09.022,V-0024,tax_id,PO251585,V-0024,79182.95,EUR,0,0,0,0,0,0,0,0,0,,0,,0,Auto-approve,Rules + OCR,0.32420878553316856,,,
AP-0002773,ocr,95.4984483908046,TX-0061-83099,Copperfield Services Inc.,INV-0061-002773,2025-12-06,2026-01-05,PO-251480,USD,,,33513.73,30.0,False,V-0061,C,True,Email,2025-12-08 17:29:14.820,V-0061,tax_id,PO251480,V-0061,118328.65,USD,0,0,0,0,0,0,0,0,0,,0,,0,Auto-approve,Rules + OCR,0.3482951157310643,,,
AP-0002168,pdf_text,,TX-0095-51083,Crescent Supply Ltd.,INV-0095-002168,2025-12-03,2026-01-17,PO-250011,USD,6458.2,0.0,6458.2,45.0,False,V-0095,A,False,Supplier portal,2025-12-08 20:15:12.802,V-0095,tax_id,PO250011,V-0095,18742.58,USD,0,0,0,0,0,1,0,0,0,,0,Payment Terms Mismatch,1,Exception review,Rules + OCR,0.5851941294690919,,,
AP-0003758,pdf_text,,TX-0116-23088,Juniper Supply LLC,INV-0116-003758,2025-12-07,2026-02-05,PO-250878,USD,26509.84,0.0,26509.84,60.0,False,V-0116,C,False,Email,2025-12-08 20:20:29.559,V-0116,tax_id,PO250878,V-0116,71223.67,USD,0,0,0,0,0,0,0,0,0,,0,,0,Auto-approve,Rules + OCR,0.34107991143316746,,,
AP-0000590,pdf_text,,TX-0133-30576,Cobalt Partners Group,INV-0133-000590,2025-12-04,2026-01-18,PO-251320,USD,7104.47,0.0,7104.47,45.0,False,V-0133,C,False,Email,2025-12-08 20:38:11.646,V-0133,tax_id,PO251320,V-0133,45575.92,USD,0,0,0,0,0,0,0,0,0,,0,,0,Auto-approve,Rules + OCR,0.36590785555262867,,,
AP-0000577,edi,,TX-0002-28786,Cobalt Services LLC,INV-0002-000577,2025-12-04,2025-12-19,PO-252270,INR,11848.64,2132.75,13981.39,15.0,False,V-0002,C,False,EDI,2025-12-08 22:49:18.317,V-0002,tax_id,PO252270,V-0002,50134.6,INR,0,0,0,0,0,0,1,0,0,,0,Inactive Vendor,1,Exception review,Rules + OCR,0.6948123611983847,,,
AP-0002311,pdf_text,,TX-0005-88178,Atlas Resources Inc.,INV-0005-002311,2025-12-08,2026-01-07,PO-250053,USD,34940.01,0.0,34940.01,30.0,False,V-0005,A,False,Supplier portal,2025-12-09 00:12:23.868,V-0005,tax_id,PO250053,V-0005,112102.34,USD,0,0,0,0,0,0,0,0,0,,0,,0,Auto-approve,Rules + OCR,0.3102088107715666,,,
AP-0000807,pdf_text,,TX-0093-95568,Summit Systems LLC,INV-0093-000807,2025-12-07,2025-12-22,PO-252234,USD,4118.44,339.77,4458.21,15.0,False,V-0093,B,False,Supplier portal,2025-12-09 02:58:19.249,V-0093,tax_id,PO252234,V-0093,25139.08,USD,0,0,0,0,0,0,0,0,0,,0,,0,Auto-approve,Rules + OCR,0.31938658963289995,,,
AP-0003904,pdf_text,,TX-0013-11961,Atlas Services LLC,INV-0013-003904,2025-12-07,2026-01-21,PO-252035,USD,6399.87,0.0,6399.87,45.0,False,V-0013,B,False,Supplier portal,2025-12-09 04:51:14.966,V-0013,tax_id,PO252035,V-0013,65880.42,USD,0,0,0,0,0,0,1,0,0,,0,Inactive Vendor,1,Exception review,Rules + OCR,0.6088712451983723,,,
AP-0001269,pdf_text,,TX-0115-48708,Ironwood Services Group,INV-0115-001269,2025-12-08,2025-12-23,PO-251300,EUR,472.44,99.21,571.65,15.0,False,V-0115,D,False,Supplier portal,2025-12-09 09:51:45.217,V-0115,tax_id,PO251300,V-0115,4949.73,EUR,0,0,0,0,0,0,0,0,0,,0,,0,Auto-approve,Rules + OCR,0.3329764746371647,,,
AP-0002723,pdf_text,,TX-0093-95568,Summit Systems LLC,INV-0093-002723,2025-12-05,2026-01-04,PO-250623,USD,2873.3,237.05,3110.35,30.0,False,V-0093,B,False,Supplier portal,2025-12-09 10:02:54.583,V-0093,tax_id,PO250623,V-0093,22458.42,USD,0,0,0,0,0,1,0,0,0,,0,Payment Terms Mismatch,1,Exception review,Rules + OCR,0.5818947066648913,,,
AP-0003298,pdf_text,,TX-0029-56211,Crescent Technologies LLC,INV-0029-003298,2025-12-08,2025-12-23,PO-251752,USD,5118.72,422.29,5541.01,15.0,False,V-0029,C,False,Supplier portal,2025-12-09 13:39:17.194,V-0029,tax_id,PO251752,V-0029,17608.0,USD,0,0,0,0,0,0,0,0,0,,0,,0,Auto-approve,Rules + OCR,0.2787843836507835,,,
AP-0003993,pdf_text,,TX-0071-54213,Summit Services LLC,INV-0071-003993,2025-12-04,2026-01-03,PO-250666,USD,10059.21,0.0,10059.21,30.0,False,V-0071,C,False,Email,2025-12-09 16:08:46.575,V-0071,tax_id,PO250666,V-0071,47259.78,USD,0,0,0,0,0,0,0,0,0,,0,,0,Auto-approve,Rules + OCR,0.2966361104758064,,,
AP-0004761,pdf_text,,TX-0053-42836,Oakmont Supply Group,INV-0053-004761,2025-12-05,2026-01-04,PO-250772,SGD,4260.28,383.42,4643.7,30.0,False,V-0053,C,False,Supplier portal,2025-12-09 17:12:56.388,V-0053,tax_id,PO250772,V-0053,27019.93,SGD,0,0,0,0,0,0,0,0,0,,0,,0,Auto-approve,Rules + OCR,0.35247146039725075,,,
AP-0004435,pdf_text,,TX-0055-46775,Silverline Analytics Group,INV-0055-004435,2025-12-06,2026-01-05,PO-250001,SGD,733.37,66.0,799.37,30.0,False,V-0055,C,False,Supplier portal,2025-12-09 18:15:43.960,V-0055,tax_id,PO250001,V-0055,9286.64,SGD,0,0,0,0,0,0,0,0,0,,0,,0,Auto-approve,Rules + OCR,0.33327954931180037,,,
AP-0003429,pdf_text,,TX-0061-83099,Copperfield Services Inc.,INV-0061-003429,2025-12-05,2026-01-04,PO-250805,USD,18537.06,0.0,18537.06,30.0,False,V-0061,C,False,Supplier portal,2025-12-09 19:17:08.636,V-0061,tax_id,PO250805,V-0061,100910.76,USD,0,0,0,0,0,0,0,0,0,,0,,0,Auto-approve,Rules + OCR,0.3380734991754728,,,
AP-0003265,edi,,TX-0073-32545,Pioneer Partners Ltd.,INV-0073-003265,2025-12-05,2026-01-04,PO-251221,USD,52329.99,0.0,52329.99,30.0,False,V-0073,B,False,EDI,2025-12-09 19:59:02.228,V-0073,tax_id,PO251221,V-0073,152907.45,USD,0,0,0,0,0,0,0,0,0,,0,,0,Auto-approve,Rules + OCR,0.3460329998638243,,,
AP-0003467,pdf_text,,TX-0001-43105,Evergreen Consulting Group,INV-0001-003467,2025-12-05,2026-01-04,PO-252099,INR,1989.92,358.18,2348.1,30.0,False,V-0001,A,False,Supplier portal,2025-12-09 21:02:21.556,V-0001,tax_id,PO252099,V-0001,24537.9,INR,0,0,0,0,0,0,0,0,0,,0,,0,Auto-approve,Rules + OCR,0.3169875482416765,,,
AP-0001847,pdf_text,,TX-0124-51957,Brightpath Systems Ltd.,INV-0124-001847,2025-12-04,2025-12-19,PO-250188,CAD,16591.04,829.55,17420.59,15.0,False,V-0124,A,False,Email,2025-12-09 21:06:58.332,V-0124,tax_id,PO250188,V-0124,169143.43,CAD,0,0,0,0,0,0,0,0,0,,0,,0,Auto-approve,Rules + OCR,0.31901597226660655,,,
AP-0000040,ocr,95.34360808536586,TX-0042-54837,Summit Systems LLC,PO-250763,2025-12-06,,INV-0042-000040,USD,7099.41,0.0,7099.41,60.0,False,V-0042,B,True,Email,2025-12-09 21:38:55.205,V-0042,tax_id,INV0042000040,,,,0,1,0,0,0,0,0,0,0,,0,Invalid PO,1,Exception review,Rules + OCR,0.6579504745146557,,,
AP-0000761,pdf_text,,TX-0025-19498,Summit Systems LLC,INV-0025-000761,2025-12-07,2026-02-05,PO-250162,USD,4054.22,334.47,4388.69,60.0,False,V-0025,B,False,Supplier portal,2025-12-09 22:25:53.757,V-0025,tax_id,PO250162,V-0025,14782.05,USD,0,0,0,0,0,0,0,0,0,,0,,0,Auto-approve,Rules + OCR,0.33004633387383564,,,
AP-0004455,pdf_text,,TX-0001-43105,Evergreen Consulting Group,INV-0001-004455,2025-12-09,2026-01-08,PO-250777,INR,90245.76,16244.24,106490.0,30.0,False,V-0001,A,False,Supplier portal,2025-12-09 22:38:14.860,V-0001,tax_id,PO250777,V-0001,85151.9,INR,0,0,0,0,1,0,0,0,0,,0,Invoice Over PO,1,Exception review,Rules + OCR,0.6234789802123559,,,
AP-0004308,ocr,95.4981307792208,TX-0011-62098,Summit Systems LLC,,,,,USD,5135.52,0.0,5135.52,,False,V-0011,B,True,Email,2025-12-09 23:42:59.100,V-0011,tax_id,,,,,1,0,0,0,0,0,0,0,0,Missing field,1,Missing PO,1,Data check,Rules + OCR,0.6386493581695768,,,
AP-0002604,edi,,TX-0005-88178,Atlas Resources Inc.,INV-0005-002604,2025-12-08,2026-01-07,PO-250776,USD,817.95,0.0,817.95,30.0,False,V-0005,A,False,EDI,2025-12-10 00:09:03.794,V-0005,tax_id,PO250776,V-0005,3664.01,USD,0,0,0,0,0,0,0,0,0,,0,,0,Auto-approve,Rules + OCR,0.2900378671857419,,,
AP-0001042,pdf_text,,TX-0052-68137,Evergreen Consulting LLC,INV-0052-001042,2025-12-09,2026-01-08,PO-252372,USD,16042.26,0.0,16042.26,30.0,False,V-0052,A,False,Email,2025-12-10 00:34:57.182,V-0052,tax_id,PO252372,V-0052,80328.95,USD,0,0,0,0,0,0,0,0,0,,0,,0,Auto-approve,Rules + OCR,0.3380268579619567,,,
AP-0000930,pdf_text,,TX-0033-48829,Northstar Advisors LLC,,,,,,,,,,False,V-0033,E,False,Supplier portal,2025-12-10 02:07:41.129,V-0033,tax_id,,,,,1,0,0,0,0,0,0,0,0,Missing field,1,Missing PO,1,Data check,Rules + OCR,0.6266237650661692,,,
AP-0002664,pdf_text,,TX-0011-62098,Summit Systems LLC,INV-0011-002664,2025-12-09,2026-01-08,PO-250865,USD,19041.74,0.0,19041.74,30.0,False,V-0011,B,False,Supplier portal,2025-12-10 03:01:50.778,V-0011,tax_id,PO250865,V-0011,110725.8,USD,0,0,0,0,0,0,0,0,0,,0,,0,Auto-approve,Rules + OCR,0.3271600525035,,,
AP-0004461,pdf_text,,TX-0118-10046,Stonebridge Logistics Ltd.,INV-0118-004461,2025-12-08,2026-01-07,PO-251084,USD,11024.98,909.56,11934.54,30.0,False,V-0118,C,False,Supplier portal,2025-12-10 05:21:44.036,V-0118,tax_id,PO251084,V-0118,42593.97,USD,0,0,0,0,0,0,0,0,0,,0,,0,Auto-approve,Rules + OCR,0.3146759583330162,,,
AP-0003339,pdf_text,,TX-0099-76362,Copperfield Networks Ltd.,,,,,,,,,,True,V-0099,E,False,Supplier portal,2025-12-10 05:34:31.028,V-0099,tax_id,,,,,1,0,0,0,0,0,0,0,0,Missing field,1,Missing PO,1,Data check,Rules + OCR,0.6396016753852541,,,
AP-0001050,pdf_text,,TX-0087-76038,Atlas Digital Ltd.,INV-0087-001050,2025-12-07,2026-02-05,PO-250190,EUR,4595.69,965.1,5560.79,60.0,False,V-0087,D,False,Email,2025-12-10 05:35:28.238,V-0087,tax_id,PO250190,V-0087,16356.69,EUR,0,0,0,0,0,0,0,0,0,,0,,0,Auto-approve,Rules + OCR,0.35724814779151687,,,
AP-0000666,edi,,TX-0079-81417,Brightpath Technologies LLC,INV-0079-000666,2025-12-10,2026-01-09,PO-250904,USD,6106.09,0.0,6106.09,30.0,False,V-0079,E,False,EDI,2025-12-10 05:59:13.392,V-0079,tax_id,PO250904,V-0079,58359.88,USD,0,0,0,0,0,0,0,0,0,,0,,0,Auto-approve,Rules + OCR,0.2831706773405788,,,
AP-0004540,pdf_text,,TX-0059-74622,Pioneer Solutions Group,INV-0059-004540,2025-12-08,2026-01-22,PO-251186,USD,9643.56,795.59,10439.15,45.0,False,V-0059,A,False,Email,2025-12-10 06:58:56.418,V-0059,tax_id,PO251186,V-0059,28161.33,USD,0,0,0,0,0,0,1,0,0,,0,Inactive Vendor,1,Exception review,Rules + OCR,0.5968430717300989,,,
AP-0003380,pdf_text,,TX-0057-94723,Lighthouse Supply Ltd.,INV-0057-003380,2025-12-06,2026-01-05,PO-250309,USD,39259.03,0.0,39259.03,30.0,False,V-0057,A,False,Supplier portal,2025-12-10 10:07:01.765,V-0057,tax_id,PO250309,V-0057,138886.06,USD,0,0,0,0,0,0,0,0,0,,0,,0,Auto-approve,Rules + OCR,0.339946047848763,,,
AP-0001908,pdf_text,,TX-0021-37068,Brightpath Operations LLC,INV-0021-001908,2025-12-08,2026-01-22,PO-250954,USD,3980.98,328.43,4309.41,45.0,False,V-0021,C,False,Email,2025-12-10 11:38:47.943,V-0021,tax_id,PO250954,V-0021,36856.72,USD,0,0,0,0,0,0,0,0,0,,0,,0,Auto-approve,Rules + OCR,0.33546893605159156,,,
AP-0003057,pdf_text,,TX-0138-43552,Atlas Partners Group,INV-0138-003057,2025-12-05,2026-01-04,PO-250254,EUR,3761.26,789.86,4551.12,30.0,False,V-0138,D,False,Supplier portal,2025-12-10 11:48:03.885,V-0138,tax_id,PO250254,V-0138,21110.05,EUR,0,0,0,0,0,0,0,1,0,,0,High-Risk Vendor,1,Exception review,Rules + OCR,0.41143092780976415,,,
AP-0003831,pdf_text,,TX-0014-36758,Summit Logistics Group,,,,,,,,,,False,V-0014,E,False,Supplier portal,2025-12-10 15:47:11.714,V-0014,tax_id,,,,,1,0,0,0,0,0,0,0,0,Missing field,1,Missing PO,1,Data check,Rules + OCR,0.6032741539237602,,,
AP-0003895,pdf_text,,TX-0055-46775,Silverline Analytics Group,INV-0055-003895,2025-12-08,2026-01-07,PO-251234,SGD,13772.21,1239.5,15011.71,30.0,False,V-0055,C,False,Supplier portal,2025-12-10 16:31:46.272,V-0055,tax_id,PO251234,V-0055,235765.62,SGD,0,0,0,0,0,0,0,0,0,,0,,0,Auto-approve,Rules + OCR,0.34630897620702183,,,
AP-0001115,pdf_text,,TX-0105-55701,Ironwood Analytics Inc.,INV-0105-001115,2025-12-08,2026-01-22,PO-250689,USD,3801.86,0.0,3801.86,45.0,False,V-0105,C,False,Supplier portal,2025-12-10 16:48:58.612,V-0105,tax_id,PO250689,V-0105,34672.44,USD,0,0,0,0,0,0,0,0,0,,0,,0,Auto-approve,Rules + OCR,0.33708777390072203,,,
AP-0002645,pdf_text,,TX-0107-50949,Silverline Advisors Inc.,INV-0107-002645,2025-12-07,2026-02-05,PO-251453,USD,18583.08,1533.1,20116.18,60.0,False,V-0107,C,False,Supplier portal,2025-12-10 21:17:55.873,V-0107,tax_id,PO251453,V-0107,400335.43,USD,0,0,0,0,0,0,0,0,0,,0,,0,Auto-approve,Rules + OCR,0.3186493031392693,,,
AP-0003534,pdf_text,,TX-0125-42798,Brightpath Resources Ltd.,INV-0125-003534,2025-12-07,2026-01-06,PO-251651,EUR,2177.41,457.26,2634.67,30.0,False,V-0125,D,False,Supplier portal,2025-12-10 21:31:59.720,V-0125,tax_id,PO251651,V-0125,52546.23,EUR,0,0,0,0,0,0,0,0,0,,0,,0,Auto-approve,Rules + OCR,0.3359789116795234,,,
AP-0002984,ocr,93.36593091666668,TX-0011-62098,Summit Systems LLC,,,,,USD,30745.34,0.0,30745.34,,False,V-0011,B,True,Email,2025-12-10 21:54:20.639,V-0011,tax_id,,,,,1,0,0,0,0,0,0,0,0,Missing field,1,Missing PO,1,Data check,Rules + OCR,0.6318736106865948,,,
AP-0001228,edi,,TX-0049-19644,Harbor Resources LLC,INV-0049-001228,2025-12-10,2026-01-09,PO-251578,EUR,3345.74,702.61,4048.35,30.0,False,V-0049,D,False,EDI,2025-12-10 22:17:43.957,V-0049,tax_id,PO251578,V-0049,33669.93,EUR,0,0,0,0,0,0,0,0,0,,0,,0,Auto-approve,Rules + OCR,0.3350371879182366,,,
AP-0001048,edi,,TX-0131-83608,Copperfield Systems LLC,INV-0131-001048,2025-12-05,2025-12-20,PO-250735,USD,2405.71,0.0,2405.71,15.0,False,V-0131,A,False,EDI,2025-12-10 23:19:09.110,V-0131,tax_id,PO250735,V-0131,10656.36,USD,0,0,0,0,0,1,0,0,0,,0,Payment Terms Mismatch,1,Exception review,Rules + OCR,0.6215303355150916,,,
AP-0003669,edi,,TX-0063-67062,Copperfield Systems Inc.,INV-0063-003669,2025-12-06,2026-01-05,PO-251448,USD,1254.01,103.46,1357.47,30.0,False,V-0063,E,False,EDI,2025-12-11 00:47:39.905,V-0063,tax_id,PO251448,V-0063,15766.81,USD,0,0,0,0,0,0,0,0,0,,0,,0,Auto-approve,Rules + OCR,0.3060424194702764,,,
AP-0002389,pdf_text,,TX-0121-33255,Cobalt Systems Inc.,,,,,,,,,,False,V-0121,E,False,Email,2025-12-11 00:48:44.049,V-0121,tax_id,,,,,1,0,0,0,0,0,1,1,0,Missing field,1,Missing PO; Inactive Vendor; High-Risk Vendor,3,Data check,Rules + OCR,0.7641294407119127,,,
AP-0002354,ocr,94.0653233814433,TX-0053-42836,Oakmont Supply Group,INV-0053-002354,2025-12-11,2026-01-10,PO-252391,SGD,15182.28,1366.41,16548.69,30.0,False,V-0053,C,True,Email,2025-12-11 01:57:59.553,V-0053,tax_id,PO252391,V-0053,44735.33,SGD,0,0,0,0,0,0,0,0,0,,0,,0,Auto-approve,Rules + OCR,0.3454404479506319,,,
AP-0000356,pdf_text,,TX-0012-74674,Oakmont Technologies LLC,INV-0012-000356,2025-12-09,2026-01-08,PO-250668,USD,6847.66,0.0,6847.66,30.0,False,V-0012,A,False,Email,2025-12-11 02:02:49.370,V-0012,tax_id,PO250668,V-0012,34209.12,USD,0,0,0,0,0,0,0,0,0,,0,,0,Auto-approve,Rules + OCR,0.2845954987570715,,,
AP-0003029,edi,,TX-0049-19644,Harbor Resources LLC,INV-0049-003029,2025-12-10,2026-01-09,PO-250519,EUR,114638.29,24074.04,138712.33,30.0,False,V-0049,D,False,EDI,2025-12-11 03:02:13.954,V-0049,tax_id,PO250519,V-0049,590637.06,EUR,0,0,0,0,0,0,0,0,0,,0,,0,Auto-approve,Rules + OCR,0.3816447341138384,,,
AP-0003748,ocr,94.42180956944443,TX-0117-90487,Atlas Consulting LLC,INV-0117-003748,2025-12-11,2026-01-10,PO-251466,CAD,76507.91,3825.4,80333.31,30.0,True,V-0117,C,True,Email,2025-12-11 04:42:13.391,V-0117,tax_id,PO251466,V-0117,291161.92,CAD,0,0,0,0,0,0,0,0,0,,0,,0,Auto-approve,Rules + OCR,0.3495221901682515,,,
AP-0004548,pdf_text,,TX-0066-17224,Stonebridge Networks Ltd.,INV-0066-004548,2025-12-07,2026-01-06,PO-250266,USD,66613.63,0.0,66613.63,30.0,False,V-0066,A,False,Supplier portal,2025-12-11 04:52:59.494,V-0066,tax_id,PO250266,V-0066,45953.87,USD,0,0,0,0,1,0,0,0,0,,0,Invoice Over PO,1,Exception review,Rules + OCR,0.6733697000710316,,,
AP-0004036,pdf_text,,TX-0018-72351,Summit Systems LLC,INV-0018-004036,2025-12-11,2026-01-10,PO-251451,USD,38600.67,0.0,38600.67,30.0,False,V-0018,B,False,Supplier portal,2025-12-11 07:59:19.313,V-0018,tax_id,PO251451,V-0018,32101.79,USD,0,0,0,0,1,0,0,0,0,,0,Invoice Over PO,1,Exception review,Rules + OCR,0.6277896989532342,,,
AP-0001264,pdf_text,,TX-0030-52947,Crescent Networks Inc.,,,,,,,2956.99,,,False,V-0030,E,False,Supplier portal,2025-12-11 08:19:44.359,V-0030,tax_id,,,,,1,0,0,0,0,0,0,0,0,Missing field,1,Missing PO,1,Data check,Rules + OCR,0.6556486324651123,,,
AP-0001539,edi,,TX-0095-51083,Crescent Supply Ltd.,INV-0095-001539,2025-12-09,2026-01-08,PO-251294,USD,5188.59,0.0,5188.59,30.0,False,V-0095,A,False,EDI,2025-12-11 08:25:13.159,V-0095,tax_id,PO251294,V-0095,44886.45,USD,0,0,0,0,0,0,0,0,0,,0,,0,Auto-approve,Rules + OCR,0.3197657880233424,,,
AP-0003711,pdf_text,,TX-0069-10137,Summit Systems LLC,INV-0069-003711,2025-12-10,2026-01-09,PO-250048,USD,12642.09,0.0,12642.09,30.0,False,V-0069,B,False,Supplier portal,2025-12-11 09:23:11.097,V-0069,tax_id,PO250048,V-0069,255370.01,USD,0,0,0,0,0,0,0,0,0,,0,,0,Auto-approve,Rules + OCR,0.2902612330227269,,,
AP-0000034,pdf_text,,TX-0117-90487,Atlas Consulting LLC,INV-0117-000034,2025-12-07,2026-01-06,PO-251552,CAD,3448.09,172.4,3620.49,30.0,False,V-0117,C,False,Email,2025-12-11 09:42:31.392,V-0117,tax_id,PO251552,V-0117,19925.8,CAD,0,0,0,0,0,0,0,0,0,,0,,0,Auto-approve,Rules + OCR,0.2941947060848403,,,
AP-0003166,edi,,TX-0083-82789,Pioneer Services Group,INV-0083-003166,2025-12-09,2025-12-24,PO-251412,USD,7451.85,614.78,8066.63,15.0,False,V-0083,B,False,EDI,2025-12-11 10:49:02.925,V-0083,tax_id,PO251412,V-0083,46553.28,USD,0,0,0,0,0,0,0,0,0,,0,,0,Auto-approve,Rules + OCR,0.29206390724122844,,,
AP-0001359,pdf_text,,TX-0028-83716,Harbor Consulting Ltd.,,,,,,,119.91,,,False,V-0028,E,False,Supplier portal,2025-12-11 10:50:07.259,V-0028,tax_id,,,,,1,0,0,0,0,0,1,0,0,Missing field,1,Missing PO; Inactive Vendor,2,Data check,Rules + OCR,0.7652635885436389,,,
AP-0002187,pdf_text,,TX-0024-91040,Evergreen Solutions Inc.,INV-0024-002187,2025-12-08,2025-12-23,PO-250796,EUR,96687.35,20304.34,116991.69,15.0,False,V-0024,D,False,Supplier portal,2025-12-11 10:54:21.797,V-0024,tax_id,PO250796,V-0024,577102.0,EUR,0,0,0,0,0,0,0,0,0,,0,,0,Auto-approve,Rules + OCR,0.4074255681986223,,,
AP-0001562,pdf_text,,TX-0084-70345,Redwood Supply LLC,INV-0084-001562,2025-12-10,2026-01-09,PO-250272,EUR,9461.89,1987.0,11448.89,30.0,True,V-0084,D,False,Email,2025-12-11 10:59:38.053,V-0084,tax_id,PO250272,V-0084,62432.47,EUR,0,0,0,0,0,0,0,0,0,,0,,0,Auto-approve,Rules + OCR,0.3214737647826054,,,
AP-0002607,pdf_text,,TX-0116-23088,Juniper Supply LLC,INV-0116-002607,2025-12-11,2026-02-09,PO-251796,USD,13789.15,0.0,13789.15,60.0,False,V-0116,C,False,Supplier portal,2025-12-11 12:57:18.177,V-0116,tax_id,PO251796,V-0116,71829.2,USD,0,0,0,0,0,0,0,0,0,,0,,0,Auto-approve,Rules + OCR,0.32952348922419933,,,
AP-0004978,pdf_text,,TX-0107-50949,Silverline Advisors Inc.,INV-0107-004978,2025-12-11,2026-02-09,PO-250140,SGD,4631.46,416.83,5048.29,60.0,False,V-0107,C,False,Email,2025-12-11 13:32:54.597,V-0107,tax_id,PO250140,V-0107,20658.61,USD,0,0,0,1,0,0,0,0,0,,0,Currency Mismatch,1,Exception review,Rules + OCR,0.6412440067672145,,,
AP-0001019,pdf_text,,TX-0129-39742,Blue Ridge Digital Ltd.,INV-0129-001019,2025-12-06,2026-01-20,PO-251636,EUR,13172.65,2766.26,15938.91,45.0,False,V-0129,C,False,Email,2025-12-11 14:55:52.122,V-0129,tax_id,PO251636,V-0129,54557.42,USD,0,0,0,1,0,0,0,0,0,,0,Currency Mismatch,1,Exception review,Rules + OCR,0.601556547205372,,,
AP-0000736,pdf_text,,TX-0038-45747,Beacon Analytics Ltd.,INV-0038-000736,2025-12-11,2026-02-09,PO-251315,USD,4040.13,0.0,4040.13,60.0,False,V-0038,C,False,Email,2025-12-11 15:02:52.020,V-0038,tax_id,PO251315,V-0038,29663.12,USD,0,0,0,0,0,1,0,0,0,,0,Payment Terms Mismatch,1,Exception review,Rules + OCR,0.6296130722807786,,,
AP-0002805,pdf_text,,TX-0069-10137,Summit Systems LLC,INV-0069-002805,2025-12-08,2026-01-07,PO-250138,USD,4627.08,0.0,4627.08,30.0,False,V-0069,B,False,Supplier portal,2025-12-11 15:46:43.875,V-0069,tax_id,PO250138,V-0069,103906.27,USD,0,0,0,0,0,0,0,0,0,,0,,0,Auto-approve,Rules + OCR,0.32172262537987617,,,
AP-0004005,pdf_text,,TX-0014-36758,Summit Logistics Group,,,,,,,,,,False,V-0014,E,False,Supplier portal,2025-12-11 16:06:27.265,V-0014,tax_id,,,,,1,0,0,0,0,0,0,0,0,Missing field,1,Missing PO,1,Data check,Rules + OCR,0.6063446323301854,,,
AP-0004701,edi,,TX-0090-82710,Copperfield Advisors Ltd.,INV-0090-004701,2025-12-07,2026-01-21,PO-251828,USD,12424.82,0.0,12424.82,45.0,False,V-0090,B,False,EDI,2025-12-11 16:16:05.330,V-0090,tax_id,PO251828,V-0090,264389.51,USD,0,0,0,0,0,0,0,0,0,,0,,0,Auto-approve,Rules + OCR,0.34461611723366875,,,
AP-0004633,pdf_text,,TX-0117-90487,Atlas Consulting LLC,INV-0117-004633,2025-12-09,2026-01-08,PO-252193,CAD,26113.92,1305.7,27419.62,30.0,False,V-0117,C,False,Supplier portal,2025-12-11 18:12:00.117,V-0117,tax_id,PO252193,V-0117,123727.34,CAD,0,0,0,0,0,0,0,0,0,,0,,0,Auto-approve,Rules + OCR,0.3163804400592263,,,
AP-0003494,pdf_text,,TX-0050-69493,Ironwood Services Ltd.,INV-0050-003494,2025-12-09,2026-01-08,PO-250070,USD,13479.38,0.0,13479.38,30.0,False,V-0050,A,False,Supplier portal,2025-12-11 18:16:57.965,V-0050,tax_id,PO250070,V-0050,70447.52,USD,0,0,0,0,0,0,0,0,0,,0,,0,Auto-approve,Rules + OCR,0.33249008144657277,,,
AP-0001812,pdf_text,,TX-0114-88629,Beacon Logistics Group,INV-0114-001812,2025-12-06,2026-01-05,,USD,24965.83,2059.68,27025.51,30.0,False,V-0114,A,False,Supplier portal,2025-12-11 18:19:19.112,V-0114,tax_id,,,,,1,0,0,0,0,0,0,0,0,,0,Missing PO,1,Exception review,Rules + OCR,0.6316807052203453,,,
AP-0000134,pdf_text,,TX-0109-51449,Blue Ridge Analytics LLC,INV-0109-000134,2025-12-10,2026-01-09,PO-250657,USD,47597.55,0.0,47597.55,30.0,False,V-0109,A,False,Supplier portal,2025-12-11 18:21:59.290,V-0109,tax_id,PO250657,V-0109,167530.48,USD,0,0,0,0,0,0,0,0,0,,0,,0,Auto-approve,Rules + OCR,0.33262549640731454,,,
AP-0003098,pdf_text,,TX-0086-70653,Summit Systems LLC,INV-0086-003098,2025-12-11,2026-01-25,PO-251477,USD,13322.68,1099.12,14421.8,45.0,False,V-0086,B,False,Supplier portal,2025-12-11 18:49:42.971,V-0086,tax_id,PO251477,V-0086,60325.23,USD,0,0,0,0,0,0,0,0,0,,0,,0,Auto-approve,Rules + OCR,0.32840909662641715,,,
AP-0001246,pdf_text,,TX-0063-67062,Copperfield Systems Inc.,,,,,,,192.05,,,True,V-0063,E,False,Email,2025-12-11 19:43:08.910,V-0063,tax_id,,,,,1,0,0,0,0,0,0,0,0,Missing field,1,Missing PO,1,Data check,Rules + OCR,0.6037647668197688,,,
AP-0004242,pdf_text,,TX-0021-37068,Brightpath Operations LLC,INV-0021-004242,2025-12-11,2026-01-25,PO-250168,USD,24125.3,1990.34,26115.64,45.0,False,V-0021,C,False,Supplier portal,2025-12-11 20:49:05.613,V-0021,tax_id,PO250168,V-0021,21106.51,USD,0,0,0,0,1,0,0,0,0,,0,Invoice Over PO,1,Exception review,Rules + OCR,0.6214168179858931,,,
AP-0000991,ocr,95.36897952173912,TX-0017-46110,Cobalt Analytics Group,INV-0017-000991,2025-12-06,2026-01-20,PO-251646,GBP,,,65960.51,45.0,False,V-0017,C,True,Email,2025-12-11 20:58:03.721,V-0017,tax_id,PO251646,V-0017,182474.85,GBP,0,0,0,0,0,0,0,1,0,,0,High-Risk Vendor,1,Exception review,Rules + OCR,0.5339404254761789,,,
AP-0000653,pdf_text,,TX-0086-70653,Summit Systems LLC,INV-0086-000653,2025-12-06,2026-01-20,PO-251760,USD,4583.94,378.17,4962.11,45.0,False,V-0086,B,False,Supplier portal,2025-12-11 21:34:42.770,V-0086,tax_id,PO251760,V-0086,58267.68,USD,0,0,0,0,0,0,0,0,0,,0,,0,Auto-approve,Rules + OCR,0.3393430625161977,,,
AP-0003689,edi,,TX-0045-69725,Atlas Services LLC,INV-0045-003689,2025-12-11,2026-01-25,PO-252369,USD,3347.35,0.0,3347.35,45.0,False,V-0045,A,False,EDI,2025-12-12 01:41:46.786,V-0045,tax_id,PO252369,V-0045,13854.1,USD,0,0,0,0,0,0,0,0,0,,0,,0,Auto-approve,Rules + OCR,0.326601970104032,,,
AP-0000231,pdf_text,,TX-0014-36758,Summit Logistics Group,,,,,,,,,,False,V-0014,E,False,Supplier portal,2025-12-12 02:40:59.101,V-0014,tax_id,,,,,1,0,0,0,0,0,0,0,0,Missing field,1,Missing PO,1,Data check,Rules + OCR,0.6109004543558486,,,
AP-0003835,edi,,TX-0070-80671,Beacon Services LLC,INV-0070-003835,2025-12-10,2025-12-25,PO-250407,USD,35917.64,0.0,35917.64,15.0,False,V-0070,A,False,EDI,2025-12-12 06:10:04.702,V-0070,tax_id,PO250407,V-0070,104678.91,USD,0,0,0,0,0,0,0,0,0,,0,,0,Auto-approve,Rules + OCR,0.296487024249772,,,
AP-0003375,ocr,93.8759204625,TX-0081-73770,Silverline Supply Group,INV-008,2025-12-09,2026-01-08,PO-250433,USD,2771.4,0.0,2771.4,30.0,False,V-0081,C,True,Email,2025-12-12 06:19:59.095,V-0081,tax_id,PO250433,V-0081,16767.87,USD,0,0,0,0,0,0,0,0,0,,0,,0,Auto-approve,Rules + OCR,0.34373247422551756,,,
AP-0001768,ocr,92.65199775268816,TX-0083-82789,Summit Systems LLC,INV-0083-001768,2025-12-12,2025-12-27,PO-251196,USD,38422.47,3169.85,41592.32,15.0,False,V-0083,B,True,Email,2025-12-12 07:27:05.507,V-0083,tax_id,PO251196,V-0083,153087.72,USD,0,0,0,0,0,0,0,0,0,,0,,0,Auto-approve,Rules + OCR,0.3314455710141119,,,
AP-0001771,pdf_text,,TX-0017-46110,Cobalt Analytics Group,INV-0017-001771,2025-12-07,2026-01-21,PO-252200,GBP,5454.86,1090.97,6545.83,45.0,False,V-0017,C,False,Supplier portal,2025-12-12 07:28:51.788,V-0017,tax_id,PO252200,V-0017,20430.05,GBP,0,0,0,0,0,0,0,1,0,,0,High-Risk Vendor,1,Exception review,Rules + OCR,0.5031469101994921,,,
AP-0000482,pdf_text,,TX-0062-17232,Summit Systems LLC,INV-0062-000482,2025-12-11,2026-01-10,PO-252175,USD,23360.42,0.0,23360.42,30.0,False,V-0062,B,False,Supplier portal,2025-12-12 10:17:34.653,V-0062,tax_id,PO252175,V-0062,130741.51,USD,0,0,0,0,0,0,0,0,0,,0,,0,Auto-approve,Rules + OCR,0.3221362905349099,,,
AP-0002591,edi,,TX-0022-47741,Lighthouse Solutions LLC,INV-0022-002591,2025-12-12,2026-01-26,PO-251047,USD,22981.8,1896.0,24877.8,45.0,False,V-0022,E,False,EDI,2025-12-12 10:24:28.028,V-0022,tax_id,PO251047,V-0022,79514.97,USD,0,0,0,0,0,0,0,1,0,,0,High-Risk Vendor,1,Exception review,Rules + OCR,0.41276737529025653,,,
AP-0001143,ocr,95.18788816438357,TX-0055-46775,Silverline Analytics Group,INV-0055-001143,2025-12-11,2026-01-10,PO-252182,SGD,753.55,0.0,9126.32,30.0,False,V-0055,C,True,Email,2025-12-12 10:58:42.300,V-0055,tax_id,PO252182,V-0055,85040.32,SGD,0,0,0,0,0,0,0,0,0,Totals don't add up,1,,0,Data check,Rules + OCR,0.34812345415845203,,,
AP-0001742,pdf_text,,TX-0080-26211,Juniper Resources Inc.,INV-0080-001742,2025-12-10,2026-01-09,PO-251458,EUR,97762.27,20530.08,118292.35,30.0,False,V-0080,D,False,Supplier portal,2025-12-12 11:09:34.991,V-0080,tax_id,PO251458,V-0080,101934.86,EUR,0,0,0,0,1,0,0,0,0,,0,Invoice Over PO,1,Exception review,Rules + OCR,0.6898546039663777,,,
AP-0004923,ocr,95.7249134090909,TX-0038-45747,Beacon Analytics Ltd.,INV-0038-004923,2025-12-08,2026-01-07,PO-251862,USD,9295.14,0.0,9295.14,30.0,False,V-0038,C,True,Email,2025-12-12 13:54:47.636,V-0038,tax_id,PO251862,V-0038,77256.0,USD,0,0,0,0,0,0,0,0,0,,0,,0,Auto-approve,Rules + OCR,0.32487089225588545,,,
AP-0004778,pdf_text,,TX-0117-90487,Atlas Consulting LLC,INV-0117-004778,2025-12-12,2026-01-11,PO-250327,CAD,31546.18,1577.31,33123.49,30.0,False,V-0117,C,False,Supplier portal,2025-12-12 14:22:45.487,V-0117,tax_id,PO250327,V-0117,108235.99,CAD,0,0,0,0,0,0,0,0,0,,0,,0,Auto-approve,Rules + OCR,0.3172936614886469,,,
AP-0004848,pdf_text,,TX-0048-57091,Oakmont Systems Inc.,INV-0048-004848,2025-12-11,2025-12-26,PO-250619,USD,9582.54,790.56,10373.1,15.0,False,V-0048,C,False,Email,2025-12-12 14:48:22.395,V-0048,tax_id,PO250619,V-0048,64194.21,USD,0,0,0,0,0,0,0,0,0,,0,,0,Auto-approve,Rules + OCR,0.3136908953689966,,,
AP-0002501,pdf_text,,TX-0087-76038,Atlas Digital Ltd.,INV-0087-002501,2025-12-07,2026-02-05,PO-252144,EUR,68812.11,14450.54,83262.65,60.0,False,V-0087,D,False,Email,2025-12-12 14:54:37.380,V-0087,tax_id,PO252144,V-0087,247775.26,EUR,0,0,0,0,0,0,0,0,0,,0,,0,Auto-approve,Rules + OCR,0.43285648202892274,,,
AP-0000579,pdf_text,,TX-0129-39742,Blue Ridge Digital Ltd.,INV-0129-000579,2025-12-10,2026-01-09,PO-252169,EUR,5849.71,1228.44,7078.15,30.0,False,V-0129,C,False,Supplier portal,2025-12-12 16:22:24.375,V-0129,tax_id,PO252169,V-0129,22497.13,USD,0,0,0,1,0,1,0,0,0,,0,Currency Mismatch; Payment Terms Mismatch,2,Exception review,Rules + OCR,0.6785371998305,,,
AP-0002716,pdf_text,,TX-0105-55701,Ironwood Analytics Inc.,INV-0105-002716,2025-12-11,2026-01-25,PO-252302,USD,13395.8,0.0,13395.8,45.0,False,V-0105,C,False,Supplier portal,2025-12-12 18:22:44.253,V-0105,tax_id,PO252302,V-0105,36256.05,USD,0,0,0,0,0,0,0,0,0,,0,,0,Auto-approve,Rules + OCR,0.30624096062996803,,,
AP-0003432,pdf_text,,TX-0036-11692,Summit Systems LLC,INV-0036-003432,2025-12-08,2026-01-07,PO-250566,USD,4790.89,0.0,4790.89,30.0,False,V-0036,B,False,Email,2025-12-12 18:56:47.278,V-0036,tax_id,PO250566,V-0036,30365.37,USD,0,0,0,0,0,0,0,0,0,,0,,0,Auto-approve,Rules + OCR,0.28484235937535124,,,
AP-0003341,pdf_text,,TX-0009-87210,Harbor Digital LLC,INV-0009-003341,2025-12-09,2026-01-23,PO-252126,USD,102321.59,0.0,102321.59,45.0,False,V-0009,B,False,Supplier portal,2025-12-12 19:24:56.809,V-0009,tax_id,PO252126,V-0009,80788.83,USD,0,0,0,0,1,0,0,0,0,,0,Invoice Over PO,1,Exception review,Rules + OCR,0.7001034369214828,,,
AP-0000672,pdf_text,,TX-0029-56211,Crescent Technologies LLC,INV-0029-000672,2025-12-10,2025-12-25,PO-252327,USD,5504.52,454.12,5958.64,15.0,False,V-0029,C,False,Supplier portal,2025-12-12 20:45:24.302,V-0029,tax_id,PO252327,V-0029,18924.89,USD,0,0,0,0,0,0,0,0,0,,0,,0,Auto-approve,Rules + OCR,0.3172995877416284,,,
AP-0001304,pdf_text,,TX-0137-44191,Pioneer Consulting Ltd.,INV-0137-001304,2025-12-12,2026-01-26,PO-251114,USD,13174.31,0.0,13174.31,45.0,False,V-0137,A,False,Supplier portal,2025-12-12 21:00:09.295,V-0137,tax_id,PO251114,V-0137,35484.79,USD,0,0,0,0,0,1,1,0,0,,0,Payment Terms Mismatch; Inactive Vendor,2,Exception review,Rules + OCR,0.7049600217281653,,,
AP-0000753,pdf_text,,TX-0082-48109,Cobalt Partners Ltd.,INV-0082-000753,2025-12-08,2025-12-23,PO-251737,USD,960.55,79.24,1039.79,15.0,False,V-0082,C,False,Supplier portal,2025-12-12 21:19:31.592,V-0082,tax_id,PO251737,V-0082,20477.05,USD,0,0,0,0,0,0,0,0,0,,0,,0,Auto-approve,Rules + OCR,0.31662596961873696,,,
AP-0000658,pdf_text,,TX-0019-24934,Summit Resources Group,INV-0019-000658,2025-12-08,2026-02-06,PO-251194,CAD,9773.83,488.69,10262.52,60.0,False,V-0019,B,False,Email,2025-12-12 21:30:23.856,V-0019,tax_id,PO251194,V-0019,27979.93,CAD,0,0,0,0,0,0,0,0,0,,0,,0,Auto-approve,Rules + OCR,0.32990955296755586,,,
AP-0003598,edi,,TX-0083-82789,Pioneer Services Group,INV-0083-003598,2025-12-07,2025-12-22,PO-250921,USD,9125.02,752.81,9877.83,15.0,False,V-0083,B,False,EDI,2025-12-12 21:42:40.784,V-0083,tax_id,PO250921,V-0083,68157.21,USD,0,0,0,0,0,0,0,0,0,,0,,0,Auto-approve,Rules + OCR,0.3005927517523807,,,
AP-0003815,pdf_text,,TX-0058-42609,Brightpath Logistics Inc.,,,,,,,2957.18,,,False,V-0058,E,False,Supplier portal,2025-12-12 22:18:11.304,V-0058,tax_id,,,,,1,0,0,0,0,0,0,0,0,Missing field,1,Missing PO,1,Data check,Rules + OCR,0.6644248912074033,,,
AP-0003458,pdf_text,,TX-0010-16923,Blue Ridge Supply LLC,INV-0010-003458,2025-12-08,2026-01-07,PO-250059,CAD,21821.16,1091.06,22912.22,30.0,False,V-0010,B,False,Supplier portal,2025-12-12 22:58:33.759,V-0010,tax_id,PO250059,V-0010,270612.17,CAD,0,0,0,0,0,0,0,0,0,,0,,0,Auto-approve,Rules + OCR,0.3495724050797977,,,
AP-0004857,ocr,89.05635613541666,Tx-0041-11074,Juniper Advisors Ltd.,,,,,,,,,,False,V-0041,E,True,Email,2025-12-12 23:49:45.934,V-0041,tax_id,,,,,1,0,0,0,0,0,0,0,0,Missing field,1,Missing PO,1,Data check,Rules + OCR,0.6472470821549083,,,
AP-0001655,ocr,91.14214859302324,TX-0076-41538,Summit Systems LLC,INV-0076-001655,2025-12-10,2026-02-08,_,EUR,7370.62,1547.83,8918.45,60.0,False,V-0076,D,True,Email,2025-12-13 01:32:14.541,V-0076,tax_id,,,,,0,1,0,0,0,0,0,0,0,,0,Invalid PO,1,Exception review,Rules + OCR,0.6292562862810864,,,
AP-0000170,edi,,TX-0052-68137,Evergreen Consulting LLC,INV-0052-000170,2025-12-11,2026-01-10,PO-252372,USD,28635.34,0.0,28635.34,30.0,False,V-0052,A,False,EDI,2025-12-13 01:41:23.622,V-0052,tax_id,PO252372,V-0052,80328.95,USD,0,0,0,0,0,0,0,0,0,,0,,0,Auto-approve,Rules + OCR,0.3404254672524958,,,
AP-0002212,edi,,TX-0100-21510,Summit Logistics Inc.,INV-0100-002212,2025-12-09,2026-01-08,PO-250672,USD,32844.83,0.0,32844.83,30.0,False,V-0100,E,False,EDI,2025-12-13 01:45:37.587,V-0100,tax_id,PO250672,V-0100,100386.21,USD,0,0,0,0,0,0,0,0,0,,0,,0,Auto-approve,Rules + OCR,0.33132038725287355,,,
AP-0000413,ocr,94.92175285882354,TX-0010-16923,Blue Ridge Supply LLC,INV-0010-000413,2025-12-11,2026-02-09,PO-250985,CAD,53812.85,2690.64,56503.49,60.0,False,V-0010,B,True,Email,2025-12-13 03:26:51.062,V-0010,tax_id,PO250985,V-0010,227188.44,CAD,0,0,0,0,0,1,0,0,0,,0,Payment Terms Mismatch,1,Exception review,Rules + OCR,0.6426746713126087,,,
AP-0001938,ocr,95.0170582142857,TX-0135-50499,Summit Systems LLC,INV-0135-001938,2025-12-10,2026-01-24,PO-250106,USD,19906.04,1642.25,21548.29,45.0,False,V-0135,B,True,Email,2025-12-13 03:36:39.755,V-0135,tax_id,PO250106,V-0135,100109.88,USD,0,0,0,0,0,1,0,0,0,,0,Payment Terms Mismatch,1,Exception review,Rules + OCR,0.6392752795431806,,,
AP-0004996,pdf_text,,TX-0115-48708,Ironwood Services Group,INV-0115-004996,2025-12-08,2025-12-23,PO-251686,EUR,21431.84,4500.69,25932.53,15.0,False,V-0115,D,False,Supplier portal,2025-12-13 03:57:00.443,V-0115,tax_id,PO251686,V-0115,164573.75,EUR,0,0,0,0,0,0,0,0,0,,0,,0,Auto-approve,Rules + OCR,0.33662006762621277,,,
AP-0002209,edi,,TX-0104-57614,Oakmont Operations Group,INV-0104-002209,2025-12-09,2025-12-24,PO-250984,USD,399.04,0.0,399.04,15.0,False,V-0104,C,False,EDI,2025-12-13 04:29:03.954,V-0104,tax_id,PO250984,V-0104,7790.76,USD,0,0,0,0,0,0,0,0,0,,0,,0,Auto-approve,Rules + OCR,0.33664532216543724,,,
AP-0002322,pdf_text,,TX-0113-54591,Stonebridge Logistics Inc.,INV-0113-002322,2025-12-10,2026-01-24,PO-250356,EUR,2068.91,434.47,2503.38,45.0,False,V-0113,D,False,Supplier portal,2025-12-13 06:06:23.232,V-0113,tax_id,PO250356,V-0113,9193.2,EUR,0,0,0,0,0,0,0,0,0,,0,,0,Auto-approve,Rules + OCR,0.3606346878249398,,,
AP-0004803,pdf_text,,TX-0053-42836,Oakmont Supply Group,INV-0053-004803,2025-12-13,2026-01-12,PO-250248,SGD,27711.93,2494.07,30206.0,30.0,False,V-0053,C,False,Supplier portal,2025-12-13 06:31:58.509,V-0053,tax_id,PO250248,V-0053,121543.14,SGD,0,0,0,0,0,0,0,0,0,,0,,0,Auto-approve,Rules + OCR,0.31829600688015186,,,
AP-0000990,pdf_text,,TX-0058-42609,Brightpath Logistics Inc.,,,,,,,10803.34,,,False,V-0058,E,False,Email,2025-12-13 07:41:27.088,V-0058,tax_id,,,,,1,0,0,0,0,0,0,0,0,Missing field,1,Missing PO,1,Data check,Rules + OCR,0.6790193270731191,,,
AP-0002495,edi,,TX-0004-83750,Harbor Networks Ltd.,INV-0004-002495,2025-12-09,2026-01-08,PO-251746,USD,8253.08,680.88,8933.96,30.0,False,V-0004,E,False,EDI,2025-12-13 10:15:42.425,V-0004,tax_id,PO251746,V-0004,46934.62,USD,0,0,0,0,0,0,0,0,0,,0,,0,Auto-approve,Rules + OCR,0.32337915902942554,,,
AP-0004298,pdf_text,,TX-0081-73770,Silverline Supply Group,INV-0081-004298,2025-12-13,2026-01-12,PO-251876,USD,2797.48,0.0,2797.48,30.0,False,V-0081,C,False,Supplier portal,2025-12-13 10:46:59.095,V-0081,tax_id,PO251876,V-0081,13131.13,USD,0,0,0,0,0,0,0,0,0,,0,,0,Auto-approve,Rules + OCR,0.3244292036150948,,,
AP-0003108,pdf_text,,TX-0052-68137,Evergreen Consulting LLC,INV-0052-003108,2025-12-13,2026-01-12,PO-250759,USD,887.43,0.0,887.43,30.0,False,V-0052,A,False,Supplier portal,2025-12-13 11:05:18.900,V-0052,tax_id,PO250759,V-0052,3963.85,USD,0,0,0,0,0,0,0,0,0,,0,,0,Auto-approve,Rules + OCR,0.3338061856941936,,,
AP-0003187,pdf_text,,TX-0043-75924,Crescent Analytics Group,,,,,,,,,,False,V-0043,E,False,Supplier portal,2025-12-13 12:06:34.155,V-0043,tax_id,,,,,1,0,0,0,0,0,0,0,0,Missing field,1,Missing PO,1,Data check,Rules + OCR,0.6584840889708763,,,
AP-0000830,pdf_text,,TX-0061-83099,Copperfield Services Inc.,INV-0061-000830,2025-12-08,2026-01-07,PO-251480,USD,13940.26,0.0,13940.26,30.0,False,V-0061,C,False,Supplier portal,2025-12-13 12:14:26.662,V-0061,tax_id,PO251480,V-0061,118328.65,USD,0,0,0,0,0,0,0,0,1,,0,Duplicate Invoice,1,Exception review,Rules + OCR,0.5900946628819153,,,
AP-0004319,edi,,TX-0077-86128,Cobalt Operations LLC,INV-0077-004319,2025-12-12,2026-01-11,PO-250108,USD,42704.3,0.0,42704.3,30.0,False,V-0077,B,False,EDI,2025-12-13 12:48:53.994,V-0077,tax_id,PO250108,V-0077,255775.11,USD,0,0,0,0,0,0,0,0,0,,0,,0,Auto-approve,Rules + OCR,0.28041802121304227,,,
AP-0002066,pdf_text,,TX-0054-19609,Crescent Logistics LLC,INV-0054-002066,2025-12-12,2026-01-11,PO-252181,USD,1773.23,146.29,1919.52,30.0,False,V-0054,A,False,Supplier portal,2025-12-13 13:19:01.145,V-0054,tax_id,PO252181,V-0054,13682.76,USD,0,0,0,0,0,0,0,0,0,,0,,0,Auto-approve,Rules + OCR,0.3072389705988646,,,
AP-0004839,ocr,95.44141482222224,TX-0027-23409,Harbor Resources LLC,INV-0027-004839,2025-12-13,2026-01-12,PO-251884,USD,2964.21,0.0,2964.21,30.0,False,V-0027,B,True,Email,2025-12-13 13:19:33.723,V-0027,tax_id,PO251884,V-0027,22242.15,USD,0,0,0,0,0,0,1,0,0,,0,Inactive Vendor,1,Exception review,Rules + OCR,0.6075024998273351,,,
AP-0002401,pdf_text,,TX-0005-88178,Atlas Resources Inc.,INV-0005-002401,2025-12-09,2026-01-08,PO-250053,USD,165819.11,0.0,165819.11,30.0,False,V-0005,A,False,Supplier portal,2025-12-13 13:20:40.848,V-0005,tax_id,PO250053,V-0005,112102.34,USD,0,0,0,0,1,0,0,0,0,,0,Invoice Over PO,1,Exception review,Rules + OCR,0.6762217899186366,,,
AP-0001425,edi,,TX-0115-48708,Ironwood Services Group,INV-0115-001425,2025-12-11,2025-12-26,PO-250093,EUR,25189.45,5289.79,30479.24,15.0,False,V-0115,D,False,EDI,2025-12-13 16:41:22.051,V-0115,tax_id,PO250093,V-0115,88867.24,EUR,0,0,0,0,0,0,0,0,0,,0,,0,Auto-approve,Rules + OCR,0.3299062593683069,,,
AP-0003337,edi,,TX-0064-39165,Summit Consulting Inc.,INV-0064-003337,2025-12-08,2026-01-07,PO-250926,CAD,15724.02,786.2,16510.22,30.0,False,V-0064,B,False,EDI,2025-12-13 17:40:03.633,V-0064,tax_id,PO250926,V-0064,65101.9,CAD,0,0,0,0,0,0,0,0,0,,0,,0,Auto-approve,Rules + OCR,0.327085522852123,,,
AP-0003634,edi,,TX-0115-48708,Ironwood Services Group,INV-0115-003634,2025-12-10,2026-01-09,PO-X003634,EUR,13832.44,2904.81,16737.25,30.0,False,V-0115,D,False,EDI,2025-12-13 17:44:51.288,V-0115,tax_id,POX003634,,,,0,1,0,0,0,1,0,0,0,,0,Invalid PO; Payment Terms Mismatch,2,Exception review,Rules + OCR,0.7263471828480809,,,
AP-0002151,pdf_text,,TX-0027-23409,Harbor Resources LLC,INV-0027-002151,2025-12-11,2026-01-10,PO-251884,USD,6482.64,0.0,6482.64,30.0,False,V-0027,B,False,Email,2025-12-13 18:49:46.256,V-0027,tax_id,PO251884,V-0027,22242.15,USD,0,0,0,0,0,0,1,0,0,,0,Inactive Vendor,1,Exception review,Rules + OCR,0.6081047258235397,,,
AP-0001484,pdf_text,,TX-0081-73770,Silverline Supply Group,INV-0081-001484,2025-12-11,2026-01-10,PO-250880,USD,3135.6,0.0,3135.6,30.0,False,V-0081,C,False,Supplier portal,2025-12-13 21:03:53.270,V-0081,tax_id,PO250880,V-0081,11735.76,USD,0,0,0,0,0,0,0,0,0,,0,,0,Auto-approve,Rules + OCR,0.31488190353767415,,,
AP-0001842,pdf_text,,TX-0127-49996,Ironwood Solutions Inc.,INV-0127-001842,2025-12-08,2026-01-22,PO-250211,USD,28711.66,2368.71,31080.37,45.0,False,V-0127,A,False,Supplier portal,2025-12-13 23:03:17.106,V-0127,tax_id,PO250211,V-0127,120919.47,USD,0,0,0,0,0,0,0,0,0,,0,,0,Auto-approve,Rules + OCR,0.3510041662443887,,,
AP-0003353,pdf_text,,TX-0140-96185,Blue Ridge Operations Inc.,INV-0140-003353,2025-12-08,2026-01-07,PO-251522,USD,8945.5,0.0,8945.5,30.0,False,V-0140,C,False,Email,2025-12-13 23:40:08.705,V-0140,tax_id,PO251522,V-0140,44643.55,USD,0,0,0,0,0,0,0,0,0,,0,,0,Auto-approve,Rules + OCR,0.3094272347433606,,,
AP-0001880,edi,,TX-0041-11074,Juniper Advisors Ltd.,INV-0041-001880,2025-12-12,2026-01-26,PO-252012,USD,1288.31,106.29,1394.6,45.0,False,V-0041,E,False,EDI,2025-12-14 02:00:00.033,V-0041,tax_id,PO252012,V-0041,21182.47,USD,0,0,0,0,0,0,0,0,0,,0,,0,Auto-approve,Rules + OCR,0.33882754745972615,,,
AP-0001683,pdf_text,,TX-0118-10046,Stonebridge Logistics Ltd.,INV-0118-001683,2025-12-10,2026-01-09,PO-250721,USD,3918.44,323.27,4241.71,30.0,False,V-0118,C,False,Supplier portal,2025-12-14 02:40:14.991,V-0118,tax_id,PO250721,V-0118,17404.81,USD,0,0,0,0,0,0,0,0,0,,0,,0,Auto-approve,Rules + OCR,0.27906764542547485,,,
AP-0004678,pdf_text,,TX-0059-74622,Pioneer Solutions Group,INV-0059-004678,2025-12-12,2026-01-26,PO-251823,USD,58928.3,4861.59,63789.89,45.0,False,V-0059,A,False,Supplier portal,2025-12-14 03:02:36.757,V-0059,tax_id,PO251823,V-0059,54564.55,USD,0,0,0,0,1,0,1,0,0,,0,Invoice Over PO; Inactive Vendor,2,Exception review,Rules + OCR,0.7093078508329103,,,
AP-0001383,pdf_text,,TX-0088-45873,Atlas Systems Group,INV-0088-001383,2025-12-14,2026-01-13,PO-252045,USD,1895.08,0.0,1895.08,30.0,False,V-0088,A,False,Supplier portal,2025-12-14 03:51:19.273,V-0088,tax_id,PO252045,V-0088,20338.8,USD,0,0,0,0,0,0,0,0,0,,0,,0,Auto-approve,Rules + OCR,0.3092645058805591,,,
AP-0000131,edi,,TX-0011-62098,Oakmont Solutions LLC,INV-0011-000131,2025-12-10,2026-01-09,PO-250084,USD,4925.74,0.0,4925.74,30.0,False,V-0011,B,False,EDI,2025-12-14 04:23:40.290,V-0011,tax_id,PO250084,V-0011,24636.98,USD,0,0,0,0,0,0,0,0,0,,0,,0,Auto-approve,Rules + OCR,0.3032234449424234,,,
AP-0003246,pdf_text,,TX-0050-69493,Ironwood Services Ltd.,INV-0050-003246,2025-12-14,2026-01-28,PO-250070,USD,12941.3,0.0,12941.3,45.0,False,V-0050,A,False,Supplier portal,2025-12-14 05:09:03.823,V-0050,tax_id,PO250070,V-0050,70447.52,USD,0,0,0,0,0,1,0,0,0,,0,Payment Terms Mismatch,1,Exception review,Rules + OCR,0.6361907421387492,,,
AP-0004810,pdf_text,,TX-0078-49721,Crescent Networks Ltd.,INV-0078-004810,2025-12-10,2026-01-09,PO-252348,USD,9527.59,0.0,9527.59,30.0,False,V-0078,C,False,Supplier portal,2025-12-14 05:58:07.745,V-0078,tax_id,PO252348,V-0078,51234.68,USD,0,0,0,0,0,0,0,0,0,,0,,0,Auto-approve,Rules + OCR,0.30880388235386325,,,
AP-0004427,pdf_text,,TX-0003-12255,Cobalt Technologies Group,INV-0003-004427,2025-12-13,2026-01-12,PO-251087,EUR,39497.33,8294.44,47791.77,30.0,False,V-0003,D,False,Supplier portal,2025-12-14 05:58:12.489,V-0003,tax_id,PO251087,V-0003,578588.94,EUR,0,0,0,0,0,0,0,0,0,,0,,0,Auto-approve,Rules + OCR,0.3476287324357903,,,
AP-0002442,pdf_text,,TX-0127-49996,Ironwood Solutions Inc.,INV-0127-002442,2025-12-12,2026-01-26,PO-251566,USD,1958.51,161.58,2120.09,45.0,False,V-0127,A,False,Supplier portal,2025-12-14 07:46:52.563,V-0127,tax_id,PO251566,V-0127,23881.39,USD,0,0,0,0,0,0,0,0,0,,0,,0,Auto-approve,Rules + OCR,0.3403789821666066,,,
AP-0000067,ocr,95.75916736486484,TX-0002-28786,Cobalt Services LLC,INV-0002-000067,2025-12-13,2025-12-28,PO-252098,INR,,,4356.78,15.0,False,V-0002,C,True,Email,2025-12-14 08:00:45.127,V-0002,tax_id,PO252098,V-0002,21585.09,INR,0,0,0,0,0,0,1,0,0,,0,Inactive Vendor,1,Exception review,Rules + OCR,0.7016259049232382,,,
AP-0000139,pdf_text,,TX-0113-54591,Stonebridge Logistics Inc.,INV-0113-000139,2025-12-11,2025-12-26,PO-250700,EUR,6701.06,1407.22,8108.28,15.0,False,V-0113,D,False,Email,2025-12-14 08:47:20.845,V-0113,tax_id,PO250700,V-0113,25429.51,EUR,0,0,0,0,0,1,0,0,0,,0,Payment Terms Mismatch,1,Exception review,Rules + OCR,0.633827483723791,,,
AP-0000936,ocr,94.537503925,TX-0081-73770,Silverline Supply Group,INV-008,2025-12-13,2026-01-12,PO-251876,USD,,,4697.77,30.0,False,V-0081,C,True,Email,2025-12-14 08:48:20.999,V-0081,tax_id,PO251876,V-0081,13131.13,USD,0,0,0,0,0,0,0,0,1,,0,Duplicate Invoice,1,Exception review,Rules + OCR,0.5648775532082396,,,
AP-0003433,pdf_text,,TX-0050-69493,Ironwood Services Ltd.,INV-0050-003433,2025-12-09,2026-01-08,PO-251499,USD,4908.73,0.0,4908.73,30.0,False,V-0050,A,False,Supplier portal,2025-12-14 08:55:49.471,V-0050,tax_id,PO251499,V-0050,44048.62,USD,0,0,0,0,0,0,0,0,0,,0,,0,Auto-approve,Rules + OCR,0.30672756630315967,,,
AP-0002567,pdf_text,,TX-0049-19644,Harbor Resources LLC,INV-0049-002567,2025-12-14,2026-01-13,PO-250431,EUR,2073.63,435.46,2509.09,30.0,False,V-0049,D,False,Supplier portal,2025-12-14 11:52:04.392,V-0049,tax_id,PO250431,V-0049,13950.89,EUR,0,0,0,0,0,0,0,0,0,,0,,0,Auto-approve,Rules + OCR,0.33043769137875156,,,
AP-0000783,pdf_text,,TX-0085-56800,Harbor Resources LLC,INV-0085-000783,2025-12-12,2026-01-11,PO-250478,USD,2855.39,0.0,2855.39,30.0,False,V-0085,B,False,Supplier portal,2025-12-14 13:32:45.758,V-0085,tax_id,PO250478,V-0085,10623.3,USD,0,0,0,0,0,0,0,0,0,,0,,0,Auto-approve,Rules + OCR,0.3280352050607087,,,
AP-0003752,ocr,95.36463425531916,TX-0086-70653,Summit Systems LLC,INV-0086-003752,2025-12-12,2026-01-26,PO-252025,USD,1696.99,140.0,1836.99,45.0,False,V-0086,B,True,Email,2025-12-14 15:59:25.307,V-0086,tax_id,PO252025,V-0086,5714.78,USD,0,0,0,0,0,0,0,0,0,,0,,0,Auto-approve,Rules + OCR,0.3404890695600545,,,
AP-0003937,ocr,94.57517229032256,TX-0064-39165,Oakmont Supply Ltd.,INV-0064-003937,2025-12-10,2026-01-09,PO-252071,USD,1178.44,97.22,1275.66,30.0,False,V-0064,B,True,Email,2025-12-14 17:07:54.610,V-0064,tax_id,PO252071,V-0064,17560.43,CAD,0,0,0,1,0,0,0,0,0,,0,Currency Mismatch,1,Exception review,Rules + OCR,0.5767218949254613,,,
AP-0002513,pdf_text,,TX-0109-51449,Blue Ridge Analytics LLC,INV-0109-002513,2025-12-09,2026-01-08,PO-251004,USD,5123.87,0.0,5123.87,30.0,False,V-0109,A,False,Supplier portal,2025-12-14 19:38:20.418,V-0109,tax_id,PO251004,V-0109,20008.18,USD,0,0,0,0,0,0,0,0,0,,0,,0,Auto-approve,Rules + OCR,0.33825594115639107,,,
AP-0000270,pdf_text,,TX-0090-82710,Summit Systems LLC,INV-0090-000270,2025-12-10,2026-01-24,PO-252340,USD,982.22,0.0,982.22,45.0,False,V-0090,B,False,Supplier portal,2025-12-14 20:55:12.888,V-0090,tax_id,PO252340,V-0090,8443.49,USD,0,0,0,0,0,0,0,0,0,,0,,0,Auto-approve,Rules + OCR,0.3507920598968973,,,
AP-0001788,ocr,94.62894156989246,TX-0052-68137,Evergreen Consulting LLC,INV-0052-001788,2025-12-13,2026-01-12,,USD,1085.8,0.0,1085.8,30.0,False,V-0052,A,True,Email,2025-12-14 22:28:27.811,V-0052,tax_id,,,,,1,0,0,0,0,0,0,0,0,,0,Missing PO,1,Exception review,Rules + OCR,0.6431120905939013,,,
AP-0001948,pdf_text,,TX-0047-37316,Stonebridge Advisors Group,INV-0047-001948,2025-12-10,2026-01-09,PO-250201,EUR,6326.47,1328.56,7655.03,30.0,False,V-0047,D,False,Supplier portal,2025-12-14 22:31:10.416,V-0047,tax_id,PO250201,V-0047,48510.65,EUR,0,0,0,0,0,0,0,0,0,,0,,0,Auto-approve,Rules + OCR,0.3238837450206409,,,
AP-0001597,pdf_text,,TX-0063-67062,Copperfield Systems Inc.,,,,,,,391.25,,,False,V-0063,E,False,Email,2025-12-14 22:40:03.713,V-0063,tax_id,,,,,1,0,0,0,0,0,0,0,0,Missing field,1,Missing PO,1,Data check,Rules + OCR,0.6156077490668649,,,
AP-0000102,pdf_text,,TX-0029-56211,Crescent Technologies LLC,INV-0029-000102,2025-12-12,2025-12-27,PO-252327,USD,1500.07,123.76,1623.83,15.0,False,V-0029,C,False,Supplier portal,2025-12-14 23:12:11.053,V-0029,tax_id,PO252327,V-0029,18924.89,USD,0,0,0,0,0,0,0,0,0,,0,,0,Auto-approve,Rules + OCR,0.3158149003899629,,,
AP-0003169,pdf_text,,TX-0014-36758,Summit Logistics Group,,,,,,,,,,False,V-0014,E,False,Supplier portal,2025-12-15 00:50:37.622,V-0014,tax_id,,,,,1,0,0,0,0,0,0,0,0,Missing field,1,Missing PO,1,Data check,Rules + OCR,0.5972079647954721,,,
AP-0000612,pdf_text,,TX-0118-10046,Stonebridge Logistics Ltd.,INV-0118-000612,2025-12-13,2026-01-12,PO-252179,USD,12960.18,1069.22,14029.4,30.0,False,V-0118,C,False,Supplier portal,2025-12-15 02:59:00.427,V-0118,tax_id,PO252179,V-0118,265403.09,USD,0,0,0,0,0,0,0,0,0,,0,,0,Auto-approve,Rules + OCR,0.3139354581560559,,,
AP-0002038,pdf_text,,TX-0097-36111,Clearview Analytics Ltd.,INV-0097-002038,2025-12-13,2026-01-27,PO-252078,GBP,2983.77,596.75,3580.52,45.0,False,V-0097,A,False,Supplier portal,2025-12-15 03:13:36.673,V-0097,tax_id,PO252078,V-0097,41408.57,GBP,0,0,0,0,0,0,0,0,0,,0,,0,Auto-approve,Rules + OCR,0.39801415398292145,,,
AP-0004794,pdf_text,,TX-0094-30896,Copperfield Systems Group,INV-0094-004794,2025-12-11,2025-12-26,PO-251227,INR,30710.22,5527.84,36238.06,15.0,False,V-0094,A,False,Supplier portal,2025-12-15 04:28:57.693,V-0094,tax_id,PO251227,V-0094,181964.91,INR,0,0,0,0,0,1,0,0,0,,0,Payment Terms Mismatch,1,Exception review,Rules + OCR,0.6219593131876017,,,
AP-0001026,pdf_text,,TX-0010-16923,Blue Ridge Supply LLC,INV-0010-001026,2025-12-11,2026-01-10,PO-250999,CAD,190974.3,9548.71,200523.01,30.0,False,V-0010,B,False,Supplier portal,2025-12-15 04:36:00.345,V-0010,tax_id,PO250999,V-0010,604164.43,CAD,0,0,0,0,0,0,0,0,0,,0,,0,Auto-approve,Rules + OCR,0.4183936599473037,,,
AP-0004611,pdf_text,,TX-0083-82789,Summit Systems LLC,INV-0083-004611,2025-12-14,2025-12-29,PO-251158,USD,55924.65,4613.78,60538.43,15.0,False,V-0083,B,False,Supplier portal,2025-12-15 06:43:23.250,V-0083,tax_id,PO251158,V-0083,178543.95,USD,0,0,0,0,0,0,0,0,0,,0,,0,Auto-approve,Rules + OCR,0.36205759020875716,,,
AP-0003070,pdf_text,,TX-0114-88629,Beacon Logistics Group,INV-0114-003070,2025-12-14,2026-01-13,PO-251650,USD,21481.45,1772.22,23253.67,30.0,False,V-0114,A,False,Supplier portal,2025-12-15 07:11:19.283,V-0114,tax_id,PO251650,V-0114,82848.7,USD,0,0,0,0,0,0,0,0,0,,0,,0,Auto-approve,Rules + OCR,0.3040493024538615,,,
AP-0001541,ocr,95.03063034177217,TX-0014-36758,Summit Logistics Group,,,,,,,,,,False,V-0014,E,True,Email,2025-12-15 09:01:58.629,V-0014,tax_id,,,,,1,0,0,0,0,0,0,0,0,Missing field,1,Missing PO,1,Data check,Rules + OCR,0.5925976123880454,,,
AP-0002569,pdf_text,,TX-0054-19609,Crescent Logistics LLC,INV-0054-002569,2025-12-11,2026-01-10,PO-250974,USD,2582.94,213.09,2796.03,30.0,False,V-0054,A,False,Supplier portal,2025-12-15 10:06:35.018,V-0054,tax_id,PO250974,V-0054,37636.46,USD,0,0,0,0,0,0,0,0,0,,0,,0,Auto-approve,Rules + OCR,0.3128314707946444,,,
AP-0004471,pdf_text,,TX-0053-42836,Oakmont Supply Group,INV-0053-004471,2025-12-10,2026-01-09,PO-250951,SGD,20222.12,1819.99,22042.11,30.0,False,V-0053,C,False,Supplier portal,2025-12-15 11:36:08.541,V-0053,tax_id,PO250951,V-0053,73648.91,SGD,0,0,0,0,0,0,0,0,0,,0,,0,Auto-approve,Rules + OCR,0.3408875484433713,,,
AP-0002820,pdf_text,,TX-0067-45894,Summit Systems LLC,INV-0067-002820,2025-12-13,2026-01-12,PO-250806,USD,16567.28,0.0,16567.28,30.0,False,V-0067,B,False,Email,2025-12-15 11:45:07.974,V-0067,tax_id,PO250806,V-0067,56530.36,USD,0,0,0,0,0,0,0,0,0,,0,,0,Auto-approve,Rules + OCR,0.3064854435734024,,,
AP-0000018,ocr,95.80851855555557,TX-0054-19609,Crescent Logistics LLC,INV-0054-000018,2025-12-11,2026-01-10,,USD,7052.73,581.85,7634.58,30.0,False,V-0054,A,True,Email,2025-12-15 12:39:19.750,V-0054,tax_id,,,,,1,0,0,0,0,0,0,0,0,,0,Missing PO,1,Exception review,Rules + OCR,0.6577384576699817,,,
AP-0000746,pdf_text,,TX-0102-39905,Blue Ridge Analytics Inc.,INV-0102-000746,2025-12-11,2025-12-26,,EUR,4478.8,940.55,5419.35,15.0,False,V-0102,D,False,Supplier portal,2025-12-15 15:26:16.183,V-0102,tax_id,,,,,1,0,0,0,0,0,0,0,0,,0,Missing PO,1,Exception review,Rules + OCR,0.6789678945408975,,,
AP-0000328,ocr,95.36589285365854,TX-0034-94278,Summit Systems LLC,INV-0034-000328,2025-12-14,2026-01-13,PO-250491,USD,11930.52,0.0,11930.52,30.0,False,V-0034,B,True,Email,2025-12-15 15:44:53.853,V-0034,tax_id,PO250491,V-0034,45979.21,USD,0,0,0,0,0,0,0,0,0,,0,,0,Auto-approve,Rules + OCR,0.29924986085204336,,,
AP-0003614,pdf_text,,TX-0124-51957,Brightpath Systems Ltd.,INV-0124-003614,2025-12-15,2025-12-30,PO-250945,CAD,5853.7,292.69,6146.39,15.0,False,V-0124,A,False,Email,2025-12-15 16:45:43.875,V-0124,tax_id,PO250945,V-0124,28765.9,CAD,0,0,0,0,0,0,0,0,0,,0,,0,Auto-approve,Rules + OCR,0.3110946224581016,,,
AP-0001035,pdf_text,,TX-0104-57614,Oakmont Operations Group,INV-0104-001035,2025-12-13,2025-12-28,PO-250984,USD,750.75,0.0,750.75,15.0,False,V-0104,C,False,Supplier portal,2025-12-15 16:46:32.318,V-0104,tax_id,PO250984,V-0104,7790.76,USD,0,0,0,0,0,0,0,0,0,,0,,0,Auto-approve,Rules + OCR,0.33054775982704976,,,
AP-0003450,edi,,TX-0017-46110,Cobalt Analytics Group,INV-0017-003450,2025-12-15,2026-01-29,,GBP,8324.23,1664.85,9989.08,45.0,False,V-0017,C,False,EDI,2025-12-15 17:37:32.005,V-0017,tax_id,,,,,1,0,0,0,0,0,0,1,0,,0,Missing PO; High-Risk Vendor,2,Exception review,Rules + OCR,0.7256175196979617,,,
AP-0000630,pdf_text,,TX-0065-32403,Stonebridge Networks Inc.,INV-0065-000630,2025-12-14,2026-01-13,PO-251071,USD,10916.96,0.0,10916.96,30.0,False,V-0065,C,False,Supplier portal,2025-12-15 19:20:40.178,V-0065,tax_id,PO251071,V-0065,199717.99,USD,0,0,0,0,0,0,0,0,0,,0,,0,Auto-approve,Rules + OCR,0.3107883753112874,,,
AP-0000947,pdf_text,,TX-0100-21510,Summit Logistics Inc.,,,,,,,,,,False,V-0100,E,False,Email,2025-12-15 21:26:10.051,V-0100,tax_id,,,,,1,0,0,0,0,0,0,0,0,Missing field,1,Missing PO,1,Data check,Rules + OCR,0.6384703207520088,,,
AP-0000706,edi,,TX-0121-33255,Cobalt Systems Inc.,INV-0121-000706,2025-12-11,2026-02-09,PO-251869,USD,4186.62,0.0,4186.62,60.0,False,V-0121,E,False,EDI,2025-12-15 21:31:02.300,V-0121,tax_id,PO251869,V-0121,33644.76,USD,0,0,0,0,0,0,1,1,1,,0,Inactive Vendor; Duplicate Invoice; High-Risk Vendor,3,Exception review,Rules + OCR,0.7028667672466962,,,
AP-0004105,ocr,95.5052787875,TX-0133-30576,Cobalt Partners Group,INV-0133-004105,2025-12-15,2026-01-29,PO-251685,USD,1295.86,0.0,1295.86,45.0,False,V-0133,C,True,Email,2025-12-16 01:31:27.828,V-0133,tax_id,PO251685,V-0133,7298.47,USD,0,0,0,0,0,0,0,0,0,,0,,0,Auto-approve,Rules + OCR,0.366707816008717,,,
AP-0001773,pdf_text,,TX-0138-43552,Atlas Partners Group,INV-0138-001773,2025-12-13,2026-01-12,PO-250890,EUR,5836.51,1225.67,7062.18,30.0,False,V-0138,D,False,Supplier portal,2025-12-16 01:33:59.214,V-0138,tax_id,PO250890,V-0138,62344.11,EUR,0,0,0,0,0,0,0,1,0,,0,High-Risk Vendor,1,Exception review,Rules + OCR,0.41053264467277084,,,
AP-0000455,pdf_text,,TX-0061-83099,Copperfield Services Inc.,INV-0061-000455,2025-12-11,2026-01-10,PO-250195,USD,16783.17,0.0,16783.17,30.0,False,V-0061,C,False,Supplier portal,2025-12-16 02:27:00.859,V-0061,tax_id,PO250195,V-0061,51169.12,USD,0,0,0,0,0,0,0,0,0,,0,,0,Auto-approve,Rules + OCR,0.3339723214409297,,,
AP-0002457,pdf_text,,TX-0113-54591,Stonebridge Logistics Inc.,INV-0113-002457,2025-12-16,2026-01-30,PO-250787,EUR,7538.36,1583.05,9121.41,45.0,False,V-0113,D,False,Supplier portal,2025-12-16 03:02:31.463,V-0113,tax_id,PO250787,V-0113,27735.59,EUR,0,0,0,0,0,0,0,0,0,,0,,0,Auto-approve,Rules + OCR,0.3539060868202608,,,
AP-0004834,pdf_text,,TX-0052-68137,Evergreen Consulting LLC,INV-0052-004834,2025-12-12,2026-02-10,PO-250434,USD,10063.05,0.0,10063.05,60.0,False,V-0052,A,False,Email,2025-12-16 06:29:57.207,V-0052,tax_id,PO250434,V-0052,30257.62,USD,0,0,0,0,0,1,0,0,0,,0,Payment Terms Mismatch,1,Exception review,Rules + OCR,0.644035313878363,,,
AP-0001647,pdf_text,,TX-0063-67062,Copperfield Systems Inc.,,,,,,,243.64,,,False,V-0063,E,False,Supplier portal,2025-12-16 07:32:45.761,V-0063,tax_id,,,,,1,0,0,0,0,0,0,0,0,Missing field,1,Missing PO,1,Data check,Rules + OCR,0.6210010003139852,,,
AP-0000168,pdf_text,,TX-0067-45894,Summit Systems LLC,INV-0067-000168,2025-12-16,2026-01-15,PO-251285,USD,30389.27,0.0,30389.27,30.0,False,V-0067,B,False,Supplier portal,2025-12-16 07:45:13.387,V-0067,tax_id,PO251285,V-0067,339513.2,USD,0,0,0,0,0,0,0,0,0,,0,,0,Auto-approve,Rules + OCR,0.27414495291142604,,,
AP-0003773,pdf_text,,TX-0138-43552,Atlas Partners Group,INV-0138-003773,2025-12-16,2026-01-15,PO-251126,EUR,7938.07,1666.99,9605.06,30.0,False,V-0138,D,False,Supplier portal,2025-12-16 08:13:20.444,V-0138,tax_id,PO251126,V-0138,45621.88,EUR,0,0,0,0,0,0,0,1,0,,0,High-Risk Vendor,1,Exception review,Rules + OCR,0.40144220072029285,,,
AP-0001805,ocr,95.5402593544304,TX-0091-39995,Oakmont Advisors Group,,,,,SGD,20460.39,1841.43,22301.82,,False,V-0091,B,True,Email,2025-12-16 08:42:35.815,V-0091,tax_id,,,,,1,0,0,0,0,0,0,0,0,Missing field,1,Missing PO,1,Data check,Rules + OCR,0.6649061007703919,,,
AP-0004772,pdf_text,,TX-0062-17232,Summit Systems LLC,INV-0062-004772,2025-12-12,2026-01-11,PO-251533,USD,25521.92,0.0,25521.92,30.0,False,V-0062,B,False,Supplier portal,2025-12-16 10:04:24.701,V-0062,tax_id,PO251533,V-0062,261916.06,USD,0,0,0,0,0,0,0,0,0,,0,,0,Auto-approve,Rules + OCR,0.2994746148031038,,,
AP-0001922,pdf_text,,TX-0086-70653,Summit Systems LLC,INV-0086-001922,2025-12-14,2026-01-28,,USD,1263.82,104.27,1368.09,45.0,False,V-0086,B,False,Supplier portal,2025-12-16 10:14:14.513,V-0086,tax_id,,,,,1,0,0,0,0,0,0,0,0,,0,Missing PO,1,Exception review,Rules + OCR,0.6312786016253877,,,
AP-0003147,pdf_text,,TX-0052-68137,Evergreen Consulting LLC,INV-0052-003147,2025-12-14,2026-01-13,PO-252330,USD,1171.79,0.0,1171.79,30.0,False,V-0052,A,False,Supplier portal,2025-12-16 10:34:47.680,V-0052,tax_id,PO252330,V-0052,21396.95,USD,0,0,0,0,0,0,0,0,0,,0,,0,Auto-approve,Rules + OCR,0.331094591330608,,,
AP-0002618,pdf_text,,TX-0034-94278,Summit Systems LLC,INV-0034-002618,2025-12-13,2026-01-12,PO-X002618,USD,16667.71,0.0,16667.71,30.0,False,V-0034,B,False,Supplier portal,2025-12-16 10:50:05.005,V-0034,tax_id,POX002618,,,,0,1,0,0,0,0,0,0,0,,0,Invalid PO,1,Exception review,Rules + OCR,0.6629515971069236,,,
AP-0001790,pdf_text,,TX-0067-45894,Summit Systems LLC,INV-0067-001790,2025-12-12,2026-01-11,PO-251669,USD,2752.8,0.0,2752.8,30.0,False,V-0067,B,False,Supplier portal,2025-12-16 11:29:01.633,V-0067,tax_id,PO251669,V-0067,17453.5,USD,0,0,0,0,0,0,0,0,0,,0,,0,Auto-approve,Rules + OCR,0.3064506429250322,,,
AP-0001299,edi,,TX-0091-39995,Summit Resources Ltd.,INV-0091-000596,2025-12-13,2026-02-11,PO-251778,SGD,4437.32,399.36,4836.68,60.0,False,V-0091,B,False,EDI,2025-12-16 12:21:04.310,V-0091,tax_id,PO251778,V-0091,116906.9,SGD,0,0,0,0,0,0,0,0,1,,0,Duplicate Invoice,1,Exception review,Rules + OCR,0.5698459569545303,,,
AP-0004531,pdf_text,,TX-0039-91527,Blue Ridge Networks Group,INV-0039-004531,2025-12-11,2026-01-25,PO-251414,USD,17973.56,0.0,17973.56,45.0,False,V-0039,C,False,Email,2025-12-16 16:30:46.509,V-0039,tax_id,PO251414,V-0039,131663.15,USD,0,0,0,0,0,0,0,0,0,,0,,0,Auto-approve,Rules + OCR,0.31187604604273245,,,
AP-0003165,pdf_text,,TX-0052-68137,Evergreen Consulting LLC,INV-0052-003165,2025-12-15,2026-01-14,PO-252330,USD,5950.23,0.0,5950.23,30.0,False,V-0052,A,False,Email,2025-12-16 17:47:58.884,V-0052,tax_id,PO252330,V-0052,21396.95,USD,0,0,0,0,0,0,0,0,0,,0,,0,Auto-approve,Rules + OCR,0.340126180460758,,,
AP-0001016,ocr,95.35295418918918,TX-0078-49721,Crescent Networks Ltd.,INV-0078-001016,2025-12-12,,PO-251655,USD,,,1702.34,30.0,False,V-0078,C,True,Email,2025-12-16 17:56:41.989,V-0078,tax_id,PO251655,V-0078,16435.04,USD,0,0,0,0,0,0,0,0,0,,0,,0,Auto-approve,Rules + OCR,0.3147868107321299,,,
AP-0000252,pdf_text,,TX-0087-76038,Atlas Digital Ltd.,INV-0087-000252,2025-12-14,2025-12-29,PO-250906,EUR,4939.57,1037.31,5976.88,15.0,False,V-0087,D,False,Email,2025-12-16 19:24:15.680,V-0087,tax_id,PO250906,V-0087,17514.72,EUR,0,0,0,0,0,1,0,0,0,,0,Payment Terms Mismatch,1,Exception review,Rules + OCR,0.6346007075148109,,,
AP-0001689,pdf_text,,TX-0073-32545,Beacon Services LLC,INV-0073-001689,2025-12-13,2026-01-12,PO-250617,USD,603045.04,0.0,603045.04,30.0,False,V-0073,B,False,Supplier portal,2025-12-16 19:33:32.096,V-0073,tax_id,PO250617,V-0073,513414.94,USD,0,0,0,0,1,0,0,0,0,,0,Invoice Over PO,1,Exception review,Rules + OCR,0.7036219995899202,,,
AP-0001040,pdf_text,,TX-0082-48109,Cobalt Partners Ltd.,INV-0082-001040,2025-12-13,2025-12-28,PO-251388,USD,5332.46,439.93,5772.39,15.0,False,V-0082,C,False,Supplier portal,2025-12-16 20:20:32.698,V-0082,tax_id,PO251388,V-0082,18456.49,USD,0,0,0,0,0,0,0,0,0,,0,,0,Auto-approve,Rules + OCR,0.3153408429525211,,,
AP-0000374,ocr,94.30601289411764,TX-0011-62098,Summit Systems LLC,INV-001,2025-12-16,2026-01-15,1-000374,USD,10593.73,0.0,10593.73,30.0,False,V-0011,B,True,Email,2025-12-16 20:46:01.145,V-0011,tax_id,1000374,,,,0,1,0,0,0,0,0,0,0,,0,Invalid PO,1,Exception review,Rules + OCR,0.6335409820739729,,,
AP-0000266,ocr,91.5992156103896,TX-0037-24439,Redwood Supply LLC,INV-0037-000266,,2026-01-13,PO-250507,EUR,209.33,43.96,253.29,30.0,False,V-0037,D,True,Email,2025-12-17 00:27:26.634,V-0037,tax_id,PO250507,V-0037,5309.69,EUR,0,0,0,0,0,0,0,0,0,Missing field,1,,0,Data check,Rules + OCR,0.33984505469831056,,,
AP-0001627,pdf_text,,TX-0010-16923,Blue Ridge Supply LLC,INV-0010-001627,2025-12-13,2026-01-27,PO-X001627,CAD,1831.55,91.58,1923.13,45.0,False,V-0010,B,False,Email,2025-12-17 01:40:56.138,V-0010,tax_id,POX001627,,,,0,1,0,0,0,1,0,0,0,,0,Invalid PO; Payment Terms Mismatch,2,Exception review,Rules + OCR,0.7168624834352825,,,
AP-0002428,edi,,TX-0107-50949,Silverline Advisors Inc.,INV-0107-002428,2025-12-14,2026-02-12,PO-252050,USD,8417.64,694.45,9112.09,60.0,False,V-0107,C,False,EDI,2025-12-17 01:50:16.376,V-0107,tax_id,PO252050,V-0107,33145.87,USD,0,0,0,0,0,0,0,0,0,,0,,0,Auto-approve,Rules + OCR,0.35231998218325833,,,
AP-0004270,pdf_text,,TX-0109-51449,Blue Ridge Analytics LLC,INV-0109-004270,2025-12-13,2026-01-12,PO-251472,USD,15570.2,0.0,15570.2,30.0,False,V-0109,A,False,Supplier portal,2025-12-17 03:36:39.706,V-0109,tax_id,PO251472,V-0109,42517.45,USD,0,0,0,0,0,0,0,0,0,,0,,0,Auto-approve,Rules + OCR,0.3353594030983306,,,
AP-0002753,pdf_text,,TX-0104-57614,Oakmont Operations Group,INV-0104-002753,2025-12-17,2026-01-01,PO-251974,USD,7828.16,0.0,7828.16,15.0,False,V-0104,C,False,Supplier portal,2025-12-17 03:38:27.073,V-0104,tax_id,PO251974,V-0104,60929.9,USD,0,0,0,0,0,0,0,0,0,,0,,0,Auto-approve,Rules + OCR,0.3204606380795218,,,
AP-0001629,ocr,95.1605408625,TX-0058-42609,Brightpath Logistics Inc.,,,,,,,3213.87,,,False,V-0058,E,True,Email,2025-12-17 05:14:47.383,V-0058,tax_id,,,,,1,0,0,0,0,0,0,0,0,Missing field,1,Missing PO,1,Data check,Rules + OCR,0.6733443207061749,,,
AP-0000667,pdf_text,,TX-0127-49996,Ironwood Solutions Inc.,INV-0127-000667,2025-12-13,2026-01-27,PO-250211,USD,36258.04,2991.29,39249.33,45.0,False,V-0127,A,False,Email,2025-12-17 05:47:22.102,V-0127,tax_id,PO250211,V-0127,120919.47,USD,0,0,0,0,0,0,0,0,0,,0,,0,Auto-approve,Rules + OCR,0.3492504046269575,,,
AP-0003312,edi,,TX-0117-90487,Atlas Consulting LLC,INV-0117-003312,2025-12-13,2026-01-12,PO-252193,CAD,5888.22,294.41,6182.63,30.0,False,V-0117,C,False,EDI,2025-12-17 05:52:55.521,V-0117,tax_id,PO252193,V-0117,123727.34,CAD,0,0,0,0,0,0,0,0,0,,0,,0,Auto-approve,Rules + OCR,0.31577564117140283,,,
AP-0003497,pdf_text,,TX-0038-45747,Beacon Analytics Ltd.,INV-0038-003497,2025-12-16,2026-01-15,PO-251862,USD,5901.61,0.0,5901.61,30.0,False,V-0038,C,False,Supplier portal,2025-12-17 06:49:06.713,V-0038,tax_id,PO251862,V-0038,77256.0,USD,0,0,0,0,0,0,0,0,0,,0,,0,Auto-approve,Rules + OCR,0.31669293763724793,,,
AP-0003162,pdf_text,,TX-0140-96185,Blue Ridge Operations Inc.,INV-0140-003162,2025-12-17,2026-01-16,PO-251416,USD,37470.34,0.0,37470.34,30.0,False,V-0140,C,False,Supplier portal,2025-12-17 07:20:04.716,V-0140,tax_id,PO251416,V-0140,125497.37,USD,0,0,0,0,0,0,0,0,0,,0,,0,Auto-approve,Rules + OCR,0.3043952594053437,,,
AP-0000576,pdf_text,,TX-0063-67062,Copperfield Systems Inc.,,,,,,,96.02,,,False,V-0063,E,False,Email,2025-12-17 07:40:46.229,V-0063,tax_id,,,,,1,0,0,0,0,0,0,0,0,Missing field,1,Missing PO,1,Data check,Rules + OCR,0.6175381951838927,,,
AP-0000488,pdf_text,,TX-0100-21510,Summit Logistics Inc.,,,,,,,,,,False,V-0100,E,False,Supplier portal,2025-12-17 09:30:14.581,V-0100,tax_id,,,,,1,0,0,0,0,0,0,0,0,Missing field,1,Missing PO,1,Data check,Rules + OCR,0.6414267211559374,,,
AP-0003199,edi,,TX-0136-10386,Clearview Services Inc.,INV-0136-003199,2025-12-13,2026-01-27,PO-251340,SGD,5592.03,503.28,6095.31,45.0,False,V-0136,A,False,EDI,2025-12-17 10:25:54.468,V-0136,tax_id,PO251340,V-0136,48312.87,SGD,0,0,0,0,0,0,0,1,0,,0,High-Risk Vendor,1,Exception review,Rules + OCR,0.47350338390483754,,,
AP-0004222,pdf_text,,TX-0094-30896,Copperfield Systems Group,INV-0094-004222,2025-12-17,2026-01-16,PO-251281,INR,2890.19,520.23,3410.42,30.0,False,V-0094,A,False,Supplier portal,2025-12-17 10:59:02.396,V-0094,tax_id,PO251281,V-0094,20239.23,INR,0,0,0,0,0,0,0,0,0,,0,,0,Auto-approve,Rules + OCR,0.31985638082759676,,,
AP-0004572,pdf_text,,TX-0136-10386,Clearview Services Inc.,INV-0136-004572,2025-12-15,2026-01-29,PO-250502,SGD,4232.47,380.92,4613.39,45.0,False,V-0136,A,False,Supplier portal,2025-12-17 11:30:11.740,V-0136,tax_id,PO250502,V-0136,20889.55,SGD,0,0,0,0,0,0,0,1,0,,0,High-Risk Vendor,1,Exception review,Rules + OCR,0.45793709580744546,,,
AP-0004979,pdf_text,,TX-0012-74674,Oakmont Technologies LLC,INV-0012-004979,2025-12-17,2026-01-16,PO-251517,USD,8546.04,0.0,8546.04,30.0,False,V-0012,A,False,Supplier portal,2025-12-17 13:27:30.242,V-0012,tax_id,PO251517,V-0012,27617.96,USD,0,0,0,0,0,0,0,0,0,,0,,0,Auto-approve,Rules + OCR,0.3215229194141316,,,
AP-0003280,ocr,95.20490418181816,TX-0073-32545,Beacon Services LLC,INV-0073-003280,2025-12-12,2026-01-11,PO-250551,USD,36444.4,0.0,36444.4,30.0,False,V-0073,B,True,Email,2025-12-17 13:50:42.312,V-0073,tax_id,PO250551,V-0073,155895.9,USD,0,0,0,0,0,0,0,0,0,,0,,0,Auto-approve,Rules + OCR,0.3470788508047327,,,
AP-0003424,ocr,94.58266316326532,TX-0118-10046,Stonebridge Logistics Ltd.,INV-0118-003424,2025-12-12,2026-01-11,PO-251761,USD,,,5304.35,30.0,False,V-0118,C,True,Email,2025-12-17 15:06:20.855,V-0118,tax_id,PO251761,V-0118,14757.45,USD,0,0,0,0,0,0,0,0,0,,0,,0,Auto-approve,Rules + OCR,0.3147837013506397,,,
AP-0002325,pdf_text,,TX-0086-70653,Summit Systems LLC,INV-0086-002307,2025-12-17,2026-01-31,PO-252178,USD,3487.39,287.71,3775.1,45.0,False,V-0086,B,False,Supplier portal,2025-12-17 16:29:58.433,V-0086,tax_id,PO252178,V-0086,24300.92,USD,0,0,0,0,0,0,0,0,1,,0,Duplicate Invoice,1,Exception review,Rules + OCR,0.5596563471575523,,,
AP-0002741,ocr,93.36785409090908,,Northstar Advisors LLC,,,,,,,,,,False,V-0033,E,True,Email,2025-12-17 18:26:38.784,V-0033,name,,,,,1,0,0,0,0,0,0,0,0,Missing field,1,Missing PO,1,Data check,Rules + OCR,0.6206461895377398,,,
AP-0003189,pdf_text,,TX-0096-18776,Copperfield Systems Group,INV-0096-003189,2025-12-14,2026-01-13,PO-252312,CAD,123134.25,6156.71,129290.96,30.0,True,V-0096,A,False,Email,2025-12-17 18:36:47.092,V-0096,tax_id,PO252312,V-0096,492828.54,CAD,0,0,0,0,0,0,0,0,0,,0,,0,Auto-approve,Rules + OCR,0.36441314083170906,,,
AP-0000556,edi,,TX-0034-94278,Beacon Solutions Inc.,INV-0034-000556,2025-12-13,2026-01-12,PO-250530,USD,9803.62,0.0,9803.62,30.0,False,V-0034,B,False,EDI,2025-12-17 21:13:19.321,V-0034,tax_id,PO250530,V-0034,83977.29,USD,0,0,0,0,0,0,0,0,0,,0,,0,Auto-approve,Rules + OCR,0.33649957121434,,,
AP-0001446,pdf_text,,TX-0088-45873,Atlas Systems Group,INV-0088-001446,2025-12-15,2026-01-14,PO-252185,USD,17844.25,0.0,17844.25,30.0,False,V-0088,A,False,Email,2025-12-17 21:14:50.697,V-0088,tax_id,PO252185,V-0088,48797.63,USD,0,0,0,0,0,0,0,0,0,,0,,0,Auto-approve,Rules + OCR,0.3212338386819692,,,
AP-0002214,pdf_text,,TX-0002-28786,Cobalt Services LLC,INV-0002-002214,2025-12-12,2025-12-27,PO-252098,INR,1441.28,259.43,1700.71,15.0,False,V-0002,C,False,Supplier portal,2025-12-17 21:35:44.876,V-0002,tax_id,PO252098,V-0002,21585.09,INR,0,0,0,0,0,0,1,0,0,,0,Inactive Vendor,1,Exception review,Rules + OCR,0.6905221559185882,,,
AP-0002526,edi,,TX-0006-57912,Copperfield Digital Group,INV-0006-002526,2025-12-14,2026-02-12,PO-250513,CAD,31030.94,1551.55,32582.49,60.0,False,V-0006,B,False,EDI,2025-12-18 00:44:57.573,V-0006,tax_id,PO250513,V-0006,23586.09,CAD,0,0,0,0,1,0,0,0,0,,0,Invoice Over PO,1,Exception review,Rules + OCR,0.6153810544839949,,,
AP-0001434,pdf_text,,TX-0107-50949,Silverline Advisors Inc.,INV-0107-001434,2025-12-14,2026-02-12,PO-252050,USD,6423.6,529.95,6953.55,60.0,False,V-0107,C,False,Supplier portal,2025-12-18 00:46:56.220,V-0107,tax_id,PO252050,V-0107,33145.87,USD,0,0,0,0,0,0,0,0,0,,0,,0,Auto-approve,Rules + OCR,0.3503923004509645,,,
AP-0004737,pdf_text,,TX-0006-57912,Beacon Solutions LLC,INV-0006-004737,2025-12-13,2026-02-11,PO-250131,CAD,36441.05,1822.05,38263.1,60.0,False,V-0006,B,False,Supplier portal,2025-12-18 01:58:47.282,V-0006,tax_id,PO250131,V-0006,103661.7,CAD,0,0,0,0,0,0,0,0,0,,0,,0,Auto-approve,Rules + OCR,0.3227829147397905,,,
AP-0003100,pdf_text,,TX-0089-88461,Atlas Supply LLC,,,,,,,,,,False,V-0089,E,False,Supplier portal,2025-12-18 03:34:05.099,V-0089,tax_id,,,,,1,0,0,0,0,0,0,0,0,Missing field,1,Missing PO,1,Data check,Rules + OCR,0.6341446314245349,,,
AP-0004359,pdf_text,,TX-0015-69124,Clearview Digital Inc.,INV-0015-004359,2025-12-16,2026-01-15,PO-252244,USD,78915.1,0.0,78915.1,30.0,False,V-0015,A,False,Supplier portal,2025-12-18 04:55:04.165,V-0015,tax_id,PO252244,V-0015,280986.83,USD,0,0,0,0,0,0,0,0,0,,0,,0,Auto-approve,Rules + OCR,0.37240341873555677,,,
AP-0002099,pdf_text,,TX-0008-41136,Lighthouse Supply Inc.,,,,,,,,,,False,V-0008,E,False,Supplier portal,2025-12-18 07:28:17.661,V-0008,tax_id,,,,,1,0,0,0,0,0,0,0,0,Missing field,1,Missing PO,1,Data check,Rules + OCR,0.6216341260068085,,,
AP-0003499,edi,,TX-0038-45747,Beacon Analytics Ltd.,INV-0038-003499,2025-12-15,2026-01-14,PO-251315,USD,5519.44,0.0,5519.44,30.0,False,V-0038,C,False,EDI,2025-12-18 09:02:47.912,V-0038,tax_id,PO251315,V-0038,29663.12,USD,0,0,0,0,0,0,0,0,0,,0,,0,Auto-approve,Rules + OCR,0.31900949410600893,,,
AP-0003772,edi,,TX-0029-56211,Crescent Technologies LLC,INV-0029-003772,2025-12-15,2025-12-30,PO-252138,USD,15426.52,1272.69,16699.21,15.0,False,V-0029,C,False,EDI,2025-12-18 09:52:00.529,V-0029,tax_id,PO252138,V-0029,135876.64,USD,0,0,0,0,0,0,0,0,0,,0,,0,Auto-approve,Rules + OCR,0.3090491438143073,,,
AP-0002507,pdf_text,,TX-0102-39905,Blue Ridge Analytics Inc.,INV-0102-002507,2025-12-13,2025-12-28,PO-251632,EUR,9321.31,1957.47,11278.78,15.0,False,V-0102,D,False,Supplier portal,2025-12-18 11:24:01.920,V-0102,tax_id,PO251632,V-0102,93241.12,EUR,0,0,0,0,0,0,0,0,0,,0,,0,Auto-approve,Rules + OCR,0.29644306141573656,,,
AP-0000804,pdf_text,,TX-0053-42836,Oakmont Supply Group,INV-0053-000804,2025-12-17,2026-01-16,PO-250772,SGD,7978.62,718.08,8696.7,30.0,False,V-0053,C,False,Supplier portal,2025-12-18 13:03:53.608,V-0053,tax_id,PO250772,V-0053,27019.93,SGD,0,0,0,0,0,0,0,0,0,,0,,0,Auto-approve,Rules + OCR,0.3532480630405314,,,
AP-0001007,pdf_text,,TX-0128-19285,Harbor Systems LLC,INV-0128-001007,2025-12-17,2026-01-31,PO-251159,USD,2893.04,238.68,3131.72,45.0,False,V-0128,A,False,Supplier portal,2025-12-18 13:22:58.456,V-0128,tax_id,PO251159,V-0128,12818.92,USD,0,0,0,0,0,0,0,0,0,,0,,0,Auto-approve,Rules + OCR,0.3363000461597649,,,
AP-0001599,pdf_text,,TX-0055-46775,Silverline Analytics Group,INV-0055-001599,2025-12-18,2026-01-17,PO-251663,SGD,1327.72,119.5,1447.22,30.0,False,V-0055,C,False,Supplier portal,2025-12-18 13:41:55.721,V-0055,tax_id,PO251663,V-0055,7172.21,SGD,0,0,0,0,0,0,0,0,0,,0,,0,Auto-approve,Rules + OCR,0.3551741125943441,,,
AP-0003314,pdf_text,,TX-0069-10137,Summit Systems LLC,INV-0069-003314,2025-12-15,2026-01-14,PO-250804,USD,2328.77,0.0,2328.77,30.0,False,V-0069,B,False,Email,2025-12-18 13:45:38.186,V-0069,tax_id,PO250804,V-0069,9447.65,USD,0,0,0,0,0,0,0,0,0,,0,,0,Auto-approve,Rules + OCR,0.2989947910937925,,,
AP-0002178,pdf_text,,TX-0054-19609,Crescent Logistics LLC,INV-0054-002178,2025-12-16,2026-01-15,PO-250242,USD,10091.84,832.58,10924.42,30.0,False,V-0054,A,False,Email,2025-12-18 16:13:35.843,V-0054,tax_id,PO250242,V-0054,40102.05,USD,0,0,0,0,0,0,0,0,0,,0,,0,Auto-approve,Rules + OCR,0.32282911195302927,,,
AP-0000013,pdf_text,,TX-0038-45747,Beacon Analytics Ltd.,INV-0038-000013,2025-12-14,2026-01-13,PO-251181,USD,11288.59,0.0,11288.59,30.0,False,V-0038,C,False,Email,2025-12-18 19:29:57.000,V-0038,tax_id,PO251181,V-0038,33796.61,USD,0,0,0,0,0,0,0,0,0,,0,,0,Auto-approve,Rules + OCR,0.3135099589742896,,,
AP-0004723,edi,,TX-0043-75924,Crescent Analytics Group,INV-0043-004723,2025-12-18,2026-02-16,PO-251773,USD,9820.37,0.0,9820.37,60.0,False,V-0043,E,False,EDI,2025-12-18 20:04:09.777,V-0043,tax_id,PO251773,V-0043,34840.84,USD,0,0,0,0,0,0,0,0,0,,0,,0,Auto-approve,Rules + OCR,0.3355280549282726,,,
AP-0003301,pdf_text,,TX-0101-51229,Juniper Technologies LLC,INV-0101-003301,2025-12-13,2025-12-28,PO-250002,EUR,21338.97,4481.18,25820.15,15.0,False,V-0101,D,False,Email,2025-12-18 22:45:32.059,V-0101,tax_id,PO250002,V-0101,22253.75,EUR,0,0,0,0,1,0,0,0,0,,0,Invoice Over PO,1,Exception review,Rules + OCR,0.6020089915439819,,,
AP-0003571,ocr,94.5145743103448,TX-0122-68733,Summit Operations Ltd.,INV-0122-003571,2025-12-16,2026-01-30,PO-251229,USD,3549.86,0.0,3549.86,45.0,False,V-0122,C,True,Email,2025-12-18 23:36:18.176,V-0122,tax_id,PO251229,V-0122,18135.81,USD,0,0,0,0,0,0,0,0,0,,0,,0,Auto-approve,Rules + OCR,0.3755602931366055,,,
AP-0002900,pdf_text,,TX-0120-96327,Oakmont Advisors Group,INV-0120-002900,2025-12-15,2026-01-14,PO-251660,CAD,3703.7,185.19,3888.89,30.0,False,V-0120,C,False,Supplier portal,2025-12-19 00:38:31.738,V-0120,tax_id,PO251660,V-0120,10377.33,CAD,0,0,0,0,0,0,0,0,0,,0,,0,Auto-approve,Rules + OCR,0.3284638856360386,,,
AP-0004844,pdf_text,,TX-0060-58175,Clearview Solutions LLC,INV-0060-004844,2025-12-19,2026-01-03,PO-250815,USD,4073.06,0.0,4073.06,15.0,False,V-0060,C,False,Supplier portal,2025-12-19 04:54:23.813,V-0060,tax_id,PO250815,V-0060,11228.72,USD,0,0,0,0,0,0,0,0,0,,0,,0,Auto-approve,Rules + OCR,0.32767957608697484,,,
AP-0004682,pdf_text,,TX-0072-14104,Silverline Systems LLC,INV-0072-004682,2025-12-14,2026-01-13,PO-252076,SGD,5725.45,515.29,6240.74,30.0,False,V-0072,A,False,Email,2025-12-19 07:51:28.945,V-0072,tax_id,PO252076,V-0072,21596.29,SGD,0,0,0,0,0,0,0,0,0,,0,,0,Auto-approve,Rules + OCR,0.3517731992890273,,,
AP-0002104,pdf_text,,TX-0003-12255,Cobalt Technologies Group,INV-0003-002104,2025-12-17,2026-01-16,PO-252014,EUR,1971.34,413.98,2385.32,30.0,False,V-0003,D,False,Supplier portal,2025-12-19 08:32:03.933,V-0003,tax_id,PO252014,V-0003,12033.01,EUR,0,0,0,0,0,0,0,0,0,,0,,0,Auto-approve,Rules + OCR,0.34573400567227675,,,
AP-0001619,pdf_text,,TX-0037-24439,Redwood Supply LLC,INV-0037-001619,2025-12-18,2026-01-17,PO-250349,EUR,4443.61,933.16,5376.77,30.0,False,V-0037,D,False,Supplier portal,2025-12-19 11:36:40.926,V-0037,tax_id,PO250349,V-0037,21543.31,EUR,0,0,0,0,0,0,0,0,0,,0,,0,Auto-approve,Rules + OCR,0.3345392187407474,,,
AP-0002274,pdf_text,,TX-0023-34364,Evergreen Systems LLC,INV-0023-002274,2025-12-18,2026-02-01,PO-250369,EUR,25984.51,5456.75,31441.26,45.0,False,V-0023,D,False,Supplier portal,2025-12-19 13:29:12.639,V-0023,tax_id,PO250369,V-0023,87684.44,EUR,0,0,0,0,0,0,0,0,0,,0,,0,Auto-approve,Rules + OCR,0.3588749580564813,,,
AP-0000696,pdf_text,,TX-0024-91040,Evergreen Solutions Inc.,INV-0024-000696,2025-12-18,2026-01-02,PO-251182,EUR,3288.68,690.62,3979.3,15.0,False,V-0024,D,False,Supplier portal,2025-12-19 15:55:38.541,V-0024,tax_id,PO251182,V-0024,13163.58,EUR,0,0,0,0,0,0,0,0,0,,0,,0,Auto-approve,Rules + OCR,0.29896387887468245,,,
AP-0004112,edi,,TX-0100-21510,Summit Logistics Inc.,INV-0100-004112,2025-12-15,2026-02-13,PO-250672,USD,20608.44,0.0,20608.44,60.0,False,V-0100,E,False,EDI,2025-12-19 16:25:01.919,V-0100,tax_id,PO250672,V-0100,100386.21,USD,0,0,0,0,0,1,0,0,0,,0,Payment Terms Mismatch,1,Exception review,Rules + OCR,0.6364843317799405,,,
AP-0001636,pdf_text,,TX-0055-46775,Silverline Analytics Group,INV-0055-001636,2025-12-15,2026-01-29,PO-252182,SGD,24307.71,2187.69,26495.4,45.0,False,V-0055,C,False,Supplier portal,2025-12-19 16:31:33.077,V-0055,tax_id,PO252182,V-0055,85040.32,SGD,0,0,0,0,0,1,0,0,0,,0,Payment Terms Mismatch,1,Exception review,Rules + OCR,0.6614322042687271,,,
AP-0003620,pdf_text,,TX-0090-82710,Summit Systems LLC,INV-0090-003620,2025-12-19,2026-02-02,PO-250348,USD,5642.91,0.0,5642.91,45.0,False,V-0090,B,False,Email,2025-12-19 20:37:55.722,V-0090,tax_id,PO250348,V-0090,30585.72,USD,0,0,0,0,0,0,0,0,0,,0,,0,Auto-approve,Rules + OCR,0.34890460851725835,,,
AP-0004973,ocr,95.87651775581396,TX-0045-69725,Atlas Services LLC,INV-0045-004973,2025-12-14,2026-01-28,PO-252369,USD,1427.58,0.0,1427.58,45.0,False,V-0045,A,True,Email,2025-12-19 20:55:00.954,V-0045,tax_id,PO252369,V-0045,13854.1,USD,0,0,0,0,0,0,0,0,0,,0,,0,Auto-approve,Rules + OCR,0.33825793279567706,,,
AP-0001277,pdf_text,,TX-0086-70653,Summit Systems LLC,INV-0086-001277,2025-12-17,2026-01-31,PO-252337,USD,3184.45,262.72,3447.17,45.0,False,V-0086,B,False,Supplier portal,2025-12-19 23:05:21.957,V-0086,tax_id,PO252337,V-0086,21503.05,USD,0,0,0,0,0,0,0,0,0,,0,,0,Auto-approve,Rules + OCR,0.33768627017165415,,,
AP-0001989,pdf_text,,TX-0140-96185,Blue Ridge Operations Inc.,INV-0140-001989,2025-12-14,2026-01-13,PO-251744,USD,21498.92,0.0,21498.92,30.0,False,V-0140,C,False,Supplier portal,2025-12-19 23:16:41.960,V-0140,tax_id,PO251744,V-0140,94972.44,USD,0,0,0,0,0,0,0,0,0,,0,,0,Auto-approve,Rules + OCR,0.30800448381860346,,,
AP-0001181,edi,,TX-0006-57912,Copperfield Digital Group,INV-0006-001181,2025-12-19,2026-01-18,PO-250067,CAD,1381.11,69.06,1450.17,30.0,False,V-0006,B,False,EDI,2025-12-20 01:46:56.597,V-0006,tax_id,PO250067,V-0006,12381.2,CAD,0,0,0,0,0,1,0,0,0,,0,Payment Terms Mismatch,1,Exception review,Rules + OCR,0.6221389625527768,,,
AP-0002094,pdf_text,,TX-0100-21510,Summit Logistics Inc.,,,,,,,,,,False,V-0100,E,False,Supplier portal,2025-12-20 02:31:22.761,V-0100,tax_id,,,,,1,0,0,0,0,0,0,0,0,Missing field,1,Missing PO,1,Data check,Rules + OCR,0.6456411722713051,,,
AP-0002874,edi,,TX-0093-95568,Clearview Systems Inc.,INV-0093-002874,2025-12-17,2026-01-01,PO-250741,USD,4627.14,381.74,5008.88,15.0,False,V-0093,B,False,EDI,2025-12-20 02:57:53.122,V-0093,tax_id,PO250741,V-0093,30588.63,USD,0,0,0,0,0,0,0,0,0,,0,,0,Auto-approve,Rules + OCR,0.3117122875310654,,,
AP-0004355,ocr,95.35094165957447,TX-0004-83750,Harbor Networks Ltd.,,,,,,,336.2,,,False,V-0004,E,True,Email,2025-12-20 05:34:06.798,V-0004,tax_id,,,,,1,0,0,0,0,0,0,0,0,Missing field,1,Missing PO,1,Data check,Rules + OCR,0.5875197419973884,,,
AP-0002248,pdf_text,,TX-0125-42798,Brightpath Resources Ltd.,INV-0125-002248,2025-12-15,2026-01-14,PO-251791,EUR,238999.55,50189.91,289189.46,30.0,False,V-0125,D,False,Supplier portal,2025-12-20 05:44:59.722,V-0125,tax_id,PO251791,V-0125,203432.09,EUR,0,0,0,0,1,0,0,0,0,,0,Invoice Over PO,1,Exception review,Rules + OCR,0.6827877266558346,,,
AP-0001145,pdf_text,,TX-0136-10386,Clearview Services Inc.,INV-0136-001145,2025-12-16,2026-01-30,PO-251500,SGD,5694.24,512.48,6206.72,45.0,False,V-0136,A,False,Supplier portal,2025-12-20 07:55:29.669,V-0136,tax_id,PO251500,V-0136,21917.99,SGD,0,0,0,0,0,0,0,1,0,,0,High-Risk Vendor,1,Exception review,Rules + OCR,0.4856419847348943,,,
AP-0001271,pdf_text,,TX-0081-73770,Silverline Supply Group,INV-0081-001271,2025-12-17,2026-01-16,PO-251876,USD,559.84,0.0,559.84,30.0,False,V-0081,C,False,Supplier portal,2025-12-20 09:00:12.503,V-0081,tax_id,PO251876,V-0081,13131.13,USD,0,0,0,0,0,0,0,0,0,,0,,0,Auto-approve,Rules + OCR,0.33075756716096666,,,
AP-0002133,ocr,94.7447668809524,TX-0118-10046,Stonebridge Logistics Ltd.,INV-0118-002133,2025-12-17,2026-01-16,PO-252134,USD,,,386.58,30.0,False,V-0118,C,True,Email,2025-12-20 09:27:03.837,V-0118,tax_id,PO252134,V-0118,8593.84,USD,0,0,0,0,0,0,0,0,0,,0,,0,Auto-approve,Rules + OCR,0.3277603422374084,,,
AP-0003940,pdf_text,,TX-0054-19609,Crescent Logistics LLC,INV-0054-003940,2025-12-18,2026-01-17,PO-250242,USD,7550.97,622.96,8173.93,30.0,False,V-0054,A,False,Email,2025-12-20 10:30:16.302,V-0054,tax_id,PO250242,V-0054,40102.05,USD,0,0,0,0,0,0,0,0,0,,0,,0,Auto-approve,Rules + OCR,0.33275434296179984,,,
AP-0000165,pdf_text,,TX-0003-12255,Cobalt Technologies Group,INV-0003-000165,2025-12-20,2026-01-19,PO-252174,EUR,2881.49,605.11,3486.6,30.0,False,V-0003,D,False,Email,2025-12-20 10:50:49.513,V-0003,tax_id,PO252174,V-0003,24758.89,EUR,0,0,0,0,0,0,0,0,0,,0,,0,Auto-approve,Rules + OCR,0.33037965845835154,,,
AP-0003740,pdf_text,,TX-0104-57614,Oakmont Operations Group,INV-0104-003740,2025-12-19,2026-02-17,PO-250056,USD,122530.19,0.0,122530.19,60.0,False,V-0104,C,False,Supplier portal,2025-12-20 10:53:04.343,V-0104,tax_id,PO250056,V-0104,89450.27,USD,0,0,0,0,1,1,0,0,0,,0,Invoice Over PO; Payment Terms Mismatch,2,Exception review,Rules + OCR,0.756510850793502,,,
AP-0002169,edi,,TX-0137-44191,Pioneer Consulting Ltd.,INV-0137-002169,2025-12-15,2026-01-14,PO-251356,USD,6001.84,0.0,6001.84,30.0,False,V-0137,A,False,EDI,2025-12-20 11:15:12.399,V-0137,tax_id,PO251356,V-0137,47807.99,USD,0,0,0,0,0,0,1,0,0,,0,Inactive Vendor,1,Exception review,Rules + OCR,0.5876030867170169,,,
AP-0004959,pdf_text,,TX-0090-82710,Summit Systems LLC,INV-0090-004959,2025-12-17,2026-01-31,PO-251145,USD,2943.27,0.0,2943.27,45.0,False,V-0090,B,False,Email,2025-12-20 13:27:37.832,V-0090,tax_id,PO251145,V-0090,8315.74,USD,0,0,0,0,0,0,0,0,0,,0,,0,Auto-approve,Rules + OCR,0.35935811493251796,,,
AP-0002251,ocr,93.30757797647055,,Crescent Logistics LLC,INV-0054-002251,2025-12-20,2026-01-19,PO-251066,USD,4356.55,359.42,4715.97,30.0,False,V-0054,A,True,Email,2025-12-20 18:18:25.909,V-0054,name,PO251066,V-0054,13087.98,USD,0,0,0,0,0,0,0,0,0,,0,,0,Auto-approve,Rules + OCR,0.33042371943940174,,,
AP-0002866,pdf_text,,TX-0005-88178,Atlas Resources Inc.,INV-0005-002866,2025-12-19,2026-01-18,PO-250438,USD,6750.41,0.0,6750.41,30.0,False,V-0005,A,False,Supplier portal,2025-12-20 18:32:35.623,V-0005,tax_id,PO250438,V-0005,20690.47,USD,0,0,0,0,0,0,0,0,0,,0,,0,Auto-approve,Rules + OCR,0.31182901602295887,,,
AP-0002111,pdf_text,,TX-0005-88178,Atlas Resources Inc.,INV-0005-002111,2025-12-17,2026-01-16,PO-250053,USD,11497.05,0.0,11497.05,30.0,False,V-0005,A,False,Supplier portal,2025-12-20 20:26:44.197,V-0005,tax_id,PO250053,V-0005,112102.34,USD,0,0,0,0,0,0,0,0,0,,0,,0,Auto-approve,Rules + OCR,0.3069830972464273,,,
AP-0003469,pdf_text,,TX-0031-87911,Lighthouse Systems Inc.,,,,,,,,,,False,V-0031,E,False,Supplier portal,2025-12-20 21:29:42.298,V-0031,tax_id,,,,,1,0,0,0,0,0,0,1,0,Missing field,1,Missing PO; High-Risk Vendor,2,Data check,Rules + OCR,0.6452859907230328,,,
AP-0003290,pdf_text,,TX-0004-83750,Harbor Networks Ltd.,,,,,,,159.62,,,False,V-0004,E,False,Supplier portal,2025-12-20 23:29:59.350,V-0004,tax_id,,,,,1,0,0,0,0,0,0,0,0,Missing field,1,Missing PO,1,Data check,Rules + OCR,0.6588360252462606,,,
AP-0002852,pdf_text,,TX-0126-41894,Blue Ridge Digital LLC,INV-0126-002852,2025-12-15,2026-01-14,PO-250496,USD,25595.79,2111.65,27707.44,30.0,False,V-0126,C,False,Email,2025-12-20 23:49:04.612,V-0126,tax_id,PO250496,V-0126,22707.16,USD,0,0,0,0,1,0,0,0,0,,0,Invoice Over PO,1,Exception review,Rules + OCR,0.619630666536712,,,
AP-0003168,edi,,TX-0055-46775,Silverline Analytics Group,INV-0055-003168,2025-12-16,2026-01-30,PO-250876,SGD,4286.04,385.74,4671.78,45.0,False,V-0055,C,False,EDI,2025-12-21 01:32:32.294,V-0055,tax_id,PO250876,V-0055,26009.35,SGD,0,0,0,0,0,1,0,0,0,,0,Payment Terms Mismatch,1,Exception review,Rules + OCR,0.6493729767511628,,,
AP-0000489,pdf_text,,TX-0050-69493,Ironwood Services Ltd.,INV-0050-000489,2025-12-21,2026-01-20,PO-250622,SGD,8206.76,738.61,8945.37,30.0,False,V-0050,A,False,Supplier portal,2025-12-21 03:26:50.712,V-0050,tax_id,PO250622,V-0050,31045.47,USD,0,0,0,1,0,0,0,0,0,,0,Currency Mismatch,1,Exception review,Rules + OCR,0.6455668504472991,,,
AP-0001457,pdf_text,,TX-0127-49996,Ironwood Solutions Inc.,INV-0127-001457,2025-12-18,2026-02-01,PO-250166,USD,14253.8,1175.94,15429.74,45.0,False,V-0127,A,False,Supplier portal,2025-12-21 04:37:03.991,V-0127,tax_id,PO250166,V-0127,44966.9,USD,0,0,0,0,0,0,0,0,0,,0,,0,Auto-approve,Rules + OCR,0.33614811111211684,,,
AP-0003329,pdf_text,,TX-0034-94278,Summit Systems LLC,INV-0034-003329,2025-12-17,2026-01-16,PO-X003329,USD,6808.37,0.0,6808.37,30.0,False,V-0034,B,False,Supplier portal,2025-12-21 04:55:32.140,V-0034,tax_id,POX003329,,,,0,1,0,0,0,0,0,0,0,,0,Invalid PO,1,Exception review,Rules + OCR,0.6484343965901511,,,
AP-0001763,pdf_text,,TX-0011-62098,Summit Systems LLC,INV-0011-001763,2025-12-18,2026-01-17,PO-252265,USD,15962.91,0.0,15962.91,30.0,False,V-0011,B,False,Supplier portal,2025-12-21 06:09:37.353,V-0011,tax_id,PO252265,V-0011,94914.43,USD,0,0,0,0,0,0,0,0,0,,0,,0,Auto-approve,Rules + OCR,0.30365964414023644,,,
AP-0003526,edi,,TX-0006-57912,Copperfield Digital Group,INV-0006-003526,2025-12-20,2026-02-18,PO-250513,CAD,6142.38,307.12,6449.5,60.0,False,V-0006,B,False,EDI,2025-12-21 06:20:27.139,V-0006,tax_id,PO250513,V-0006,23586.09,CAD,0,0,0,0,0,0,0,0,0,,0,,0,Auto-approve,Rules + OCR,0.3223822713076865,,,
AP-0003123,edi,,TX-0044-84195,Blue Ridge Resources LLC,INV-0044-003123,2025-12-18,2026-01-02,PO-250193,USD,2154.06,0.0,2154.06,15.0,False,V-0044,B,False,EDI,2025-12-21 06:59:34.956,V-0044,tax_id,PO250193,V-0044,6387.24,USD,0,0,0,0,0,0,0,0,0,,0,,0,Auto-approve,Rules + OCR,0.32019363319764926,,,
AP-0001178,pdf_text,,TX-0054-19609,Crescent Logistics LLC,INV-0054-001178,2025-12-17,2026-01-16,PO-251111,USD,572.29,47.21,619.5,30.0,False,V-0054,A,False,Supplier portal,2025-12-21 09:05:27.355,V-0054,tax_id,PO251111,V-0054,6045.35,USD,0,0,0,0,0,0,0,0,0,,0,,0,Auto-approve,Rules + OCR,0.3120705654538236,,,
AP-0004989,pdf_text,,TX-0140-96185,Blue Ridge Operations Inc.,INV-0140-004989,2025-12-21,2026-01-20,PO-252198,USD,34088.39,0.0,34088.39,30.0,False,V-0140,C,False,Supplier portal,2025-12-21 09:19:25.282,V-0140,tax_id,PO252198,V-0140,121668.78,USD,0,0,0,0,0,0,0,0,0,,0,,0,Auto-approve,Rules + OCR,0.30593746472575295,,,
AP-0003235,pdf_text,,TX-0078-49721,Crescent Networks Ltd.,INV-0078-001798,2025-12-19,2026-01-18,PO-250071,USD,3784.63,0.0,3784.63,30.0,False,V-0078,C,False,Supplier portal,2025-12-21 11:50:48.059,V-0078,tax_id,PO250071,V-0078,207194.76,USD,0,0,0,0,0,0,0,0,1,,0,Duplicate Invoice,1,Exception review,Rules + OCR,0.5720961035789629,,,
AP-0001732,pdf_text,,TX-0008-41136,Lighthouse Supply Inc.,,,,,,,,,,False,V-0008,E,False,Email,2025-12-21 12:08:46.795,V-0008,tax_id,,,,,1,0,0,0,0,0,0,0,0,Missing field,1,Missing PO,1,Data check,Rules + OCR,0.630028485779131,,,
AP-0003691,pdf_text,,TX-0123-99977,Oakmont Analytics Ltd.,,,,,,,2516.7,,,False,V-0123,E,False,Email,2025-12-21 13:44:05.097,V-0123,tax_id,,,,,1,0,0,0,0,0,1,0,0,Missing field,1,Missing PO; Inactive Vendor,2,Data check,Rules + OCR,0.7143537090171977,,,
AP-0002517,pdf_text,,TX-0002-28786,Cobalt Services LLC,INV-0002-002517,2025-12-17,2026-01-01,PO-252098,INR,6470.08,1164.61,7634.69,15.0,False,V-0002,C,False,Supplier portal,2025-12-21 13:56:46.901,V-0002,tax_id,PO252098,V-0002,21585.09,INR,0,0,0,0,0,0,1,0,0,,0,Inactive Vendor,1,Exception review,Rules + OCR,0.6980441042431476,,,
AP-0002672,pdf_text,,TX-0068-22381,Redwood Technologies Inc.,INV-0068-002672,2025-12-17,2026-02-15,PO-251260,CAD,8439.99,422.0,8861.99,60.0,False,V-0068,C,False,Supplier portal,2025-12-21 14:47:58.109,V-0068,tax_id,PO251260,V-0068,57118.34,CAD,0,0,0,0,0,1,0,0,0,,0,Payment Terms Mismatch,1,Exception review,Rules + OCR,0.5763668164840323,,,
AP-0002658,pdf_text,,TX-0092-15472,Summit Resources Group,INV-0092-002658,2025-12-16,2025-12-31,PO-251877,USD,5369.18,0.0,5369.18,15.0,False,V-0092,A,False,Supplier portal,2025-12-21 15:02:08.704,V-0092,tax_id,PO251877,V-0092,75362.5,USD,0,0,0,0,0,0,0,0,0,,0,,0,Auto-approve,Rules + OCR,0.31535682990975894,,,
AP-0003554,ocr,95.88938647887322,TX-0061-83099,Copperfield Services Inc.,INV-0061-003554,2025-12-16,2026-01-15,PO-251205,USD,96028.04,0.0,96028.04,30.0,False,V-0061,C,True,Email,2025-12-21 16:05:53.696,V-0061,tax_id,PO251205,V-0061,74977.88,USD,0,0,0,0,1,0,0,0,0,,0,Invoice Over PO,1,Exception review,Rules + OCR,0.6867362585750854,,,
AP-0000591,pdf_text,,TX-0073-32545,Beacon Services LLC,INV-0073-000591,2025-12-17,2026-01-16,PO-251400,USD,8535.2,0.0,8535.2,30.0,False,V-0073,B,False,Supplier portal,2025-12-21 16:35:33.455,V-0073,tax_id,PO251400,V-0073,38360.17,USD,0,0,0,0,0,0,0,0,0,,0,,0,Auto-approve,Rules + OCR,0.33686227583607065,,,
AP-0001588,pdf_text,,TX-0088-45873,Atlas Systems Group,INV-0088-001588,2025-12-20,2026-01-19,PO-252207,USD,23927.7,0.0,23927.7,30.0,False,V-0088,A,False,Supplier portal,2025-12-21 16:39:57.058,V-0088,tax_id,PO252207,V-0088,70946.45,USD,0,0,0,0,0,0,0,0,0,,0,,0,Auto-approve,Rules + OCR,0.30314682848218855,,,
AP-0000865,pdf_text,,TX-0053-42836,Oakmont Supply Group,INV-0053-000865,2025-12-19,2026-01-18,PO-251056,SGD,3184.53,286.61,3471.14,30.0,False,V-0053,C,False,Supplier portal,2025-12-21 18:18:26.299,V-0053,tax_id,PO251056,V-0053,45216.68,SGD,0,0,0,0,0,0,0,0,0,,0,,0,Auto-approve,Rules + OCR,0.3466538627209637,,,
AP-0000378,ocr,95.1093671625,TX-0061-83099,Copperfield Services Inc.,INV-0061-000378,2025-12-17,2026-01-16,PO-252301,USD,14118.68,0.0,14118.68,30.0,False,V-0061,C,True,Email,2025-12-21 18:46:10.855,V-0061,tax_id,PO252301,V-0061,38766.16,USD,0,0,0,0,0,0,0,0,0,,0,,0,Auto-approve,Rules + OCR,0.34416618850602665,,,
AP-0002766,edi,,TX-0137-44191,Pioneer Consulting Ltd.,INV-0137-002766,2025-12-19,2026-01-18,PO-251426,SGD,9343.42,840.91,10184.33,30.0,False,V-0137,A,False,EDI,2025-12-21 20:44:23.805,V-0137,tax_id,PO251426,V-0137,144554.43,USD,0,0,0,1,0,0,1,0,0,,0,Currency Mismatch; Inactive Vendor,2,Exception review,Rules + OCR,0.6926995065428425,,,
AP-0002236,pdf_text,,TX-0097-36111,Clearview Analytics Ltd.,INV-0097-000826,2025-12-19,2026-02-02,PO-252148,GBP,2155.66,431.13,2586.79,45.0,False,V-0097,A,False,Supplier portal,2025-12-21 20:46:44.970,V-0097,tax_id,PO252148,V-0097,61944.24,GBP,0,0,0,0,0,0,0,0,1,,0,Duplicate Invoice,1,Exception review,Rules + OCR,0.6073074970819404,,,
AP-0003695,pdf_text,,TX-0065-32403,Stonebridge Networks Inc.,INV-0065-003695,2025-12-17,2026-01-16,PO-251728,USD,6280.3,0.0,6280.3,30.0,False,V-0065,C,False,Email,2025-12-21 21:35:31.373,V-0065,tax_id,PO251728,V-0065,27165.03,USD,0,0,0,0,0,0,0,0,0,,0,,0,Auto-approve,Rules + OCR,0.2952970893378247,,,
AP-0004757,edi,,TX-0017-46110,Cobalt Analytics Group,INV-0017-004757,2025-12-21,2026-02-04,PO-251646,GBP,36859.78,7371.95,44231.73,45.0,False,V-0017,C,False,EDI,2025-12-21 23:54:11.753,V-0017,tax_id,PO251646,V-0017,182474.85,GBP,0,0,0,0,0,0,0,1,0,,0,High-Risk Vendor,1,Exception review,Rules + OCR,0.4910867966806564,,,
AP-0004095,pdf_text,,TX-0118-10046,Stonebridge Logistics Ltd.,INV-0118-004095,2025-12-19,2026-01-18,PO-251761,USD,2967.45,244.81,3212.26,30.0,False,V-0118,C,False,Email,2025-12-22 01:13:38.614,V-0118,tax_id,PO251761,V-0118,14757.45,USD,0,0,0,0,0,0,0,0,0,,0,,0,Auto-approve,Rules + OCR,0.3159104223555177,,,
AP-0002935,pdf_text,,TX-0002-28786,Cobalt Services LLC,INV-0002-002935,2025-12-21,2026-01-05,PO-252098,INR,22935.95,4128.47,27064.42,15.0,False,V-0002,C,False,Email,2025-12-22 02:33:29.255,V-0002,tax_id,PO252098,V-0002,21585.09,INR,0,0,0,0,1,0,1,0,0,,0,Invoice Over PO; Inactive Vendor,2,Exception review,Rules + OCR,0.7463827903005006,,,
AP-0000379,pdf_text,,TX-0115-48708,Ironwood Services Group,INV-0115-000379,2025-12-19,2026-01-03,PO-251488,EUR,1925.15,404.28,2329.43,15.0,False,V-0115,D,False,Email,2025-12-22 02:37:36.436,V-0115,tax_id,PO251488,V-0115,14438.33,EUR,0,0,0,0,0,0,0,0,0,,0,,0,Auto-approve,Rules + OCR,0.3373489824110712,,,
AP-0000140,pdf_text,,TX-0013-11961,Atlas Services LLC,INV-0013-000140,2025-12-17,2026-01-31,PO-252035,USD,8219.14,0.0,8219.14,45.0,False,V-0013,B,False,Supplier portal,2025-12-22 02:51:23.922,V-0013,tax_id,PO252035,V-0013,65880.42,USD,0,0,0,0,0,0,1,0,0,,0,Inactive Vendor,1,Exception review,Rules + OCR,0.6095492303001326,,,
AP-0000843,pdf_text,,TX-0048-57091,Oakmont Systems Inc.,INV-0048-000843,2025-12-19,2026-01-03,PO-251290,USD,206.87,17.07,223.94,15.0,False,V-0048,C,False,Supplier portal,2025-12-22 03:01:35.770,V-0048,tax_id,PO251290,V-0048,4711.68,USD,0,0,0,0,0,0,0,0,1,,0,Duplicate Invoice,1,Exception review,Rules + OCR,0.5725168184959581,,,
AP-0004189,ocr,94.153988893617,TX-0134-16068,Atlas Resources Ltd.,,,,,,,,,,False,V-0134,E,True,Email,2025-12-22 03:59:19.000,V-0134,tax_id,,,,,1,0,0,0,0,0,0,0,0,Missing field,1,Missing PO,1,Data check,Rules + OCR,0.6691166409866576,,,
AP-0000333,pdf_text,,TX-0118-10046,Stonebridge Logistics Ltd.,INV-0118-000333,2025-12-22,2026-01-21,PO-251084,USD,4107.65,338.88,4446.53,30.0,False,V-0118,C,False,Supplier portal,2025-12-22 04:07:56.187,V-0118,tax_id,PO251084,V-0118,42593.97,USD,0,0,0,0,0,0,0,0,0,,0,,0,Auto-approve,Rules + OCR,0.3142762137623487,,,
AP-0003276,pdf_text,,TX-0135-50499,Summit Systems LLC,INV-0135-003276,2025-12-20,2026-01-19,PO-252023,USD,4020.22,331.67,4351.89,30.0,False,V-0135,B,False,Supplier portal,2025-12-22 06:51:33.004,V-0135,tax_id,PO252023,V-0135,13522.72,USD,0,0,0,0,0,0,0,0,0,,0,,0,Auto-approve,Rules + OCR,0.3248966693074464,,,
AP-0001180,pdf_text,,TX-0107-50949,Silverline Advisors Inc.,INV-0107-001180,2025-12-21,2026-02-19,PO-250140,USD,6370.24,525.55,6895.79,60.0,False,V-0107,C,False,Supplier portal,2025-12-22 07:11:03.505,V-0107,tax_id,PO250140,V-0107,20658.61,USD,0,0,0,0,0,0,0,0,0,,0,,0,Auto-approve,Rules + OCR,0.3561210225376952,,,
AP-0000395,pdf_text,,TX-0115-48708,Ironwood Services Group,INV-0115-000395,2025-12-21,2026-01-05,PO-250010,EUR,2459.39,516.47,2975.86,15.0,False,V-0115,D,False,Supplier portal,2025-12-22 07:19:18.605,V-0115,tax_id,PO250010,V-0115,10682.93,EUR,0,0,0,0,0,0,0,0,0,,0,,0,Auto-approve,Rules + OCR,0.32493640964729753,,,
AP-0003785,pdf_text,,TX-0066-17224,Stonebridge Networks Ltd.,INV-0066-003785,2025-12-22,2026-01-21,PO-252158,USD,4788.65,0.0,4788.65,30.0,False,V-0066,A,False,Supplier portal,2025-12-22 08:07:01.069,V-0066,tax_id,PO252158,V-0066,50099.64,USD,0,0,0,0,0,0,0,0,0,,0,,0,Auto-approve,Rules + OCR,0.33033897351440994,,,
AP-0003267,pdf_text,,TX-0074-79332,Harbor Analytics Ltd.,INV-0074-003267,2025-12-20,2026-01-19,PO-251683,USD,1777.86,0.0,1777.86,30.0,False,V-0074,C,False,Email,2025-12-22 08:34:57.445,V-0074,tax_id,PO251683,V-0074,5320.08,USD,0,0,0,0,0,0,0,1,0,,0,High-Risk Vendor,1,Exception review,Rules + OCR,0.40168850516949944,,,
AP-0002243,pdf_text,,TX-0049-19644,Harbor Resources LLC,INV-0049-002243,2025-12-20,2026-01-19,PO-250565,EUR,1625.5,341.35,1966.85,30.0,False,V-0049,D,False,Supplier portal,2025-12-22 08:36:39.731,V-0049,tax_id,PO250565,V-0049,22812.83,EUR,0,0,0,0,0,0,0,0,0,,0,,0,Auto-approve,Rules + OCR,0.32638593496407975,,,
AP-0004193,edi,,TX-0002-28786,Cobalt Services LLC,INV-0002-004193,2025-12-22,2026-01-06,PO-252098,INR,1837.53,330.75,2168.28,15.0,False,V-0002,C,False,EDI,2025-12-22 11:15:59.913,V-0002,tax_id,PO252098,V-0002,21585.09,INR,0,0,0,0,0,0,1,0,0,,0,Inactive Vendor,1,Exception review,Rules + OCR,0.6903421397027513,,,
AP-0004697,pdf_text,,TX-0085-56800,Harbor Resources LLC,INV-0085-004697,2025-12-18,2026-01-17,PO-251401,USD,7805.03,0.0,7805.03,30.0,False,V-0085,B,False,Supplier portal,2025-12-22 11:25:12.610,V-0085,tax_id,PO251401,V-0085,34917.04,USD,0,0,0,0,0,0,0,0,0,,0,,0,Auto-approve,Rules + OCR,0.33153106396819537,,,
AP-0003249,pdf_text,,TX-0123-99977,Oakmont Analytics Ltd.,,,,,,,13439.25,,,False,V-0123,E,False,Supplier portal,2025-12-22 15:29:40.676,V-0123,tax_id,,,,,1,0,0,0,0,0,1,0,0,Missing field,1,Missing PO; Inactive Vendor,2,Data check,Rules + OCR,0.7468169781767111,,,
AP-0002718,edi,,TX-0071-54213,Summit Services LLC,INV-0071-002718,2025-12-20,2026-01-19,PO-251703,USD,8163.21,0.0,8163.21,30.0,False,V-0071,C,False,EDI,2025-12-22 15:53:06.566,V-0071,tax_id,PO251703,V-0071,56478.27,USD,0,0,0,0,0,0,0,0,0,,0,,0,Auto-approve,Rules + OCR,0.32038643767756214,,,
AP-0000474,pdf_text,,TX-0049-19644,Harbor Resources LLC,INV-0049-000474,2025-12-17,2026-01-16,PO-250477,EUR,3272.46,687.22,3959.68,30.0,False,V-0049,D,False,Email,2025-12-22 16:11:59.483,V-0049,tax_id,PO250477,V-0049,14553.34,EUR,0,0,0,0,0,0,0,0,0,,0,,0,Auto-approve,Rules + OCR,0.3413131649139418,,,
AP-0004306,pdf_text,,TX-0092-15472,Summit Resources Group,INV-0092-004306,2025-12-17,2026-01-01,PO-251877,USD,8387.16,0.0,8387.16,15.0,False,V-0092,A,False,Supplier portal,2025-12-22 16:58:11.636,V-0092,tax_id,PO251877,V-0092,75362.5,USD,0,0,0,0,0,0,0,0,0,,0,,0,Auto-approve,Rules + OCR,0.315706632663021,,,
AP-0003037,pdf_text,,TX-0015-69124,Clearview Digital Inc.,INV-0015-003037,2025-12-19,2026-01-18,PO-X003037,USD,4085.49,0.0,4085.49,30.0,False,V-0015,A,False,Email,2025-12-22 17:01:51.097,V-0015,tax_id,POX003037,,,,0,1,0,0,0,0,0,0,0,,0,Invalid PO,1,Exception review,Rules + OCR,0.6267511067132134,,,
AP-0003320,ocr,92.7173975764706,TX-0084-70345,Redwood Supply LLC,INV-0084-003320,2025-12-18,2026-01-17,PO-250272,,,21.0,,30.0,False,V-0084,D,True,Email,2025-12-22 17:34:51.244,V-0084,tax_id,PO250272,V-0084,62432.47,EUR,0,0,0,0,0,0,0,0,0,Missing field,1,,0,Data check,Rules + OCR,0.32267774942208943,,,
AP-0004730,pdf_text,,TX-0022-47741,Lighthouse Solutions LLC,,,,,,,341.12,,,False,V-0022,E,False,Supplier portal,2025-12-22 18:35:56.161,V-0022,tax_id,,,,,1,0,0,0,0,0,0,1,0,Missing field,1,Missing PO; High-Risk Vendor,2,Data check,Rules + OCR,0.6832506322741289,,,
AP-0003811,pdf_text,,TX-0106-56495,Oakmont Analytics Inc.,INV-0106-003811,2025-12-17,2026-01-31,PO-252026,USD,8878.17,0.0,8878.17,45.0,False,V-0106,A,False,Email,2025-12-22 18:38:57.568,V-0106,tax_id,PO252026,V-0106,37696.16,USD,0,0,0,0,0,0,0,0,0,,0,,0,Auto-approve,Rules + OCR,0.3602520828296548,,,
AP-0003345,edi,,TX-0063-67062,Copperfield Systems Inc.,INV-0063-003345,2025-12-19,2026-01-18,PO-251855,USD,2158.62,178.09,2336.71,30.0,False,V-0063,E,False,EDI,2025-12-22 20:31:33.568,V-0063,tax_id,PO251855,V-0063,32669.63,USD,0,0,0,0,0,0,0,0,0,,0,,0,Auto-approve,Rules + OCR,0.31253478048878236,,,
AP-0000188,ocr,95.9239062857143,TX-0106-56495,Oakmont Analytics Inc.,INV-0106-000188,2025-12-21,2026-02-04,PO-250953,USD,7693.09,0.0,7693.09,45.0,False,V-0106,A,True,Email,2025-12-22 21:19:58.316,V-0106,tax_id,PO250953,V-0106,89359.72,USD,0,0,0,0,0,0,0,0,1,,0,Duplicate Invoice,1,Exception review,Rules + OCR,0.578727479026164,,,
AP-0003672,pdf_text,,TX-0018-72351,Summit Systems LLC,INV-0018-003672,2025-12-21,2026-01-20,PO-251209,USD,30859.88,0.0,30859.88,30.0,False,V-0018,B,False,Email,2025-12-22 23:09:59.795,V-0018,tax_id,PO251209,V-0018,470037.87,USD,0,0,0,0,0,0,0,0,0,,0,,0,Auto-approve,Rules + OCR,0.34565619213690024,,,
AP-0004037,pdf_text,,TX-0083-82789,Summit Systems LLC,INV-0083-004037,2025-12-19,2026-01-03,PO-252323,USD,37602.73,3102.22,40704.95,15.0,False,V-0083,B,False,Email,2025-12-23 00:13:59.704,V-0083,tax_id,PO252323,V-0083,153291.1,USD,0,0,0,0,0,0,0,0,0,,0,,0,Auto-approve,Rules + OCR,0.31034646661509374,,,
AP-0001491,pdf_text,,TX-0067-45894,Summit Systems LLC,INV-0067-001491,2025-12-23,2026-01-22,PO-250833,USD,2653.38,0.0,2653.38,30.0,False,V-0067,B,False,Email,2025-12-23 01:06:22.177,V-0067,tax_id,PO250833,V-0067,15722.38,USD,0,0,0,0,0,0,0,0,0,,0,,0,Auto-approve,Rules + OCR,0.31039346309531884,,,
AP-0002233,edi,,TX-0107-50949,Silverline Advisors Inc.,INV-0107-002233,2025-12-18,2026-02-16,PO-252106,USD,7894.42,651.29,8545.71,60.0,False,V-0107,C,False,EDI,2025-12-23 01:08:57.785,V-0107,tax_id,PO252106,V-0107,43745.09,USD,0,0,0,0,0,0,0,0,0,,0,,0,Auto-approve,Rules + OCR,0.35210916863527625,,,
AP-0004643,ocr,93.21242216853932,TX-0121-33255,Cobalt Systems Inc.,,,,,,,,,,False,V-0121,E,True,Email,2025-12-23 03:32:01.406,V-0121,tax_id,,,,,1,0,0,0,0,0,1,1,0,Missing field,1,Missing PO; Inactive Vendor; High-Risk Vendor,3,Data check,Rules + OCR,0.7661543924575477,,,
AP-0001013,edi,,TX-0008-41136,Lighthouse Supply Inc.,INV-0008-001013,2025-12-21,2026-02-04,PO-251390,USD,1548.11,0.0,1548.11,45.0,False,V-0008,E,False,EDI,2025-12-23 06:28:01.224,V-0008,tax_id,PO251390,V-0008,8011.34,USD,0,0,0,0,0,0,0,0,0,,0,,0,Auto-approve,Rules + OCR,0.3113287704822703,,,
AP-0002250,pdf_text,,TX-0033-48829,Northstar Advisors LLC,,,,,,,,,,False,V-0033,E,False,Supplier portal,2025-12-23 06:38:12.091,V-0033,tax_id,,,,,1,0,0,0,0,0,0,0,0,Missing field,1,Missing PO,1,Data check,Rules + OCR,0.6368521552657764,,,
AP-0000884,pdf_text,,TX-0116-23088,Juniper Supply LLC,INV-0116-000884,2025-12-23,2026-02-21,PO-250591,USD,183805.11,0.0,183805.11,60.0,False,V-0116,C,False,Supplier portal,2025-12-23 07:24:39.448,V-0116,tax_id,PO250591,V-0116,124770.61,USD,0,0,0,0,1,0,0,0,0,,0,Invoice Over PO,1,Exception review,Rules + OCR,0.6839627858477407,,,
AP-0003610,pdf_text,,TX-0011-62098,Summit Systems LLC,INV-0011-003610,2025-12-18,2026-02-16,PO-250084,USD,4004.06,0.0,4004.06,60.0,False,V-0011,B,False,Supplier portal,2025-12-23 07:28:09.024,V-0011,tax_id,PO250084,V-0011,24636.98,USD,0,0,0,0,0,1,0,0,0,,0,Payment Terms Mismatch,1,Exception review,Rules + OCR,0.60787724315289,,,
AP-0001447,pdf_text,,TX-0039-91527,Blue Ridge Networks Group,INV-0039-001447,2025-12-18,2026-02-01,PO-250573,USD,8529.36,0.0,8529.36,45.0,False,V-0039,C,False,Supplier portal,2025-12-23 07:43:18.264,V-0039,tax_id,PO250573,V-0039,27361.1,USD,0,0,0,0,0,0,0,0,0,,0,,0,Auto-approve,Rules + OCR,0.3466896290311013,,,
AP-0002642,pdf_text,,TX-0017-46110,Cobalt Analytics Group,INV-0017-002642,2025-12-18,2026-02-01,PO-252200,GBP,3305.59,661.12,3966.71,45.0,False,V-0017,C,False,Supplier portal,2025-12-23 08:13:45.568,V-0017,tax_id,PO252200,V-0017,20430.05,GBP,0,0,0,0,0,0,0,1,0,,0,High-Risk Vendor,1,Exception review,Rules + OCR,0.5076703545842178,,,
AP-0003255,ocr,95.73655656179774,TX-0015-69124,Clearview Digital Inc.,INV-0015-003255,2025-12-23,2026-01-22,PO-251102,USD,2124.69,0.0,2124.69,30.0,False,V-0015,A,True,Email,2025-12-23 08:24:01.102,V-0015,tax_id,PO251102,V-0015,9456.63,USD,0,0,0,0,0,0,0,0,0,,0,,0,Auto-approve,Rules + OCR,0.3163470873876702,,,
AP-0004779,pdf_text,,TX-0063-67062,Copperfield Systems Inc.,,,,,,,306.53,,,False,V-0063,E,False,Supplier portal,2025-12-23 09:21:49.646,V-0063,tax_id,,,,,1,0,0,0,0,0,0,0,0,Missing field,1,Missing PO,1,Data check,Rules + OCR,0.622849823706051,,,
AP-0003084,pdf_text,,TX-0092-15472,Summit Resources Group,INV-0092-003084,2025-12-19,2026-01-03,PO-251877,USD,10211.86,0.0,10211.86,15.0,False,V-0092,A,False,Supplier portal,2025-12-23 10:11:16.158,V-0092,tax_id,PO251877,V-0092,75362.5,USD,0,0,0,0,0,0,0,0,0,,0,,0,Auto-approve,Rules + OCR,0.31739390181890215,,,
AP-0000303,edi,,TX-0001-43105,Evergreen Consulting Group,INV-0001-000303,2025-12-19,2026-01-03,PO-252001,INR,14989.17,2698.05,17687.22,15.0,False,V-0001,A,False,EDI,2025-12-23 11:10:26.358,V-0001,tax_id,PO252001,V-0001,54592.71,INR,0,0,0,0,0,1,0,0,0,,0,Payment Terms Mismatch,1,Exception review,Rules + OCR,0.635263645335955,,,
AP-0001621,pdf_text,,TX-0087-76038,Atlas Digital Ltd.,INV-0087-001621,2025-12-18,2026-02-16,PO-252144,EUR,28028.77,5886.04,33914.81,60.0,False,V-0087,D,False,Email,2025-12-23 11:19:38.242,V-0087,tax_id,PO252144,V-0087,247775.26,EUR,0,0,0,0,0,0,0,0,0,,0,,0,Auto-approve,Rules + OCR,0.3634543858045201,,,
AP-0001566,edi,,TX-0017-46110,Cobalt Analytics Group,INV-0017-001566,2025-12-23,2026-01-22,PO-251799,GBP,3297.69,659.54,3957.23,30.0,False,V-0017,C,False,EDI,2025-12-23 11:56:47.283,V-0017,tax_id,PO251799,V-0017,19995.6,GBP,0,0,0,0,0,1,0,1,0,,0,Payment Terms Mismatch; High-Risk Vendor,2,Exception review,Rules + OCR,0.7010527448292179,,,
AP-0004864,pdf_text,,TX-0081-73770,Silverline Supply Group,INV-0081-004864,2025-12-18,2026-02-16,PO-250055,USD,5904.77,0.0,5904.77,60.0,False,V-0081,C,False,Supplier portal,2025-12-23 11:57:05.120,V-0081,tax_id,PO250055,V-0081,17547.63,USD,0,0,0,0,0,1,0,0,0,,0,Payment Terms Mismatch,1,Exception review,Rules + OCR,0.6326418708290118,,,
AP-0002180,pdf_text,,TX-0038-45747,Beacon Analytics Ltd.,INV-0038-002180,2025-12-23,2026-01-22,PO-252037,USD,8069.12,0.0,8069.12,30.0,False,V-0038,C,False,Supplier portal,2025-12-23 12:40:19.363,V-0038,tax_id,PO252037,V-0038,76058.9,USD,0,0,0,0,0,0,0,0,0,,0,,0,Auto-approve,Rules + OCR,0.3095726238578048,,,
AP-0001138,pdf_text,,TX-0055-46775,Silverline Analytics Group,INV-0055-001138,2025-12-23,2026-01-22,PO-252182,SGD,7476.88,672.92,8149.8,30.0,False,V-0055,C,False,Supplier portal,2025-12-23 16:18:27.667,V-0055,tax_id,PO252182,V-0055,85040.32,SGD,0,0,0,0,0,0,0,0,0,,0,,0,Auto-approve,Rules + OCR,0.35002310074735754,,,
AP-0001671,pdf_text,,TX-0108-54358,Summit Supply Ltd.,INV-0108-001671,2025-12-19,2026-02-17,PO-250355,CAD,13199.9,660.0,13859.9,60.0,False,V-0108,C,False,Email,2025-12-23 17:30:04.850,V-0108,tax_id,PO250355,V-0108,75110.39,CAD,0,0,0,0,0,0,0,0,0,,0,,0,Auto-approve,Rules + OCR,0.340899248624139,,,
AP-0003508,edi,,TX-0118-10046,Stonebridge Logistics Ltd.,INV-0118-003508,2025-12-22,2026-01-21,PO-251084,USD,14262.23,1176.63,15438.86,30.0,False,V-0118,C,False,EDI,2025-12-23 19:06:43.575,V-0118,tax_id,PO251084,V-0118,42593.97,USD,0,0,0,0,0,0,0,0,0,,0,,0,Auto-approve,Rules + OCR,0.3190511868704396,,,
AP-0004508,ocr,91.4528899767442,TX-0121-33255,Cobalt Systems Inc.,,,,,,,,,,False,V-0121,E,True,Email,2025-12-23 20:28:31.937,V-0121,tax_id,,,,,1,0,0,0,0,0,1,1,0,Missing field,1,Missing PO; Inactive Vendor; High-Risk Vendor,3,Data check,Rules + OCR,0.7670819129919509,,,
AP-0000054,pdf_text,,TX-0064-39165,Oakmont Supply Ltd.,INV-0064-000054,2025-12-20,2026-01-19,PO-251149,CAD,1045.93,52.3,1098.23,30.0,False,V-0064,B,False,Supplier portal,2025-12-23 21:39:04.406,V-0064,tax_id,PO251149,V-0064,9777.63,CAD,0,0,0,0,0,0,0,0,0,,0,,0,Auto-approve,Rules + OCR,0.31879238808330246,,,
AP-0004349,edi,,TX-0053-42836,Oakmont Supply Group,INV-0053-004349,2025-12-23,2026-01-22,PO-251041,SGD,99208.01,8928.72,108136.73,30.0,False,V-0053,C,False,EDI,2025-12-23 22:16:40.652,V-0053,tax_id,PO251041,V-0053,305074.81,SGD,0,0,0,0,0,0,0,0,0,,0,,0,Auto-approve,Rules + OCR,0.4144673505372557,,,
AP-0004149,pdf_text,,TX-0135-50499,Summit Systems LLC,INV-0135-004149,2025-12-21,2026-01-20,PO-251675,USD,1585.17,130.78,1715.95,30.0,False,V-0135,B,False,Email,2025-12-24 01:02:58.698,V-0135,tax_id,PO251675,V-0135,7016.71,USD,0,0,0,0,0,0,0,0,0,,0,,0,Auto-approve,Rules + OCR,0.33327860311608926,,,
AP-0003869,pdf_text,,TX-0106-56495,Oakmont Analytics Inc.,INV-0106-003869,2025-12-19,2026-02-02,PO-251166,USD,16349.43,0.0,16349.43,45.0,False,V-0106,A,False,Supplier portal,2025-12-24 01:38:46.308,V-0106,tax_id,PO251166,V-0106,102440.71,USD,0,0,0,0,0,0,0,0,0,,0,,0,Auto-approve,Rules + OCR,0.361508054793332,,,
AP-0002339,pdf_text,,TX-0054-19609,Crescent Logistics LLC,INV-0054-002339,2025-12-22,2026-01-21,PO-251111,USD,1889.71,155.9,2045.61,30.0,False,V-0054,A,False,Supplier portal,2025-12-24 07:07:33.091,V-0054,tax_id,PO251111,V-0054,6045.35,USD,0,0,0,0,0,0,0,0,0,,0,,0,Auto-approve,Rules + OCR,0.3126043009155047,,,
AP-0002390,pdf_text,,TX-0023-34364,Evergreen Systems LLC,INV-0023-002390,2025-12-21,2026-02-04,PO-252102,EUR,40544.88,8514.42,49059.3,45.0,False,V-0023,D,False,Email,2025-12-24 07:24:21.473,V-0023,tax_id,PO252102,V-0023,277876.47,EUR,0,0,0,0,0,0,0,0,0,,0,,0,Auto-approve,Rules + OCR,0.34372727886355736,,,
AP-0003768,edi,,TX-0019-24934,Redwood Systems LLC,INV-0019-003768,2025-12-21,2026-02-19,PO-250436,CAD,864.58,43.23,907.81,60.0,False,V-0019,B,False,EDI,2025-12-24 09:11:08.939,V-0019,tax_id,PO250436,V-0019,10259.74,CAD,0,0,0,0,0,0,0,0,0,,0,,0,Auto-approve,Rules + OCR,0.33152848107851673,,,
AP-0003241,pdf_text,,TX-0126-41894,Blue Ridge Digital LLC,INV-0126-003241,2025-12-19,2026-01-18,PO-251735,USD,41989.41,3464.13,45453.54,30.0,False,V-0126,C,False,Supplier portal,2025-12-24 12:22:33.552,V-0126,tax_id,PO251735,V-0126,187235.76,USD,0,0,0,0,0,0,0,0,0,,0,,0,Auto-approve,Rules + OCR,0.3188648658039521,,,
AP-0001505,edi,,TX-0044-84195,Blue Ridge Resources LLC,INV-0044-001505,2025-12-19,2026-01-03,PO-251682,USD,5180.03,0.0,5180.03,15.0,False,V-0044,B,False,EDI,2025-12-24 12:33:08.385,V-0044,tax_id,PO251682,V-0044,15352.83,USD,0,0,0,0,0,0,0,0,0,,0,,0,Auto-approve,Rules + OCR,0.32070289905175314,,,
AP-0003446,pdf_text,,TX-0137-44191,Pioneer Consulting Ltd.,INV-0137-000906,2025-12-24,2026-01-23,PO-251426,USD,15102.51,0.0,15102.51,30.0,False,V-0137,A,False,Email,2025-12-24 13:03:35.195,V-0137,tax_id,PO251426,V-0137,144554.43,USD,0,0,0,0,0,0,1,0,1,,0,Inactive Vendor; Duplicate Invoice,2,Exception review,Rules + OCR,0.6414982978436428,,,
AP-0003430,pdf_text,,TX-0004-83750,Harbor Networks Ltd.,,,,,,,226.41,,,False,V-0004,E,False,Supplier portal,2025-12-24 13:05:27.787,V-0004,tax_id,,,,,1,0,0,0,0,0,0,0,0,Missing field,1,Missing PO,1,Data check,Rules + OCR,0.648430226333723,,,
AP-0000545,edi,,TX-0112-59988,Crescent Systems Group,INV-0112-000536,2025-12-20,2026-01-19,PO-250898,USD,148780.25,0.0,148780.25,30.0,False,V-0112,C,False,EDI,2025-12-24 14:20:52.341,V-0112,tax_id,PO250898,V-0112,221677.68,USD,0,0,0,0,0,0,0,0,1,,0,Duplicate Invoice,1,Exception review,Rules + OCR,0.59666495489077,,,
AP-0003434,pdf_text,,TX-0049-19644,Harbor Resources LLC,INV-0049-003434,2025-12-21,2026-01-20,PO-251915,EUR,2135.05,448.36,2583.41,30.0,True,V-0049,D,False,Email,2025-12-24 14:44:03.977,V-0049,tax_id,PO251915,V-0049,17120.32,EUR,0,0,0,0,0,0,0,0,0,,0,,0,Auto-approve,Rules + OCR,0.31570427893035086,,,
AP-0003685,pdf_text,,TX-0140-96185,Blue Ridge Operations Inc.,INV-0140-003685,2025-12-20,2026-01-19,PO-251464,USD,6074.11,0.0,6074.11,30.0,False,V-0140,C,False,Supplier portal,2025-12-24 14:48:31.259,V-0140,tax_id,PO251464,V-0140,17397.74,USD,0,0,0,0,0,0,0,0,0,,0,,0,Auto-approve,Rules + OCR,0.2869024696426452,,,
AP-0000713,ocr,95.40898016853932,TX-0091-39995,Oakmont Advisors Group,INV-0091-000713,2025-12-24,2026-02-22,PO-251369,SGD,12614.06,1135.27,13749.33,60.0,False,V-0091,B,True,Email,2025-12-24 15:39:48.718,V-0091,tax_id,PO251369,V-0091,76564.58,SGD,0,0,0,0,0,0,0,0,0,,0,,0,Auto-approve,Rules + OCR,0.3791222894675243,,,
AP-0000581,pdf_text,,TX-0081-73770,Silverline Supply Group,INV-0081-000581,2025-12-23,2026-01-22,PO-250055,USD,1238.48,0.0,1238.48,30.0,True,V-0081,C,False,Supplier portal,2025-12-24 21:03:51.406,V-0081,tax_id,PO250055,V-0081,17547.63,USD,0,0,0,0,0,0,0,0,0,,0,,0,Auto-approve,Rules + OCR,0.3263717194927163,,,
AP-0001544,ocr,92.68953215217392,TX-0125-42798,Brightpath Resources Ltd.,INV-0125-001544,2025-12-19,2026-01-18,PO-250378,EUR,1605.64,337.19,1942.83,30.0,False,V-0125,D,True,Email,2025-12-24 21:29:07.529,V-0125,tax_id,PO250378,V-0125,21008.87,EUR,0,0,0,0,0,0,0,0,0,,0,,0,Auto-approve,Rules + OCR,0.3400176022840447,,,
AP-0004333,pdf_text,,TX-0002-28786,Cobalt Services LLC,INV-0002-004333,2025-12-24,2026-01-08,PO-252002,INR,1744.56,314.02,2058.58,15.0,False,V-0002,C,False,Supplier portal,2025-12-24 22:17:15.221,V-0002,tax_id,PO252002,V-0002,39520.8,INR,0,0,0,0,0,0,1,0,0,,0,Inactive Vendor,1,Exception review,Rules + OCR,0.6859151418842115,,,
AP-0000358,pdf_text,,TX-0053-42836,Oakmont Supply Group,INV-0053-000358,2025-12-23,2026-01-22,PO-251722,SGD,1872.05,168.48,2040.53,30.0,False,V-0053,C,False,Supplier portal,2025-12-24 22:37:06.257,V-0053,tax_id,PO251722,V-0053,16767.81,SGD,0,0,0,0,0,0,0,0,0,,0,,0,Auto-approve,Rules + OCR,0.3464062598593641,,,
AP-0002694,pdf_text,,TX-0105-55701,Ironwood Analytics Inc.,INV-0105-002694,2025-12-25,2026-02-08,PO-250689,USD,12192.5,0.0,12192.5,45.0,False,V-0105,C,False,Supplier portal,2025-12-25 04:06:49.312,V-0105,tax_id,PO250689,V-0105,34672.44,USD,0,0,0,0,0,0,0,0,0,,0,,0,Auto-approve,Rules + OCR,0.331341655295458,,,
AP-0003501,pdf_text,,TX-0117-90487,Atlas Consulting LLC,INV-0117-003501,2025-12-24,2026-01-08,PO-250282,CAD,15841.38,792.07,16633.45,15.0,False,V-0117,C,False,Supplier portal,2025-12-25 04:52:54.910,V-0117,tax_id,PO250282,V-0117,58463.36,CAD,0,0,0,0,0,1,0,0,0,,0,Payment Terms Mismatch,1,Exception review,Rules + OCR,0.6136065746574891,,,
AP-0001893,pdf_text,,TX-0131-83608,Copperfield Systems LLC,INV-0131-001893,2025-12-20,2026-01-19,PO-250042,USD,4121.21,0.0,4121.21,30.0,False,V-0131,A,False,Supplier portal,2025-12-25 04:55:49.800,V-0131,tax_id,PO250042,V-0131,38013.89,USD,0,0,0,0,0,0,0,0,0,,0,,0,Auto-approve,Rules + OCR,0.3125046629923383,,,
AP-0002080,pdf_text,,TX-0086-70653,Summit Systems LLC,INV-0086-002080,2025-12-25,2026-02-08,PO-251841,USD,18576.04,1532.52,20108.56,45.0,False,V-0086,B,False,Supplier portal,2025-12-25 05:00:05.543,V-0086,tax_id,PO251841,V-0086,55547.53,USD,0,0,0,0,0,0,0,0,0,,0,,0,Auto-approve,Rules + OCR,0.2995454832332264,,,
AP-0002685,ocr,94.50007859302326,,Atlas Supply Group,INV-0132-002685,2025-12-23,2026-02-21,PO-252131,USD,35770.94,2951.1,38722.04,60.0,False,V-0132,A,True,Email,2025-12-25 06:22:01.983,V-0132,name,PO252131,V-0132,105811.67,USD,0,0,0,0,0,0,0,0,0,,0,,0,Auto-approve,Rules + OCR,0.34011360760974113,,,
AP-0004789,pdf_text,,TX-0004-83750,Harbor Networks Ltd.,,,,,,,151.44,,,False,V-0004,E,False,Supplier portal,2025-12-25 07:42:13.173,V-0004,tax_id,,,,,1,0,0,0,0,0,0,0,0,Missing field,1,Missing PO,1,Data check,Rules + OCR,0.6467659350071859,,,
AP-0002309,pdf_text,,TX-0051-19602,Summit Digital Ltd.,,,,,,,,,,False,V-0051,E,False,Email,2025-12-25 08:47:08.649,V-0051,tax_id,,,,,1,0,0,0,0,0,0,0,0,Missing field,1,Missing PO,1,Data check,Rules + OCR,0.608286153273268,,,
AP-0004694,pdf_text,,TX-0049-19644,Harbor Resources LLC,INV-0049-004694,2025-12-22,2026-01-21,PO-251915,EUR,1798.0,377.58,2175.58,30.0,False,V-0049,D,False,Supplier portal,2025-12-25 09:07:45.273,V-0049,tax_id,PO251915,V-0049,17120.32,EUR,0,0,0,0,0,0,0,0,0,,0,,0,Auto-approve,Rules + OCR,0.3082420883173823,,,
AP-0004014,ocr,95.64153949411764,TX-0063-67062,Copperfield Systems Inc.,,,,,,,4145.81,,,False,V-0063,E,True,Email,2025-12-25 09:15:11.159,V-0063,tax_id,,,,,1,0,0,0,0,0,0,0,0,Missing field,1,Missing PO,1,Data check,Rules + OCR,0.6286749231106307,,,
AP-0001508,pdf_text,,TX-0065-32403,Stonebridge Networks Inc.,INV-0065-001508,2025-12-22,2026-01-21,PO-251677,USD,16072.2,0.0,16072.2,30.0,False,V-0065,C,False,Supplier portal,2025-12-25 09:36:18.999,V-0065,tax_id,PO251677,V-0065,65247.52,USD,0,0,0,0,0,0,0,0,0,,0,,0,Auto-approve,Rules + OCR,0.3084525992535276,,,
AP-0003026,pdf_text,,TX-0108-54358,Summit Supply Ltd.,INV-0108-003026,2025-12-25,2026-02-23,PO-250355,CAD,85277.5,4263.87,89541.37,60.0,False,V-0108,C,False,Supplier portal,2025-12-25 10:01:22.237,V-0108,tax_id,PO250355,V-0108,75110.39,CAD,0,0,0,0,1,0,0,0,0,,0,Invoice Over PO,1,Exception review,Rules + OCR,0.6643665508502573,,,
AP-0004932,ocr,94.30645994936708,TX-0063-67062,Copperfield Systems Inc.,,,,,,,209.87,,,False,V-0063,E,True,Email,2025-12-25 12:07:27.389,V-0063,tax_id,,,,,1,0,0,0,0,0,0,0,0,Missing field,1,Missing PO,1,Data check,Rules + OCR,0.5519354337315587,,,
AP-0003972,edi,,TX-0135-50499,Stonebridge Systems LLC,INV-0135-003972,2025-12-22,2026-01-21,PO-251077,USD,17119.6,1412.37,18531.97,30.0,False,V-0135,B,False,EDI,2025-12-25 13:40:51.960,V-0135,tax_id,PO251077,V-0135,71952.17,USD,0,0,0,0,0,0,0,0,0,,0,,0,Auto-approve,Rules + OCR,0.3214479986458336,,,
AP-0001184,pdf_text,,TX-0140-96185,Blue Ridge Operations Inc.,INV-0140-001184,2025-12-20,2026-01-19,PO-251819,USD,6887.94,0.0,6887.94,30.0,False,V-0140,C,False,Supplier portal,2025-12-25 15:15:58.934,V-0140,tax_id,PO251819,V-0140,72785.76,USD,0,0,0,0,0,0,0,0,0,,0,,0,Auto-approve,Rules + OCR,0.30874479780716746,,,
AP-0000287,pdf_text,,TX-0115-48708,Ironwood Services Group,INV-0115-000287,2025-12-20,2026-01-04,PO-251488,EUR,3205.85,673.23,3879.08,15.0,False,V-0115,D,False,Supplier portal,2025-12-25 15:56:57.591,V-0115,tax_id,PO251488,V-0115,14438.33,EUR,0,0,0,0,0,0,0,0,0,,0,,0,Auto-approve,Rules + OCR,0.3260512243927741,,,
AP-0000755,pdf_text,,TX-0031-87911,Lighthouse Systems Inc.,,,,,,,,,,False,V-0031,E,False,Email,2025-12-25 20:43:06.502,V-0031,tax_id,,,,,1,0,0,0,0,0,0,1,0,Missing field,1,Missing PO; High-Risk Vendor,2,Data check,Rules + OCR,0.6975964764637428,,,
AP-0001729,edi,,TX-0135-50499,Stonebridge Systems LLC,INV-0135-001729,2025-12-22,2026-01-21,PO-250150,USD,1744.2,143.9,1888.1,30.0,False,V-0135,B,False,EDI,2025-12-25 21:38:26.986,V-0135,tax_id,PO250150,V-0135,39817.76,USD,0,0,0,0,0,0,0,0,0,,0,,0,Auto-approve,Rules + OCR,0.32871912864307135,,,
AP-0002749,edi,,TX-0127-49996,Ironwood Solutions Inc.,INV-0127-002749,2025-12-21,2026-02-04,PO-252019,USD,907.25,74.85,982.1,45.0,False,V-0127,A,False,EDI,2025-12-26 02:54:51.676,V-0127,tax_id,PO252019,V-0127,12538.82,USD,0,0,0,0,0,0,0,0,0,,0,,0,Auto-approve,Rules + OCR,0.34550274753948623,,,
AP-0003197,ocr,95.49299288541664,TX-0062-17232,Summit Systems LLC,,,,,USD,319.2,0.0,319.2,,False,V-0062,B,True,Email,2025-12-26 02:58:45.981,V-0062,tax_id,,,,,1,0,0,0,0,0,0,0,0,Missing field,1,Missing PO,1,Data check,Rules + OCR,0.6574497673434657,,,
AP-0003116,pdf_text,,TX-0041-11074,Juniper Advisors Ltd.,,,,,,,201.64,,,False,V-0041,E,False,Email,2025-12-26 05:23:47.485,V-0041,tax_id,,,,,1,0,0,0,0,0,0,0,0,Missing field,1,Missing PO,1,Data check,Rules + OCR,0.6319881192495027,,,
AP-0003217,pdf_text,,TX-0105-55701,Ironwood Analytics Inc.,INV-0105-003217,2025-12-25,2026-02-08,PO-251076,USD,14151.93,0.0,14151.93,45.0,False,V-0105,C,False,Supplier portal,2025-12-26 06:04:42.500,V-0105,tax_id,PO251076,V-0105,10381.67,USD,0,0,0,0,1,0,0,0,0,,0,Invoice Over PO,1,Exception review,Rules + OCR,0.6328531350250859,,,
AP-0003553,edi,,TX-0016-44050,Redwood Consulting LLC,INV-0016-003553,2025-12-26,2026-01-10,PO-250864,EUR,29217.49,6135.67,35353.16,15.0,False,V-0016,D,False,EDI,2025-12-26 10:50:28.696,V-0016,tax_id,PO250864,V-0016,105873.66,EUR,0,0,0,0,0,0,0,0,0,,0,,0,Auto-approve,Rules + OCR,0.3429631178258141,,,
AP-0003782,ocr,93.0021645647059,TX-0028-83716,Harbor Consulting Ltd.,,,,,,,429.6,,,False,V-0028,E,True,Email,2025-12-26 12:50:55.116,V-0028,tax_id,,,,,1,0,0,0,0,0,1,0,0,Missing field,1,Missing PO; Inactive Vendor,2,Data check,Rules + OCR,0.7636823856822951,,,
AP-0001669,pdf_text,,TX-0032-86220,Harbor Networks Group,INV-0032-001669,2025-12-26,2026-02-09,PO-250964,SGD,42372.58,3813.53,46186.11,45.0,False,V-0032,A,False,Supplier portal,2025-12-26 13:26:27.712,V-0032,tax_id,PO250964,V-0032,31527.49,SGD,0,0,0,0,1,0,0,0,0,,0,Invoice Over PO,1,Exception review,Rules + OCR,0.6595564249218823,,,
AP-0000983,pdf_text,,TX-0037-24439,Redwood Supply LLC,INV-0037-000983,2025-12-22,2026-01-21,PO-251961,EUR,7737.54,1624.88,9362.42,30.0,True,V-0037,D,False,Supplier portal,2025-12-26 13:56:33.451,V-0037,tax_id,PO251961,V-0037,69606.21,EUR,0,0,0,0,0,0,0,0,0,,0,,0,Auto-approve,Rules + OCR,0.31972736642016236,,,
AP-0001514,pdf_text,,TX-0086-70653,Summit Systems LLC,INV-0086-001514,2025-12-21,2026-02-04,PO-251840,USD,21911.95,1807.74,23719.69,45.0,False,V-0086,B,False,Supplier portal,2025-12-26 14:10:56.224,V-0086,tax_id,PO251840,V-0086,115411.94,USD,0,0,0,0,0,0,0,0,0,,0,,0,Auto-approve,Rules + OCR,0.33617415513402854,,,
AP-0003849,pdf_text,,TX-0022-47741,Lighthouse Solutions LLC,,,,,,,,,,False,V-0022,E,False,Supplier portal,2025-12-26 14:22:37.352,V-0022,tax_id,,,,,1,0,0,0,0,0,0,1,0,Missing field,1,Missing PO; High-Risk Vendor,2,Data check,Rules + OCR,0.6922326290794856,,,
AP-0001431,ocr,93.28304271910112,TX-0006-57912,Beacon Solutions LLC,INV-0006-001431,2025-12-26,2026-02-24,PO-252230,CAD,19844.01,992.2,20836.21,60.0,False,V-0006,B,True,Email,2025-12-26 18:45:39.424,V-0006,tax_id,PO252230,V-0006,55001.59,CAD,0,0,0,0,0,0,0,0,0,,0,,0,Auto-approve,Rules + OCR,0.3322437978451111,,,
AP-0004936,pdf_text,,TX-0113-54591,Stonebridge Logistics Inc.,INV-0113-004936,2025-12-25,2026-02-08,PO-250738,EUR,2076.26,436.02,2512.28,45.0,False,V-0113,D,False,Supplier portal,2025-12-26 19:54:13.938,V-0113,tax_id,PO250738,V-0113,10286.72,EUR,0,0,0,0,0,0,0,0,0,,0,,0,Auto-approve,Rules + OCR,0.3512528435106395,,,
AP-0002417,ocr,90.8284827037037,TX-0087-76038,Atlas Digital Ltd.,INV-0087-002417,2025-12-23,2026-01-07,,EUR,39508.26,8296.74,47805.0,15.0,False,V-0087,D,True,Email,2025-12-26 20:15:44.948,V-0087,tax_id,,,,,1,0,0,0,0,1,0,0,0,,0,Missing PO; Payment Terms Mismatch,2,Exception review,Rules + OCR,0.7163990044472676,,,
AP-0001675,edi,,TX-0090-82710,Copperfield Advisors Ltd.,INV-0090-001675,2025-12-22,2026-02-05,PO-252058,USD,9018.35,0.0,9018.35,45.0,False,V-0090,B,False,EDI,2025-12-26 20:34:52.902,V-0090,tax_id,PO252058,V-0090,32756.22,USD,0,0,0,0,0,0,0,0,0,,0,,0,Auto-approve,Rules + OCR,0.3511538733960508,,,
AP-0004862,edi,,TX-0002-28786,Cobalt Services LLC,INV-0002-004862,2025-12-21,2026-01-05,PO-252002,INR,6899.44,1241.9,8141.34,15.0,False,V-0002,C,False,EDI,2025-12-26 20:54:05.832,V-0002,tax_id,PO252002,V-0002,39520.8,INR,0,0,0,0,0,0,1,0,0,,0,Inactive Vendor,1,Exception review,Rules + OCR,0.6827034912878284,,,
AP-0002897,pdf_text,,TX-0024-91040,Evergreen Solutions Inc.,INV-0024-002897,2025-12-21,2026-01-05,PO-250086,EUR,5676.1,1191.98,6868.08,15.0,False,V-0024,D,False,Supplier portal,2025-12-26 23:04:59.014,V-0024,tax_id,PO250086,V-0024,51934.65,EUR,0,0,0,0,0,0,0,0,0,,0,,0,Auto-approve,Rules + OCR,0.3256076925695271,,,
AP-0003438,ocr,95.07196125714285,TX-0029-56211,Crescent Technologies LLC,INV-0029-003438,2025-12-21,2026-01-05,PO-252138,USD,,43874.48,47494.12,15.0,False,V-0029,C,True,Email,2025-12-26 23:55:30.007,V-0029,tax_id,PO252138,V-0029,135876.64,USD,0,0,0,0,0,0,0,0,0,,0,,0,Auto-approve,Rules + OCR,0.31499547813982676,,,
AP-0004876,pdf_text,,TX-0037-24439,Redwood Supply LLC,INV-0037-004876,2025-12-26,2026-01-10,PO-252161,EUR,5073.53,1065.44,6138.97,15.0,False,V-0037,D,False,Supplier portal,2025-12-26 23:59:31.260,V-0037,tax_id,PO252161,V-0037,144911.1,EUR,0,0,0,0,0,1,0,0,0,,0,Payment Terms Mismatch,1,Exception review,Rules + OCR,0.6310056543162835,,,
AP-0001049,edi,,TX-0085-56800,Silverline Analytics Inc.,INV-0085-001049,2025-12-25,2026-01-24,PO-251401,USD,4106.62,0.0,4106.62,30.0,False,V-0085,B,False,EDI,2025-12-27 02:04:43.920,V-0085,tax_id,PO251401,V-0085,34917.04,USD,0,0,0,0,0,0,0,0,0,,0,,0,Auto-approve,Rules + OCR,0.3384775255323587,,,
AP-0002628,pdf_text,,TX-0115-48708,Ironwood Services Group,INV-0115-002628,2025-12-22,2026-01-06,PO-250010,EUR,2193.88,460.71,2654.59,15.0,False,V-0115,D,False,Supplier portal,2025-12-27 02:31:48.035,V-0115,tax_id,PO250010,V-0115,10682.93,EUR,0,0,0,0,0,0,0,0,0,,0,,0,Auto-approve,Rules + OCR,0.34155962236995524,,,
AP-0002202,edi,,TX-0009-87210,Blue Ridge Supply LLC,INV-0009-002202,2025-12-25,2026-02-08,PO-252126,USD,11982.56,0.0,11982.56,45.0,False,V-0009,B,False,EDI,2025-12-27 03:32:43.327,V-0009,tax_id,PO252126,V-0009,80788.83,USD,0,0,0,0,0,0,0,0,0,,0,,0,Auto-approve,Rules + OCR,0.33452482922907284,,,
AP-0002235,pdf_text,,TX-0001-43105,Evergreen Consulting Group,INV-0001-002235,2025-12-25,2026-01-24,PO-251434,INR,14593.86,2626.9,17220.76,30.0,False,V-0001,A,False,Supplier portal,2025-12-27 05:15:37.605,V-0001,tax_id,PO251434,V-0001,46557.32,INR,0,0,0,0,0,0,0,0,0,,0,,0,Auto-approve,Rules + OCR,0.3098036532824298,,,
AP-0004180,pdf_text,,TX-0035-47483,Pioneer Networks Ltd.,,,,,,,,,,False,V-0035,E,False,Supplier portal,2025-12-27 05:40:20.079,V-0035,tax_id,,,,,1,0,0,0,0,0,0,0,0,Missing field,1,Missing PO,1,Data check,Rules + OCR,0.6763043295322929,,,
AP-0000558,pdf_text,,TX-0092-15472,Summit Resources Group,INV-0092-000558,2025-12-24,2026-01-08,PO-251236,USD,39968.69,0.0,39968.69,15.0,False,V-0092,A,False,Supplier portal,2025-12-27 05:51:08.693,V-0092,tax_id,PO251236,V-0092,159450.5,USD,0,0,0,0,0,0,0,0,0,,0,,0,Auto-approve,Rules + OCR,0.3162397823311195,,,
AP-0003963,pdf_text,,TX-0045-69725,Atlas Services LLC,INV-0045-003963,2025-12-24,2026-02-07,PO-252369,USD,4709.31,0.0,4709.31,45.0,False,V-0045,A,False,Supplier portal,2025-12-27 05:58:44.050,V-0045,tax_id,PO252369,V-0045,13854.1,USD,0,0,0,0,0,0,0,0,0,,0,,0,Auto-approve,Rules + OCR,0.3288858625413096,,,
AP-0003973,ocr,95.55958734042554,TX-0107-50949,Silverline Advisors Inc.,INV-0107-003973,2025-12-25,2026-02-23,PO-250140,USD,2360.32,194.73,2555.05,60.0,False,V-0107,C,True,Email,2025-12-27 07:16:33.779,V-0107,tax_id,PO250140,V-0107,20658.61,USD,0,0,0,0,0,0,0,0,0,,0,,0,Auto-approve,Rules + OCR,0.3664523120446974,,,
AP-0004983,edi,,TX-0050-69493,Ironwood Services Ltd.,INV-0050-004983,2025-12-22,2026-01-21,PO-250070,USD,18325.14,0.0,18325.14,30.0,False,V-0050,A,False,EDI,2025-12-27 07:43:11.585,V-0050,tax_id,PO250070,V-0050,70447.52,USD,0,0,0,0,0,0,0,0,0,,0,,0,Auto-approve,Rules + OCR,0.3356358203114219,,,
AP-0002185,edi,,TX-0064-39165,Summit Consulting Inc.,INV-0064-002185,2025-12-23,2026-01-22,PO-251972,CAD,28985.21,1449.26,30434.47,30.0,False,V-0064,B,False,EDI,2025-12-27 09:34:19.576,V-0064,tax_id,PO251972,V-0064,93928.8,CAD,0,0,0,0,0,0,0,0,0,,0,,0,Auto-approve,Rules + OCR,0.3274371841627536,,,
AP-0004751,pdf_text,,TX-0047-37316,Stonebridge Advisors Group,INV-0047-004751,2025-12-27,2026-02-10,PO-252344,EUR,1197.39,251.45,1448.84,45.0,False,V-0047,D,False,Supplier portal,2025-12-27 10:07:33.351,V-0047,tax_id,PO252344,V-0047,9652.86,EUR,0,0,0,0,0,1,0,0,0,,0,Payment Terms Mismatch,1,Exception review,Rules + OCR,0.6253226844081868,,,
AP-0004090,pdf_text,,TX-0112-59988,Crescent Systems Group,INV-0112-004090,2025-12-23,2026-01-22,PO-250898,USD,28529.63,0.0,28529.63,30.0,False,V-0112,C,False,Supplier portal,2025-12-27 10:19:48.410,V-0112,tax_id,PO250898,V-0112,221677.68,USD,0,0,0,0,0,0,0,0,0,,0,,0,Auto-approve,Rules + OCR,0.3059477000947553,,,
AP-0003942,edi,,TX-0006-57912,Copperfield Digital Group,INV-0006-003942,2025-12-22,2026-02-20,PO-250510,CAD,62824.6,3141.23,65965.83,60.0,False,V-0006,B,False,EDI,2025-12-27 10:43:30.173,V-0006,tax_id,PO250510,V-0006,54927.98,CAD,0,0,0,0,1,0,0,0,0,,0,Invoice Over PO,1,Exception review,Rules + OCR,0.604088675666733,,,
AP-0002842,pdf_text,,TX-0055-46775,Silverline Analytics Group,INV-0055-002842,2025-12-24,2026-01-23,PO-252182,SGD,20162.29,1814.61,21976.9,30.0,False,V-0055,C,False,Email,2025-12-27 12:42:01.490,V-0055,tax_id,PO252182,V-0055,85040.32,SGD,0,0,0,0,0,0,0,0,0,,0,,0,Auto-approve,Rules + OCR,0.35463277286988837,,,
AP-0003390,pdf_text,,TX-0042-54837,Summit Systems LLC,INV-0042-003390,2025-12-26,2026-02-24,PO-250570,USD,1366.85,0.0,1366.85,60.0,False,V-0042,B,False,Email,2025-12-27 14:47:31.656,V-0042,tax_id,PO250570,V-0042,20022.47,USD,0,0,0,0,0,0,0,0,0,,0,,0,Auto-approve,Rules + OCR,0.36356297299308776,,,
AP-0000641,pdf_text,,TX-0097-36111,Clearview Analytics Ltd.,INV-0097-000641,2025-12-23,2026-02-06,PO-251282,GBP,2306.03,461.21,2767.24,45.0,False,V-0097,A,False,Supplier portal,2025-12-27 17:37:29.595,V-0097,tax_id,PO251282,V-0097,8464.86,GBP,0,0,0,0,0,0,0,0,0,,0,,0,Auto-approve,Rules + OCR,0.3954625251617384,,,
AP-0003833,ocr,92.78212848421052,TX-0014-36758,Summit Logistics Group,,,,,,,,,,False,V-0014,E,True,Email,2025-12-27 18:29:10.083,V-0014,tax_id,,,,,1,0,0,0,0,0,0,0,0,Missing field,1,Missing PO,1,Data check,Rules + OCR,0.5955939571338119,,,
AP-0004854,pdf_text,,TX-0104-57614,Oakmont Operations Group,INV-0104-004854,2025-12-26,2026-01-10,PO-252091,USD,3817.87,0.0,3817.87,15.0,False,V-0104,C,False,Supplier portal,2025-12-27 18:33:31.180,V-0104,tax_id,PO252091,V-0104,11682.06,USD,0,0,0,0,0,0,0,0,0,,0,,0,Auto-approve,Rules + OCR,0.3226340964854103,,,
AP-0003097,edi,,TX-0096-18776,Copperfield Systems Group,INV-0096-003097,2025-12-23,2026-02-21,PO-251328,CAD,78794.35,3939.72,82734.07,60.0,False,V-0096,A,False,EDI,2025-12-27 18:34:41.571,V-0096,tax_id,PO251328,V-0096,70954.41,CAD,0,0,0,0,1,1,0,0,0,,0,Invoice Over PO; Payment Terms Mismatch,2,Exception review,Rules + OCR,0.7039335897404108,,,
AP-0003384,pdf_text,,TX-0119-27534,Evergreen Systems Group,,,,,,,5553.14,,,False,V-0119,E,False,Supplier portal,2025-12-27 18:48:45.832,V-0119,tax_id,,,,,1,0,0,0,0,0,0,0,0,Missing field,1,Missing PO,1,Data check,Rules + OCR,0.6389859489353044,,,
AP-0002649,edi,,TX-0083-82789,Pioneer Services Group,INV-0083-002649,2025-12-27,2026-01-26,PO-251412,USD,15411.24,1271.43,16682.67,30.0,False,V-0083,B,False,EDI,2025-12-27 18:50:59.975,V-0083,tax_id,PO251412,V-0083,46553.28,USD,0,0,0,0,0,1,0,0,0,,0,Payment Terms Mismatch,1,Exception review,Rules + OCR,0.6048952127123772,,,
AP-0002518,pdf_text,,TX-0025-19498,Summit Systems LLC,INV-0025-002518,2025-12-23,2026-02-21,PO-250162,USD,4750.92,391.95,5142.87,60.0,False,V-0025,B,False,Email,2025-12-27 19:07:24.420,V-0025,tax_id,PO250162,V-0025,14782.05,USD,0,0,0,0,0,0,0,0,0,,0,,0,Auto-approve,Rules + OCR,0.33618262946344835,,,
AP-0003252,pdf_text,,TX-0120-96327,Oakmont Advisors Group,INV-0120-003252,2025-12-23,2026-01-22,PO-250366,CAD,8512.76,425.64,8938.4,30.0,False,V-0120,C,False,Supplier portal,2025-12-27 19:33:35.800,V-0120,tax_id,PO250366,V-0120,32811.93,CAD,0,0,0,0,0,0,0,0,0,,0,,0,Auto-approve,Rules + OCR,0.3200086254090108,,,
AP-0002689,edi,,TX-0077-86128,Cobalt Operations LLC,INV-0077-002689,2025-12-22,2026-02-20,PO-250108,USD,43395.62,0.0,43395.62,60.0,False,V-0077,B,False,EDI,2025-12-27 19:43:26.810,V-0077,tax_id,PO250108,V-0077,255775.11,USD,0,0,0,0,0,1,0,0,0,,0,Payment Terms Mismatch,1,Exception review,Rules + OCR,0.5915175651316621,,,
AP-0000637,pdf_text,,TX-0059-74622,Pioneer Solutions Group,INV-0059-000637,2025-12-25,2026-02-08,PO-251186,USD,6388.06,527.02,6915.08,45.0,False,V-0059,A,False,Supplier portal,2025-12-27 21:09:21.178,V-0059,tax_id,PO251186,V-0059,28161.33,USD,0,0,0,0,0,0,1,0,0,,0,Inactive Vendor,1,Exception review,Rules + OCR,0.592946701086936,,,
AP-0004675,pdf_text,,TX-0084-70345,Redwood Supply LLC,INV-0084-004675,2025-12-22,2026-01-21,PO-250272,EUR,8643.04,1815.04,10458.08,30.0,False,V-0084,D,False,Email,2025-12-27 21:44:56.743,V-0084,tax_id,PO250272,V-0084,62432.47,EUR,0,0,0,0,0,0,0,0,0,,0,,0,Auto-approve,Rules + OCR,0.32549545052779116,,,
AP-0000051,pdf_text,,TX-0049-19644,Harbor Resources LLC,INV-0049-000051,2025-12-26,2026-01-25,PO-250477,EUR,3254.16,683.37,3937.53,30.0,False,V-0049,D,False,Supplier portal,2025-12-27 23:08:06.294,V-0049,tax_id,PO250477,V-0049,14553.34,EUR,0,0,0,0,0,0,0,0,0,,0,,0,Auto-approve,Rules + OCR,0.3314533706049417,,,
AP-0002556,pdf_text,,TX-0118-10046,Stonebridge Logistics Ltd.,INV-0118-002556,2025-12-27,2026-01-26,PO-251084,USD,9390.23,774.69,10164.92,30.0,False,V-0118,C,False,Email,2025-12-27 23:59:30.186,V-0118,tax_id,PO251084,V-0118,42593.97,USD,0,0,0,0,0,0,0,0,0,,0,,0,Auto-approve,Rules + OCR,0.3293031155602626,,,
AP-0004157,edi,,TX-0102-39905,Blue Ridge Analytics Inc.,INV-0102-004157,2025-12-28,2026-01-12,PO-251392,EUR,2070.23,434.75,2504.98,15.0,False,V-0102,D,False,EDI,2025-12-28 00:02:08.427,V-0102,tax_id,PO251392,V-0102,54239.91,EUR,0,0,0,0,0,0,0,0,0,,0,,0,Auto-approve,Rules + OCR,0.31335604578122606,,,
AP-0003266,pdf_text,,TX-0061-83099,Copperfield Services Inc.,INV-0061-003266,2025-12-24,2026-01-23,PO-251480,USD,22962.05,0.0,22962.05,30.0,False,V-0061,C,False,Supplier portal,2025-12-28 02:21:31.444,V-0061,tax_id,PO251480,V-0061,118328.65,USD,0,0,0,0,0,0,0,0,0,,0,,0,Auto-approve,Rules + OCR,0.33923714488163087,,,
AP-0003873,pdf_text,,TX-0007-69764,Redwood Logistics Ltd.,INV-0007-003873,2025-12-26,2026-01-10,PO-250437,INR,2424.07,436.33,2860.4,15.0,False,V-0007,A,False,Supplier portal,2025-12-28 03:07:41.010,V-0007,tax_id,PO250437,V-0007,12842.91,INR,0,0,0,0,0,0,0,0,0,,0,,0,Auto-approve,Rules + OCR,0.34462012979798307,,,
AP-0003658,edi,,TX-0090-82710,Copperfield Advisors Ltd.,INV-0090-003658,2025-12-24,2026-02-07,PO-251828,USD,31953.48,0.0,31953.48,45.0,False,V-0090,B,False,EDI,2025-12-28 04:59:25.377,V-0090,tax_id,PO251828,V-0090,264389.51,USD,0,0,0,0,0,0,0,0,0,,0,,0,Auto-approve,Rules + OCR,0.347654157616911,,,
AP-0004469,pdf_text,,TX-0089-88461,Atlas Supply LLC,,,,,,,,,,False,V-0089,E,False,Supplier portal,2025-12-28 06:06:51.715,V-0089,tax_id,,,,,1,0,0,0,0,0,0,0,0,Missing field,1,Missing PO,1,Data check,Rules + OCR,0.6556432211705022,,,
AP-0000459,pdf_text,,TX-0054-19609,Crescent Logistics LLC,INV-0054-000459,2025-12-25,2026-01-24,PO-250127,USD,1090.56,89.97,1180.53,30.0,False,V-0054,A,False,Supplier portal,2025-12-28 08:15:38.071,V-0054,tax_id,PO250127,V-0054,12164.06,USD,0,0,0,0,0,0,0,0,0,,0,,0,Auto-approve,Rules + OCR,0.3205729146593634,,,
AP-0001615,ocr,95.63650534042554,TX-0131-83608,Copperfield Systems LLC,INV-0131-001615,2025-12-24,2026-01-23,PO-250735,USD,3519.9,0.0,3519.9,30.0,False,V-0131,A,True,Email,2025-12-28 12:18:12.883,V-0131,tax_id,PO250735,V-0131,10656.36,USD,0,0,0,0,0,0,0,0,0,,0,,0,Auto-approve,Rules + OCR,0.32154015676166153,,,
AP-0004720,pdf_text,,TX-0102-39905,Blue Ridge Analytics Inc.,INV-0102-004720,2025-12-27,2026-01-11,PO-251195,EUR,11416.17,2397.39,13813.56,15.0,False,V-0102,D,False,Supplier portal,2025-12-28 12:35:24.997,V-0102,tax_id,PO251195,V-0102,105504.57,EUR,0,0,0,0,0,0,0,0,0,,0,,0,Auto-approve,Rules + OCR,0.3307118934463483,,,
AP-0000064,pdf_text,,TX-0120-96327,Oakmont Advisors Group,INV-0120-000064,2025-12-27,2026-01-26,PO-250803,CAD,3747.64,187.38,3935.02,30.0,False,V-0120,C,False,Supplier portal,2025-12-28 16:35:59.967,V-0120,tax_id,PO250803,V-0120,16202.83,CAD,0,0,0,0,0,0,0,0,0,,0,,0,Auto-approve,Rules + OCR,0.30648385542043816,,,
AP-0000852,pdf_text,,TX-0113-54591,Stonebridge Logistics Inc.,INV-0113-000852,2025-12-26,2026-02-09,PO-251406,EUR,72707.4,15268.56,87975.96,45.0,False,V-0113,D,False,Supplier portal,2025-12-28 16:42:58.604,V-0113,tax_id,PO251406,V-0113,341370.8,EUR,0,0,0,0,0,0,0,0,0,,0,,0,Auto-approve,Rules + OCR,0.3770363857300334,,,
AP-0000735,pdf_text,,TX-0038-45747,Beacon Analytics Ltd.,INV-0038-000735,2025-12-28,2026-01-12,PO-251181,USD,5336.4,0.0,5336.4,15.0,False,V-0038,C,False,Supplier portal,2025-12-28 17:44:03.156,V-0038,tax_id,PO251181,V-0038,33796.61,USD,0,0,0,0,0,1,0,0,0,,0,Payment Terms Mismatch,1,Exception review,Rules + OCR,0.627124909247636,,,
AP-0002969,pdf_text,,TX-0028-83716,Harbor Consulting Ltd.,,,,,,,6582.03,,,False,V-0028,E,False,Supplier portal,2025-12-28 19:26:35.000,V-0028,tax_id,,,,,1,0,0,0,0,0,1,0,0,Missing field,1,Missing PO; Inactive Vendor,2,Data check,Rules + OCR,0.7720477809231904,,,
AP-0003580,pdf_text,,TX-0093-95568,Summit Systems LLC,INV-0093-003580,2025-12-28,2026-01-12,PO-251917,USD,15153.34,1250.15,16403.49,15.0,False,V-0093,B,False,Supplier portal,2025-12-28 20:05:27.570,V-0093,tax_id,PO251917,V-0093,50857.57,USD,0,0,0,0,0,0,0,0,0,,0,,0,Auto-approve,Rules + OCR,0.3188551218621002,,,
AP-0003936,ocr,95.3194679879518,TX-0073-32545,Beacon Services LLC,INV-0073-003936,,2026-01-25,PO-251221,USD,38546.04,0.0,38546.04,,False,V-0073,B,True,Email,2025-12-28 21:35:12.299,V-0073,tax_id,PO251221,V-0073,152907.45,USD,0,0,0,0,0,0,0,0,0,Missing field,1,,0,Data check,Rules + OCR,0.34769733195295127,,,
AP-0001300,pdf_text,,TX-0136-10386,Clearview Services Inc.,INV-0136-001300,2025-12-25,2026-02-08,PO-251298,SGD,5107.99,459.72,5567.71,45.0,False,V-0136,A,False,Supplier portal,2025-12-28 22:39:16.065,V-0136,tax_id,PO251298,V-0136,61777.61,SGD,0,0,0,0,0,0,0,1,0,,0,High-Risk Vendor,1,Exception review,Rules + OCR,0.4700010146162122,,,
AP-0004332,pdf_text,,TX-0138-43552,Atlas Partners Group,INV-0138-004332,2025-12-26,2026-01-25,PO-250890,EUR,18292.83,3841.5,22134.33,30.0,False,V-0138,D,False,Supplier portal,2025-12-29 00:23:05.770,V-0138,tax_id,PO250890,V-0138,62344.11,EUR,0,0,0,0,0,0,0,1,0,,0,High-Risk Vendor,1,Exception review,Rules + OCR,0.4117806821263941,,,
AP-0000873,pdf_text,,TX-0133-30576,Cobalt Partners Group,INV-0133-000873,2025-12-24,2026-02-07,PO-250527,USD,27067.85,0.0,27067.85,45.0,False,V-0133,C,False,Supplier portal,2025-12-29 01:09:30.469,V-0133,tax_id,PO250527,V-0133,192189.99,USD,0,0,0,0,0,0,0,0,0,,0,,0,Auto-approve,Rules + OCR,0.3582598959970944,,,
AP-0003405,ocr,93.596199247191,TX-0051-19602,Summit Digital Ltd.,,,,,,,,,,False,V-0051,E,True,Email,2025-12-29 02:18:28.825,V-0051,tax_id,,,,,1,0,0,0,0,0,0,0,0,Missing field,1,Missing PO,1,Data check,Rules + OCR,0.6046376662327522,,,
AP-0002760,edi,,TX-0011-62098,Oakmont Solutions LLC,INV-0011-002760,2025-12-24,2026-01-23,PO-250084,USD,3673.44,0.0,3673.44,30.0,False,V-0011,B,False,EDI,2025-12-29 06:01:59.445,V-0011,tax_id,PO250084,V-0011,24636.98,USD,0,0,0,0,0,0,0,0,0,,0,,0,Auto-approve,Rules + OCR,0.3125974185121981,,,
AP-0003090,pdf_text,,TX-0137-44191,Pioneer Consulting Ltd.,INV-0137-003090,2025-12-25,2026-01-24,PO-252347,USD,1163.17,0.0,1163.17,30.0,False,V-0137,A,False,Supplier portal,2025-12-29 06:08:26.162,V-0137,tax_id,PO252347,V-0137,3249.28,USD,0,0,0,0,0,0,1,0,0,,0,Inactive Vendor,1,Exception review,Rules + OCR,0.5975280097054008,,,
AP-0002149,pdf_text,,TX-0001-43105,Evergreen Consulting Group,INV-0001-002149,2025-12-24,2026-01-23,PO-252366,INR,989.69,178.14,1167.83,30.0,False,V-0001,A,False,Supplier portal,2025-12-29 06:18:49.899,V-0001,tax_id,PO252366,V-0001,11852.48,INR,0,0,0,0,0,0,0,0,0,,0,,0,Auto-approve,Rules + OCR,0.3303387710426785,,,
AP-0000093,pdf_text,,TX-0115-48708,Ironwood Services Group,INV-0115-000093,2025-12-24,2026-01-08,PO-251686,EUR,41052.94,8621.12,49674.06,15.0,False,V-0115,D,False,Supplier portal,2025-12-29 07:00:37.222,V-0115,tax_id,PO251686,V-0115,164573.75,EUR,0,0,0,0,0,0,0,0,0,,0,,0,Auto-approve,Rules + OCR,0.3338569250221709,,,
AP-0001686,pdf_text,,TX-0073-32545,Beacon Services LLC,INV-0073-001686,2025-12-27,2026-01-26,PO-250551,USD,6511.24,0.0,6511.24,30.0,False,V-0073,B,False,Supplier portal,2025-12-29 08:05:10.351,V-0073,tax_id,PO250551,V-0073,155895.9,USD,0,0,0,0,0,0,0,0,0,,0,,0,Auto-approve,Rules + OCR,0.33296936591218057,,,
AP-0003024,pdf_text,,TX-0011-62098,Summit Systems LLC,INV-0011-003024,2025-12-26,2026-01-10,PO-250715,USD,31236.5,0.0,31236.5,15.0,False,V-0011,B,False,Supplier portal,2025-12-29 08:33:40.767,V-0011,tax_id,PO250715,V-0011,88280.23,USD,0,0,0,0,0,1,0,0,0,,0,Payment Terms Mismatch,1,Exception review,Rules + OCR,0.6484734055018196,,,
AP-0003420,edi,,TX-0130-24969,Harbor Technologies Ltd.,INV-0130-003420,2025-12-29,2026-02-27,PO-252128,EUR,24330.05,5109.31,29439.36,60.0,False,V-0130,D,False,EDI,2025-12-29 08:51:30.298,V-0130,tax_id,PO252128,V-0130,79758.16,EUR,0,0,0,0,0,0,0,0,0,,0,,0,Auto-approve,Rules + OCR,0.33550680773295855,,,
AP-0004640,edi,,TX-0035-47483,Pioneer Networks Ltd.,INV-0035-004640,2025-12-25,2026-01-24,PO-251267,USD,14987.79,0.0,14987.79,30.0,False,V-0035,E,False,EDI,2025-12-29 08:52:16.695,V-0035,tax_id,PO251267,V-0035,40063.91,USD,0,0,0,0,0,0,0,0,0,,0,,0,Auto-approve,Rules + OCR,0.3420442034618955,,,
AP-0002609,pdf_text,,TX-0020-45960,Copperfield Partners Group,INV-0020-002609,2025-12-26,2026-02-24,PO-250232,USD,24670.76,0.0,24670.76,60.0,False,V-0020,C,False,Email,2025-12-29 09:33:08.956,V-0020,tax_id,PO250232,V-0020,79506.26,USD,0,0,0,0,0,0,0,1,0,,0,High-Risk Vendor,1,Exception review,Rules + OCR,0.43728268962746947,,,
AP-0004942,pdf_text,,TX-0133-30576,Cobalt Partners Group,INV-0133-004942,2025-12-27,2026-02-10,PO-250677,USD,12452.79,0.0,12452.79,45.0,False,V-0133,C,False,Supplier portal,2025-12-29 10:54:56.727,V-0133,tax_id,PO250677,V-0133,99286.25,USD,0,0,0,0,0,0,0,0,0,,0,,0,Auto-approve,Rules + OCR,0.35667802495159917,,,
AP-0000338,edi,,TX-0125-42798,Brightpath Resources Ltd.,INV-0125-000338,2025-12-29,2026-01-13,PO-250378,EUR,4989.53,1047.8,6037.33,15.0,False,V-0125,D,False,EDI,2025-12-29 10:59:55.506,V-0125,tax_id,PO250378,V-0125,21008.87,EUR,0,0,0,0,0,1,0,0,0,,0,Payment Terms Mismatch,1,Exception review,Rules + OCR,0.621216868844107,,,
AP-0002004,pdf_text,,TX-0070-80671,Beacon Services LLC,INV-0070-002004,2025-12-26,2026-02-24,PO-251674,USD,6608.9,0.0,6608.9,60.0,False,V-0070,A,False,Email,2025-12-29 12:32:45.472,V-0070,tax_id,PO251674,V-0070,38528.88,USD,0,0,0,0,0,1,0,0,0,,0,Payment Terms Mismatch,1,Exception review,Rules + OCR,0.6261543948377201,,,
AP-0000594,edi,,TX-0137-44191,Pioneer Consulting Ltd.,INV-0137-000594,2025-12-25,2026-01-24,PO-252347,USD,225.85,0.0,225.85,30.0,False,V-0137,A,False,EDI,2025-12-29 12:41:21.384,V-0137,tax_id,PO252347,V-0137,3249.28,USD,0,0,0,0,0,0,1,0,0,,0,Inactive Vendor,1,Exception review,Rules + OCR,0.5953923145220397,,,
AP-0001325,pdf_text,,TX-0100-21510,Summit Logistics Inc.,,,,,,,,,,False,V-0100,E,False,Supplier portal,2025-12-29 12:58:21.416,V-0100,tax_id,,,,,1,0,0,0,0,0,0,0,0,Missing field,1,Missing PO,1,Data check,Rules + OCR,0.5945203450444688,,,
AP-0000098,edi,,TX-0073-32545,Pioneer Partners Ltd.,INV-0073-000098,2025-12-24,2026-01-23,PO-251221,USD,24897.24,0.0,24897.24,30.0,False,V-0073,B,False,EDI,2025-12-29 13:13:09.271,V-0073,tax_id,PO251221,V-0073,152907.45,USD,0,0,0,0,0,0,0,0,0,,0,,0,Auto-approve,Rules + OCR,0.33852674216096545,,,
AP-0001785,pdf_text,,TX-0015-69124,Clearview Digital Inc.,INV-0015-001785,2025-12-29,2026-01-28,PO-251059,USD,46031.44,0.0,46031.44,30.0,False,V-0015,A,False,Supplier portal,2025-12-29 13:59:09.765,V-0015,tax_id,PO251059,V-0015,129078.95,USD,0,0,0,0,0,0,0,0,0,,0,,0,Auto-approve,Rules + OCR,0.2971504873841139,,,
AP-0000952,pdf_text,,TX-0016-44050,Redwood Consulting LLC,INV-0016-000952,2025-12-28,2026-01-12,PO-250864,EUR,8817.11,1851.59,10668.7,15.0,False,V-0016,D,False,Supplier portal,2025-12-29 13:59:13.296,V-0016,tax_id,PO250864,V-0016,105873.66,EUR,0,0,0,0,0,0,0,0,0,,0,,0,Auto-approve,Rules + OCR,0.32658346449333625,,,
AP-0003407,pdf_text,,TX-0090-82710,Summit Systems LLC,INV-0090-003407,2025-12-24,2026-02-07,PO-252058,USD,11842.92,0.0,11842.92,45.0,False,V-0090,B,False,Supplier portal,2025-12-29 14:22:03.198,V-0090,tax_id,PO252058,V-0090,32756.22,USD,0,0,0,0,0,0,0,0,0,,0,,0,Auto-approve,Rules + OCR,0.34521244718907296,,,
AP-0004254,ocr,95.79610016161617,TX-0054-19609,Crescent Logistics LLC,INV-0054-004254,2025-12-25,2026-01-24,PO-251052,USD,38799.29,3200.94,42000.23,30.0,False,V-0054,A,True,Email,2025-12-29 15:36:05.671,V-0054,tax_id,PO251052,V-0054,122922.31,USD,0,0,0,0,0,0,0,0,0,,0,,0,Auto-approve,Rules + OCR,0.32402853104048984,,,
AP-0003862,pdf_text,,TX-0107-50949,Silverline Advisors Inc.,INV-0107-003862,2025-12-27,2026-02-25,PO-252050,USD,2999.6,247.47,3247.07,60.0,False,V-0107,C,False,Supplier portal,2025-12-29 16:05:30.583,V-0107,tax_id,PO252050,V-0107,33145.87,USD,0,0,0,0,0,0,0,0,0,,0,,0,Auto-approve,Rules + OCR,0.3518157606259548,,,
AP-0004086,pdf_text,,TX-0049-19644,Harbor Resources LLC,INV-0049-004086,2025-12-26,2026-01-25,PO-250565,EUR,6422.03,1348.63,7770.66,30.0,False,V-0049,D,False,Email,2025-12-29 16:43:39.685,V-0049,tax_id,PO250565,V-0049,22812.83,EUR,0,0,0,0,0,0,0,0,0,,0,,0,Auto-approve,Rules + OCR,0.34096226235286786,,,
AP-0001573,pdf_text,,TX-0081-73770,Silverline Supply Group,INV-0081-001573,2025-12-28,2026-01-27,PO-250291,USD,149821.81,0.0,149821.81,30.0,False,V-0081,C,False,Supplier portal,2025-12-29 17:51:48.023,V-0081,tax_id,PO250291,V-0081,462953.15,USD,0,0,0,0,0,0,0,0,0,,0,,0,Auto-approve,Rules + OCR,0.4152053268034966,,,
AP-0003360,pdf_text,,TX-0102-39905,Blue Ridge Analytics Inc.,INV-0102-003360,2025-12-26,2026-01-10,PO-251392,EUR,8576.07,1800.97,10377.04,15.0,False,V-0102,D,False,Email,2025-12-29 19:04:02.390,V-0102,tax_id,PO251392,V-0102,54239.91,EUR,0,0,0,0,0,0,0,0,0,,0,,0,Auto-approve,Rules + OCR,0.3053586009255154,,,
AP-0002859,ocr,94.97116138202249,TX-0043-75924,Crescent Analytics Group,,,,,,,,,,False,V-0043,E,True,Email,2025-12-29 20:06:11.752,V-0043,tax_id,,,,,1,0,0,0,0,0,0,0,0,Missing field,1,Missing PO,1,Data check,Rules + OCR,0.6565588773636502,,,
AP-0003594,pdf_text,,TX-0114-88629,Beacon Logistics Group,INV-0114-003594,2025-12-25,2026-01-24,PO-251650,USD,28572.4,2357.22,30929.62,30.0,False,V-0114,A,False,Email,2025-12-29 20:13:34.193,V-0114,tax_id,PO251650,V-0114,82848.7,USD,0,0,0,0,0,0,0,0,0,,0,,0,Auto-approve,Rules + OCR,0.3127212281228292,,,
AP-0003074,edi,,TX-0029-56211,Crescent Technologies LLC,INV-0029-003074,2025-12-26,2026-01-10,PO-252138,USD,35586.41,2935.88,38522.29,15.0,False,V-0029,C,False,EDI,2025-12-29 22:04:51.885,V-0029,tax_id,PO252138,V-0029,135876.64,USD,0,0,0,0,0,0,0,0,0,,0,,0,Auto-approve,Rules + OCR,0.31234021383686006,,,
AP-0000632,ocr,94.03654011392406,TX-0050-69493,Ironwood Services Ltd.,INV-0050-000632,2025-12-29,2026-01-28,PO-252341,USD,24054.91,0.0,24054.91,30.0,False,V-0050,A,True,Email,2025-12-29 23:19:15.388,V-0050,tax_id,PO252341,V-0050,71988.14,USD,0,0,0,0,0,0,0,0,0,,0,,0,Auto-approve,Rules + OCR,0.3380048002351655,,,
AP-0001706,pdf_text,,TX-0131-83608,Copperfield Systems LLC,INV-0131-001706,2025-12-27,2026-01-26,PO-250735,USD,1792.14,0.0,1792.14,30.0,False,V-0131,A,False,Supplier portal,2025-12-30 00:17:27.490,V-0131,tax_id,PO250735,V-0131,10656.36,USD,0,0,0,0,0,0,0,0,0,,0,,0,Auto-approve,Rules + OCR,0.31846425889592855,,,
AP-0003121,pdf_text,,TX-0138-43552,Atlas Partners Group,INV-0138-003121,2025-12-28,2026-02-11,PO-251068,EUR,4650.1,976.52,5626.62,45.0,False,V-0138,D,False,Supplier portal,2025-12-30 03:07:32.454,V-0138,tax_id,PO251068,V-0138,30511.99,EUR,0,0,0,0,0,1,0,1,0,,0,Payment Terms Mismatch; High-Risk Vendor,2,Exception review,Rules + OCR,0.6463563416068608,,,
AP-0001899,ocr,95.10886072,TX-0065-32403,Stonebridge Networks Inc.,INV-0065-001899,2025-12-28,2026-01-27,PO-251728,USD,8024.27,0.0,8024.27,30.0,False,V-0065,C,True,Email,2025-12-30 03:45:58.291,V-0065,tax_id,PO251728,V-0065,27165.03,USD,0,0,0,0,0,0,0,0,0,,0,,0,Auto-approve,Rules + OCR,0.29502760305048653,,,
AP-0002653,pdf_text,,TX-0083-82789,Summit Systems LLC,INV-0083-002653,2025-12-30,2026-01-14,PO-250229,USD,3834.09,316.31,4150.4,15.0,False,V-0083,B,False,Supplier portal,2025-12-30 04:03:25.142,V-0083,tax_id,PO250229,V-0083,54402.16,USD,0,0,0,0,0,0,0,0,0,,0,,0,Auto-approve,Rules + OCR,0.29377367821070577,,,
AP-0000875,pdf_text,,TX-0053-42836,Oakmont Supply Group,INV-0053-000875,2025-12-28,2026-01-27,PO-250248,SGD,41247.68,3712.29,44959.97,30.0,False,V-0053,C,False,Email,2025-12-30 04:31:16.416,V-0053,tax_id,PO250248,V-0053,121543.14,SGD,0,0,0,0,0,0,0,0,0,,0,,0,Auto-approve,Rules + OCR,0.3188114752027159,,,
AP-0004066,pdf_text,,TX-0136-10386,Clearview Services Inc.,INV-0136-004066,2025-12-27,2026-02-10,PO-251805,SGD,8421.76,757.96,9179.72,45.0,False,V-0136,A,False,Supplier portal,2025-12-30 05:27:33.034,V-0136,tax_id,PO251805,V-0136,50527.52,SGD,0,0,0,0,0,0,0,1,0,,0,High-Risk Vendor,1,Exception review,Rules + OCR,0.46540765562236514,,,
AP-0000832,pdf_text,,TX-0022-47741,Lighthouse Solutions LLC,,,,,,,178.05,,,False,V-0022,E,False,Supplier portal,2025-12-30 05:58:07.177,V-0022,tax_id,,,,,1,0,0,0,0,0,0,1,0,Missing field,1,Missing PO; High-Risk Vendor,2,Data check,Rules + OCR,0.6795042792288846,,,
AP-0002592,pdf_text,,TX-0090-82710,Summit Systems LLC,INV-0090-002592,2025-12-29,2026-02-12,PO-251733,USD,235820.15,0.0,235820.15,45.0,False,V-0090,B,False,Supplier portal,2025-12-30 06:50:40.658,V-0090,tax_id,PO251733,V-0090,755592.91,USD,0,0,0,0,0,0,0,0,0,,0,,0,Auto-approve,Rules + OCR,0.4492430667321878,,,
AP-0004894,pdf_text,,TX-0042-54837,Summit Systems LLC,INV-0042-004894,2025-12-27,2026-02-25,PO-250740,USD,5671.58,0.0,5671.58,60.0,False,V-0042,B,False,Supplier portal,2025-12-30 09:00:51.784,V-0042,tax_id,PO250740,V-0042,80471.68,USD,0,0,0,0,0,0,0,0,0,,0,,0,Auto-approve,Rules + OCR,0.3555527685204423,,,
AP-0000446,pdf_text,,TX-0011-62098,Summit Systems LLC,INV-0011-000446,2025-12-28,2026-01-27,PO-252265,USD,4471.33,0.0,4471.33,30.0,False,V-0011,B,False,Supplier portal,2025-12-30 10:36:20.946,V-0011,tax_id,PO252265,V-0011,94914.43,USD,0,0,0,0,0,0,0,0,0,,0,,0,Auto-approve,Rules + OCR,0.303400118409568,,,
AP-0004340,edi,,TX-0019-24934,Redwood Systems LLC,INV-0019-000658,2025-12-27,2026-02-25,PO-250847,CAD,9773.83,488.69,10262.52,60.0,False,V-0019,B,False,EDI,2025-12-30 10:39:25.547,V-0019,tax_id,PO250847,V-0019,4414.6,CAD,0,0,0,0,1,0,0,0,1,,0,Invoice Over PO; Duplicate Invoice,2,Exception review,Rules + OCR,0.6317754014058444,,,
AP-0004583,pdf_text,,TX-0073-32545,Beacon Services LLC,INV-0073-004583,2025-12-28,2026-01-27,PO-251221,USD,49976.1,0.0,49976.1,30.0,False,V-0073,B,False,Supplier portal,2025-12-30 11:34:14.475,V-0073,tax_id,PO251221,V-0073,152907.45,USD,0,0,0,0,0,0,0,0,0,,0,,0,Auto-approve,Rules + OCR,0.3432122294680871,,,
AP-0000910,ocr,94.81450821052633,TX-0090-82710,Summit Systems LLC,INV-0090-000910,2025-12-25,2026-02-08,PO-250970,USD,11717.53,0.0,11717.53,45.0,False,V-0090,B,True,Email,2025-12-30 13:43:07.711,V-0090,tax_id,PO250970,V-0090,33636.72,USD,0,0,0,0,0,0,0,0,0,,0,,0,Auto-approve,Rules + OCR,0.3523073377246068,,,
AP-0001604,pdf_text,,TX-0013-11961,Atlas Services LLC,INV-0013-001604,2025-12-30,2026-02-13,PO-250656,USD,194484.99,0.0,194484.99,45.0,False,V-0013,B,False,Supplier portal,2025-12-30 15:42:13.053,V-0013,tax_id,PO250656,V-0013,145743.12,USD,0,0,0,0,1,0,1,0,1,,0,Invoice Over PO; Inactive Vendor; Duplicate Invoice,3,Exception review,Rules + OCR,0.7751117949629612,,,
AP-0001861,pdf_text,,TX-0106-56495,Oakmont Analytics Inc.,INV-0106-001861,2025-12-25,2026-02-08,PO-252026,USD,12256.74,0.0,12256.74,45.0,False,V-0106,A,False,Supplier portal,2025-12-30 16:38:42.759,V-0106,tax_id,PO252026,V-0106,37696.16,USD,0,0,0,0,0,0,0,0,0,,0,,0,Auto-approve,Rules + OCR,0.35544659965712083,,,
AP-0004255,edi,,TX-0080-26211,Juniper Resources Inc.,INV-0080-004255,2025-12-27,2026-01-26,PO-252132,EUR,16864.47,3541.54,20406.01,30.0,False,V-0080,D,False,EDI,2025-12-30 17:07:58.696,V-0080,tax_id,PO252132,V-0080,62219.56,EUR,0,0,0,0,0,0,0,0,0,,0,,0,Auto-approve,Rules + OCR,0.3336891446515898,,,
AP-0003829,edi,,TX-0074-79332,Harbor Analytics Ltd.,INV-0074-003829,2025-12-26,2026-01-25,PO-252029,USD,19031.28,0.0,19031.28,30.0,False,V-0074,C,False,EDI,2025-12-30 17:51:07.475,V-0074,tax_id,PO252029,V-0074,51072.6,USD,0,0,0,0,0,0,0,1,0,,0,High-Risk Vendor,1,Exception review,Rules + OCR,0.43201373073598387,,,
AP-0001962,pdf_text,,TX-0132-11639,Atlas Supply Group,INV-0132-001962,2025-12-30,2026-02-13,PO-252311,USD,457.49,37.74,495.23,45.0,False,V-0132,A,False,Supplier portal,2025-12-30 18:19:01.271,V-0132,tax_id,PO252311,V-0132,8345.32,USD,0,0,0,0,0,1,0,0,0,,0,Payment Terms Mismatch,1,Exception review,Rules + OCR,0.6276750220079024,,,
AP-0001185,pdf_text,,TX-0128-19285,Harbor Systems LLC,INV-0128-001185,2025-12-30,2026-02-13,PO-251159,USD,1429.25,117.91,1547.16,45.0,False,V-0128,A,False,Email,2025-12-30 18:28:08.815,V-0128,tax_id,PO251159,V-0128,12818.92,USD,0,0,0,0,0,0,0,0,0,,0,,0,Auto-approve,Rules + OCR,0.34118902368338366,,,
AP-0003363,ocr,94.97369074698796,TX-0099-76362,Copperfield Networks Ltd.,,,,,,,,,,False,V-0099,E,True,Email,2025-12-30 20:13:01.874,V-0099,tax_id,,,,,1,0,0,0,0,0,0,0,0,Missing field,1,Missing PO,1,Data check,Rules + OCR,0.6499705265037466,,,
AP-0000423,pdf_text,,TX-0041-11074,Juniper Advisors Ltd.,,,,,,,2745.89,,,False,V-0041,E,False,Supplier portal,2025-12-30 21:50:46.290,V-0041,tax_id,,,,,1,0,0,0,0,0,0,0,0,Missing field,1,Missing PO,1,Data check,Rules + OCR,0.6392083675676695,,,
AP-0002348,edi,,TX-0133-30576,Cobalt Partners Group,INV-0133-002348,2025-12-26,2026-02-09,PO-251407,USD,7967.2,0.0,7967.2,45.0,False,V-0133,C,False,EDI,2025-12-30 22:07:14.164,V-0133,tax_id,PO251407,V-0133,133493.97,USD,0,0,0,0,0,0,0,0,0,,0,,0,Auto-approve,Rules + OCR,0.35932076097797794,,,
AP-0002558,pdf_text,,TX-0076-41538,Summit Systems LLC,INV-0076-002558,2025-12-28,2026-02-26,PO-250937,EUR,61207.56,12853.59,74061.15,60.0,False,V-0076,D,False,Supplier portal,2025-12-31 00:25:29.620,V-0076,tax_id,PO250937,V-0076,250290.23,EUR,0,0,0,0,0,0,0,0,0,,0,,0,Auto-approve,Rules + OCR,0.3944848466368125,,,
AP-0003118,ocr,94.1562691904762,TX-0140-96185,Blue Ridge Operations Inc.,INV-0140-003118,2025-12-27,2026-01-26,PO-251744,USD,4307.96,0.0,4307.96,30.0,False,V-0140,C,True,Email,2025-12-31 00:35:43.462,V-0140,tax_id,PO251744,V-0140,94972.44,USD,0,0,0,0,0,0,0,0,0,,0,,0,Auto-approve,Rules + OCR,0.30747604276473434,,,
AP-0000480,edi,,TX-0093-95568,Clearview Systems Inc.,INV-0093-000480,2025-12-26,2026-01-10,PO-251313,USD,66893.76,5518.74,72412.5,15.0,False,V-0093,B,False,EDI,2025-12-31 02:15:09.423,V-0093,tax_id,PO251313,V-0093,225924.06,USD,0,0,0,0,0,0,0,0,0,,0,,0,Auto-approve,Rules + OCR,0.38693322693702775,,,
AP-0004966,ocr,94.32735810588235,TX-0102-39905,Blue Ridge Analytics Inc.,INV-0102-004966,2025-12-31,2026-01-15,PO-251857,EUR,3118.65,654.92,3773.57,15.0,False,V-0102,D,True,Email,2025-12-31 03:29:30.548,V-0102,tax_id,PO251857,V-0102,13226.94,EUR,0,0,0,0,0,0,0,0,0,,0,,0,Auto-approve,Rules + OCR,0.3407460510984833,,,
AP-0000511,pdf_text,,TX-0118-10046,Stonebridge Logistics Ltd.,INV-0118-000511,2025-12-27,2026-01-26,PO-251761,USD,1179.46,97.31,1276.77,30.0,False,V-0118,C,False,Supplier portal,2025-12-31 04:21:54.137,V-0118,tax_id,PO251761,V-0118,14757.45,USD,0,0,0,0,0,0,0,0,0,,0,,0,Auto-approve,Rules + OCR,0.3064715313770946,,,
AP-0003470,pdf_text,,TX-0039-91527,Blue Ridge Networks Group,INV-0039-003470,2025-12-27,2026-02-10,PO-251447,USD,445.9,0.0,445.9,45.0,False,V-0039,C,False,Supplier portal,2025-12-31 04:37:42.541,V-0039,tax_id,PO251447,V-0039,10938.45,USD,0,0,0,0,0,0,0,0,0,,0,,0,Auto-approve,Rules + OCR,0.32039017262683556,,,
AP-0002387,pdf_text,,TX-0003-12255,Cobalt Technologies Group,INV-0003-002387,2025-12-26,2026-01-25,PO-251594,EUR,1684.55,353.76,2038.31,30.0,False,V-0003,D,False,Supplier portal,2025-12-31 05:31:36.221,V-0003,tax_id,PO251594,V-0003,11917.78,EUR,0,0,0,0,0,0,0,0,0,,0,,0,Auto-approve,Rules + OCR,0.34765244249623356,,,
AP-0004699,pdf_text,,TX-0011-62098,Summit Systems LLC,INV-0011-004106,2025-12-31,2026-01-30,PO-252101,USD,19450.51,0.0,19450.51,30.0,False,V-0011,B,False,Supplier portal,2025-12-31 09:10:51.815,V-0011,tax_id,PO252101,V-0011,70771.29,USD,0,0,0,0,0,0,0,0,1,,0,Duplicate Invoice,1,Exception review,Rules + OCR,0.5903353806680162,,,
AP-0002409,pdf_text,,TX-0125-42798,Brightpath Resources Ltd.,INV-0125-002409,2025-12-28,2026-01-27,PO-251984,EUR,8820.61,1852.33,10672.94,30.0,False,V-0125,D,False,Supplier portal,2025-12-31 10:11:04.498,V-0125,tax_id,PO251984,V-0125,62187.46,EUR,0,0,0,0,0,0,0,0,0,,0,,0,Auto-approve,Rules + OCR,0.33736045017160904,,,
AP-0001401,ocr,95.39795792134832,TX-0036-11692,Summit Systems LLC,INV-0036-001401,2025-12-27,2026-01-26,PO-250517,USD,5850.29,0.0,5850.29,30.0,False,V-0036,B,True,Email,2025-12-31 13:16:29.905,V-0036,tax_id,PO250517,V-0036,18438.21,USD,0,0,0,0,0,0,0,0,0,,0,,0,Auto-approve,Rules + OCR,0.27181115906828346,,,
AP-0001087,pdf_text,,TX-0064-39165,Oakmont Supply Ltd.,INV-0064-001087,2025-12-28,2026-01-27,PO-250223,CAD,25384.84,1269.24,26654.08,30.0,False,V-0064,B,False,Supplier portal,2025-12-31 13:57:35.915,V-0064,tax_id,PO250223,V-0064,75705.48,CAD,0,0,0,0,0,0,0,0,0,,0,,0,Auto-approve,Rules + OCR,0.3206518530823356,,,
AP-0001984,pdf_text,,TX-0100-21510,Summit Logistics Inc.,,,,,,,,,,False,V-0100,E,False,Supplier portal,2025-12-31 15:22:38.325,V-0100,tax_id,,,,,1,0,0,0,0,0,0,0,0,Missing field,1,Missing PO,1,Data check,Rules + OCR,0.5859127100258125,,,
AP-0000834,edi,,TX-0008-41136,Lighthouse Supply Inc.,INV-0008-000834,2025-12-30,2026-01-29,PO-252317,USD,5136.17,0.0,5136.17,30.0,False,V-0008,E,False,EDI,2025-12-31 17:19:00.014,V-0008,tax_id,PO252317,V-0008,21028.81,USD,0,0,0,0,0,1,0,0,0,,0,Payment Terms Mismatch,1,Exception review,Rules + OCR,0.6238796249168111,,,
AP-0002783,pdf_text,,TX-0001-43105,Evergreen Consulting Group,INV-0001-002783,2025-12-30,2026-01-29,PO-252366,INR,1998.92,359.81,2358.73,30.0,False,V-0001,A,False,Supplier portal,2025-12-31 21:25:12.958,V-0001,tax_id,PO252366,V-0001,11852.48,INR,0,0,0,0,0,0,0,0,0,,0,,0,Auto-approve,Rules + OCR,0.33668252828023487,,,
AP-0003322,ocr,92.70291691463416,TX-0014-36758,Summit Logistics Group,,,,,,,,,,False,V-0014,E,True,Email,2025-12-31 22:30:36.752,V-0014,tax_id,,,,,1,0,0,0,0,0,0,0,0,Missing field,1,Missing PO,1,Data check,Rules + OCR,0.5971755170982427,,,
AP-0001902,pdf_text,,TX-0061-83099,Copperfield Services Inc.,INV-0061-001902,2025-12-26,2026-02-24,PO-252301,USD,10969.7,0.0,10969.7,60.0,False,V-0061,C,False,Supplier portal,2025-12-31 23:43:27.417,V-0061,tax_id,PO252301,V-0061,38766.16,USD,0,0,0,0,0,1,0,0,0,,0,Payment Terms Mismatch,1,Exception review,Rules + OCR,0.6290360315589951,,,
AP-0004145,pdf_text,,TX-0015-69124,Clearview Digital Inc.,INV-0015-004145,2025-12-27,2026-01-26,PO-252244,USD,31195.37,0.0,31195.37,30.0,False,V-0015,A,False,Email,2025-12-31 23:53:47.186,V-0015,tax_id,PO252244,V-0015,280986.83,USD,0,0,0,0,0,0,0,0,0,,0,,0,Auto-approve,Rules + OCR,0.3199718159086985,,,
AP-0004896,pdf_text,,TX-0012-74674,Oakmont Technologies LLC,INV-0012-004896,2025-12-31,2026-01-30,PO-251012,USD,4109.34,0.0,4109.34,30.0,False,V-0012,A,False,Email,2026-01-01 00:01:07.537,V-0012,tax_id,PO251012,V-0012,12200.51,USD,0,0,0,0,0,0,0,0,0,,0,,0,Auto-approve,Rules + OCR,0.33738680130986287,,,
AP-0003136,pdf_text,,TX-0009-87210,Harbor Digital LLC,INV-0009-003136,2025-12-28,2026-02-11,PO-250933,USD,23962.37,0.0,23962.37,45.0,False,V-0009,B,False,Supplier portal,2026-01-01 00:18:55.385,V-0009,tax_id,PO250933,V-0009,72811.05,USD,0,0,0,0,0,0,0,0,0,,0,,0,Auto-approve,Rules + OCR,0.34423927429979667,,,
AP-0000824,pdf_text,,TX-0091-39995,Oakmont Advisors Group,INV-0091-000824,2025-12-27,2026-02-25,PO-250582,SGD,975.85,87.83,1063.68,60.0,False,V-0091,B,False,Supplier portal,2026-01-01 01:55:14.780,V-0091,tax_id,PO250582,V-0091,16239.92,SGD,0,0,0,0,0,0,0,0,0,,0,,0,Auto-approve,Rules + OCR,0.3998468815003237,,,
AP-0004006,pdf_text,,TX-0071-54213,Summit Services LLC,INV-0071-004006,2025-12-30,2026-01-29,PO-252074,USD,1390.59,0.0,1390.59,30.0,False,V-0071,C,False,Email,2026-01-01 02:11:44.982,V-0071,tax_id,PO252074,V-0071,31276.39,USD,0,0,0,0,0,0,0,0,0,,0,,0,Auto-approve,Rules + OCR,0.3283765542270791,,,
AP-0004376,pdf_text,,TX-0040-49956,Evergreen Digital LLC,INV-0040-004376,2025-12-31,2026-01-30,PO-252064,EUR,14933.15,3135.96,18069.11,30.0,False,V-0040,D,False,Supplier portal,2026-01-01 02:25:00.004,V-0040,tax_id,PO252064,V-0040,193242.69,EUR,0,0,0,0,0,0,0,0,0,,0,,0,Auto-approve,Rules + OCR,0.332769432136972,,,
AP-0004120,edi,,TX-0004-83750,Harbor Networks Ltd.,INV-0004-004120,2025-12-28,2026-01-27,PO-251461,USD,3055.11,252.05,3307.16,30.0,False,V-0004,E,False,EDI,2026-01-01 04:54:32.518,V-0004,tax_id,PO251461,V-0004,11761.55,USD,0,0,0,0,0,0,0,0,0,,0,,0,Auto-approve,Rules + OCR,0.3459945865606289,,,
AP-0002701,pdf_text,,TX-0037-24439,Redwood Supply LLC,INV-0037-002701,2025-12-29,2026-01-28,PO-252161,EUR,25181.45,5288.11,30469.56,30.0,False,V-0037,D,False,Email,2026-01-01 06:00:57.499,V-0037,tax_id,PO252161,V-0037,144911.1,EUR,0,0,0,0,0,0,0,0,0,,0,,0,Auto-approve,Rules + OCR,0.36340998106918865,,,
AP-0002363,pdf_text,,TX-0055-46775,Silverline Analytics Group,INV-0055-002363,2025-12-30,2026-01-29,PO-251359,SGD,16938.13,1524.43,18462.56,30.0,False,V-0055,C,False,Supplier portal,2026-01-01 07:50:13.563,V-0055,tax_id,PO251359,V-0055,16617.75,SGD,0,0,0,0,1,0,0,0,0,,0,Invoice Over PO,1,Exception review,Rules + OCR,0.6547631721469239,,,
AP-0002294,ocr,95.52174787209304,TX-0046-43936,Beacon Solutions LLC,INV-0046-002294,2025-12-30,2026-02-28,PO-251026,USD,5077.73,0.0,5077.73,60.0,False,V-0046,C,True,Email,2026-01-01 09:09:01.652,V-0046,tax_id,PO251026,V-0046,15239.95,USD,0,0,0,0,0,0,0,0,1,,0,Duplicate Invoice,1,Exception review,Rules + OCR,0.5770231342524194,,,
AP-0002186,pdf_text,,TX-0005-88178,Atlas Resources Inc.,INV-0005-002186,2025-12-27,2026-01-26,PO-251060,USD,43124.91,0.0,43124.91,30.0,False,V-0005,A,False,Supplier portal,2026-01-01 09:18:10.475,V-0005,tax_id,PO251060,V-0005,140803.44,USD,0,0,0,0,0,0,0,0,0,,0,,0,Auto-approve,Rules + OCR,0.3347010216936892,,,
AP-0001507,pdf_text,,TX-0073-32545,Beacon Services LLC,INV-0073-001507,2025-12-30,2026-01-29,PO-250617,USD,162521.12,0.0,162521.12,30.0,False,V-0073,B,False,Email,2026-01-01 11:11:55.358,V-0073,tax_id,PO250617,V-0073,513414.94,USD,0,0,0,0,0,0,0,0,0,,0,,0,Auto-approve,Rules + OCR,0.45019426525659756,,,
AP-0002818,pdf_text,,TX-0116-23088,Juniper Supply LLC,INV-0116-002818,2025-12-28,2026-02-26,PO-251796,USD,4551.87,0.0,4551.87,60.0,False,V-0116,C,False,Supplier portal,2026-01-01 12:55:10.730,V-0116,tax_id,PO251796,V-0116,71829.2,USD,0,0,0,0,0,0,0,0,0,,0,,0,Auto-approve,Rules + OCR,0.3497108408639888,,,
AP-0001265,pdf_text,,TX-0015-69124,Clearview Digital Inc.,INV-0015-001265,2025-12-27,2026-01-26,PO-251251,USD,5369.73,0.0,5369.73,30.0,False,V-0015,A,False,Email,2026-01-01 13:46:14.399,V-0015,tax_id,PO251251,V-0015,33374.05,USD,0,0,0,0,0,0,0,0,0,,0,,0,Auto-approve,Rules + OCR,0.31995896751268943,,,
AP-0003834,edi,,TX-0107-50949,Silverline Advisors Inc.,INV-0107-003834,2025-12-30,2026-02-28,PO-252050,USD,1505.94,124.24,1630.18,60.0,False,V-0107,C,False,EDI,2026-01-01 14:56:44.974,V-0107,tax_id,PO252050,V-0107,33145.87,USD,0,0,0,0,0,0,0,0,0,,0,,0,Auto-approve,Rules + OCR,0.37743745361245146,,,
AP-0003648,pdf_text,,TX-0088-45873,Atlas Systems Group,INV-0088-003648,2025-12-29,2026-01-28,PO-251892,USD,4910.04,0.0,4910.04,30.0,True,V-0088,A,False,Supplier portal,2026-01-01 15:36:26.548,V-0088,tax_id,PO251892,V-0088,32985.35,USD,0,0,0,0,0,0,0,0,0,,0,,0,Auto-approve,Rules + OCR,0.3276606543888128,,,
AP-0002213,pdf_text,,TX-0046-43936,Beacon Solutions LLC,INV-0046-002213,2025-12-30,2026-02-28,PO-250420,USD,3161.8,0.0,3161.8,60.0,False,V-0046,C,False,Supplier portal,2026-01-01 17:06:54.799,V-0046,tax_id,PO250420,V-0046,16327.41,USD,0,0,0,0,0,0,0,0,0,,0,,0,Auto-approve,Rules + OCR,0.3407588419608798,,,
AP-0001624,pdf_text,,TX-0071-54213,Summit Services LLC,INV-0071-001624,2025-12-30,2026-01-29,PO-250979,USD,3937.53,0.0,3937.53,30.0,False,V-0071,C,False,Supplier portal,2026-01-01 18:26:03.326,V-0071,tax_id,PO250979,V-0071,34721.5,USD,0,0,0,0,0,0,0,0,0,,0,,0,Auto-approve,Rules + OCR,0.3258565283410154,,,
AP-0004478,ocr,94.87918943421052,TX-0117-90487,Atlas Consulting LLC,INV-0117-004478,2025-12-30,2026-01-29,PO-251423,CAD,7148.35,357.42,7505.77,30.0,False,V-0117,C,True,Email,2026-01-01 22:00:44.177,V-0117,tax_id,PO251423,V-0117,22329.81,CAD,0,0,0,0,0,0,0,0,0,,0,,0,Auto-approve,Rules + OCR,0.30823319325146104,,,
AP-0000934,ocr,95.68893063333331,TX-0042-54837,Summit Systems LLC,,,,,USD,5204.63,0.0,5204.63,,False,V-0042,B,True,Email,2026-01-01 22:39:20.485,V-0042,tax_id,,,,,1,0,0,0,0,0,0,0,0,Missing field,1,Missing PO,1,Data check,Rules + OCR,0.6566326185996918,,,
AP-0004213,edi,,TX-0018-72351,Evergreen Resources Inc.,INV-0018-004213,2025-12-28,2026-02-26,PO-251209,USD,114556.55,0.0,114556.55,60.0,False,V-0018,B,False,EDI,2026-01-01 22:57:36.031,V-0018,tax_id,PO251209,V-0018,470037.87,USD,0,0,0,0,0,1,0,0,0,,0,Payment Terms Mismatch,1,Exception review,Rules + OCR,0.6883023982453147,,,
AP-0002597,edi,,TX-0099-76362,Copperfield Networks Ltd.,INV-0099-002597,2025-12-28,2026-01-12,PO-251730,USD,1066.85,0.0,1066.85,15.0,False,V-0099,E,False,EDI,2026-01-02 00:43:29.432,V-0099,tax_id,PO251730,V-0099,8839.53,USD,0,0,0,0,0,1,0,0,0,,0,Payment Terms Mismatch,1,Exception review,Rules + OCR,0.6198694436212707,,,
AP-0000938,pdf_text,,TX-0048-57091,Oakmont Systems Inc.,INV-0048-000938,2025-12-29,2026-01-13,PO-251988,USD,10980.38,905.88,11886.26,15.0,False,V-0048,C,False,Email,2026-01-02 04:13:51.132,V-0048,tax_id,PO251988,V-0048,196021.28,USD,0,0,0,0,0,0,0,0,0,,0,,0,Auto-approve,Rules + OCR,0.3274412781168359,,,
AP-0004353,pdf_text,,TX-0060-58175,Clearview Solutions LLC,INV-0060-004353,2025-12-31,2026-01-15,PO-250693,USD,18863.1,0.0,18863.1,15.0,False,V-0060,C,False,Supplier portal,2026-01-02 06:24:21.673,V-0060,tax_id,PO250693,V-0060,54234.9,USD,0,0,0,0,0,0,0,0,0,,0,,0,Auto-approve,Rules + OCR,0.3478494377332455,,,
AP-0004370,ocr,95.0786440927835,TX-0025-19498,Summit Systems LLC,INV-0025-004370,2025-12-29,2026-02-27,PO-250162,USD,3771.58,311.15,4082.73,60.0,True,V-0025,B,True,Email,2026-01-02 06:41:36.425,V-0025,tax_id,PO250162,V-0025,14782.05,USD,0,0,0,0,0,0,0,0,0,,0,,0,Auto-approve,Rules + OCR,0.34801913808076673,,,
AP-0001326,pdf_text,,TX-0015-69124,Clearview Digital Inc.,INV-0015-001326,2025-12-30,2026-01-29,PO-251102,USD,1024.07,0.0,1024.07,30.0,False,V-0015,A,False,Supplier portal,2026-01-02 10:25:44.521,V-0015,tax_id,PO251102,V-0015,9456.63,USD,0,0,0,0,0,0,0,0,0,,0,,0,Auto-approve,Rules + OCR,0.3326987640925134,,,
AP-0002667,pdf_text,,TX-0104-57614,Oakmont Operations Group,INV-0104-002667,2025-12-30,2026-01-14,PO-250056,USD,4285.36,0.0,4285.36,15.0,False,V-0104,C,False,Supplier portal,2026-01-02 11:04:01.433,V-0104,tax_id,PO250056,V-0104,89450.27,USD,0,0,0,0,0,0,0,0,0,,0,,0,Auto-approve,Rules + OCR,0.3380876062460285,,,
AP-0004079,pdf_text,,TX-0108-54358,Summit Supply Ltd.,INV-0108-004079,2025-12-28,2026-02-26,PO-251668,CAD,5574.45,278.72,5853.17,60.0,False,V-0108,C,False,Email,2026-01-02 12:19:06.962,V-0108,tax_id,PO251668,V-0108,100269.58,CAD,0,0,0,0,0,0,0,0,0,,0,,0,Auto-approve,Rules + OCR,0.3759132841509589,,,
AP-0002034,pdf_text,,TX-0009-87210,Harbor Digital LLC,INV-0009-002034,2025-12-30,2026-02-13,PO-252126,USD,9434.11,0.0,9434.11,45.0,True,V-0009,B,False,Supplier portal,2026-01-02 13:40:06.150,V-0009,tax_id,PO252126,V-0009,80788.83,USD,0,0,0,0,0,0,0,0,0,,0,,0,Auto-approve,Rules + OCR,0.35322535241605085,,,
AP-0001130,edi,,TX-0085-56800,Silverline Analytics Inc.,INV-0085-001130,2025-12-31,2026-01-30,PO-251164,USD,10532.79,0.0,10532.79,30.0,False,V-0085,B,False,EDI,2026-01-02 16:03:02.527,V-0085,tax_id,PO251164,V-0085,59743.53,USD,0,0,0,0,0,0,0,0,0,,0,,0,Auto-approve,Rules + OCR,0.34990807939029783,,,
AP-0004550,pdf_text,,TX-0030-52947,Crescent Networks Inc.,,,,,,,1583.38,,,False,V-0030,E,False,Email,2026-01-02 18:43:41.714,V-0030,tax_id,,,,,1,0,0,0,0,0,0,0,0,Missing field,1,Missing PO,1,Data check,Rules + OCR,0.6038640107420493,,,
AP-0001940,pdf_text,,TX-0003-12255,Cobalt Technologies Group,INV-0003-001940,2025-12-31,2026-01-30,PO-251242,EUR,4725.5,992.35,5717.85,30.0,False,V-0003,D,False,Supplier portal,2026-01-02 19:13:20.188,V-0003,tax_id,PO251242,V-0003,115177.05,EUR,0,0,0,0,0,0,0,0,0,,0,,0,Auto-approve,Rules + OCR,0.337167340826298,,,
AP-0003371,pdf_text,,TX-0027-23409,Harbor Resources LLC,INV-0027-003371,2025-12-28,2026-01-27,PO-251884,USD,3081.93,0.0,3081.93,30.0,False,V-0027,B,False,Email,2026-01-02 19:22:48.141,V-0027,tax_id,PO251884,V-0027,22242.15,USD,0,0,0,0,0,0,1,0,0,,0,Inactive Vendor,1,Exception review,Rules + OCR,0.6342398302547336,,,
AP-0004636,pdf_text,,TX-0011-62098,Summit Systems LLC,INV-0011-004636,2025-12-30,2026-01-29,PO-252265,USD,25576.82,0.0,25576.82,30.0,False,V-0011,B,False,Supplier portal,2026-01-02 20:04:15.318,V-0011,tax_id,PO252265,V-0011,94914.43,USD,0,0,0,0,0,0,0,0,0,,0,,0,Auto-approve,Rules + OCR,0.314376042718819,,,
AP-0002237,pdf_text,,TX-0054-19609,Crescent Logistics LLC,INV-0054-002237,2025-12-31,2026-01-30,PO-252121,USD,6848.15,564.97,7413.12,30.0,False,V-0054,A,False,Supplier portal,2026-01-03 01:22:50.450,V-0054,tax_id,PO252121,V-0054,61968.86,USD,0,0,0,0,0,0,0,0,0,,0,,0,Auto-approve,Rules + OCR,0.3354841162977605,,,
AP-0004326,pdf_text,,TX-0140-96185,Blue Ridge Operations Inc.,INV-0140-004326,2025-12-31,2026-01-30,PO-251965,USD,22107.52,0.0,22107.52,30.0,False,V-0140,C,False,Supplier portal,2026-01-03 06:32:49.777,V-0140,tax_id,PO251965,V-0140,231229.57,USD,0,0,0,0,0,0,0,0,0,,0,,0,Auto-approve,Rules + OCR,0.3188319807813563,,,
AP-0004130,pdf_text,,TX-0114-88629,Beacon Logistics Group,INV-0114-004130,2025-12-31,2026-01-30,PO-250176,USD,32116.59,2649.62,34766.21,30.0,False,V-0114,A,False,Supplier portal,2026-01-03 08:53:14.953,V-0114,tax_id,PO250176,V-0114,180880.39,USD,0,0,0,0,0,0,0,0,0,,0,,0,Auto-approve,Rules + OCR,0.32480739573273376,,,
AP-0003639,ocr,94.10775371134022,TX-0100-21510,Summit Logistics Inc.,,,,,,,,,,False,V-0100,E,True,Email,2026-01-03 10:50:47.055,V-0100,tax_id,,,,,1,0,0,0,0,0,0,0,0,Missing field,1,Missing PO,1,Data check,Rules + OCR,0.5979621229489317,,,
AP-0004415,pdf_text,,TX-0092-15472,Summit Resources Group,INV-0092-004415,2025-12-30,2026-01-14,PO-251873,USD,9400.11,0.0,9400.11,15.0,False,V-0092,A,False,Supplier portal,2026-01-03 10:54:46.979,V-0092,tax_id,PO251873,V-0092,39316.78,USD,0,0,0,0,0,0,0,0,0,,0,,0,Auto-approve,Rules + OCR,0.32572180242832455,,,
AP-0003822,pdf_text,,TX-0054-19609,Crescent Logistics LLC,INV-0054-003822,2025-12-29,2026-01-28,PO-250127,USD,1575.02,129.94,1704.96,30.0,False,V-0054,A,False,Supplier portal,2026-01-03 11:58:57.137,V-0054,tax_id,PO250127,V-0054,12164.06,USD,0,0,0,0,0,0,0,0,0,,0,,0,Auto-approve,Rules + OCR,0.34063685666081683,,,
AP-0003211,pdf_text,,TX-0054-19609,Crescent Logistics LLC,INV-0054-003211,2025-12-30,2026-01-29,PO-252121,USD,15298.36,1262.11,16560.47,30.0,False,V-0054,A,False,Email,2026-01-03 12:10:39.141,V-0054,tax_id,PO252121,V-0054,61968.86,USD,0,0,0,0,0,0,0,0,0,,0,,0,Auto-approve,Rules + OCR,0.346224508458443,,,
AP-0004957,pdf_text,,TX-0047-37316,Stonebridge Advisors Group,INV-0047-004957,2025-12-31,2026-01-30,PO-252344,EUR,11153.36,2342.2,13495.56,30.0,False,V-0047,D,False,Supplier portal,2026-01-03 14:54:37.263,V-0047,tax_id,PO252344,V-0047,9652.86,EUR,0,0,0,0,1,0,0,0,0,,0,Invoice Over PO,1,Exception review,Rules + OCR,0.636155692516619,,,
AP-0000608,ocr,93.16384575308642,TX-0087-76038,Atlas Digital Ltd.,INV-0087-000608,2025-12-30,2026-02-28,PO-250525,EUR,16246.78,3411.82,19658.6,60.0,False,V-0087,D,True,Email,2026-01-03 16:14:24.155,V-0087,tax_id,PO250525,V-0087,56958.3,EUR,0,0,0,0,0,0,0,0,0,,0,,0,Auto-approve,Rules + OCR,0.37166761764956424,,,
AP-0001682,pdf_text,,TX-0095-51083,Crescent Supply Ltd.,INV-0095-001682,2025-12-30,2026-01-29,PO-251294,USD,9906.68,0.0,9906.68,30.0,False,V-0095,A,False,Supplier portal,2026-01-03 20:14:52.880,V-0095,tax_id,PO251294,V-0095,44886.45,USD,0,0,0,0,0,0,0,0,0,,0,,0,Auto-approve,Rules + OCR,0.3445707073744014,,,
AP-0004205,pdf_text,,TX-0042-54837,Summit Systems LLC,INV-0042-004205,2025-12-30,2026-02-28,PO-251206,USD,31844.15,0.0,31844.15,60.0,False,V-0042,B,False,Supplier portal,2026-01-04 00:47:53.137,V-0042,tax_id,PO251206,V-0042,122546.83,USD,0,0,0,0,0,0,0,0,0,,0,,0,Auto-approve,Rules + OCR,0.3504930039627185,,,
AP-0000538,pdf_text,,TX-0053-42836,Oakmont Supply Group,INV-0053-000538,2025-12-31,2026-01-30,PO-251041,SGD,61112.27,5500.1,66612.37,30.0,False,V-0053,C,False,Email,2026-01-04 02:21:15.561,V-0053,tax_id,PO251041,V-0053,305074.81,SGD,0,0,0,0,0,0,0,0,0,,0,,0,Auto-approve,Rules + OCR,0.36836641594157,,,
AP-0003023,ocr,94.31757141111112,TX-0071-54213,Summit Services LLC,INV-0071-003023,2025-12-31,2026-01-30,PO-250666,USD,,,2751.48,30.0,False,V-0071,C,True,Email,2026-01-04 02:35:09.147,V-0071,tax_id,PO250666,V-0071,47259.78,USD,0,0,0,0,0,0,0,0,0,,0,,0,Auto-approve,Rules + OCR,0.2967362773172803,,,
AP-0004244,ocr,95.80009921917808,TX-0095-51083,Crescent Supply Ltd.,INV-0095-004244,2025-12-30,2026-01-29,PO-250011,USD,3295.25,0.0,3295.25,30.0,False,V-0095,A,True,Email,2026-01-04 06:39:58.830,V-0095,tax_id,PO250011,V-0095,18742.58,USD,0,0,0,0,0,0,0,0,0,,0,,0,Auto-approve,Rules + OCR,0.310840582750098,,,
AP-0002033,pdf_text,,TX-0090-82710,Summit Systems LLC,INV-0090-002033,2025-12-30,2026-02-28,PO-250348,USD,4953.17,0.0,4953.17,60.0,False,V-0090,B,False,Supplier portal,2026-01-04 14:17:33.627,V-0090,tax_id,PO250348,V-0090,30585.72,USD,0,0,0,0,0,1,0,0,0,,0,Payment Terms Mismatch,1,Exception review,Rules + OCR,0.6428278282515691,,,
AP-0003949,pdf_text,,TX-0017-46110,Cobalt Analytics Group,INV-0017-003949,2025-12-31,2026-02-14,PO-251799,GBP,6005.26,1201.05,7206.31,45.0,False,V-0017,C,False,Email,2026-01-05 02:19:27.877,V-0017,tax_id,PO251799,V-0017,19995.6,GBP,0,0,0,0,0,0,0,1,0,,0,High-Risk Vendor,1,Exception review,Rules + OCR,0.47900713956208735,,,
AP-0003881,pdf_text,,TX-0121-33255,Cobalt Systems Inc.,,,,,,,,,,False,V-0121,E,False,Supplier portal,2026-01-05 09:22:58.468,V-0121,tax_id,,,,,1,0,0,0,0,0,1,1,0,Missing field,1,Missing PO; Inactive Vendor; High-Risk Vendor,3,Data check,Rules + OCR,0.7653704914658068,,,
AP-0004283,pdf_text,,TX-0067-45894,Summit Systems LLC,INV-0067-004283,2025-12-31,2026-01-30,PO-251203,USD,4911.35,0.0,4911.35,30.0,False,V-0067,B,False,Email,2026-01-05 11:02:09.863,V-0067,tax_id,PO251203,V-0067,24583.37,USD,0,0,0,0,0,0,0,0,0,,0,,0,Auto-approve,Rules + OCR,0.32321162363819583,,,
AP-0004522,llm,,TX-0001-43105,Evergreen Consulting Group,INV-0001-004522,2025-11-19,2025-12-19,PO-251520,INR,66627.23,11992.9,78620.13,30.0,False,V-0001,A,True,Email,2025-11-19 16:31:16.156,V-0001,tax_id,PO251520,V-0001,237854.54,INR,0,0,0,0,0,0,0,0,0,,0,,0,Auto-approve,Claude (LLM),0.3494639024364146,66627.23,2780.0,339.0
AP-0000028,edi,,TX-0127-49996,Ironwood Solutions Inc.,INV-0127-000028,2025-11-14,2025-12-29,PO-252247,USD,1813.75,149.63,1963.38,45.0,False,V-0127,A,False,EDI,2025-11-19 17:12:26.874,V-0127,tax_id,PO252247,V-0127,10109.81,USD,0,0,0,0,0,0,0,0,0,,0,,0,Auto-approve,Claude (LLM),0.3386072642735493,,,
AP-0004401,llm,,TX-0079-81417,Brightpath Technologies LLC,INV-0079-004401,2025-11-18,2025-12-18,PO250778,USD,45646.26,,45646.26,30.0,False,V-0079,E,False,Supplier portal,2025-11-19 18:59:27.363,V-0079,tax_id,PO250778,V-0079,124556.95,USD,0,0,0,0,0,0,0,0,0,,0,,0,Auto-approve,Claude (LLM),0.31977955783984735,45646.26,3013.0,359.0
AP-0003289,llm,,TX-0044-84195,BLUE RIDGE RESOURCES LLC,INV-0044-003289,2025-11-16,2026-01-15,PO-250228,USD,1222.5,,1222.5,60.0,False,V-0044,B,False,Supplier portal,2025-11-19 19:20:45.548,V-0044,tax_id,PO250228,V-0044,12269.96,USD,0,0,0,0,0,1,0,0,0,,0,Payment Terms Mismatch,1,Exception review,Claude (LLM),0.6246192195913932,1222.5,2987.0,354.0
AP-0003167,llm,,TX-0094-30896,Copperfield Systems Group,INV-0094-003167,2025-11-14,2025-12-14,PO-250274,INR,1715.59,308.81,2024.4,30.0,False,V-0094,A,False,Supplier portal,2025-11-19 20:00:12.444,V-0094,tax_id,PO250274,V-0094,16789.05,INR,0,0,0,0,0,0,0,0,0,,0,,0,Auto-approve,Claude (LLM),0.31624077280904284,1715.59,2991.0,337.0
AP-0000183,llm,,TX-0107-50949,"Silverline Advisors, Inc.",INV-0107-000183,2025-11-18,2026-01-17,PO-251453,USD,66472.68,5484.0,71956.68,60.0,False,V-0107,C,False,Email,2025-11-19 21:23:41.812,V-0107,tax_id,PO251453,V-0107,400335.43,USD,0,0,0,0,0,0,0,0,1,,0,Duplicate Invoice,1,Exception review,Claude (LLM),0.5638748471306078,66472.68,2972.0,351.0
AP-0001057,llm,,TX-0006-57912,COPPERFIELD DIGITAL GROUP,INV-0006-001057,2025-11-18,2026-01-17,PO-250703,CAD,6866.79,343.34,7210.13,60.0,False,V-0006,B,False,Supplier portal,2025-11-19 22:48:56.538,V-0006,tax_id,PO250703,V-0006,22864.68,CAD,0,0,0,0,0,0,0,0,0,,0,,0,Auto-approve,Claude (LLM),0.32659676496735657,6866.79,3008.0,374.0
AP-0003082,llm,,TX-0137-44191,Pioneer Consulting Ltd.,INV-0137-003082,2025-11-19,2025-12-19,PO-251114,USD,13463.96,,13463.96,30.0,False,V-0137,A,True,Email,2025-11-19 22:57:38.638,V-0137,tax_id,PO251114,V-0137,35484.79,USD,0,0,0,0,0,0,1,0,0,,0,Inactive Vendor,1,Exception review,Claude (LLM),0.6365733514204441,13463.96,2780.0,366.0
AP-0003102,llm,,TX-0128-19285,Harbor Systems LLC,INV-0128-003102,2025-11-17,2026-01-01,PO-251185,USD,11049.13,911.55,11960.68,45.0,False,V-0128,A,False,Email,2025-11-19 23:45:53.706,V-0128,tax_id,PO251185,V-0128,73602.24,USD,0,0,0,0,0,0,0,0,0,,0,,0,Auto-approve,Claude (LLM),0.34531329777984426,11049.13,3003.0,353.0
AP-0002458,edi,,TX-0137-44191,Pioneer Consulting Ltd.,INV-0137-002458,2025-11-15,2025-12-15,PO-251114,USD,7621.63,0.0,7621.63,30.0,False,V-0137,A,False,EDI,2025-11-20 02:02:43.386,V-0137,tax_id,PO251114,V-0137,35484.79,USD,0,0,0,0,0,0,1,0,0,,0,Inactive Vendor,1,Exception review,Claude (LLM),0.6362207169323364,,,
AP-0004220,llm,,TX-0004-83750,Harbor Networks Ltd.,INV-0004-004220,2025-11-17,2025-12-17,PO252130,USD,5648.88,466.03,6114.91,30.0,False,V-0004,E,True,Email,2025-11-20 02:46:54.438,V-0004,tax_id,PO252130,V-0004,26536.94,USD,0,0,0,0,0,0,0,0,0,,0,,0,Auto-approve,Claude (LLM),0.2968708812146698,5648.88,2780.0,370.0
AP-0000410,edi,,TX-0052-68137,Evergreen Consulting LLC,INV-0052-000410,2025-11-19,2025-12-19,PO-252384,USD,1282.5,0.0,1282.5,30.0,False,V-0052,A,False,EDI,2025-11-20 03:12:22.971,V-0052,tax_id,PO252384,V-0052,7214.96,USD,0,0,0,0,0,0,0,0,0,,0,,0,Auto-approve,Claude (LLM),0.306114775561085,,,
AP-0002954,llm,,TX-0056-21648,Oakmont Services LLC,INV-0056-002954,2025-11-15,2025-11-30,PO251543,USD,7394.36,610.03,8004.39,15.0,False,V-0056,E,True,Email,2025-11-20 04:37:20.996,V-0056,tax_id,PO251543,V-0056,28103.19,USD,0,0,0,0,0,1,0,0,0,,0,Payment Terms Mismatch,1,Exception review,Claude (LLM),0.6325312087171758,7394.36,2780.0,336.0
AP-0000286,llm,,TX-0078-49721,"Crescent Networks, Ltd.",INV-0078-000286,2025-11-17,2025-12-17,PO-250071,USD,65118.14,,65118.14,30.0,False,V-0078,C,False,Supplier portal,2025-11-20 05:06:56.980,V-0078,tax_id,PO250071,V-0078,207194.76,USD,0,0,0,0,0,0,0,0,0,,0,,0,Auto-approve,Claude (LLM),0.3624103528654577,65118.14,2978.0,335.0
AP-0002521,llm,,TX-0119-27534,Evergreen Systems Grp,INV-0119-002521,2025-11-20,2025-12-20,PO250217,USD,4536.44,374.26,4910.7,30.0,False,V-0119,E,False,Email,2025-11-20 05:23:03.314,V-0119,tax_id,PO250217,V-0119,46531.78,USD,0,0,0,0,0,0,0,0,0,,0,,0,Auto-approve,Claude (LLM),0.3123622341934335,4536.4400000000005,3002.0,376.0
AP-0003081,llm,,TX-0046-43936,"Beacon Solutions, LLC",INV-0046-003081,2025-11-17,2026-01-16,PO-252155,USD,122671.74,,122671.74,60.0,True,V-0046,C,False,Email,2025-11-20 05:41:03.789,V-0046,tax_id,PO252155,V-0046,84071.6,USD,0,0,0,0,1,0,0,0,0,,0,Invoice Over PO,1,Exception review,Claude (LLM),0.6805587019313912,122671.74,2979.0,380.0
AP-0003105,llm,,TX-0070-80671,Beacon Services LLC,INV-0070-003105,2025-11-15,2025-12-15,PO-250030,USD,61977.67,,61977.67,30.0,False,V-0070,A,False,Supplier portal,2025-11-20 07:19:56.286,V-0070,tax_id,PO250030,V-0070,202298.55,USD,0,0,0,0,0,1,0,0,0,,0,Payment Terms Mismatch,1,Exception review,Claude (LLM),0.6544383901795247,61977.670000000006,3011.0,380.0
AP-0000925,llm,,TX-0001-43105,Evergreen Consulting Group,INV-0001-000925,2025-11-20,2025-12-20,PO-251139,INR,25872.61,4657.07,30529.68,30.0,False,V-0001,A,False,Supplier portal,2025-11-20 08:53:30.877,V-0001,tax_id,PO251139,V-0001,105286.08,INR,0,0,0,0,0,0,0,0,0,,0,,0,Auto-approve,Claude (LLM),0.3199773169622636,25872.61,3048.0,405.0
AP-0001834,llm,,TX-0100-21510,Summit Logistics Incorporated,INV-0100-001834,2025-11-20,2025-12-20,PO250672,USD,35117.84,,35117.84,30.0,False,V-0100,E,False,Supplier portal,2025-11-20 12:34:48.357,V-0100,tax_id,PO250672,V-0100,100386.21,USD,0,0,0,0,0,0,0,0,0,,0,,0,Auto-approve,Claude (LLM),0.32445985840691616,35117.84,3013.0,380.0
AP-0002905,edi,,TX-0031-87911,Lighthouse Systems Inc.,INV-0031-002905,2025-11-18,2025-12-03,PO-250418,USD,23705.2,0.0,23705.2,15.0,False,V-0031,E,False,EDI,2025-11-20 12:46:20.372,V-0031,tax_id,PO250418,V-0031,97315.18,USD,0,0,0,0,0,0,0,1,0,,0,High-Risk Vendor,1,Exception review,Claude (LLM),0.4213218817224008,,,
AP-0004788,llm,,TX-0036-11692,JUNIPER OPERATIONS LTD.,INV-0036-004788,2025-11-16,2025-12-16,PO-251759,USD,8371.23,,8371.23,30.0,False,V-0036,B,False,Supplier portal,2025-11-20 13:50:12.498,V-0036,tax_id,PO251759,V-0036,51278.63,USD,0,0,0,0,0,0,0,0,0,,0,,0,Auto-approve,Claude (LLM),0.30739345577574123,8371.23,2991.0,355.0
AP-0003175,llm,,TX-0048-57091,"Oakmont Systems, Inc.",INV-0048-003175,2025-11-20,2025-12-05,PO-252294,USD,6781.87,559.5,7341.37,15.0,False,V-0048,C,False,Email,2025-11-20 13:50:41.069,V-0048,tax_id,PO252294,V-0048,98913.96,USD,0,0,0,0,0,0,0,0,0,,0,,0,Auto-approve,Claude (LLM),0.3218684804010534,6781.870000000001,2998.0,377.0
AP-0001583,edi,,TX-0022-47741,Lighthouse Solutions LLC,INV-0022-001583,2025-11-19,2026-01-03,PO-251167,USD,8532.09,703.9,9235.99,45.0,False,V-0022,E,False,EDI,2025-11-20 15:02:28.587,V-0022,tax_id,PO251167,V-0022,118567.81,USD,0,0,0,0,0,0,0,1,0,,0,High-Risk Vendor,1,Exception review,Claude (LLM),0.41572938139851096,,,
AP-0004831,llm,,TX-0021-37068,"Brightpath Operations, LLC",INV-0021-004831,2025-11-15,2025-12-30,PO-250889,USD,1413.73,116.63,1530.36,45.0,False,V-0021,C,False,Email,2025-11-20 15:23:57.254,V-0021,tax_id,PO250889,V-0021,5923.76,USD,0,0,0,0,0,0,0,0,0,,0,,0,Auto-approve,Claude (LLM),0.3368676491932168,1413.73,3009.0,401.0
AP-0002321,edi,,TX-0113-54591,Stonebridge Logistics Inc.,INV-0113-002321,2025-11-20,2026-01-04,PO-250787,EUR,2385.51,500.96,2886.47,45.0,False,V-0113,D,False,EDI,2025-11-20 17:34:05.261,V-0113,tax_id,PO250787,V-0113,27735.59,EUR,0,0,0,0,0,0,0,0,0,,0,,0,Auto-approve,Claude (LLM),0.35376980952216747,,,
AP-0001060,llm,,TX-0134-16068,Atlas Resources Ltd.,INV-0134-001060,2025-11-17,2025-12-17,,USD,8604.52,,8604.52,30.0,False,V-0134,E,False,Supplier portal,2025-11-20 17:42:00.184,V-0134,tax_id,,,,,1,0,0,0,0,0,0,0,0,,0,Missing PO,1,Exception review,Claude (LLM),0.662221601492271,8604.52,3010.0,388.0
AP-0002430,edi,,TX-0079-81417,Brightpath Technologies LLC,INV-0079-002430,2025-11-20,2025-12-20,PO-250299,USD,36688.29,0.0,36688.29,30.0,False,V-0079,E,False,EDI,2025-11-20 17:59:13.921,V-0079,tax_id,PO250299,V-0079,99153.47,USD,0,0,0,0,0,0,0,0,0,,0,,0,Auto-approve,Claude (LLM),0.3110042895549176,,,
AP-0002887,llm,,TX-0042-54837,HARBOR SERVICES GROUP,INV-0042-002887,2025-11-15,2026-01-14,PO-250570,USD,7013.05,,7013.05,60.0,False,V-0042,B,False,Supplier portal,2025-11-20 19:17:46.768,V-0042,tax_id,PO250570,V-0042,20022.47,USD,0,0,0,0,0,0,0,0,0,,0,,0,Auto-approve,Claude (LLM),0.3593547687888523,7013.05,2966.0,315.0
AP-0000957,edi,,TX-0071-54213,Summit Services LLC,INV-0071-000957,2025-11-16,2025-12-16,PO-250666,USD,13104.39,0.0,13104.39,30.0,False,V-0071,C,False,EDI,2025-11-20 21:06:10.186,V-0071,tax_id,PO250666,V-0071,47259.78,USD,0,0,0,0,0,0,0,0,0,,0,,0,Auto-approve,Claude (LLM),0.2852305913525873,,,
AP-0004004,llm,,TX-0029-56211,"Crescent Technologies, LLC",INV-0029-004004,2025-11-20,2025-12-05,PO-252327,USD,2392.26,197.36,2589.62,15.0,False,V-0029,C,False,Supplier portal,2025-11-20 21:50:32.221,V-0029,tax_id,PO252327,V-0029,18924.89,USD,0,0,0,0,0,0,0,0,0,,0,,0,Auto-approve,Claude (LLM),0.3085499555586995,2392.26,3015.0,402.0
AP-0002528,llm,,TX-0090-82710,COPPERFIELD ADVISORS LTD.,INV-0090-002528,2025-11-17,2026-01-01,PO-250970,USD,2817.2,,2817.2,45.0,False,V-0090,B,False,Supplier portal,2025-11-20 21:51:50.136,V-0090,tax_id,PO250970,V-0090,33636.72,USD,0,0,0,0,0,0,0,0,0,,0,,0,Auto-approve,Claude (LLM),0.354416541964312,2817.2,2973.0,320.0
AP-0004062,llm,,TX-0044-84195,BLUE RIDGE RESOURCES LLC,INV-0044-004062,2025-11-18,2025-12-03,,USD,8000.61,,8000.61,15.0,False,V-0044,B,False,Supplier portal,2025-11-20 22:07:17.911,V-0044,tax_id,,,,,1,0,0,0,0,0,0,0,0,,0,Missing PO,1,Exception review,Claude (LLM),0.6494238533872252,8000.610000000001,3010.0,379.0
AP-0000317,llm,,VAT TX-0037-24439,Redwood Supply LLC,INV-0037-000317,2025-11-17,2025-12-17,PO-250737,EUR,5515.88,1158.33,6674.21,30.0,False,V-0037,D,False,Supplier portal,2025-11-20 23:44:24.066,V-0037,tax_id,PO250737,V-0037,43579.99,EUR,0,0,0,0,0,0,0,0,0,,0,,0,Auto-approve,Claude (LLM),0.31178687449166614,5515.88,2963.0,337.0
AP-0003028,llm,,TX-0064-39165,SUMMIT CONSULTING INC.,INV-0064-003028,2025-11-16,2025-12-16,PO-251705,CAD,1189.22,59.46,1248.68,30.0,False,V-0064,B,True,Email,2025-11-21 01:41:35.329,V-0064,tax_id,PO251705,V-0064,10879.66,CAD,0,0,0,0,0,0,0,0,0,,0,,0,Auto-approve,Claude (LLM),0.47741500482266125,1189.22,2780.0,401.0
AP-0004247,llm,,TX-0048-57091,"Oakmont Systems, Inc.",INV-0048-004247,2025-11-20,2025-12-05,PO-250179,USD,512.43,42.28,554.71,15.0,False,V-0048,C,False,Supplier portal,2025-11-21 04:19:17.245,V-0048,tax_id,PO250179,V-0048,10361.45,USD,0,0,0,0,0,0,0,0,0,,0,,0,Auto-approve,Claude (LLM),0.3214595123216585,512.43,2985.0,372.0
AP-0004556,llm,,TX-0088-45873,Atlas Systems Group,INV-0088-004556,2025-11-20,"2025-12-20</due_date>
<parameter name=""terms_days"">30",PO-250345,USD,100305.94,,100305.94,,False,V-0088,A,False,Supplier portal,2025-11-21 04:48:18.037,V-0088,tax_id,PO250345,V-0088,85040.66,USD,0,0,0,0,1,0,0,0,0,Missing field,1,Invoice Over PO,1,Data check,Claude (LLM),0.6777767350415986,100305.94,3006.0,375.0
AP-0003819,llm,,VAT TX-0047-37316,Stonebridge Advisors Group,INV-0047-003819,2025-11-17,2025-12-17,PO-252226,EUR,11727.9,2462.86,14190.76,30.0,False,V-0047,D,True,Email,2025-11-21 05:46:16.540,V-0047,tax_id,PO252226,V-0047,255433.66,EUR,0,0,0,0,0,0,0,0,0,,0,,0,Auto-approve,Claude (LLM),0.3224975114423597,11727.9,2780.0,402.0
AP-0000738,llm,,TX-0054-19609,Crescent Logistics LLC,INV-0054-000738,2025-11-19,2025-12-04,PO-X000738,USD,3620.14,298.66,3918.8,15.0,False,V-0054,A,False,Supplier portal,2025-11-21 06:34:59.565,V-0054,tax_id,POX000738,,,,0,1,0,0,0,1,0,0,0,,0,Invalid PO; Payment Terms Mismatch,2,Exception review,Claude (LLM),0.7332417109327626,3620.14,2983.0,338.0
AP-0003333,llm,,TX-0017-46110,Cobalt Analytics Group,INV-0017-003333,2025-11-16,2025-12-31,PO-251983,GBP,83524.4,16704.88,100229.28,45.0,False,V-0017,C,False,Email,2025-11-21 07:54:11.621,V-0017,tax_id,PO251983,V-0017,366114.67,GBP,0,0,0,0,0,0,0,1,0,,0,High-Risk Vendor,1,Exception review,Claude (LLM),0.5553888283966901,83524.4,2969.0,348.0
AP-0000810,llm,,TX-0059-74622,Pioneer Solutions Group,INV-0059-000810,2025-11-18,2026-01-02,PO-251568,USD,15028.44,1239.85,16268.29,45.0,False,V-0059,A,False,Supplier portal,2025-11-21 07:56:22.689,V-0059,tax_id,PO251568,V-0059,46307.84,USD,0,0,0,0,0,0,1,0,1,,0,Inactive Vendor; Duplicate Invoice,2,Exception review,Claude (LLM),0.6558372948807734,15028.44,3019.0,375.0
AP-0003726,llm,,TX-0042-54837,HARBOR SERVICES GROUP,INV-0042-003726,2025-11-18,2026-01-17,PO-250763,USD,9329.21,,9329.21,60.0,False,V-0042,B,False,Email,2025-11-21 07:59:02.551,V-0042,tax_id,PO250763,V-0042,24958.38,USD,0,0,0,0,0,0,0,0,0,,0,,0,Auto-approve,Claude (LLM),0.3593828504347497,9329.21,2991.0,355.0
AP-0001697,llm,,TX-0112-59988,Crescent Systems Group,INV-0112-001697,2025-11-19,2025-12-19,PO-252159,USD,2023.85,,2023.85,30.0,True,V-0112,C,False,Supplier portal,2025-11-21 08:02:00.709,V-0112,tax_id,PO252159,V-0112,31383.4,USD,0,0,0,0,0,0,0,0,0,,0,,0,Auto-approve,Claude (LLM),0.3203921273719334,2023.85,2957.0,334.0
AP-0003173,llm,,TX-0062-17232,JUNIPER RESOURCES LTD.,INV-0062-003173,2025-11-21,2025-12-21,PO-252062,USD,703.76,,703.76,30.0,True,V-0062,B,False,Email,2025-11-21 11:37:30.477,V-0062,tax_id,PO252062,V-0062,7700.38,USD,0,0,0,0,0,0,0,0,0,,0,,0,Auto-approve,Claude (LLM),0.3438348107931831,703.76,2979.0,352.0
AP-0001618,llm,,TX-0140-96185,"Blue Ridge Operations, Inc.",INV-0140-001618,2025-11-19,2025-12-19,PO-252194,USD,2214.9,,2214.9,30.0,False,V-0140,C,False,Supplier portal,2025-11-21 12:14:43.011,V-0140,tax_id,PO252194,V-0140,36896.16,USD,0,0,0,0,0,0,0,0,0,,0,,0,Auto-approve,Claude (LLM),0.3111022270886416,2214.9,2951.0,317.0
AP-0003971,llm,,TX-0097-36111,Clearview Analytics Ltd.,INV-0097-003971,2025-11-16,2025-12-31,PO-250375,GBP,2863.38,572.68,3436.06,45.0,False,V-0097,A,True,Email,2025-11-21 13:26:06.679,V-0097,tax_id,PO250375,V-0097,38122.17,GBP,0,0,0,0,0,0,0,0,0,,0,,0,Auto-approve,Claude (LLM),0.4066897773445582,2863.38,2780.0,337.0
AP-0000774,llm,,TX-0130-24969,Harbor Technologies Ltd.,INV-0130-000774,2025-11-16,2026-01-15,PO-252251,EUR,7447.3,1563.93,9011.23,60.0,False,V-0130,D,False,Email,2025-11-21 13:52:23.309,V-0130,tax_id,PO252251,V-0130,29613.45,EUR,0,0,0,0,0,0,0,0,0,,0,,0,Auto-approve,Claude (LLM),0.35938876906530914,7447.3,2980.0,370.0
AP-0003821,llm,,TX-0096-18776,Copperfield Systems Group,INV-0096-003821,2025-11-16,2025-12-16,PO-252293,CAD,8012.4,400.62,8413.02,30.0,False,V-0096,A,True,Email,2025-11-21 19:11:34.418,V-0096,tax_id,PO252293,V-0096,49546.84,CAD,0,0,0,0,0,0,0,0,0,,0,,0,Auto-approve,Claude (LLM),0.32744878028787117,8012.4,2780.0,377.0
AP-0000085,llm,,TX-0059-74622,Pioneer Solutions Group,INV-0059-000085,2025-11-21,2026-01-05,PO-251823,USD,5925.88,488.88,6414.76,45.0,False,V-0059,A,False,Supplier portal,2025-11-21 20:56:11.183,V-0059,tax_id,PO251823,V-0059,54564.55,USD,0,0,0,0,0,0,1,0,0,,0,Inactive Vendor,1,Exception review,Claude (LLM),0.6130136134397706,5925.88,2977.0,332.0
AP-0003141,llm,,TX-0033-48829,Northstar Advisors LLC,INV-0033-003141,2025-11-17,2026-01-16,PO251987,USD,15135.7,,15135.7,60.0,False,V-0033,E,False,Supplier portal,2025-11-21 22:21:10.464,V-0033,tax_id,PO251987,V-0033,75454.23,USD,0,0,0,0,0,0,0,0,0,,0,,0,Auto-approve,Claude (LLM),0.3278160317070685,15135.7,3015.0,382.0
AP-0002276,llm,,TX-0112-59988,Crescent Systems Group,INV-0112-002276,2025-11-17,2025-12-17,PO-250898,USD,43666.16,,43666.16,30.0,False,V-0112,C,True,Email,2025-11-21 22:28:29.954,V-0112,tax_id,PO250898,V-0112,221677.68,USD,0,0,0,0,0,0,0,0,0,,0,,0,Auto-approve,Claude (LLM),0.30633219989036814,43666.16,2780.0,315.0
AP-0002399,llm,,TX-0034-94278,BEACON SOLUTIONS INC.,INV-0034-002399,2025-11-19,2025-12-19,PO-251420,CAD,16381.88,819.09,17200.97,30.0,False,V-0034,B,True,Email,2025-11-21 22:34:20.429,V-0034,tax_id,PO251420,V-0034,81955.31,USD,0,0,0,1,0,0,0,0,0,,0,Currency Mismatch,1,Exception review,Claude (LLM),0.6286564687630858,16381.88,2780.0,316.0
AP-0004935,llm,,TX-0115-48708,Ironwood Services Group,INV-0115-004935,2025-11-20,2025-12-05,PO-252147,EUR,2098.37,440.66,2539.03,15.0,False,V-0115,D,False,Supplier portal,2025-11-21 23:08:13.718,V-0115,tax_id,PO252147,V-0115,16538.48,EUR,0,0,0,0,0,0,0,0,0,,0,,0,Auto-approve,Claude (LLM),0.32949064189327626,2098.37,2966.0,333.0
AP-0000184,llm,,VAT TX-0113-54591,Stonebridge Logistics Inc.,INV-0113-000184,2025-11-19,2026-01-03,PO-250032,EUR,5444.54,1143.35,6587.89,45.0,False,V-0113,D,False,Supplier portal,2025-11-21 23:31:22.527,V-0113,tax_id,PO250032,V-0113,24782.92,EUR,0,0,0,0,0,0,0,0,0,,0,,0,Auto-approve,Claude (LLM),0.35231867041929515,5444.540000000001,3003.0,399.0
AP-0003050,llm,,TX-0053-42836,Oakmont Supply Group,INV-0053-003050,2025-11-21,2025-12-21,PO-250248,SGD,28005.37,2520.48,30525.85,30.0,False,V-0053,C,False,Supplier portal,2025-11-22 00:18:58.219,V-0053,tax_id,PO250248,V-0053,121543.14,SGD,0,0,0,0,0,0,0,0,0,,0,,0,Auto-approve,Claude (LLM),0.31670717738880955,28005.370000000003,2987.0,371.0
AP-0000118,llm,,VAT TX-0037-24439,Redwood Supply LLC,INV-0037-000118,2025-11-19,2025-12-19,PO-250349,EUR,4918.83,1032.96,5951.79,30.0,False,V-0037,D,False,Supplier portal,2025-11-22 01:02:10.678,V-0037,tax_id,PO250349,V-0037,21543.31,EUR,0,0,0,0,0,0,0,0,0,,0,,0,Auto-approve,Claude (LLM),0.33899608224984756,4918.83,2997.0,401.0
AP-0003383,llm,,TX-0054-19609,Crescent Logistics LLC,INV-0054-003383,2025-11-21,2025-12-21,PO-250974,USD,11611.84,957.98,12569.82,30.0,False,V-0054,A,True,Email,2025-11-22 01:54:56.524,V-0054,tax_id,PO250974,V-0054,37636.46,USD,0,0,0,0,0,0,0,0,0,,0,,0,Auto-approve,Claude (LLM),0.32259559253019005,11611.84,2736.0,398.0
AP-0004034,llm,,TX-0064-39165,SUMMIT CONSULTING INC.,INV-0064-004034,2025-11-20,2025-12-20,PO-252071,CAD,914.97,45.75,960.72,30.0,False,V-0064,B,False,Supplier portal,2025-11-22 03:27:01.443,V-0064,tax_id,PO252071,V-0064,17560.43,CAD,0,0,0,0,0,0,0,0,0,,0,,0,Auto-approve,Claude (LLM),0.32733955244663926,914.97,2979.0,336.0
AP-0002001,llm,,TX-0075-26492,Evergreen Digital Grp,INV-0075-001521,2025-11-21,2025-12-21,PO251341,USD,6750.97,556.95,7307.92,30.0,False,V-0075,E,True,Email,2025-11-22 03:54:12.645,V-0075,tax_id,PO251341,V-0075,6115.98,USD,0,0,0,0,1,0,0,0,1,,0,Invoice Over PO; Duplicate Invoice,2,Exception review,Claude (LLM),0.6290264077505288,6750.97,2780.0,336.0
AP-0001377,llm,,TX-0045-69725,Atlas Services LLC,INV-0045-001377,2025-11-20,2026-01-04,PO-252017,USD,23790.02,,23790.02,45.0,False,V-0045,A,True,Email,2025-11-22 05:49:24.688,V-0045,tax_id,PO252017,V-0045,108313.54,USD,0,0,0,0,0,0,0,0,0,,0,,0,Auto-approve,Claude (LLM),0.33088059368430867,23790.02,2736.0,313.0
AP-0004012,edi,,TX-0138-43552,Atlas Partners Group,INV-0138-004012,2025-11-20,2025-12-20,PO-251567,EUR,8364.39,1756.52,10120.91,30.0,False,V-0138,D,False,EDI,2025-11-22 06:56:38.809,V-0138,tax_id,PO251567,V-0138,53984.46,EUR,0,0,0,0,0,0,0,1,0,,0,High-Risk Vendor,1,Exception review,Claude (LLM),0.40809387807136693,,,
AP-0004267,llm,,TX-0042-54837,HARBOR SERVICES GROUP,INV-0042-004267,2025-11-19,2026-01-18,PO-251784,USD,2836.64,,2836.64,60.0,False,V-0042,B,False,Supplier portal,2025-11-22 07:34:09.677,V-0042,tax_id,PO251784,V-0042,14351.43,USD,0,0,0,0,0,0,0,0,0,,0,,0,Auto-approve,Claude (LLM),0.36023083948118584,2836.6400000000003,3002.0,378.0
AP-0001464,llm,,TX-0071-54213,"Summit Services, LLC",INV-0071-001464,2025-11-19,2025-12-19,PO-250979,USD,10831.32,,10831.32,30.0,False,V-0071,C,False,Email,2025-11-22 08:31:23.768,V-0071,tax_id,PO250979,V-0071,34721.5,USD,0,0,0,0,0,0,0,0,0,,0,,0,Auto-approve,Claude (LLM),0.3214156821250566,10831.32,2954.0,325.0
AP-0001239,llm,,TX-0057-94723,Lighthouse Supply Ltd.,INV-0057-001239,2025-11-20,2025-12-20,PO-252254,USD,10618.83,,10618.83,30.0,False,V-0057,A,False,Supplier portal,2025-11-22 09:05:21.756,V-0057,tax_id,PO252254,V-0057,37926.53,USD,0,0,0,0,0,0,0,0,0,,0,,0,Auto-approve,Claude (LLM),0.3312927146761423,10618.83,2972.0,315.0
AP-0001817,llm,,TX-0100-21510,Summit Logistics Incorporated,INV-0100-001817,2025-11-22,2025-12-22,PO251398,USD,8928.64,0.0,8928.64,30.0,False,V-0100,E,False,Supplier portal,2025-11-22 12:36:18.929,V-0100,tax_id,PO251398,V-0100,171499.25,USD,0,0,0,0,0,0,0,0,0,,0,,0,Auto-approve,Claude (LLM),0.29996215458091113,8928.64,3013.0,397.0
AP-0002756,llm,,TX-0087-76038,Atlas Digital Ltd.,INV-0087-002756,2025-11-20,2026-01-19,PO-250190,EUR,988.74,207.63,1196.37,60.0,False,V-0087,D,False,Supplier portal,2025-11-22 14:44:12.900,V-0087,tax_id,PO250190,V-0087,16356.69,EUR,0,0,0,0,0,0,0,0,0,,0,,0,Auto-approve,Claude (LLM),0.3578095950695989,988.74,2969.0,367.0
AP-0000166,llm,,TX-0097-36111,Clearview Analytics Ltd.,INV-0097-000166,2025-11-19,2026-01-03,PO-251096,GBP,16616.53,3323.3,19939.83,45.0,False,V-0097,A,False,Supplier portal,2025-11-22 14:56:00.143,V-0097,tax_id,PO251096,V-0097,69688.02,GBP,0,0,0,0,0,0,0,0,0,,0,,0,Auto-approve,Claude (LLM),0.4029905860104651,16616.53,3002.0,337.0
AP-0002373,edi,,TX-0027-23409,Harbor Digital LLC,INV-0027-002373,2025-11-20,2025-12-20,PO-251884,USD,1021.19,0.0,1021.19,30.0,False,V-0027,B,False,EDI,2025-11-22 14:56:47.694,V-0027,tax_id,PO251884,V-0027,22242.15,USD,0,0,0,0,0,0,1,0,0,,0,Inactive Vendor,1,Exception review,Claude (LLM),0.6085015371327754,,,
AP-0004374,llm,,TX-0011-62098,OAKMONT SOLUTIONS LLC,INV-0011-004374,2025-11-19,2025-12-19,PO-252101,USD,15823.38,,15823.38,30.0,False,V-0011,B,False,Supplier portal,2025-11-22 14:59:17.985,V-0011,tax_id,PO252101,V-0011,70771.29,USD,0,0,0,0,0,0,0,0,0,,0,,0,Auto-approve,Claude (LLM),0.3338847723174331,15823.38,2964.0,318.0
AP-0001369,llm,,TX-0030-52947,Crescent Networks Incorporated,INV-0030-001369,2025-11-20,2026-01-19,PO250831,USD,6118.44,504.77,6623.21,60.0,False,V-0030,E,False,Supplier portal,2025-11-22 15:32:01.361,V-0030,tax_id,PO250831,V-0030,89675.53,USD,0,0,0,0,0,0,0,0,0,,0,,0,Auto-approve,Claude (LLM),0.3430995558215,6118.4400000000005,3021.0,397.0
AP-0001570,llm,,TX-0119-27534,Evergreen Systems Grp,INV-0119-001570,2025-11-17,2025-12-17,PO251588,USD,8777.03,724.1,9501.13,30.0,True,V-0119,E,False,Supplier portal,2025-11-22 17:34:01.182,V-0119,tax_id,PO251588,V-0119,52990.7,USD,0,0,0,0,0,0,0,0,0,,0,,0,Auto-approve,Claude (LLM),0.30498275930801855,8777.03,3047.0,432.0
AP-0000779,llm,,TX-0054-19609,Crescent Logistics LLC,INV-0054-000779,2025-11-21,2025-12-21,PO-250035,USD,36375.98,3001.02,39377.0,30.0,False,V-0054,A,False,Supplier portal,2025-11-22 20:37:56.743,V-0054,tax_id,PO250035,V-0054,112817.82,USD,0,0,0,0,0,0,0,0,0,,0,,0,Auto-approve,Claude (LLM),0.32222144445116857,36375.98,2987.0,338.0
AP-0004457,edi,,TX-0118-10046,Stonebridge Logistics Ltd.,INV-0118-004457,2025-11-22,2025-12-22,PO-250798,USD,95103.47,7846.04,102949.51,30.0,False,V-0118,C,False,EDI,2025-11-22 21:39:47.301,V-0118,tax_id,PO250798,V-0118,470466.69,USD,0,0,0,0,0,0,0,0,0,,0,,0,Auto-approve,Claude (LLM),0.38534509070712425,,,
AP-0000679,edi,,TX-0128-19285,Harbor Systems LLC,INV-0128-000679,2025-11-20,2026-01-04,PO-251185,USD,21046.53,1736.34,22782.87,45.0,False,V-0128,A,False,EDI,2025-11-22 21:51:50.289,V-0128,tax_id,PO251185,V-0128,73602.24,USD,0,0,0,0,0,0,0,0,0,,0,,0,Auto-approve,Claude (LLM),0.34486799677224395,,,
AP-0001662,llm,,TX-0063-67062,Copperfield Systems Incorporated,INV-0063-001662,2025-11-21,2025-12-21,PO251855,USD,2782.61,229.56,3012.17,30.0,True,V-0063,E,False,Supplier portal,2025-11-22 22:23:34.735,V-0063,tax_id,PO251855,V-0063,32669.63,USD,0,0,0,0,0,0,0,0,0,,0,,0,Auto-approve,Claude (LLM),0.3070422561931641,2782.61,2983.0,340.0
AP-0000190,llm,,TX-0063-67062,Copperfield Systems Incorporated,INV-0063-000190,2025-11-22,2025-12-22,POX000190,USD,50012.73,4126.05,54138.78,30.0,False,V-0063,E,False,Email,2025-11-23 01:07:00.519,V-0063,tax_id,POX000190,,,,0,1,0,0,0,0,0,0,0,,0,Invalid PO,1,Exception review,Claude (LLM),0.6241756824984093,50012.73,3028.0,403.0
AP-0002576,llm,,TX-0059-74622,Pioneer Solutions Group,INV-0059-002576,2025-11-20,2026-01-04,PO-251568,USD,5627.27,464.25,6091.52,45.0,False,V-0059,A,False,Supplier portal,2025-11-23 01:07:28.479,V-0059,tax_id,PO251568,V-0059,46307.84,USD,0,0,0,0,0,0,1,0,0,,0,Inactive Vendor,1,Exception review,Claude (LLM),0.6057329404725996,5627.27,2977.0,333.0
AP-0002975,llm,,TX-0031-87911,Lighthouse Systems Incorporated,INV-0031-002975,2025-11-19,,PO250409,USD,842.46,,842.46,15.0,False,V-0031,E,False,Email,2025-11-23 01:19:29.899,V-0031,tax_id,PO250409,V-0031,13074.97,USD,0,0,0,0,0,0,0,1,0,,0,High-Risk Vendor,1,Exception review,Claude (LLM),0.4083697516752398,842.46,2994.0,347.0
AP-0004716,llm,,TX-0032-86220,Harbor Networks Group,INV-0032-004716,2025-11-20,2026-01-04,PO-250922,SGD,15443.33,1389.9,16833.23,45.0,False,V-0032,A,False,Supplier portal,2025-11-23 04:21:27.041,V-0032,tax_id,PO250922,V-0032,51045.5,SGD,0,0,0,0,0,0,0,0,0,,0,,0,Auto-approve,Claude (LLM),0.36596033278444795,15443.33,3038.0,398.0
AP-0000833,llm,,TX-0093-95568,CLEARVIEW SYSTEMS INC.,INV-0093-000833,2025-11-20,2026-01-04,PO-252095,USD,12193.28,1005.95,13199.23,45.0,False,V-0093,B,False,Supplier portal,2025-11-23 04:41:12.667,V-0093,tax_id,PO252095,V-0093,186450.89,USD,0,0,0,0,0,1,0,0,0,,0,Payment Terms Mismatch,1,Exception review,Claude (LLM),0.6299700899216728,12193.28,3024.0,385.0
AP-0002259,llm,,TX-0140-96185,"Blue Ridge Operations, Inc.",INV-0140-002259,2025-11-22,2025-12-22,PO-251522,USD,15422.37,,15422.37,30.0,False,V-0140,C,False,Supplier portal,2025-11-23 09:58:45.743,V-0140,tax_id,PO251522,V-0140,44643.55,USD,0,0,0,0,0,0,0,0,0,,0,,0,Auto-approve,Claude (LLM),0.3029739869689877,15422.37,2977.0,354.0
AP-0003412,llm,,TX-0132-11639,Atlas Supply Group,INV-0132-003412,2025-11-23,2026-01-22,PO-250939,USD,4096.98,338.0,4434.98,60.0,False,V-0132,A,False,Supplier portal,2025-11-23 10:23:30.505,V-0132,tax_id,PO250939,V-0132,12124.95,USD,0,0,0,0,0,0,0,0,0,,0,,0,Auto-approve,Claude (LLM),0.33729510201139556,4096.98,3036.0,396.0
AP-0004835,llm,,TX-0132-11639,Atlas Supply Group,INV-0132-004835,2025-11-19,2026-01-18,PO-252131,USD,35641.56,2940.43,38581.99,60.0,False,V-0132,A,False,Supplier portal,2025-11-23 10:32:15.723,V-0132,tax_id,PO252131,V-0132,105811.67,USD,0,0,0,0,0,0,0,0,0,,0,,0,Auto-approve,Claude (LLM),0.32919675814698,35641.56,2981.0,336.0
AP-0001314,llm,,TX-0062-17232,JUNIPER RESOURCES LTD.,INV-0062-001314,2025-11-20,2025-12-20,PO-252175,USD,17820.62,,17820.62,30.0,False,V-0062,B,False,Supplier portal,2025-11-23 11:57:52.828,V-0062,tax_id,PO252175,V-0062,130741.51,USD,0,0,0,0,0,0,0,0,0,,0,,0,Auto-approve,Claude (LLM),0.3296997769390877,17820.62,3028.0,379.0
AP-0004440,llm,,TX-0136-10386,Clearview Services Inc.,INV-0136-004440,2025-11-22,2026-01-06,PO-251340,SGD,12622.81,1136.05,13758.86,45.0,False,V-0136,A,False,Supplier portal,2025-11-23 11:58:14.774,V-0136,tax_id,PO251340,V-0136,48312.87,SGD,0,0,0,0,0,0,0,1,0,,0,High-Risk Vendor,1,Exception review,Claude (LLM),0.4711939625525739,12622.81,2992.0,335.0
AP-0001853,llm,,TX-0005-88178,Atlas Resources Inc.,INV-0005-001853,2025-11-23,2025-12-23,PO-250835,USD,791.77,,791.77,30.0,False,V-0005,A,False,Email,2025-11-23 12:39:03.506,V-0005,tax_id,PO250835,V-0005,5396.79,USD,0,0,0,0,0,0,0,0,0,,0,,0,Auto-approve,Claude (LLM),0.31256739966163266,791.77,2995.0,374.0
AP-0000621,llm,,TX-0130-24969,Harbor Technologies Ltd.,INV-0130-000621,2025-11-21,2026-01-20,PO-252251,EUR,9081.47,1907.11,10988.58,60.0,False,V-0130,D,False,Supplier portal,2025-11-23 13:44:51.419,V-0130,tax_id,PO252251,V-0130,29613.45,EUR,0,0,0,0,0,0,0,0,0,,0,,0,Auto-approve,Claude (LLM),0.3524601805880131,9081.47,2963.0,333.0
AP-0002483,edi,,TX-0011-62098,Oakmont Solutions LLC,INV-0011-002483,2025-11-20,2025-12-20,PO-252265,USD,10972.9,0.0,10972.9,30.0,False,V-0011,B,False,EDI,2025-11-23 13:50:35.765,V-0011,tax_id,PO252265,V-0011,94914.43,USD,0,0,0,0,0,0,0,0,0,,0,,0,Auto-approve,Claude (LLM),0.3030029250657007,,,
AP-0004980,llm,,TX-0140-96185,"Blue Ridge Operations, Inc.",INV-0140-004980,2025-11-22,2025-12-22,PO-251464,USD,25008.14,,25008.14,30.0,False,V-0140,C,False,Supplier portal,2025-11-23 15:07:16.317,V-0140,tax_id,PO251464,V-0140,17397.74,USD,0,0,0,0,1,0,0,0,0,,0,Invoice Over PO,1,Exception review,Claude (LLM),0.5776126412517294,25008.14,3000.0,414.0
AP-0004564,llm,,TX-0033-48829,Northstar Advisors LLC,INV-0033-004564,2025-11-23,2026-01-22,PO250627,USD,7743.09,,7743.09,60.0,False,V-0033,E,False,Supplier portal,2025-11-23 18:51:00.286,V-0033,tax_id,PO250627,V-0033,66096.38,USD,0,0,0,0,0,0,0,0,0,,0,,0,Auto-approve,Claude (LLM),0.3252734525813824,7743.09,2975.0,319.0
AP-0003484,llm,,TX-0031-87911,Lighthouse Systems Incorporated,INV-0031-003484,2025-11-20,2025-12-05,PO251455,USD,2302.59,,2302.59,15.0,False,V-0031,E,False,Supplier portal,2025-11-23 19:37:46.896,V-0031,tax_id,PO251455,V-0031,36398.98,USD,0,0,0,0,0,0,0,1,0,,0,High-Risk Vendor,1,Exception review,Claude (LLM),0.4026812452834713,2302.59,3002.0,374.0
AP-0004970,edi,,TX-0071-54213,Summit Services LLC,INV-0071-004970,2025-11-22,2025-12-22,,USD,2043.28,0.0,2043.28,30.0,False,V-0071,C,False,EDI,2025-11-23 19:47:06.185,V-0071,tax_id,,,,,1,0,0,0,0,0,0,0,0,,0,Missing PO,1,Exception review,Claude (LLM),0.6157238388317818,,,
AP-0001252,edi,,TX-0055-46775,Silverline Analytics Group,INV-0055-000534,2025-11-18,2025-12-18,PO-251286,SGD,12847.96,1156.32,14004.28,30.0,False,V-0055,C,False,EDI,2025-11-23 19:51:01.541,V-0055,tax_id,PO251286,V-0055,7210.4,SGD,0,0,0,0,1,0,0,0,1,,0,Invoice Over PO; Duplicate Invoice,2,Exception review,Claude (LLM),0.6696258335501981,,,
AP-0001782,llm,,TX-0052-68137,Evergreen Consulting LLC,INV-0052-001782,2025-11-18,2025-12-18,PO-251061,USD,5035.6,,5035.6,30.0,False,V-0052,A,False,Supplier portal,2025-11-23 20:56:06.179,V-0052,tax_id,PO251061,V-0052,51143.3,USD,0,0,0,0,0,0,0,0,0,,0,,0,Auto-approve,Claude (LLM),0.33790816265364604,5035.6,2989.0,354.0
AP-0004780,llm,,TX-0048-57091,"Oakmont Systems, Inc.",INV-0048-004780,2025-11-18,2025-12-18,PO-250619,USD,13324.65,1099.28,14423.93,30.0,False,V-0048,C,False,Supplier portal,2025-11-23 21:41:36.225,V-0048,tax_id,PO250619,V-0048,64194.21,USD,0,0,0,0,0,1,0,0,0,,0,Payment Terms Mismatch,1,Exception review,Claude (LLM),0.6230335476783168,13324.65,3021.0,438.0
AP-0001283,llm,,VAT TX-0003-12255,Cobalt Technologies Group,INV-0003-001283,2025-11-19,2025-12-19,PO-252174,INR,2233.51,402.03,2635.54,30.0,False,V-0003,D,True,Email,2025-11-23 21:54:05.337,V-0003,tax_id,PO252174,V-0003,24758.89,EUR,0,0,0,1,0,0,0,0,0,,0,Currency Mismatch,1,Exception review,Claude (LLM),0.6200717373844481,2233.51,2780.0,371.0
AP-0004740,llm,,TX-0139-47222,EVERGREEN SYSTEMS GROUP,INV-0139-004740,2025-11-22,2025-12-22,PO-250869,USD,40536.81,,40536.81,30.0,False,V-0139,B,False,Supplier portal,2025-11-23 22:23:19.120,V-0139,tax_id,PO250869,V-0139,143086.95,USD,0,0,0,0,0,0,0,0,0,,0,,0,Auto-approve,Claude (LLM),0.3047124042557859,40536.81,3008.0,382.0
AP-0004171,edi,,TX-0026-46682,Oakmont Supply Ltd.,INV-0026-004171,2025-11-19,2025-12-04,PO-251838,EUR,3837.8,805.94,4643.74,15.0,False,V-0026,D,False,EDI,2025-11-23 23:21:20.478,V-0026,tax_id,PO251838,V-0026,102916.28,EUR,0,0,0,0,0,0,0,0,0,,0,,0,Auto-approve,Claude (LLM),0.3048097121959117,,,
AP-0001716,llm,,TX-0048-57091,"Oakmont Systems, Inc.",INV-0048-001716,2025-11-20,2025-12-05,PO-252125,USD,1987.61,163.98,2151.59,15.0,False,V-0048,C,False,Supplier portal,2025-11-24 00:54:06.331,V-0048,tax_id,PO252125,V-0048,15055.85,USD,0,0,0,0,0,0,0,0,0,,0,,0,Auto-approve,Claude (LLM),0.3280840633463861,1987.61,2975.0,350.0
AP-0000734,llm,,TX-0015-69124,Clearview Digital Inc.,INV-0015-000734,2025-11-20,2025-12-20,PO-251102,USD,2207.59,,2207.59,30.0,False,V-0015,A,False,Email,2025-11-24 01:12:45.375,V-0015,tax_id,PO251102,V-0015,9456.63,USD,0,0,0,0,0,0,0,0,0,,0,,0,Auto-approve,Claude (LLM),0.31979255721030375,2207.59,2973.0,317.0
AP-0003800,llm,,TX-0015-69124,Clearview Digital Inc.,INV-0015-003800,2025-11-22,2026-01-21,PO-251059,USD,23122.89,,23122.89,60.0,False,V-0015,A,False,Supplier portal,2025-11-24 01:36:25.953,V-0015,tax_id,PO251059,V-0015,129078.95,USD,0,0,0,0,0,1,0,0,0,,0,Payment Terms Mismatch,1,Exception review,Claude (LLM),0.6102155402388285,23122.89,2973.0,334.0
AP-0001759,llm,,TX-0053-42836,Oakmont Supply Group,INV-0053-001759,2025-11-21,2025-12-21,PO-250772,GBP,8308.99,1661.8,9970.79,30.0,False,V-0053,C,False,Email,2025-11-24 02:00:55.136,V-0053,tax_id,PO250772,V-0053,27019.93,SGD,0,0,0,1,0,0,0,0,0,,0,Currency Mismatch,1,Exception review,Claude (LLM),0.6507003190945849,8308.99,2964.0,347.0
AP-0002058,llm,,TX-0052-68137,Evergreen Consulting LLC,INV-0052-002058,2025-11-20,2025-12-20,PO-252384,USD,1191.4,,1191.4,30.0,False,V-0052,A,False,Supplier portal,2025-11-24 02:09:34.643,V-0052,tax_id,PO252384,V-0052,7214.96,USD,0,0,0,0,0,0,0,0,0,,0,,0,Auto-approve,Claude (LLM),0.30650836607985005,1191.4,2982.0,339.0
AP-0004520,edi,,TX-0100-21510,Summit Logistics Inc.,INV-0100-004520,2025-11-23,2025-12-23,PO-250616,USD,11459.85,0.0,11459.85,30.0,False,V-0100,E,False,EDI,2025-11-24 02:54:26.926,V-0100,tax_id,PO250616,V-0100,97443.06,USD,0,0,0,0,0,0,0,0,0,,0,,0,Auto-approve,Claude (LLM),0.3115487357207929,,,
AP-0002413,llm,,TX-0002-28786,"Cobalt Services, LLC",INV-0002-001437,2025-11-19,2025-12-04,PO-252270,INR,18861.17,3395.01,22256.18,15.0,False,V-0002,C,False,Email,2025-11-24 03:10:41.551,V-0002,tax_id,PO252270,V-0002,50134.6,INR,0,0,0,0,0,0,1,0,1,,0,Inactive Vendor; Duplicate Invoice,2,Exception review,Claude (LLM),0.7154936049134981,18861.17,2967.0,347.0
AP-0003441,llm,,VAT TX-0037-24439,Redwood Supply LLC,INV-0037-003441,2025-11-20,2025-12-20,PO-250349,EUR,4665.4,979.73,5645.13,30.0,False,V-0037,D,False,Supplier portal,2025-11-24 03:40:35.391,V-0037,tax_id,PO250349,V-0037,21543.31,EUR,0,0,0,0,0,0,0,0,0,,0,,0,Auto-approve,Claude (LLM),0.33525139985913316,4665.4,2979.0,374.0
AP-0002360,llm,,TX-0131-83608,Copperfield Systems LLC,INV-0131-002360,2025-11-24,2025-12-24,PO-250335,USD,4875.82,,4875.82,30.0,False,V-0131,A,False,Supplier portal,2025-11-24 05:09:25.278,V-0131,tax_id,PO250335,V-0131,14282.08,USD,0,0,0,0,0,0,0,0,0,,0,,0,Auto-approve,Claude (LLM),0.3123212138592582,4875.82,2971.0,318.0
AP-0001632,edi,,TX-0108-54358,Summit Supply Ltd.,INV-0108-001632,2025-11-23,2026-01-22,PO-252304,CAD,34235.45,1711.77,35947.22,60.0,False,V-0108,C,False,EDI,2025-11-24 05:58:30.422,V-0108,tax_id,PO252304,V-0108,184747.34,CAD,0,0,0,0,0,0,0,0,0,,0,,0,Auto-approve,Claude (LLM),0.3456108601639685,,,
AP-0002994,llm,,VAT TX-0113-54591,Stonebridge Logistics Inc.,INV-0113-002994,2025-11-20,2026-01-04,PO-251484,EUR,86870.25,18242.75,105113.0,45.0,False,V-0113,D,False,Email,2025-11-24 06:06:15.546,V-0113,tax_id,PO251484,V-0113,281278.62,EUR,0,0,0,0,0,0,0,0,0,,0,,0,Auto-approve,Claude (LLM),0.39499922254111036,86870.25,2975.0,340.0
AP-0002114,llm,,TX-0018-72351,EVERGREEN RESOURCES INC.,INV-0018-002114,2025-11-23,2025-12-23,PO-251612,USD,4135.76,,4135.76,30.0,False,V-0018,B,False,Supplier portal,2025-11-24 06:42:58.607,V-0018,tax_id,PO251612,V-0018,11668.47,USD,0,0,0,0,0,0,0,0,0,,0,,0,Auto-approve,Claude (LLM),0.3347516117155177,4135.76,2968.0,317.0
AP-0004054,llm,,TX-0020-45960,Copperfield Partners Group,INV-0020-004054,2025-11-21,2026-01-20,PO-250535,USD,6117.62,,6117.62,60.0,False,V-0020,C,False,Supplier portal,2025-11-24 07:33:09.326,V-0020,tax_id,PO250535,V-0020,33136.33,USD,0,0,0,0,0,0,0,1,0,,0,High-Risk Vendor,1,Exception review,Claude (LLM),0.44456661703321043,6117.62,2972.0,334.0
AP-0001416,llm,,TX-0023-34364,Evergreen Systems LLC,INV-0023-001416,2025-11-22,2026-01-06,PO-252365,EUR,18569.65,3899.63,22469.28,45.0,False,V-0023,D,False,Email,2025-11-24 07:51:43.466,V-0023,tax_id,PO252365,V-0023,61141.99,EUR,0,0,0,0,0,0,0,0,0,,0,,0,Auto-approve,Claude (LLM),0.3581369066657779,18569.65,2977.0,369.0
AP-0003938,llm,,TX-0031-87911,Lighthouse Systems Incorporated,INV-0031-003938,2025-11-20,2025-12-05,PO250409,USD,2276.85,,2276.85,15.0,False,V-0031,E,False,Supplier portal,2025-11-24 07:54:40.449,V-0031,tax_id,PO250409,V-0031,13074.97,USD,0,0,0,0,0,0,0,1,0,,0,High-Risk Vendor,1,Exception review,Claude (LLM),0.40884039254363497,2276.85,2998.0,352.0
AP-0001814,edi,,TX-0081-73770,Silverline Supply Group,INV-0081-001814,2025-11-19,2025-12-19,PO-250880,USD,991.73,0.0,991.73,30.0,False,V-0081,C,False,EDI,2025-11-24 08:45:52.166,V-0081,tax_id,PO250880,V-0081,11735.76,USD,0,0,0,0,0,0,0,0,0,,0,,0,Auto-approve,Claude (LLM),0.3149484485534987,,,
AP-0003603,llm,,TX-0091-39995,SUMMIT RESOURCES LTD.,INV-0091-003603,2025-11-23,2026-01-22,PO-251193,SGD,3158.16,284.23,3442.39,60.0,False,V-0091,B,False,Supplier portal,2025-11-24 11:11:04.608,V-0091,tax_id,PO251193,V-0091,20188.0,SGD,0,0,0,0,0,0,0,0,0,,0,,0,Auto-approve,Claude (LLM),0.37359898721528567,3158.16,3020.0,400.0
AP-0003085,llm,,TX-0075-26492,Evergreen Digital Grp,INV-0075-003085,2025-11-20,2025-12-20,PO251341,USD,488.91,40.33,529.24,30.0,False,V-0075,E,False,Supplier portal,2025-11-24 11:13:37.404,V-0075,tax_id,PO251341,V-0075,6115.98,USD,0,0,0,0,0,0,0,0,0,,0,,0,Auto-approve,Claude (LLM),0.28323935550226437,488.91,2988.0,369.0
AP-0001073,edi,,TX-0077-86128,Cobalt Operations LLC,INV-0077-001073,2025-11-24,2025-12-24,PO-252252,USD,2820.38,0.0,2820.38,30.0,False,V-0077,B,False,EDI,2025-11-24 12:14:22.068,V-0077,tax_id,PO252252,V-0077,18665.51,USD,0,0,0,0,0,0,0,0,1,,0,Duplicate Invoice,1,Exception review,Claude (LLM),0.5431397885937148,,,
AP-0002043,llm,,TX-0014-36758,Summit Logistics Grp,INV-0014-002043,2025-11-21,,PO251751,USD,3123.88,,3123.88,30.0,False,V-0014,E,False,Supplier portal,2025-11-24 13:27:48.365,V-0014,tax_id,PO251751,V-0014,47503.37,USD,0,0,0,0,0,0,0,0,0,,0,,0,Auto-approve,Claude (LLM),0.306838362539035,3123.88,3008.0,353.0
AP-0002115,llm,,TX-0002-28786,"Cobalt Services, LLC",INV-0002-002115,2025-11-23,2026-01-22,PO-252002,INR,3630.0,653.4,4283.4,60.0,False,V-0002,C,False,Supplier portal,2025-11-24 17:46:21.739,V-0002,tax_id,PO252002,V-0002,39520.8,INR,0,0,0,0,0,1,1,0,0,,0,Payment Terms Mismatch; Inactive Vendor,2,Exception review,Claude (LLM),0.7454763352401177,3630.0,2987.0,373.0
AP-0000193,llm,,TX-0060-58175,"Clearview Solutions, LLC",INV-0060-000193,2025-11-22,2025-12-07,PO-250118,USD,20669.34,,20669.34,15.0,True,V-0060,C,True,Email,2025-11-24 18:34:58.694,V-0060,tax_id,PO250118,V-0060,82634.65,USD,0,0,0,0,0,0,0,0,1,,0,Duplicate Invoice,1,Exception review,Claude (LLM),0.5951640419258334,20669.34,2780.0,309.0
AP-0000918,llm,,VAT TX-0049-19644,Harbor Resources LLC,INV-0049-000918,2025-11-22,2025-12-22,PO-251578,EUR,10216.74,2145.52,12362.26,30.0,False,V-0049,D,False,Supplier portal,2025-11-24 20:11:51.614,V-0049,tax_id,PO251578,V-0049,33669.93,EUR,0,0,0,0,0,0,0,0,0,,0,,0,Auto-approve,Claude (LLM),0.32648197171344495,10216.74,3009.0,423.0
AP-0004902,llm,,TX-0139-47222,EVERGREEN SYSTEMS GROUP,INV-0139-004902,2025-11-19,2025-12-19,PO-251745,USD,7732.2,,7732.2,30.0,False,V-0139,B,False,Supplier portal,2025-11-24 20:26:17.335,V-0139,tax_id,PO251745,V-0139,55630.67,USD,0,0,0,0,0,0,0,0,0,,0,,0,Auto-approve,Claude (LLM),0.30517422656462045,7732.2,2988.0,355.0
AP-0002116,llm,,TX-0114-88629,Beacon Logistics Group,INV-0114-002116,2025-11-24,2025-12-24,PO-251650,USD,27860.35,2298.48,30158.83,30.0,False,V-0114,A,False,Email,2025-11-24 22:22:36.950,V-0114,tax_id,PO251650,V-0114,82848.7,USD,0,0,0,0,0,0,0,0,0,,0,,0,Auto-approve,Claude (LLM),0.3104337432469609,27860.35,2986.0,338.0
AP-0004277,llm,,TX-0025-19498,OAKMONT SUPPLY GROUP,INV-0025-004277,2025-11-20,2026-01-04,PO-251630,USD,5901.58,486.88,6388.46,45.0,False,V-0025,B,False,Supplier portal,2025-11-25 01:30:39.973,V-0025,tax_id,PO251630,V-0025,113022.54,USD,0,0,0,0,0,1,0,0,0,,0,Payment Terms Mismatch,1,Exception review,Claude (LLM),0.5904582302515468,5901.58,2995.0,361.0
AP-0003775,llm,,TX-0001-43105,Evergreen Consulting Group,INV-0001-003775,2025-11-21,2025-12-21,PO-251139,INR,6396.69,1151.4,7548.09,30.0,False,V-0001,A,False,Email,2025-11-25 03:34:08.744,V-0001,tax_id,PO251139,V-0001,105286.08,INR,0,0,0,0,0,0,0,0,0,,0,,0,Auto-approve,Claude (LLM),0.32560463593034716,6396.6900000000005,3019.0,374.0
AP-0000906,llm,,TX-0137-44191,Pioneer Consulting Ltd.,INV-0137-000906,2025-11-23,2025-12-23,PO-251356,USD,15102.51,,15102.51,30.0,True,V-0137,A,False,Supplier portal,2025-11-25 03:42:01.740,V-0137,tax_id,PO251356,V-0137,47807.99,USD,0,0,0,0,0,0,1,0,0,,0,Inactive Vendor,1,Exception review,Claude (LLM),0.6367098704989146,15102.51,2972.0,316.0
AP-0003754,llm,,TX-0075-26492,Evergreen Digital Grp,INV-0075-003754,2025-11-20,2025-12-20,PO250858,USD,9339.9,770.54,10110.44,30.0,False,V-0075,E,False,Email,2025-11-25 04:33:38.377,V-0075,tax_id,PO250858,V-0075,38582.28,USD,0,0,0,0,0,0,0,0,0,,0,,0,Auto-approve,Claude (LLM),0.3197272283765015,9339.9,3001.0,374.0
AP-0002543,llm,,TX-0031-87911,Lighthouse Systems Incorporated,INV-0031-002543,2025-11-22,2025-12-07,PO250888,USD,17085.13,,17085.13,15.0,False,V-0031,E,False,Email,2025-11-25 07:43:00.097,V-0031,tax_id,PO250888,V-0031,77741.3,USD,0,0,0,0,0,0,0,1,0,,0,High-Risk Vendor,1,Exception review,Claude (LLM),0.4363927423449419,17085.129999999997,2990.0,351.0
AP-0001532,llm,,VAT TX-0138-43552,Atlas Partners Group,INV-0138-001532,2025-11-25,2025-12-25,PO-250890,SGD,5727.41,515.47,6242.88,30.0,False,V-0138,D,False,Supplier portal,2025-11-25 08:27:50.590,V-0138,tax_id,PO250890,V-0138,62344.11,EUR,0,0,0,1,0,0,0,1,0,,0,Currency Mismatch; High-Risk Vendor,2,Exception review,Claude (LLM),0.6634514013960672,5727.41,3018.0,422.0
AP-0004859,llm,,TX-0099-76362,Copperfield Networks Ltd.,INV-0099-004859,2025-11-24,2025-12-24,,USD,1429.28,,1429.28,30.0,False,V-0099,E,False,Email,2025-11-25 08:35:53.929,V-0099,tax_id,,,,,1,0,0,0,0,0,0,0,0,,0,Missing PO,1,Exception review,Claude (LLM),0.6484017491545903,1429.2800000000002,3003.0,375.0
AP-0004216,llm,,TX-0006-57912,COPPERFIELD DIGITAL GROUP,INV-0006-004216,2025-11-22,2026-01-21,PO-250513,CAD,7738.39,386.92,8125.31,60.0,False,V-0006,B,False,Supplier portal,2025-11-25 10:26:30.339,V-0006,tax_id,PO250513,V-0006,23586.09,CAD,0,0,0,0,0,0,0,0,0,,0,,0,Auto-approve,Claude (LLM),0.31908164770705255,7738.39,3008.0,374.0
AP-0003477,llm,,TX-0048-57091,"Oakmont Systems, Inc.",INV-0048-003477,2025-11-24,2025-12-09,PO-250852,GBP,30427.21,6085.44,36512.65,15.0,False,V-0048,C,False,Supplier portal,2025-11-25 11:05:08.315,V-0048,tax_id,PO250852,V-0048,105924.09,USD,0,0,0,1,0,0,0,0,0,,0,Currency Mismatch,1,Exception review,Claude (LLM),0.6727824404471566,30427.21,2976.0,353.0
AP-0004551,llm,,TX-0109-51449,Blue Ridge Analytics LLC,INV-0109-004551,2025-11-25,2026-01-24,PO-251004,USD,6052.27,,6052.27,60.0,False,V-0109,A,False,Email,2025-11-25 11:31:11.428,V-0109,tax_id,PO251004,V-0109,20008.18,USD,0,0,0,0,0,1,0,0,0,,0,Payment Terms Mismatch,1,Exception review,Claude (LLM),0.6366981793501447,6052.27,2966.0,314.0
AP-0004584,llm,,TX-0083-82789,PIONEER SERVICES GROUP,INV-0083-004584,2025-11-21,2025-12-06,PO-251412,USD,15894.57,1311.3,17205.87,15.0,False,V-0083,B,False,Supplier portal,2025-11-25 12:29:05.703,V-0083,tax_id,PO251412,V-0083,46553.28,USD,0,0,0,0,0,0,0,0,0,,0,,0,Auto-approve,Claude (LLM),0.29868597281161563,15894.57,2977.0,337.0
AP-0000717,llm,,TX-0079-81417,Brightpath Technologies LLC,INV-0079-000717,2025-11-23,2025-12-23,POX000717,USD,1108.55,,1108.55,30.0,False,V-0079,E,False,Supplier portal,2025-11-25 13:00:23.563,V-0079,tax_id,POX000717,,,,0,1,0,0,0,0,0,0,0,,0,Invalid PO,1,Exception review,Claude (LLM),0.6429640001908834,1108.5500000000002,3001.0,377.0
AP-0002288,llm,,TX-0032-86220,Harbor Networks Group,INV-0032-002288,2025-11-23,2026-01-07,PO-250922,SGD,3844.77,346.03,4190.8,45.0,False,V-0032,A,False,Supplier portal,2025-11-25 13:09:38.251,V-0032,tax_id,PO250922,V-0032,51045.5,SGD,0,0,0,0,0,0,0,0,0,,0,,0,Auto-approve,Claude (LLM),0.36984648822442107,3844.77,3028.0,395.0
AP-0001804,llm,,TX-0126-41894,"Blue Ridge Digital, LLC",INV-0126-001804,2025-11-21,2025-12-21,PO-250496,USD,6649.15,548.56,7197.71,30.0,False,V-0126,C,False,Supplier portal,2025-11-25 13:29:25.021,V-0126,tax_id,PO250496,V-0126,22707.16,USD,0,0,0,0,0,0,0,0,0,,0,,0,Auto-approve,Claude (LLM),0.32665352753269616,6649.15,2989.0,395.0
AP-0001110,llm,,TX-0015-69124,Clearview Digital Inc.,INV-0015-001110,2025-11-25,2025-12-25,PO-252223,USD,7082.54,,7082.54,30.0,False,V-0015,A,False,Email,2025-11-25 14:14:53.331,V-0015,tax_id,PO252223,V-0015,19996.0,USD,0,0,0,0,0,0,0,0,0,,0,,0,Auto-approve,Claude (LLM),0.31566348967508623,7082.54,2995.0,354.0
AP-0002862,llm,,TX-0015-69124,Clearview Digital Inc.,INV-0015-002862,2025-11-23,2025-12-23,PO-252223,USD,1960.78,,1960.78,30.0,False,V-0015,A,True,Email,2025-11-25 14:42:14.041,V-0015,tax_id,PO252223,V-0015,19996.0,USD,0,0,0,0,0,0,0,0,0,,0,,0,Auto-approve,Claude (LLM),0.31847928578659673,1960.78,2780.0,334.0
AP-0001811,llm,,TX-0117-90487,"Atlas Consulting, LLC",INV-0117-001811,2025-11-21,2025-12-21,PO-251750,CAD,98541.81,4927.09,103468.9,30.0,False,V-0117,C,False,Supplier portal,2025-11-25 15:03:20.643,V-0117,tax_id,PO251750,V-0117,279482.48,CAD,0,0,0,0,0,0,0,0,0,,0,,0,Auto-approve,Claude (LLM),0.37473112880457093,98541.81,3019.0,437.0
AP-0003703,llm,,TX-0112-59988,Crescent Systems Group,INV-0112-003703,2025-11-25,2025-12-25,PO-252388,USD,2584.76,,2584.76,30.0,False,V-0112,C,True,Email,2025-11-25 17:07:11.654,V-0112,tax_id,PO252388,V-0112,32329.43,USD,0,0,0,0,0,0,0,0,0,,0,,0,Auto-approve,Claude (LLM),0.3174442936371521,2584.76,2780.0,315.0
AP-0001030,edi,,TX-0079-81417,Brightpath Technologies LLC,INV-0079-001030,2025-11-23,2025-12-23,PO-250904,USD,15892.71,0.0,15892.71,30.0,False,V-0079,E,False,EDI,2025-11-25 17:25:14.689,V-0079,tax_id,PO250904,V-0079,58359.88,USD,0,0,0,0,0,0,0,0,0,,0,,0,Auto-approve,Claude (LLM),0.28098305573678317,,,
AP-0003101,llm,,TX-0130-24969,Harbor Technologies Ltd.,INV-0130-003101,2025-11-24,2026-01-23,PO-250471,EUR,1790.45,375.99,2166.44,60.0,False,V-0130,D,False,Supplier portal,2025-11-25 18:17:00.623,V-0130,tax_id,PO250471,V-0130,23862.12,EUR,0,0,0,0,0,0,0,0,0,,0,,0,Auto-approve,Claude (LLM),0.3521655021379873,1790.45,2975.0,367.0
AP-0002923,llm,,TX-0043-75924,Crescent Analytics Grp,INV-0043-002923,2025-11-22,2026-01-21,PO251773,USD,38639.56,,38639.56,60.0,False,V-0043,E,False,Supplier portal,2025-11-25 18:42:34.117,V-0043,tax_id,PO251773,V-0043,34840.84,USD,0,0,0,0,1,0,0,0,0,,0,Invoice Over PO,1,Exception review,Claude (LLM),0.6358782087872644,38639.56,2996.0,336.0
AP-0003546,llm,,TX-0122-68733,"Summit Operations, Ltd.",INV-0122-003546,2025-11-23,2026-01-07,PO-251706,USD,3997.64,,3997.64,45.0,False,V-0122,C,True,Email,2025-11-25 19:48:56.903,V-0122,tax_id,PO251706,V-0122,16604.18,USD,0,0,0,0,0,0,0,0,0,,0,,0,Auto-approve,Claude (LLM),0.3811032743987193,3997.64,2780.0,342.0
AP-0004704,edi,,TX-0035-47483,Pioneer Networks Ltd.,INV-0035-004704,2025-11-24,2025-12-24,PO-252043,USD,18914.04,0.0,18914.04,30.0,False,V-0035,E,False,EDI,2025-11-25 20:33:09.215,V-0035,tax_id,PO252043,V-0035,111832.27,USD,0,0,0,0,0,0,0,0,0,,0,,0,Auto-approve,Claude (LLM),0.3433890137752013,,,
AP-0002688,llm,,TX-0044-84195,BLUE RIDGE RESOURCES LLC,INV-0044-002688,2025-11-20,2025-12-05,PO-250003,USD,830.02,,830.02,15.0,False,V-0044,B,False,Email,2025-11-25 22:02:08.129,V-0044,tax_id,PO250003,V-0044,6875.16,USD,0,0,0,0,0,0,0,0,0,,0,,0,Auto-approve,Claude (LLM),0.32802391855750834,830.02,2979.0,333.0
AP-0004855,llm,,TX-0059-74622,Pioneer Solutions Group,INV-0059-004855,2025-11-25,2026-01-09,PO-250443,USD,2934.68,242.11,3176.79,45.0,False,V-0059,A,False,Supplier portal,2025-11-25 23:27:59.435,V-0059,tax_id,PO250443,V-0059,35425.8,USD,0,0,0,0,0,0,1,0,0,,0,Inactive Vendor,1,Exception review,Claude (LLM),0.6163925646430765,2934.68,3015.0,397.0
AP-0003737,llm,,TX-0086-70653,LIGHTHOUSE TECHNOLOGIES LLC,INV-0086-003737,2025-11-22,2026-01-06,PO-252178,USD,3307.1,272.84,3579.94,45.0,False,V-0086,B,False,Supplier portal,2025-11-26 00:07:59.738,V-0086,tax_id,PO252178,V-0086,24300.92,USD,0,0,0,0,0,0,0,0,0,,0,,0,Auto-approve,Claude (LLM),0.3357421741423106,3307.1000000000004,3018.0,403.0
AP-0001011,llm,,TX-0096-18776,Copperfield Systems Group,INV-0096-001011,2025-11-23,2025-12-23,,CAD,5213.13,260.66,5473.79,30.0,False,V-0096,A,False,Email,2025-11-26 02:15:29.462,V-0096,tax_id,,,,,1,0,0,0,0,0,0,0,0,,0,Missing PO,1,Exception review,Claude (LLM),0.6099064129766348,5213.13,2991.0,333.0
AP-0000007,llm,,TX-0051-19602,Summit Digital Ltd.,INV-0051-000007,2025-11-23,2026-01-07,PO250340,INR,10000.26,1800.05,11800.31,45.0,False,V-0051,E,False,Supplier portal,2025-11-26 04:30:55.165,V-0051,tax_id,PO250340,V-0051,59875.71,INR,0,0,0,0,0,0,0,0,0,,0,,0,Auto-approve,Claude (LLM),0.35706687320632396,10000.26,2983.0,334.0
AP-0002704,llm,,TX-0037-24439,Redwood Supply LLC,INV-0037-002704,2025-11-24,2025-12-24,PO-250737,EUR,6210.38,1304.18,7514.56,30.0,False,V-0037,D,False,Supplier portal,2025-11-26 04:53:40.862,V-0037,tax_id,PO250737,V-0037,43579.99,EUR,0,0,0,0,0,0,0,0,0,,0,,0,Auto-approve,Claude (LLM),0.3124016225925378,6210.38,2964.0,336.0
AP-0004499,llm,,TX-0005-88178,Atlas Resources Inc.,INV-0005-004499,2025-11-25,2025-12-25,PO-251045,USD,5915.25,,5915.25,30.0,False,V-0005,A,False,Supplier portal,2025-11-26 05:08:11.398,V-0005,tax_id,PO251045,V-0005,34122.25,USD,0,0,0,0,0,0,0,0,0,,0,,0,Auto-approve,Claude (LLM),0.30439934959300124,5915.25,2968.0,314.0
AP-0001913,llm,,TX-0015-69124,Clearview Digital Inc.,INV-0015-001913,2025-11-24,2025-12-24,PO-251102,USD,2127.38,,2127.38,30.0,False,V-0015,A,False,Supplier portal,2025-11-26 07:53:54.324,V-0015,tax_id,PO251102,V-0015,9456.63,USD,0,0,0,0,0,0,0,0,0,,0,,0,Auto-approve,Claude (LLM),0.3149811780573116,2127.38,2973.0,317.0
AP-0004031,llm,,TX-0119-27534,Evergreen Systems Grp,INV-0119-004031,2025-11-24,2025-12-24,PO251588,USD,13068.04,1078.11,14146.15,30.0,False,V-0119,E,False,Supplier portal,2025-11-26 08:54:58.547,V-0119,tax_id,PO251588,V-0119,52990.7,USD,0,0,0,0,0,0,0,0,0,,0,,0,Auto-approve,Claude (LLM),0.3031801791659755,13068.04,2983.0,339.0
AP-0004084,llm,,TX-0003-12255,Cobalt Technologies Group,INV-0003-004084,2025-11-26,2025-12-26,PO-252174,EUR,4880.75,1024.96,5905.71,30.0,False,V-0003,D,False,Email,2025-11-26 09:59:03.480,V-0003,tax_id,PO252174,V-0003,24758.89,EUR,0,0,0,0,0,0,0,0,0,,0,,0,Auto-approve,Claude (LLM),0.3291389632277018,4880.75,2983.0,371.0
AP-0002946,edi,,TX-0103-92209,Silverline Services Group,INV-0103-002946,2025-11-24,2026-01-08,PO-250745,USD,8362.86,0.0,8362.86,45.0,False,V-0103,C,False,EDI,2025-11-26 13:25:01.462,V-0103,tax_id,PO250745,V-0103,35984.62,USD,0,0,0,0,0,0,0,0,0,,0,,0,Auto-approve,Claude (LLM),0.33843781631351716,,,
AP-0001549,llm,,TX-0032-86220,Harbor Networks Group,INV-0032-000344,2025-11-23,2026-01-07,PO-251957,SGD,30356.19,2732.06,33088.25,45.0,False,V-0032,A,False,Supplier portal,2025-11-26 14:12:53.681,V-0032,tax_id,PO251957,V-0032,37792.37,SGD,0,0,0,0,0,0,0,0,1,,0,Duplicate Invoice,1,Exception review,Claude (LLM),0.593784494170198,30356.19,3038.0,398.0
AP-0000844,llm,,TX-0105-55701,"Ironwood Analytics, Inc.",INV-0105-000844,2025-11-21,2026-01-05,PO-251076,USD,2313.24,,2313.24,45.0,False,V-0105,C,False,Supplier portal,2025-11-26 15:01:46.904,V-0105,tax_id,PO251076,V-0105,10381.67,USD,0,0,0,0,0,0,0,0,0,,0,,0,Auto-approve,Claude (LLM),0.33947984061624975,2313.24,2980.0,354.0
AP-0002285,llm,,TX-0092-15472,Summit Resources Group,INV-0092-002285,2025-11-26,2025-12-11,PO-251562,USD,2140.98,,2140.98,15.0,False,V-0092,A,False,Supplier portal,2025-11-26 16:22:58.458,V-0092,tax_id,PO251562,V-0092,41561.75,USD,0,0,0,0,0,0,0,0,0,,0,,0,Auto-approve,Claude (LLM),0.3090968313828388,2140.98,2965.0,315.0
AP-0003845,llm,,TX-0001-43105,Evergreen Consulting Group,INV-0001-003845,2025-11-23,2025-12-23,PO-251520,INR,28954.85,5211.87,34166.72,30.0,False,V-0001,A,False,Supplier portal,2025-11-26 18:27:58.725,V-0001,tax_id,PO251520,V-0001,237854.54,INR,0,0,0,0,0,0,0,0,0,,0,,0,Auto-approve,Claude (LLM),0.33326348746112894,28954.85,3022.0,358.0
AP-0004443,llm,,TX-0006-57912,COPPERFIELD DIGITAL GROUP,INV-0006-004443,2025-11-21,2026-01-20,PO-250510,CAD,14141.26,707.06,14848.32,60.0,False,V-0006,B,False,Supplier portal,2025-11-26 19:27:26.874,V-0006,tax_id,PO250510,V-0006,54927.98,CAD,0,0,0,0,0,0,0,0,0,,0,,0,Auto-approve,Claude (LLM),0.3246551500508151,14141.26,2987.0,338.0
AP-0004747,llm,,TX-0009-87210,BLUE RIDGE SUPPLY LLC,INV-0009-004747,2025-11-22,2026-01-06,PO-252126,USD,5291.01,,5291.01,45.0,False,V-0009,B,False,Email,2025-11-26 20:30:39.228,V-0009,tax_id,PO252126,V-0009,80788.83,USD,0,0,0,0,0,0,0,0,0,,0,,0,Auto-approve,Claude (LLM),0.3454901439176769,5291.01,2967.0,317.0
AP-0003764,llm,,TX-0120-96327,Oakmont Advisors Group,INV-0120-003764,2025-11-23,2025-12-23,PO-252030,CAD,10042.0,502.1,10544.1,30.0,False,V-0120,C,False,Email,2025-11-26 22:13:01.420,V-0120,tax_id,PO252030,V-0120,63279.58,CAD,0,0,0,0,0,0,0,0,1,,0,Duplicate Invoice,1,Exception review,Claude (LLM),0.5510089840701989,10042.0,2974.0,341.0
AP-0004746,llm,,TX-0069-10137,ATLAS LOGISTICS INC.,INV-0069-004746,2025-11-25,2025-12-25,PO-250257,USD,6585.51,,6585.51,30.0,False,V-0069,B,False,Supplier portal,2025-11-26 22:23:11.295,V-0069,tax_id,PO250257,V-0069,29352.13,USD,0,0,0,0,0,0,0,0,0,,0,,0,Auto-approve,Claude (LLM),0.32494588116907647,6585.51,2968.0,317.0
AP-0001005,llm,,TX-0106-56495,Oakmont Analytics Inc.,INV-0106-001005,2025-11-26,2026-01-10,PO-251837,USD,12442.65,,12442.65,45.0,False,V-0106,A,False,Supplier portal,2025-11-26 22:37:20.452,V-0106,tax_id,PO251837,V-0106,57088.82,USD,0,0,0,0,0,0,0,0,0,,0,,0,Auto-approve,Claude (LLM),0.3498906032290748,12442.65,3010.0,359.0
AP-0002860,llm,,TX-0090-82710,COPPERFIELD ADVISORS LTD.,INV-0090-002860,2025-11-26,2026-01-10,PO-250970,USD,9387.6,,9387.6,45.0,False,V-0090,B,False,Supplier portal,2025-11-26 23:23:53.656,V-0090,tax_id,PO250970,V-0090,33636.72,USD,0,0,0,0,0,0,0,0,0,,0,,0,Auto-approve,Claude (LLM),0.3513699699697873,9387.6,2992.0,355.0
AP-0001496,llm,,TX-0018-72351,EVERGREEN RESOURCES INC.,INV-0018-001496,2025-11-25,2025-12-25,PO-251451,USD,4929.72,,4929.72,30.0,False,V-0018,B,False,Email,2025-11-27 00:49:12.276,V-0018,tax_id,PO251451,V-0018,32101.79,USD,0,0,0,0,0,0,0,0,0,,0,,0,Auto-approve,Claude (LLM),0.3418642744687179,4929.72,2975.0,322.0
AP-0003058,llm,,TX-0129-39742,"Blue Ridge Digital, Ltd.",INV-0129-001428,2025-11-26,2025-12-26,PO-252219,USD,1439.98,,1439.98,30.0,False,V-0129,C,False,Email,2025-11-27 02:54:46.991,V-0129,tax_id,PO252219,V-0129,108088.67,USD,0,0,0,0,0,1,0,0,1,,0,Payment Terms Mismatch; Duplicate Invoice,2,Exception review,Claude (LLM),0.6735483759154278,1439.98,2952.0,326.0
AP-0003893,edi,,TX-0102-39905,Blue Ridge Analytics Inc.,INV-0102-003893,2025-11-26,2025-12-11,PO-251195,EUR,11789.03,2475.7,14264.73,15.0,False,V-0102,D,False,EDI,2025-11-27 04:40:39.912,V-0102,tax_id,PO251195,V-0102,105504.57,EUR,0,0,0,0,0,0,0,0,0,,0,,0,Auto-approve,Claude (LLM),0.3346738705871489,,,
AP-0003214,llm,,TX-0140-96185,"Blue Ridge Operations, Inc.",INV-0140-003214,2025-11-24,2025-12-24,PO-250531,USD,12511.0,,12511.0,30.0,False,V-0140,C,True,Email,2025-11-27 05:13:58.816,V-0140,tax_id,PO250531,V-0140,34045.91,USD,0,0,0,0,0,0,0,0,0,,0,,0,Auto-approve,Claude (LLM),0.3131037422091315,12511.0,2780.0,393.0
AP-0004294,llm,,TX-0077-86128,COBALT OPERATIONS LLC,INV-0077-004294,2025-11-27,2025-12-27,PO-252252,USD,4777.59,,4777.59,30.0,False,V-0077,B,False,Supplier portal,2025-11-27 05:35:28.071,V-0077,tax_id,PO252252,V-0077,18665.51,USD,0,0,0,0,0,0,0,0,0,,0,,0,Auto-approve,Claude (LLM),0.3032072552992715,4777.59,3007.0,379.0
AP-0002962,edi,,TX-0084-70345,Redwood Supply LLC,INV-0084-002962,2025-11-22,2026-01-06,PO-251105,EUR,2954.69,620.49,3575.18,45.0,False,V-0084,D,False,EDI,2025-11-27 07:48:11.319,V-0084,tax_id,PO251105,V-0084,59370.31,EUR,0,0,0,0,0,1,0,0,0,,0,Payment Terms Mismatch,1,Exception review,Claude (LLM),0.6227695146626827,,,
AP-0003216,llm,,TX-0107-50949,"Silverline Advisors, Inc.",INV-0107-003216,2025-11-23,2026-01-22,PO-252050,USD,8381.85,691.5,9073.35,60.0,False,V-0107,C,False,Supplier portal,2025-11-27 08:35:27.221,V-0107,tax_id,PO252050,V-0107,33145.87,USD,0,0,0,0,0,0,0,0,0,,0,,0,Auto-approve,Claude (LLM),0.3489799136229859,8381.85,3021.0,406.0
AP-0002853,llm,,TX-0017-46110,Cobalt Analytics Group,INV-0017-002853,2025-11-25,2026-01-09,PO-251799,GBP,24589.28,4917.86,29507.14,45.0,False,V-0017,C,False,Supplier portal,2025-11-27 09:10:17.216,V-0017,tax_id,PO251799,V-0017,19995.6,GBP,0,0,0,0,1,0,0,1,0,,0,Invoice Over PO; High-Risk Vendor,2,Exception review,Claude (LLM),0.7113657649470323,24589.28,2969.0,348.0
AP-0004521,llm,,TX-0031-87911,Lighthouse Systems Incorporated,INV-0031-004521,2025-11-23,2025-12-08,PO250418,USD,33557.05,,33557.05,15.0,False,V-0031,E,False,Email,2025-11-27 10:01:49.597,V-0031,tax_id,PO250418,V-0031,97315.18,USD,0,0,0,0,0,0,0,1,0,,0,High-Risk Vendor,1,Exception review,Claude (LLM),0.4347066937232355,33557.05,2968.0,314.0
AP-0003457,llm,,TX-0007-69764,Redwood Logistics Ltd.,INV-0007-003457,2025-11-25,2025-12-10,PO-250626,INR,5116.64,920.99,6037.63,15.0,False,V-0007,A,False,Supplier portal,2025-11-27 10:47:06.189,V-0007,tax_id,PO250626,V-0007,32127.85,INR,0,0,0,0,0,0,0,0,0,,0,,0,Auto-approve,Claude (LLM),0.3522089907102023,5116.64,2989.0,336.0
AP-0000557,edi,,TX-0042-54837,Harbor Services Group,INV-0042-000557,2025-11-22,2026-01-21,PO-251670,USD,15329.38,0.0,15329.38,60.0,False,V-0042,B,False,EDI,2025-11-27 12:15:34.234,V-0042,tax_id,PO251670,V-0042,43544.99,USD,0,0,0,0,0,0,0,0,0,,0,,0,Auto-approve,Claude (LLM),0.3538900566660635,,,
AP-0002990,llm,,TX-0093-95568,CLEARVIEW SYSTEMS INC.,INV-0093-002990,2025-11-23,2025-12-08,PO-252234,USD,8757.61,722.5,9480.11,15.0,False,V-0093,B,False,Supplier portal,2025-11-27 13:41:03.835,V-0093,tax_id,PO252234,V-0093,25139.08,USD,0,0,0,0,0,0,0,0,0,,0,,0,Auto-approve,Claude (LLM),0.316351712183691,8757.61,3000.0,377.0
AP-0003651,edi,,TX-0123-99977,Oakmont Analytics Ltd.,INV-0123-003651,2025-11-26,2025-12-26,PO-250121,USD,36295.67,2994.39,39290.06,30.0,False,V-0123,E,False,EDI,2025-11-27 14:48:12.717,V-0123,tax_id,PO250121,V-0123,218249.97,USD,0,0,0,0,0,0,1,0,0,,0,Inactive Vendor,1,Exception review,Claude (LLM),0.6187615173294699,,,
AP-0004578,llm,,TX-0057-94723,Lighthouse Supply Ltd.,INV-0057-004578,2025-11-26,2025-12-26,PO-250600,USD,2008.51,,2008.51,30.0,False,V-0057,A,False,Supplier portal,2025-11-27 15:40:56.047,V-0057,tax_id,PO250600,V-0057,7586.18,USD,0,0,0,0,0,0,0,0,0,,0,,0,Auto-approve,Claude (LLM),0.3045646766474098,2008.51,2985.0,349.0
AP-0000970,llm,,VAT TX-0076-41538,Summit Systems LLC,INV-0076-000970,2025-11-25,2026-01-24,PO-250454,EUR,2670.69,560.84,3231.53,60.0,False,V-0076,D,False,Email,2025-11-27 16:12:09.394,V-0076,tax_id,PO250454,V-0076,13981.63,EUR,0,0,0,0,0,0,0,0,0,,0,,0,Auto-approve,Claude (LLM),0.34213961964549744,2670.69,2966.0,333.0
AP-0003357,llm,,TX-0066-17224,Stonebridge Networks Ltd.,INV-0066-003357,2025-11-23,2025-12-23,PO-252158,USD,14360.85,,14360.85,30.0,False,V-0066,A,False,Supplier portal,2025-11-27 16:29:46.737,V-0066,tax_id,PO252158,V-0066,50099.64,USD,0,0,0,0,0,0,0,0,0,,0,,0,Auto-approve,Claude (LLM),0.3296801815622467,14360.85,2972.0,318.0
AP-0002596,llm,,TX-0050-69493,Ironwood Services Ltd.,INV-0050-002222,2025-11-23,2025-12-23,PO-251082,CAD,2912.77,145.64,3058.41,30.0,False,V-0050,A,True,Email,2025-11-27 18:05:36.985,V-0050,tax_id,PO251082,V-0050,21094.11,USD,0,0,0,1,0,0,0,0,1,,0,Currency Mismatch; Duplicate Invoice,2,Exception review,Claude (LLM),0.666944673771571,2912.77,2780.0,337.0
AP-0002752,llm,,TX-0140-96185,"Blue Ridge Operations, Inc.",INV-0140-002752,2025-11-23,2026-01-07,PO-250916,USD,14092.24,,14092.24,45.0,False,V-0140,C,True,Email,2025-11-27 19:55:57.369,V-0140,tax_id,PO250916,V-0140,63209.77,USD,0,0,0,0,0,1,0,0,0,,0,Payment Terms Mismatch,1,Exception review,Claude (LLM),0.5889649049207849,14092.240000000002,2780.0,393.0
AP-0004497,llm,,TX-0082-48109,"Cobalt Partners, Ltd.",INV-0082-004497,2025-11-26,2025-12-11,PO-250104,USD,268.89,22.18,291.07,15.0,False,V-0082,C,False,Supplier portal,2025-11-27 20:04:03.331,V-0082,tax_id,PO250104,V-0082,5053.56,USD,0,0,0,0,0,0,0,0,0,,0,,0,Auto-approve,Claude (LLM),0.3210218369565661,268.89,3016.0,420.0
AP-0000962,llm,,TX-0139-47222,EVERGREEN SYSTEMS GROUP,INV-0139-000962,2025-11-23,2025-12-23,PO-251745,USD,11545.91,,11545.91,30.0,True,V-0139,B,False,Supplier portal,2025-11-27 20:55:13.421,V-0139,tax_id,PO251745,V-0139,55630.67,USD,0,0,0,0,0,0,0,0,0,,0,,0,Auto-approve,Claude (LLM),0.2973874212454974,11545.91,2971.0,320.0
AP-0003550,edi,,TX-0130-24969,Harbor Technologies Ltd.,INV-0130-003550,2025-11-22,2026-01-21,PO-252115,EUR,3159.93,663.58,3823.51,60.0,False,V-0130,D,False,EDI,2025-11-27 21:59:54.300,V-0130,tax_id,PO252115,V-0130,14510.95,EUR,0,0,0,0,0,0,0,0,0,,0,,0,Auto-approve,Claude (LLM),0.35320808103683904,,,
AP-0001769,llm,,TX-0084-70345,Redwood Supply LLC,INV-0084-001769,2025-11-27,2025-12-27,PO-251105,EUR,13094.09,2749.76,15843.85,30.0,False,V-0084,D,False,Supplier portal,2025-11-27 23:39:31.042,V-0084,tax_id,PO251105,V-0084,59370.31,EUR,0,0,0,0,0,0,0,0,0,,0,,0,Auto-approve,Claude (LLM),0.31581904190988586,13094.09,2997.0,397.0
AP-0004123,edi,,TX-0097-36111,Clearview Analytics Ltd.,INV-0097-004123,2025-11-24,2026-01-08,PO-252078,GBP,10180.96,2036.19,12217.15,45.0,False,V-0097,A,False,EDI,2025-11-28 00:40:58.436,V-0097,tax_id,PO252078,V-0097,41408.57,GBP,0,0,0,0,0,0,0,0,0,,0,,0,Auto-approve,Claude (LLM),0.3962049114000461,,,
AP-0003707,llm,,VAT TX-0084-70345,Redwood Supply LLC,INV-0084-003707,2025-11-23,2025-12-23,PO-251105,EUR,15390.07,3231.92,18621.99,30.0,False,V-0084,D,False,Supplier portal,2025-11-28 02:31:28.482,V-0084,tax_id,PO251105,V-0084,59370.31,EUR,0,0,0,0,0,0,0,0,0,,0,,0,Auto-approve,Claude (LLM),0.31554678163079836,15390.07,2966.0,338.0
AP-0002347,edi,,TX-0122-68733,Summit Operations Ltd.,INV-0122-002347,2025-11-24,2026-01-08,PO-251706,USD,3587.57,0.0,3587.57,45.0,False,V-0122,C,False,EDI,2025-11-28 04:40:11.595,V-0122,tax_id,PO251706,V-0122,16604.18,USD,0,0,0,0,0,0,0,0,0,,0,,0,Auto-approve,Claude (LLM),0.37526196069460493,,,
AP-0001436,llm,,TX-0067-45894,BEACON OPERATIONS LTD.,INV-0067-001436,2025-11-28,2025-12-28,PO-250833,USD,5331.34,,5331.34,30.0,False,V-0067,B,False,Supplier portal,2025-11-28 05:39:25.003,V-0067,tax_id,PO250833,V-0067,15722.38,USD,0,0,0,0,0,0,0,0,0,,0,,0,Auto-approve,Claude (LLM),0.3032648426233452,5331.34,2990.0,356.0
AP-0000339,edi,,TX-0135-50499,Stonebridge Systems LLC,INV-0135-000339,2025-11-27,2025-12-27,PO-251675,USD,1150.46,94.91,1245.37,30.0,False,V-0135,B,False,EDI,2025-11-28 08:41:27.618,V-0135,tax_id,PO251675,V-0135,7016.71,USD,0,0,0,0,0,0,0,0,0,,0,,0,Auto-approve,Claude (LLM),0.3224337921855254,,,
AP-0000743,llm,,TX-0011-62098,OAKMONT SOLUTIONS LLC,INV-0011-000743,2025-11-25,2025-12-25,PO-252101,USD,3907.05,,3907.05,30.0,False,V-0011,B,False,Supplier portal,2025-11-28 09:24:48.773,V-0011,tax_id,PO252101,V-0011,70771.29,USD,0,0,0,0,0,0,0,0,0,,0,,0,Auto-approve,Claude (LLM),0.3279881644778018,3907.05,2986.0,355.0
AP-0002380,llm,,TX-0035-47483,Pioneer Networks Ltd.,INV-0035-002380,2025-11-25,2025-12-25,,USD,,,1844.05,30.0,False,V-0035,E,False,Email,2025-11-28 11:08:41.795,V-0035,tax_id,,,,,1,0,0,0,0,0,0,0,0,,0,Missing PO,1,Exception review,Claude (LLM),0.6702814705621328,1844.05,2996.0,306.0
AP-0003346,edi,,TX-0086-70653,Lighthouse Technologies LLC,INV-0086-003346,2025-11-24,2026-01-08,PO-X003346,USD,39532.44,3261.43,42793.87,45.0,False,V-0086,B,False,EDI,2025-11-28 11:41:06.325,V-0086,tax_id,POX003346,,,,0,1,0,0,0,0,0,0,0,,0,Invalid PO,1,Exception review,Claude (LLM),0.6369459016747273,,,
AP-0000039,edi,,TX-0130-24969,Harbor Technologies Ltd.,INV-0130-000039,2025-11-27,2026-01-26,PO-252128,EUR,4679.74,982.75,5662.49,60.0,False,V-0130,D,False,EDI,2025-11-28 12:44:23.018,V-0130,tax_id,PO252128,V-0130,79758.16,EUR,0,0,0,0,0,0,0,0,0,,0,,0,Auto-approve,Claude (LLM),0.33154232293698355,,,
AP-0003896,llm,,TX-0127-49996,Ironwood Solutions Inc.,INV-0127-003896,2025-11-28,2026-01-12,PO-250460,USD,8241.64,679.93,8921.57,45.0,False,V-0127,A,True,Email,2025-11-28 12:48:15.894,V-0127,tax_id,PO250460,V-0127,33544.39,USD,0,0,0,0,0,0,0,0,0,,0,,0,Auto-approve,Claude (LLM),0.3407095330808565,8241.640000000001,2780.0,403.0
AP-0000866,edi,,TX-0027-23409,Harbor Digital LLC,INV-0027-000866,2025-11-28,2025-12-28,PO-251696,USD,9666.55,0.0,9666.55,30.0,False,V-0027,B,False,EDI,2025-11-28 13:19:21.088,V-0027,tax_id,PO251696,V-0027,41181.63,USD,0,0,0,0,0,0,1,0,0,,0,Inactive Vendor,1,Exception review,Claude (LLM),0.6184798862673692,,,
AP-0001217,llm,,TX-0059-74622,Pioneer Solutions Group,INV-0059-001217,2025-11-28,2026-01-12,PO-250443,USD,10654.36,878.98,11533.34,45.0,False,V-0059,A,False,Supplier portal,2025-11-28 14:13:32.093,V-0059,tax_id,PO250443,V-0059,35425.8,USD,0,0,0,0,0,0,1,0,0,,0,Inactive Vendor,1,Exception review,Claude (LLM),0.6178214537768676,10654.36,2999.0,370.0
AP-0004833,edi,,TX-0092-15472,Summit Resources Group,INV-0092-004833,2025-11-25,2025-12-10,PO-250794,USD,3525.51,0.0,3525.51,15.0,False,V-0092,A,False,EDI,2025-11-28 15:50:06.504,V-0092,tax_id,PO250794,V-0092,9763.44,USD,0,0,0,0,0,0,0,0,0,,0,,0,Auto-approve,Claude (LLM),0.3264146981211271,,,
AP-0002319,llm,,TX-0070-80671,Beacon Services LLC,INV-0070-002319,2025-11-27,2025-12-12,,USD,2357.67,,2357.67,15.0,False,V-0070,A,False,Supplier portal,2025-11-28 16:44:56.496,V-0070,tax_id,,,,,1,0,0,0,0,0,0,0,0,,0,Missing PO,1,Exception review,Claude (LLM),0.633373222799127,2357.67,2988.0,366.0
AP-0002412,llm,,TX-0129-39742,"Blue Ridge Digital, Ltd.",INV-0129-002412,2025-11-23,2026-01-07,PO-252219,USD,9225.4,,9225.4,45.0,False,V-0129,C,True,Email,2025-11-28 17:18:20.776,V-0129,tax_id,PO252219,V-0129,108088.67,USD,0,0,0,0,0,0,0,0,0,,0,,0,Auto-approve,Claude (LLM),0.3724118927023654,9225.4,2780.0,343.0
AP-0004715,llm,,TX-0082-48109,"Cobalt Partners, Ltd.",INV-0082-004715,2025-11-23,2025-12-08,PO-251489,USD,5767.86,475.85,6243.71,15.0,False,V-0082,C,False,Supplier portal,2025-11-28 20:09:30.972,V-0082,tax_id,PO251489,V-0082,20953.17,USD,0,0,0,0,0,0,0,0,0,,0,,0,Auto-approve,Claude (LLM),0.3140125351973268,5767.86,3013.0,432.0
AP-0002735,llm,,TX-0079-81417,Brightpath Technologies LLC,INV-0079-002735,2025-11-23,2025-12-23,PO252105,USD,19365.29,,19365.29,30.0,False,V-0079,E,False,Supplier portal,2025-11-28 20:31:01.224,V-0079,tax_id,PO252105,V-0079,123574.7,USD,0,0,0,0,0,0,0,0,0,,0,,0,Auto-approve,Claude (LLM),0.3129115028212679,19365.29,3013.0,380.0
AP-0001778,edi,,TX-0013-11961,Cobalt Operations LLC,INV-0013-001778,2025-11-25,2026-01-09,PO-250995,USD,16612.27,0.0,16612.27,45.0,False,V-0013,B,False,EDI,2025-11-28 20:57:38.057,V-0013,tax_id,PO250995,V-0013,100751.61,USD,0,0,0,0,0,0,1,0,0,,0,Inactive Vendor,1,Exception review,Claude (LLM),0.6506636392409011,,,
AP-0001553,llm,,TX-0053-42836,Oakmont Supply Group,INV-0053-001553,2025-11-23,2025-12-23,PO-251722,SGD,1983.96,178.56,2162.52,30.0,False,V-0053,C,False,Supplier portal,2025-11-28 21:33:08.454,V-0053,tax_id,PO251722,V-0053,16767.81,SGD,0,0,0,0,0,0,0,0,0,,0,,0,Auto-approve,Claude (LLM),0.3458424224246324,1983.96,2981.0,389.0
AP-0000897,edi,,TX-0016-44050,Redwood Consulting LLC,INV-0016-000897,2025-11-28,2025-12-13,PO-250618,EUR,81550.65,17125.64,98676.29,15.0,False,V-0016,D,False,EDI,2025-11-28 22:20:14.319,V-0016,tax_id,PO250618,V-0016,72721.98,EUR,0,0,0,0,1,0,0,0,0,,0,Invoice Over PO,1,Exception review,Claude (LLM),0.6874925413926194,,,
AP-0004786,llm,,TX-0028-83716,Harbor Consulting Ltd.,INV-0028-004786,2025-11-25,2025-12-10,PO252225,GBP,2417.6,483.52,2901.12,15.0,False,V-0028,E,False,Supplier portal,2025-11-29 02:20:49.303,V-0028,tax_id,PO252225,V-0028,10793.96,GBP,0,0,0,0,0,1,1,0,0,,0,Payment Terms Mismatch; Inactive Vendor,2,Exception review,Claude (LLM),0.7590750307377372,2417.6,3000.0,372.0
AP-0002445,llm,,TX-0083-82789,PIONEER SERVICES GROUP,INV-0083-002445,2025-11-27,2025-12-12,PO-251196,USD,25223.87,2080.97,27304.84,15.0,False,V-0083,B,False,Supplier portal,2025-11-29 04:13:00.882,V-0083,tax_id,PO251196,V-0083,153087.72,USD,0,0,0,0,0,0,0,0,0,,0,,0,Auto-approve,Claude (LLM),0.3208184357606661,25223.87,2998.0,375.0
AP-0003481,edi,,TX-0108-54358,Summit Supply Ltd.,INV-0108-003481,2025-11-27,2026-01-26,PO-250336,CAD,49390.7,2469.54,51860.24,60.0,False,V-0108,C,False,EDI,2025-11-29 05:11:39.994,V-0108,tax_id,PO250336,V-0108,375870.08,CAD,0,0,0,0,0,0,0,0,0,,0,,0,Auto-approve,Claude (LLM),0.35186071741239994,,,
AP-0002669,llm,,TX-0064-39165,SUMMIT CONSULTING INC.,INV-0064-002669,2025-11-27,2025-12-12,PO-250926,GBP,16247.0,3249.4,19496.4,15.0,False,V-0064,B,True,Email,2025-11-29 05:15:02.366,V-0064,tax_id,PO250926,V-0064,65101.9,CAD,0,0,0,1,0,1,0,0,0,,0,Currency Mismatch; Payment Terms Mismatch,2,Exception review,Claude (LLM),0.7105500972968026,16247.0,2780.0,406.0
AP-0000889,llm,,TX-0017-46110,Cobalt Analytics Group,INV-0017-000889,2025-11-28,2026-01-12,PO-251646,GBP,221546.12,44309.22,265855.34,45.0,False,V-0017,C,True,Email,2025-11-29 07:32:19.524,V-0017,tax_id,PO251646,V-0017,182474.85,GBP,0,0,0,0,1,0,0,1,0,,0,Invoice Over PO; High-Risk Vendor,2,Exception review,Claude (LLM),0.7416939690292335,221546.12,2780.0,337.0
AP-0001361,llm,,TX-0067-45894,BEACON OPERATIONS LTD.,INV-0067-001361,2025-11-29,2025-12-29,PO-250463,USD,10181.41,,10181.41,30.0,False,V-0067,B,False,Supplier portal,2025-11-29 07:36:49.490,V-0067,tax_id,PO250463,V-0067,43002.76,USD,0,0,0,0,0,0,0,0,0,,0,,0,Auto-approve,Claude (LLM),0.3010329733452092,10181.41,3012.0,383.0
AP-0004719,llm,,TX-0114-88629,Beacon Logistics Group,INV-0114-004719,2025-11-24,2025-12-24,PO-250176,USD,29969.94,2472.52,32442.46,30.0,False,V-0114,A,False,Email,2025-11-29 08:13:55.347,V-0114,tax_id,PO250176,V-0114,180880.39,USD,0,0,0,0,0,0,0,0,0,,0,,0,Auto-approve,Claude (LLM),0.32484030556020715,29969.94,3052.0,431.0
AP-0002536,llm,,TX-0059-74622,Pioneer Solutions Group,INV-0059-002536,2025-11-27,2026-01-11,PO-251568,USD,4618.51,381.03,4999.54,45.0,False,V-0059,A,True,Email,2025-11-29 08:16:02.953,V-0059,tax_id,PO251568,V-0059,46307.84,USD,0,0,0,0,0,0,1,0,0,,0,Inactive Vendor,1,Exception review,Claude (LLM),0.6179365095426473,4618.51,2780.0,368.0
AP-0001091,llm,,TX-0118-10046,"Stonebridge Logistics, Ltd.",INV-0118-001091,2025-11-24,2025-12-24,PO-250351,USD,23645.55,1950.76,25596.31,30.0,False,V-0118,C,False,Supplier portal,2025-11-29 08:45:24.941,V-0118,tax_id,PO250351,V-0118,141344.4,USD,0,0,0,0,0,0,0,0,0,,0,,0,Auto-approve,Claude (LLM),0.31933189311619,23645.55,2995.0,376.0
AP-0001529,llm,,TX-0054-19609,Crescent Logistics LLC,INV-0054-001529,2025-11-24,2025-12-24,PO-251618,USD,7871.04,649.36,8520.4,30.0,False,V-0054,A,False,Supplier portal,2025-11-29 08:58:44.826,V-0054,tax_id,PO251618,V-0054,31456.98,USD,0,0,0,0,0,0,0,0,0,,0,,0,Auto-approve,Claude (LLM),0.2995267894566531,7871.04,3042.0,426.0
AP-0001339,llm,,TX-0118-10046,"Stonebridge Logistics, Ltd.",INV-0118-001339,2025-11-28,2025-12-28,PO-250915,USD,7005.28,577.94,7583.22,30.0,False,V-0118,C,False,Supplier portal,2025-11-29 10:20:20.848,V-0118,tax_id,PO250915,V-0118,173123.61,USD,0,0,0,0,0,0,0,0,0,,0,,0,Auto-approve,Claude (LLM),0.3175420851796012,7005.28,2968.0,348.0
AP-0003539,llm,,TX-0062-17232,JUNIPER RESOURCES LTD.,INV-0062-003539,2025-11-25,2025-12-25,PO-X003539,USD,7330.13,,7330.13,30.0,False,V-0062,B,False,Supplier portal,2025-11-29 12:02:44.186,V-0062,tax_id,POX003539,,,,0,1,0,0,0,0,0,0,0,,0,Invalid PO,1,Exception review,Claude (LLM),0.6470188476824746,7330.13,2986.0,338.0
AP-0002492,llm,,TX-0087-76038,Atlas Digital Ltd.,INV-0087-002492,2025-11-25,2026-01-24,PO-250906,EUR,1447.13,303.9,1751.03,60.0,False,V-0087,D,False,Supplier portal,2025-11-29 13:51:28.451,V-0087,tax_id,PO250906,V-0087,17514.72,EUR,0,0,0,0,0,0,0,0,0,,0,,0,Auto-approve,Claude (LLM),0.3496793577008853,1447.13,3007.0,423.0
AP-0003486,llm,,TX-0009-87210,BLUE RIDGE SUPPLY LLC,INV-0009-003486,2025-11-24,2026-01-08,PO-252126,USD,9460.44,,9460.44,45.0,True,V-0009,B,False,Supplier portal,2025-11-29 14:23:05.130,V-0009,tax_id,PO252126,V-0009,80788.83,USD,0,0,0,0,0,0,0,0,0,,0,,0,Auto-approve,Claude (LLM),0.3395781906347202,9460.44,2971.0,319.0
AP-0001322,llm,,TX-0015-69124,Clearview Digital Inc.,INV-0015-001110,2025-11-29,2025-12-29,PO-252223,USD,7082.54,,7082.54,30.0,False,V-0015,A,False,Supplier portal,2025-11-29 14:51:32.568,V-0015,tax_id,PO252223,V-0015,19996.0,USD,0,0,0,0,0,0,0,0,1,,0,Duplicate Invoice,1,Exception review,Claude (LLM),0.5724402355106017,7082.54,2995.0,354.0
AP-0004846,llm,,TX-0100-21510,Summit Logistics Incorporated,INV-0100-004846,2025-11-27,2025-12-27,PO250672,USD,22491.59,,22491.59,30.0,False,V-0100,E,False,Supplier portal,2025-11-29 15:15:40.517,V-0100,tax_id,PO250672,V-0100,100386.21,USD,0,0,0,0,0,0,0,0,0,,0,,0,Auto-approve,Claude (LLM),0.3274646330972526,22491.59,3013.0,380.0
AP-0000421,llm,,TX-0032-86220,Harbor Networks Group,INV-0032-000421,2025-11-26,2026-01-10,PO-250552,SGD,3997.99,359.82,4357.81,45.0,False,V-0032,A,False,Supplier portal,2025-11-29 16:04:39.037,V-0032,tax_id,PO250552,V-0032,14457.11,SGD,0,0,0,0,0,0,0,0,0,,0,,0,Auto-approve,Claude (LLM),0.34726325578451056,3997.99,3031.0,396.0
AP-0000960,llm,,VAT TX-0125-42798,Brightpath Resources Ltd.,INV-0125-000960,2025-11-25,2025-12-25,PO-251244,EUR,4379.17,919.62,5298.79,30.0,False,V-0125,D,False,Email,2025-11-29 17:17:48.695,V-0125,tax_id,PO251244,V-0125,17334.14,EUR,0,0,0,0,0,0,0,0,0,,0,,0,Auto-approve,Claude (LLM),0.34648587700025896,4379.17,2998.0,375.0
AP-0003502,llm,,TX-0079-81417,Brightpath Technologies LLC,INV-0079-003502,2025-11-24,2025-12-24,PO250299,EUR,4313.44,905.82,5219.26,30.0,False,V-0079,E,False,Email,2025-11-29 18:17:25.000,V-0079,tax_id,PO250299,V-0079,99153.47,USD,0,0,0,1,0,0,0,0,0,,0,Currency Mismatch,1,Exception review,Claude (LLM),0.6210796446055826,4313.44,3014.0,398.0
AP-0003277,llm,,TX-0045-69725,Atlas Services LLC,INV-0045-003277,2025-11-28,2026-01-12,PO-252369,USD,684.78,,684.78,45.0,False,V-0045,A,False,Supplier portal,2025-11-29 18:21:03.069,V-0045,tax_id,PO252369,V-0045,13854.1,USD,0,0,0,0,0,0,0,0,0,,0,,0,Auto-approve,Claude (LLM),0.327215899161672,684.78,2992.0,371.0
AP-0004738,llm,,TX-0025-19498,OAKMONT SUPPLY GROUP,INV-0025-004738,2025-11-24,2026-01-23,PO-250162,USD,4241.38,349.91,4591.29,60.0,True,V-0025,B,False,Supplier portal,2025-11-29 18:32:19.862,V-0025,tax_id,PO250162,V-0025,14782.05,USD,0,0,0,0,0,0,0,0,0,,0,,0,Auto-approve,Claude (LLM),0.3336091657482249,4241.38,3001.0,376.0
AP-0002355,llm,,TX-0056-21648,Oakmont Services LLC,INV-0056-002355,2025-11-29,2026-01-13,,USD,10883.35,897.88,11781.23,45.0,False,V-0056,E,False,Email,2025-11-29 19:01:35.039,V-0056,tax_id,,,,,1,0,0,0,0,0,0,0,0,,0,Missing PO,1,Exception review,Claude (LLM),0.6613798861068004,10883.35,3022.0,399.0
AP-0002849,edi,,TX-0115-48708,Ironwood Services Group,INV-0115-002849,2025-11-26,2025-12-11,PO-250010,EUR,1027.96,215.87,1243.83,15.0,False,V-0115,D,False,EDI,2025-11-29 21:28:55.296,V-0115,tax_id,PO250010,V-0115,10682.93,EUR,0,0,0,0,0,0,0,0,0,,0,,0,Auto-approve,Claude (LLM),0.3393475174352754,,,
AP-0004059,llm,,TX-0098-91882,COBALT PARTNERS GROUP,INV-0098-004059,2025-11-25,2026-01-09,PO-251482,USD,8337.69,,8337.69,45.0,False,V-0098,B,False,Supplier portal,2025-11-29 21:35:46.389,V-0098,tax_id,PO251482,V-0098,62081.04,USD,0,0,0,0,0,0,0,1,0,,0,High-Risk Vendor,1,Exception review,Claude (LLM),0.4416829944492172,8337.689999999999,2983.0,351.0
AP-0003900,llm,,TX-0017-46110,Cobalt Analytics Group,INV-0017-003900,2025-11-26,2026-01-10,PO-251912,GBP,12705.72,2541.14,15246.86,45.0,False,V-0017,C,False,Supplier portal,2025-11-29 23:25:25.276,V-0017,tax_id,PO251912,V-0017,41947.88,GBP,0,0,0,0,0,0,0,1,0,,0,High-Risk Vendor,1,Exception review,Claude (LLM),0.5073171905870149,12705.72,2969.0,337.0
AP-0001278,edi,,TX-0005-88178,Atlas Resources Inc.,INV-0005-001278,2025-11-30,2026-01-14,PO-251279,USD,6662.0,0.0,6662.0,45.0,False,V-0005,A,False,EDI,2025-11-30 00:50:04.053,V-0005,tax_id,PO251279,V-0005,39282.38,USD,0,0,0,0,0,1,0,0,0,,0,Payment Terms Mismatch,1,Exception review,Claude (LLM),0.6160658407455532,,,
AP-0001224,edi,,TX-0133-30576,Cobalt Partners Group,INV-0133-001224,2025-11-26,2026-01-10,PO-250677,USD,34709.66,0.0,34709.66,45.0,False,V-0133,C,False,EDI,2025-11-30 01:58:52.952,V-0133,tax_id,PO250677,V-0133,99286.25,USD,0,0,0,0,0,0,0,0,0,,0,,0,Auto-approve,Claude (LLM),0.3592243933110178,,,
AP-0004913,llm,,TX-0019-24934,REDWOOD SYSTEMS LLC,INV-0019-004913,2025-11-25,2026-01-24,PO-250436,CAD,3708.32,185.42,3893.74,60.0,False,V-0019,B,False,Supplier portal,2025-11-30 02:46:09.965,V-0019,tax_id,PO250436,V-0019,10259.74,CAD,0,0,0,0,0,0,0,0,0,,0,,0,Auto-approve,Claude (LLM),0.3306238180164332,3708.32,3001.0,373.0
AP-0001793,edi,,TX-0017-46110,Cobalt Analytics Group,INV-0017-001793,2025-11-30,2026-01-14,PO-251646,GBP,196145.36,39229.07,235374.43,45.0,False,V-0017,C,False,EDI,2025-11-30 02:49:43.738,V-0017,tax_id,PO251646,V-0017,182474.85,GBP,0,0,0,0,1,0,0,1,0,,0,Invoice Over PO; High-Risk Vendor,2,Exception review,Claude (LLM),0.7435046905652843,,,
AP-0003771,llm,,VAT TX-0101-51229,Juniper Technologies LLC,INV-0101-003771,2025-11-29,2025-12-14,,EUR,3846.05,807.67,4653.72,15.0,False,V-0101,D,True,Email,2025-11-30 03:51:27.854,V-0101,tax_id,,,,,1,0,0,0,0,0,0,0,0,,0,Missing PO,1,Exception review,Claude (LLM),0.6528187799626886,3846.05,2780.0,369.0
AP-0004315,llm,,TX-0100-21510,Summit Logistics Incorporated,INV-0100-004315,2025-11-28,2025-12-28,PO250061,USD,2937.69,,2937.69,30.0,False,V-0100,E,False,Supplier portal,2025-11-30 03:52:32.364,V-0100,tax_id,PO250061,V-0100,10819.25,USD,0,0,0,0,0,0,0,0,0,,0,,0,Auto-approve,Claude (LLM),0.314963124137705,2937.69,2992.0,354.0
AP-0004888,llm,,TX-0050-69493,Ironwood Services Ltd.,INV-0050-004888,2025-11-25,2025-12-25,PO-252172,USD,589.83,,589.83,30.0,False,V-0050,A,False,Email,2025-11-30 04:52:23.870,V-0050,tax_id,PO252172,V-0050,14297.94,USD,0,0,0,0,0,0,0,0,0,,0,,0,Auto-approve,Claude (LLM),0.33491000032642,589.83,2963.0,329.0
AP-0002057,llm,,TX-0005-88178,Atlas Resources Inc.,INV-0005-002057,2025-11-30,2025-12-30,PO-250053,USD,37322.83,,37322.83,30.0,False,V-0005,A,True,Email,2025-11-30 05:16:29.592,V-0005,tax_id,PO250053,V-0005,112102.34,USD,0,0,0,0,0,0,0,0,0,,0,,0,Auto-approve,Claude (LLM),0.31718234459635997,37322.83,2780.0,358.0
AP-0001534,llm,,TX-0100-21510,Summit Logistics Incorporated,INV-0100-001534,2025-11-29,2025-12-29,PO250061,USD,1548.89,,1548.89,30.0,False,V-0100,E,False,Supplier portal,2025-11-30 07:41:16.742,V-0100,tax_id,PO250061,V-0100,10819.25,USD,0,0,0,0,0,0,0,0,0,,0,,0,Auto-approve,Claude (LLM),0.3120626050177528,1548.89,3001.0,377.0
AP-0003566,edi,,TX-0127-49996,Ironwood Solutions Inc.,INV-0127-003566,2025-11-26,2026-01-10,PO-250620,USD,47097.56,3885.55,50983.11,45.0,False,V-0127,A,False,EDI,2025-11-30 09:41:26.713,V-0127,tax_id,PO250620,V-0127,45391.74,USD,0,0,0,0,1,0,0,0,0,,0,Invoice Over PO,1,Exception review,Claude (LLM),0.6256710313041133,,,
AP-0003060,llm,,TX-0103-92209,Silverline Services Group,INV-0103-003060,2025-11-26,2026-01-10,PO-251785,USD,1418.63,,1418.63,45.0,False,V-0103,C,False,Supplier portal,2025-11-30 11:43:23.067,V-0103,tax_id,PO251785,V-0103,8590.66,USD,0,0,0,0,0,0,0,0,0,,0,,0,Auto-approve,Claude (LLM),0.3359762748983083,1418.63,2987.0,378.0
AP-0004639,llm,,TX-0055-46775,Silverline Analytics Group,INV-0055-004639,2025-11-29,2025-12-29,PO-250718,SGD,598.89,53.9,652.79,30.0,False,V-0055,C,False,Supplier portal,2025-11-30 12:18:41.514,V-0055,tax_id,PO250718,V-0055,4627.51,SGD,0,0,0,0,0,0,0,0,0,,0,,0,Auto-approve,Claude (LLM),0.3462117526444711,598.89,2951.0,331.0
AP-0001500,llm,,TX-0069-10137,ATLAS LOGISTICS INC.,INV-0069-001500,2025-11-25,2025-12-25,PO-250048,USD,14158.29,,14158.29,30.0,False,V-0069,B,False,Supplier portal,2025-11-30 13:05:45.153,V-0069,tax_id,PO250048,V-0069,255370.01,USD,0,0,0,0,0,0,0,0,0,,0,,0,Auto-approve,Claude (LLM),0.28939713785987076,14158.29,3004.0,378.0
AP-0003736,llm,,TX-0081-73770,Silverline Supply Group,INV-0081-003736,2025-11-30,2025-12-30,PO-251926,USD,3916.94,,3916.94,30.0,False,V-0081,C,False,Supplier portal,2025-11-30 15:30:33.839,V-0081,tax_id,PO251926,V-0081,30919.3,USD,0,0,0,0,0,0,0,0,0,,0,,0,Auto-approve,Claude (LLM),0.33558009272793454,3916.94,2954.0,317.0
AP-0003743,llm,,VAT TX-0084-70345,Redwood Supply LLC,INV-0084-003743,2025-11-30,2025-12-30,PO-250272,EUR,13243.74,2781.18,16024.92,30.0,True,V-0084,D,False,Supplier portal,2025-11-30 16:43:50.440,V-0084,tax_id,PO250272,V-0084,62432.47,EUR,0,0,0,0,0,0,0,0,0,,0,,0,Auto-approve,Claude (LLM),0.31706720091234114,13243.74,2968.0,338.0
AP-0001945,llm,,TX-0001-43105,Evergreen Consulting Group,INV-0001-001945,2025-11-26,2025-12-26,PO-250608,INR,4517.06,813.07,5330.13,30.0,False,V-0001,A,False,Supplier portal,2025-11-30 17:04:21.815,V-0001,tax_id,PO250608,V-0001,40031.33,INR,0,0,0,0,0,0,0,0,0,,0,,0,Auto-approve,Claude (LLM),0.3293034976579264,4517.06,3015.0,373.0
AP-0001720,llm,,TX-0038-45747,"Beacon Analytics, Ltd.",INV-0038-001720,2025-11-30,2025-12-30,,USD,2406.38,,2406.38,30.0,False,V-0038,C,False,Supplier portal,2025-11-30 18:08:10.467,V-0038,tax_id,,,,,1,0,0,0,0,0,0,0,0,,0,Missing PO,1,Exception review,Claude (LLM),0.6272929582562846,2406.38,2992.0,403.0
AP-0004330,llm,,TX-0089-88461,Atlas Supply LLC,INV-0089-004330,2025-11-30,2026-01-14,PO251333,CAD,4436.75,221.84,4658.59,45.0,False,V-0089,E,False,Supplier portal,2025-11-30 18:08:55.933,V-0089,tax_id,PO251333,V-0089,49630.4,CAD,0,0,0,0,0,0,0,0,0,,0,,0,Auto-approve,Claude (LLM),0.3295040907627458,4436.75,3034.0,418.0
AP-0003093,llm,,TX-0138-43552,Atlas Partners Group,INV-0138-003093,2025-11-30,2025-12-30,PO-251567,EUR,11739.45,2465.28,14204.73,30.0,False,V-0138,D,False,Supplier portal,2025-11-30 19:44:07.840,V-0138,tax_id,PO251567,V-0138,53984.46,EUR,0,0,0,0,0,0,0,1,0,,0,High-Risk Vendor,1,Exception review,Claude (LLM),0.3935273025464924,11739.45,2981.0,369.0
AP-0001572,llm,,TX-0129-39742,"Blue Ridge Digital, Ltd.",INV-0129-001572,2025-11-27,2026-01-11,PO-251636,USD,8152.08,,8152.08,45.0,False,V-0129,C,False,Email,2025-11-30 21:18:51.955,V-0129,tax_id,PO251636,V-0129,54557.42,USD,0,0,0,0,0,0,0,0,0,,0,,0,Auto-approve,Claude (LLM),0.34811437911468984,8152.08,2952.0,343.0
AP-0000300,llm,,TX-0005-88178,Atlas Resources Inc.,INV-0005-000300,2025-11-30,2025-12-30,PO-251279,USD,10248.05,,10248.05,30.0,False,V-0005,A,False,Supplier portal,2025-11-30 21:30:21.516,V-0005,tax_id,PO251279,V-0005,39282.38,USD,0,0,0,0,0,0,0,0,0,,0,,0,Auto-approve,Claude (LLM),0.30632770892804906,10248.05,2969.0,315.0
AP-0002713,llm,,TX-0007-69764,Redwood Logistics Ltd.,INV-0007-002713,2025-11-30,2025-12-15,PO-251127,INR,29760.75,5356.94,35117.69,15.0,False,V-0007,A,False,Supplier portal,2025-11-30 23:31:10.044,V-0007,tax_id,PO251127,V-0007,152410.32,INR,0,0,0,0,0,0,0,0,0,,0,,0,Auto-approve,Claude (LLM),0.3406121951722253,29760.75,2993.0,336.0
AP-0004987,llm,,TX-0102-39905,Blue Ridge Analytics Inc.,INV-0102-004987,2025-11-28,2025-12-13,PO-250384,EUR,14340.93,3011.6,17352.53,15.0,False,V-0102,D,False,Supplier portal,2025-12-01 00:25:07.951,V-0102,tax_id,PO250384,V-0102,51820.72,EUR,0,0,0,0,0,0,0,0,0,,0,,0,Auto-approve,Claude (LLM),0.33262158703875855,14340.93,2982.0,373.0
AP-0002320,llm,,TX-0109-51449,Blue Ridge Analytics LLC,INV-0109-002320,2025-11-26,2025-12-26,PO-250657,USD,17202.36,,17202.36,30.0,True,V-0109,A,False,Supplier portal,2025-12-01 01:31:25.667,V-0109,tax_id,PO250657,V-0109,167530.48,USD,0,0,0,0,0,0,0,0,0,,0,,0,Auto-approve,Claude (LLM),0.33573944410121576,17202.36,3014.0,381.0
AP-0001363,llm,,TX-0079-81417,Brightpath Technologies LLC,INV-0079-001363,2025-11-26,2025-12-26,PO252105,USD,23326.44,,23326.44,30.0,False,V-0079,E,True,Email,2025-12-01 03:35:12.254,V-0079,tax_id,PO252105,V-0079,123574.7,USD,0,0,0,0,0,0,0,0,0,,0,,0,Auto-approve,Claude (LLM),0.3168057891954829,23326.44,2780.0,333.0
AP-0000254,llm,,TX-0077-86128,COBALT OPERATIONS LLC,INV-0077-000254,2025-11-28,2025-12-28,PO-250560,USD,9656.15,,9656.15,30.0,True,V-0077,B,False,Email,2025-12-01 03:59:02.993,V-0077,tax_id,PO250560,V-0077,55420.02,USD,0,0,0,0,0,0,0,0,0,,0,,0,Auto-approve,Claude (LLM),0.305002151664246,9656.15,2974.0,320.0
AP-0003527,llm,,TX-0072-14104,Silverline Systems LLC,INV-0072-003527,2025-12-01,2025-12-31,PO-250038,SGD,6045.72,544.11,6589.83,30.0,False,V-0072,A,False,Email,2025-12-01 04:46:40.899,V-0072,tax_id,PO250038,V-0072,21750.16,SGD,0,0,0,0,0,0,0,0,0,,0,,0,Auto-approve,Claude (LLM),0.3147940166998349,6045.72,3017.0,374.0
AP-0001964,llm,,TX-0002-28786,"Cobalt Services, LLC",INV-0002-001964,2025-11-30,2025-12-15,PO-252002,INR,4080.47,734.48,4814.95,15.0,False,V-0002,C,False,Supplier portal,2025-12-01 05:07:59.355,V-0002,tax_id,PO252002,V-0002,39520.8,INR,0,0,0,0,0,0,1,0,0,,0,Inactive Vendor,1,Exception review,Claude (LLM),0.6905858524589735,4080.47,2966.0,346.0
AP-0003392,llm,,TX-0068-22381,"Redwood Technologies, Inc.",INV-0068-003392,2025-11-27,2025-12-12,PO-251772,CAD,56002.56,2800.13,58802.69,15.0,False,V-0068,C,False,Supplier portal,2025-12-01 06:06:31.885,V-0068,tax_id,PO251772,V-0068,177767.65,CAD,0,0,0,0,0,1,0,0,0,,0,Payment Terms Mismatch,1,Exception review,Claude (LLM),0.6053030993099967,56002.56,2973.0,348.0
AP-0004945,llm,,TX-0041-11074,Juniper Advisors Ltd.,INV-0041-004945,2025-12-01,2026-01-15,,USD,6255.03,516.04,6771.07,45.0,False,V-0041,E,False,Supplier portal,2025-12-01 06:39:30.609,V-0041,tax_id,,,,,1,0,0,0,0,0,0,0,0,,0,Missing PO,1,Exception review,Claude (LLM),0.6363792878384066,6255.03,2982.0,336.0
AP-0002142,edi,,TX-0086-70653,Lighthouse Technologies LLC,INV-0086-002142,2025-11-27,2026-01-11,PO-251841,USD,10457.92,862.78,11320.7,45.0,False,V-0086,B,False,EDI,2025-12-01 07:12:48.388,V-0086,tax_id,PO251841,V-0086,55547.53,USD,0,0,0,0,0,0,0,0,0,,0,,0,Auto-approve,Claude (LLM),0.30179585799402847,,,
AP-0000977,llm,,TX-0041-11074,Juniper Advisors Ltd.,INV-0041-000977,2025-11-26,2026-01-10,PO250755,USD,4400.68,363.06,4763.74,45.0,False,V-0041,E,False,Supplier portal,2025-12-01 07:23:28.553,V-0041,tax_id,PO250755,V-0041,43906.4,USD,0,0,0,0,0,0,0,0,0,,0,,0,Auto-approve,Claude (LLM),0.34060738010906555,4400.679999999999,3029.0,404.0
AP-0001586,llm,,TX-0063-67062,Copperfield Systems Incorporated,INV-0063-001586,2025-11-28,2025-12-28,PO250644,USD,6456.45,532.66,6989.11,30.0,False,V-0063,E,False,Supplier portal,2025-12-01 08:43:57.026,V-0063,tax_id,PO250644,V-0063,55611.34,USD,0,0,0,0,0,0,0,0,0,,0,,0,Auto-approve,Claude (LLM),0.3150561954169993,6456.45,2983.0,339.0
AP-0003945,llm,,TX-0058-42609,Brightpath Logistics Incorporated,INV-0058-003945,2025-11-27,2026-01-11,PO251546,GBP,20465.1,4093.02,24558.12,45.0,False,V-0058,E,False,Supplier portal,2025-12-01 09:38:01.977,V-0058,tax_id,PO251546,V-0058,72008.46,GBP,0,0,0,0,0,0,0,0,0,,0,,0,Auto-approve,Claude (LLM),0.3721170604541964,20465.1,3007.0,378.0
AP-0001157,llm,,TX-0129-39742,"Blue Ridge Digital, Ltd.",INV-0129-001157,2025-11-30,2026-01-14,PO-252219,USD,31153.47,,31153.47,45.0,False,V-0129,C,False,Supplier portal,2025-12-01 10:59:44.883,V-0129,tax_id,PO252219,V-0129,108088.67,USD,0,0,0,0,0,0,0,0,0,,0,,0,Auto-approve,Claude (LLM),0.3593166299221397,31153.47,2952.0,326.0
AP-0002522,llm,,TX-0107-50949,"Silverline Advisors, Inc.",INV-0107-002522,2025-11-27,2026-01-26,PO-251605,USD,20084.31,1656.96,21741.27,60.0,False,V-0107,C,False,Email,2025-12-01 12:20:46.280,V-0107,tax_id,PO251605,V-0107,63093.68,USD,0,0,0,0,0,0,0,0,0,,0,,0,Auto-approve,Claude (LLM),0.3626969162941601,20084.31,2998.0,400.0
AP-0003798,llm,,TX-0118-10046,"Stonebridge Logistics, Ltd.",INV-0118-003798,2025-11-29,2025-12-14,PO-250721,USD,21052.93,1736.87,22789.8,15.0,False,V-0118,C,True,Email,2025-12-01 12:34:20.342,V-0118,tax_id,PO250721,V-0118,17404.81,USD,0,0,0,0,1,1,0,0,0,,0,Invoice Over PO; Payment Terms Mismatch,2,Exception review,Claude (LLM),0.6661029175221203,21052.93,2780.0,378.0
AP-0001991,llm,,TX-0070-80671,Beacon Services LLC,INV-0070-001991,2025-12-01,2025-12-16,PO-250407,USD,38923.78,,38923.78,15.0,False,V-0070,A,True,Email,2025-12-01 14:03:49.825,V-0070,tax_id,PO250407,V-0070,104678.91,USD,0,0,0,0,0,0,0,0,0,,0,,0,Auto-approve,Claude (LLM),0.29314621198537333,38923.78,2780.0,380.0
AP-0000390,llm,,TX-0063-67062,Copperfield Systems Incorporated,INV-0063-000390,2025-11-30,2026-01-29,PO251448,USD,2591.05,213.76,2804.81,60.0,False,V-0063,E,True,Email,2025-12-01 14:04:50.500,V-0063,tax_id,PO251448,V-0063,15766.81,USD,0,0,0,0,0,1,0,0,0,,0,Payment Terms Mismatch,1,Exception review,Claude (LLM),0.6214223016914037,2591.05,2780.0,356.0
AP-0002102,llm,,TX-0117-90487,"Atlas Consulting, LLC",INV-0117-002102,2025-11-30,2025-12-30,PO-251263,CAD,6797.06,339.85,7136.91,30.0,False,V-0117,C,False,Email,2025-12-01 14:12:54.094,V-0117,tax_id,PO251263,V-0117,30512.91,CAD,0,0,0,0,0,0,0,0,0,,0,,0,Auto-approve,Claude (LLM),0.3162430360092071,6797.06,2993.0,396.0
AP-0001966,llm,,TX-0127-49996,Ironwood Solutions Inc.,INV-0127-001966,2025-11-28,2026-01-12,PO-250166,USD,1720.48,141.94,1862.42,45.0,False,V-0127,A,False,Supplier portal,2025-12-01 15:11:02.685,V-0127,tax_id,PO250166,V-0127,44966.9,USD,0,0,0,0,0,0,0,0,0,,0,,0,Auto-approve,Claude (LLM),0.34383478516713345,1720.48,3004.0,356.0
AP-0002801,llm,,TX-0123-99977,Oakmont Analytics Ltd.,INV-0123-002801,2025-11-28,2025-12-28,PO251747,USD,9084.08,749.44,9833.52,30.0,False,V-0123,E,False,Supplier portal,2025-12-01 15:18:13.471,V-0123,tax_id,PO251747,V-0123,28462.92,USD,0,0,0,0,0,0,1,0,0,,0,Inactive Vendor,1,Exception review,Claude (LLM),0.579844460078345,9084.08,3025.0,402.0
AP-0003828,llm,,TX-0041-11074,Juniper Advisors Ltd.,INV-0041-003828,2025-11-29,2026-01-13,PO252364,USD,2095.56,172.88,2268.44,45.0,False,V-0041,E,False,Supplier portal,2025-12-01 16:23:38.398,V-0041,tax_id,PO252364,V-0041,8903.96,USD,0,0,0,0,0,0,0,0,0,,0,,0,Auto-approve,Claude (LLM),0.33863480049574685,2095.56,3001.0,356.0
AP-0003159,llm,,TX-0031-87911,Lighthouse Systems Incorporated,INV-0031-003159,2025-11-26,2025-12-11,PO250498,USD,3567.68,,3567.68,15.0,False,V-0031,E,False,Email,2025-12-01 19:23:11.173,V-0031,tax_id,PO250498,V-0031,36030.26,USD,0,0,0,0,0,0,0,1,0,,0,High-Risk Vendor,1,Exception review,Claude (LLM),0.43970169878842336,3567.6800000000003,3003.0,375.0
AP-0004410,llm,,TX-0107-50949,"Silverline Advisors, Inc.",INV-0107-004410,2025-11-26,2026-01-25,PO-250288,USD,5333.66,440.03,5773.69,60.0,False,V-0107,C,True,Email,2025-12-01 19:44:48.173,V-0107,tax_id,PO250288,V-0107,16811.38,USD,0,0,0,0,0,0,0,0,0,,0,,0,Auto-approve,Claude (LLM),0.3567328458120822,5333.66,2780.0,418.0
AP-0002192,llm,,TX-0110-54537,Ironwood Networks Ltd.,INV-0110-002192,2025-11-29,2025-12-29,PO250021,INR,21261.64,3827.09,25088.73,30.0,False,V-0110,E,False,Supplier portal,2025-12-01 21:36:52.627,V-0110,tax_id,PO250021,V-0110,126101.56,INR,0,0,0,0,0,0,0,0,0,,0,,0,Auto-approve,Claude (LLM),0.31591767930561615,21261.64,2983.0,334.0
AP-0001648,llm,,TX-0101-51229,Juniper Technologies LLC,INV-0101-001648,2025-11-29,2025-12-14,PO-252068,EUR,2562.46,538.12,3100.58,15.0,False,V-0101,D,False,Email,2025-12-01 22:47:16.003,V-0101,tax_id,PO252068,V-0101,30705.73,EUR,0,0,0,0,0,0,0,0,0,,0,,0,Auto-approve,Claude (LLM),0.3363642071116689,2562.46,2962.0,333.0
AP-0004900,llm,,TX-0063-67062,Copperfield Systems Incorporated,INV-0063-001647,2025-12-01,2025-12-31,PO252381,USD,2953.24,243.64,3196.88,30.0,False,V-0063,E,False,Supplier portal,2025-12-01 23:57:46.934,V-0063,tax_id,PO252381,V-0063,26762.55,USD,0,0,0,0,0,0,0,0,0,,0,,0,Auto-approve,Claude (LLM),0.2745087263648584,2953.24,2982.0,338.0
AP-0002394,llm,,TX-0057-94723,Lighthouse Supply Ltd.,INV-0057-002394,2025-12-02,2026-01-01,PO-250309,USD,10589.02,,10589.02,30.0,False,V-0057,A,False,Email,2025-12-02 00:14:26.470,V-0057,tax_id,PO250309,V-0057,138886.06,USD,0,0,0,0,0,0,0,0,0,,0,,0,Auto-approve,Claude (LLM),0.33665151202307736,10589.02,2991.0,352.0
AP-0000298,llm,,TX-0002-28786,"Cobalt Services, LLC",INV-0002-000298,2025-11-30,2025-12-15,PO-252334,GBP,8828.64,1765.73,10594.37,15.0,False,V-0002,C,False,Supplier portal,2025-12-02 01:40:56.156,V-0002,tax_id,PO252334,V-0002,88928.07,INR,0,0,0,1,0,0,1,0,0,,0,Currency Mismatch; Inactive Vendor,2,Exception review,Claude (LLM),0.7124321848809556,8828.64,2968.0,348.0
AP-0004141,llm,,TX-0100-21510,Summit Logistics Incorporated,INV-0100-004141,2025-12-01,2025-12-31,PO250497,USD,817.14,,817.14,30.0,False,V-0100,E,False,Supplier portal,2025-12-02 03:15:44.536,V-0100,tax_id,PO250497,V-0100,4657.97,USD,0,0,0,0,0,0,0,0,0,,0,,0,Auto-approve,Claude (LLM),0.29062926150506596,817.14,2978.0,348.0
AP-0000440,llm,,TX-0043-75924,Crescent Analytics Grp,INV-0043-000440,2025-11-27,2026-01-26,PO250227,USD,1920.87,,1920.87,60.0,False,V-0043,E,False,Supplier portal,2025-12-02 04:44:54.507,V-0043,tax_id,PO250227,V-0043,6705.9,USD,0,0,0,0,0,0,0,0,0,,0,,0,Auto-approve,Claude (LLM),0.3463966119999233,1920.87,2992.0,354.0
AP-0003830,edi,,TX-0032-86220,Harbor Networks Group,INV-0032-003830,2025-11-30,2026-01-14,,SGD,911.32,82.02,993.34,45.0,False,V-0032,A,False,EDI,2025-12-02 06:57:00.551,V-0032,tax_id,,,,,1,0,0,0,0,0,0,0,0,,0,Missing PO,1,Exception review,Claude (LLM),0.6760410717094927,,,
AP-0003872,llm,,TX-0070-80671,Beacon Services LLC,INV-0070-003872,2025-11-27,2025-12-12,,USD,24735.37,,24735.37,15.0,False,V-0070,A,False,Supplier portal,2025-12-02 07:52:17.827,V-0070,tax_id,,,,,1,0,0,0,0,0,0,0,0,,0,Missing PO,1,Exception review,Claude (LLM),0.6451215288228707,24735.37,2967.0,312.0
AP-0000927,llm,,TX-0088-45873,Atlas Systems Group,INV-0088-000927,2025-11-27,2025-12-27,PO-250592,USD,5557.19,,5557.19,30.0,False,V-0088,A,True,Email,2025-12-02 10:45:50.991,V-0088,tax_id,PO250592,V-0088,71458.41,USD,0,0,0,0,0,0,0,0,0,,0,,0,Auto-approve,Claude (LLM),0.3154944509555904,5557.19,2780.0,315.0
AP-0003920,edi,,TX-0080-26211,Juniper Resources Inc.,INV-0080-003920,2025-11-30,2025-12-30,PO-250673,EUR,45079.84,9466.77,54546.61,30.0,False,V-0080,D,False,EDI,2025-12-02 11:53:07.460,V-0080,tax_id,PO250673,V-0080,303596.08,EUR,0,0,0,0,0,0,0,0,0,,0,,0,Auto-approve,Claude (LLM),0.34022841645247587,,,
AP-0003153,llm,,TX-0031-87911,Lighthouse Systems Incorporated,INV-0031-003153,2025-11-28,2025-12-13,PO251455,USD,,,6415.06,15.0,False,V-0031,E,True,Email,2025-12-02 13:49:29.971,V-0031,tax_id,PO251455,V-0031,36398.98,USD,0,0,0,0,0,0,0,1,0,,0,High-Risk Vendor,1,Exception review,Claude (LLM),0.397390789368456,6415.06,2780.0,293.0
AP-0002074,edi,,TX-0088-45873,Atlas Systems Group,INV-0088-002074,2025-12-01,2025-12-31,PO-252362,USD,8077.99,0.0,8077.99,30.0,False,V-0088,A,False,EDI,2025-12-02 15:07:28.597,V-0088,tax_id,PO252362,V-0088,53330.72,USD,0,0,0,0,0,0,0,0,0,,0,,0,Auto-approve,Claude (LLM),0.31568815383999393,,,
AP-0002292,edi,,TX-0104-57614,Oakmont Operations Group,INV-0104-002292,2025-12-02,2025-12-17,PO-251974,USD,4903.34,0.0,4903.34,15.0,False,V-0104,C,False,EDI,2025-12-02 15:45:18.450,V-0104,tax_id,PO251974,V-0104,60929.9,USD,0,0,0,0,0,0,0,0,0,,0,,0,Auto-approve,Claude (LLM),0.32941647652658484,,,
AP-0004934,llm,,TX-0105-55701,"Ironwood Analytics, Inc.",INV-0105-004934,2025-11-30,2026-01-14,PO-250689,USD,12337.79,,12337.79,45.0,False,V-0105,C,False,Supplier portal,2025-12-02 16:03:57.264,V-0105,tax_id,PO250689,V-0105,34672.44,USD,0,0,0,0,0,0,0,0,0,,0,,0,Auto-approve,Claude (LLM),0.3354181763159759,12337.79,2977.0,355.0
AP-0000003,llm,,TX-0002-28786,"Cobalt Services, LLC",INV-0002-000003,2025-11-30,2025-12-15,PO-252098,INR,1296.5,233.37,1529.87,15.0,False,V-0002,C,False,Email,2025-12-02 17:08:39.185,V-0002,tax_id,PO252098,V-0002,21585.09,INR,0,0,0,0,0,0,1,0,0,,0,Inactive Vendor,1,Exception review,Claude (LLM),0.7051920565227061,1296.5,2963.0,345.0
AP-0003923,llm,,TX-0053-42836,Oakmont Supply Group,INV-0053-003923,2025-12-01,2025-12-31,PO-251041,SGD,56874.04,5118.66,61992.7,30.0,False,V-0053,C,False,Email,2025-12-02 17:56:08.225,V-0053,tax_id,PO251041,V-0053,305074.81,SGD,0,0,0,0,0,0,0,0,0,,0,,0,Auto-approve,Claude (LLM),0.3574024716071856,56874.04,3032.0,424.0
AP-0000042,llm,,TX-0086-70653,LIGHTHOUSE TECHNOLOGIES LLC,INV-0086-000042,2025-11-29,2026-01-13,PO-251219,USD,13537.42,1116.84,14654.26,45.0,False,V-0086,B,False,Email,2025-12-02 18:44:42.614,V-0086,tax_id,PO251219,V-0086,106025.02,USD,0,0,0,0,0,0,0,0,0,,0,,0,Auto-approve,Claude (LLM),0.33317300154806123,13537.42,2995.0,375.0
AP-0003388,llm,,TX-0117-90487,"Atlas Consulting, LLC",INV-0117-003388,2025-11-29,2025-12-14,PO-251268,CAD,25895.46,1294.77,27190.23,15.0,False,V-0117,C,False,Supplier portal,2025-12-02 20:22:17.965,V-0117,tax_id,PO251268,V-0117,74044.76,CAD,0,0,0,0,0,1,0,0,0,,0,Payment Terms Mismatch,1,Exception review,Claude (LLM),0.6244499533993186,25895.46,3042.0,474.0
AP-0002329,llm,,TX-0117-90487,"Atlas Consulting, LLC",INV-0117-002329,2025-02-12,2026-01-01,PO-251268,CAD,6703.7,335.18,7038.88,30.0,True,V-0117,C,False,Email,2025-12-02 21:17:38.068,V-0117,tax_id,PO251268,V-0117,74044.76,CAD,0,0,0,0,0,0,0,0,0,Due date != date + terms,1,,0,Data check,Claude (LLM),0.3218460424481516,6703.700000000001,3045.0,433.0
AP-0003780,llm,,TX-0131-83608,Copperfield Systems LLC,INV-0131-003780,2025-12-02,2026-01-01,PO-X003780,USD,47797.56,,47797.56,30.0,False,V-0131,A,False,Supplier portal,2025-12-02 22:49:22.793,V-0131,tax_id,POX003780,,,,0,1,0,0,0,0,0,0,0,,0,Invalid PO,1,Exception review,Claude (LLM),0.6480993938531603,47797.56,3015.0,383.0
AP-0002336,llm,,TX-0057-94723,Lighthouse Supply Ltd.,INV-0057-002336,2025-11-30,2025-12-30,PO-252254,USD,12171.72,,12171.72,30.0,False,V-0057,A,False,Email,2025-12-02 23:39:17.395,V-0057,tax_id,PO252254,V-0057,37926.53,USD,0,0,0,0,0,0,0,0,0,,0,,0,Auto-approve,Claude (LLM),0.3396168803645441,12171.72,2971.0,331.0
AP-0003427,edi,,TX-0138-43552,Atlas Partners Group,INV-0138-003427,2025-12-03,2026-01-02,PO-251575,EUR,9658.5,2028.29,11686.79,30.0,False,V-0138,D,False,EDI,2025-12-03 00:42:22.987,V-0138,tax_id,PO251575,V-0138,48246.18,EUR,0,0,0,0,0,0,0,1,0,,0,High-Risk Vendor,1,Exception review,Claude (LLM),0.4148606910047273,,,
AP-0001268,llm,,TX-0034-94278,BEACON SOLUTIONS INC.,INV-0034-001268,2025-12-01,2025-12-31,PO-250491,USD,5129.51,,5129.51,30.0,True,V-0034,B,False,Email,2025-12-03 04:20:17.133,V-0034,tax_id,PO250491,V-0034,45979.21,USD,0,0,0,0,0,0,0,0,0,,0,,0,Auto-approve,Claude (LLM),0.30524403870204664,5129.51,2970.0,318.0
AP-0000563,llm,,TX-0078-49721,"Crescent Networks, Ltd.",INV-0078-000563,2025-12-03,2026-01-02,PO-251655,USD,3833.15,,3833.15,30.0,False,V-0078,C,False,Supplier portal,2025-12-03 04:34:20.002,V-0078,tax_id,PO251655,V-0078,16435.04,USD,0,0,0,0,0,0,0,0,0,,0,,0,Auto-approve,Claude (LLM),0.30823045543178607,3833.15,2953.0,329.0
AP-0004727,llm,,TX-0046-43936,"Beacon Solutions, LLC",INV-0046-004727,2025-12-03,2026-02-01,PO-251026,USD,1083.79,,1083.79,60.0,False,V-0046,C,False,Supplier portal,2025-12-03 04:47:29.804,V-0046,tax_id,PO251026,V-0046,15239.95,USD,0,0,0,0,0,0,0,0,0,,0,,0,Auto-approve,Claude (LLM),0.3388046663124014,1083.79,2951.0,315.0
AP-0004588,llm,,TX-0123-99977,Oakmont Analytics Ltd.,INV-0123-004588,2025-11-29,2025-12-29,PO251163,USD,7765.27,640.64,8405.91,30.0,False,V-0123,E,False,Supplier portal,2025-12-03 04:49:31.115,V-0123,tax_id,PO251163,V-0123,63132.77,USD,0,0,0,0,0,0,1,0,0,,0,Inactive Vendor,1,Exception review,Claude (LLM),0.6154373946313223,7765.27,3001.0,354.0
AP-0000023,llm,,TX-0024-91040,Evergreen Solutions Inc.,INV-0024-000023,2025-12-02,2025-12-17,PO-251951,EUR,7023.26,1474.88,8498.14,15.0,False,V-0024,D,False,Email,2025-12-03 05:51:18.090,V-0024,tax_id,PO251951,V-0024,30080.28,EUR,0,0,0,0,0,0,0,0,0,,0,,0,Auto-approve,Claude (LLM),0.312669325222394,7023.26,2963.0,334.0
AP-0000963,llm,,TX-0095-51083,Crescent Supply Ltd.,INV-0095-000963,2025-11-29,2025-12-29,PO-250011,USD,1635.75,,1635.75,30.0,False,V-0095,A,False,Email,2025-12-03 06:49:32.298,V-0095,tax_id,PO250011,V-0095,18742.58,USD,0,0,0,0,0,0,0,0,0,,0,,0,Auto-approve,Claude (LLM),0.2964330322887749,1635.75,3003.0,395.0
AP-0002838,llm,,TX-0042-54837,HARBOR SERVICES GROUP,INV-0042-002838,2025-11-28,2026-01-27,PO-251184,USD,20792.84,,20792.84,60.0,False,V-0042,B,False,Supplier portal,2025-12-03 07:23:25.363,V-0042,tax_id,PO251184,V-0042,66400.39,USD,0,0,0,0,0,0,0,0,0,,0,,0,Auto-approve,Claude (LLM),0.3536146129506644,20792.84,3010.0,380.0
AP-0003941,llm,,TX-0009-87210,BLUE RIDGE SUPPLY LLC,INV-0009-003941,2025-11-29,2026-01-13,PO-251580,USD,570.76,,570.76,45.0,False,V-0009,B,True,Email,2025-12-03 09:20:47.593,V-0009,tax_id,PO251580,V-0009,5448.53,USD,0,0,0,0,0,0,0,0,0,,0,,0,Auto-approve,Claude (LLM),0.3483729307228026,570.76,2780.0,374.0
AP-0003838,llm,,TX-0111-16923,BRIGHTPATH SOLUTIONS INC.,INV-0111-003838,2025-12-02,2025-12-17,PO-250981,USD,16443.33,1356.58,17799.91,15.0,False,V-0111,B,False,Supplier portal,2025-12-03 10:54:19.936,V-0111,tax_id,PO250981,V-0111,60850.63,USD,0,0,0,0,0,0,0,0,0,,0,,0,Auto-approve,Claude (LLM),0.28624206623603055,16443.33,3001.0,373.0
AP-0004172,llm,,TX-0005-88178,Atlas Resources Inc.,INV-0005-004172,2025-12-02,2026-01-01,PO-250438,USD,2368.38,,2368.38,30.0,False,V-0005,A,False,Supplier portal,2025-12-03 11:18:29.000,V-0005,tax_id,PO250438,V-0005,20690.47,USD,0,0,0,0,0,0,0,0,0,,0,,0,Auto-approve,Claude (LLM),0.30825888774023114,2368.38,2992.0,353.0
AP-0004367,llm,,TX-0001-43105,Evergreen Consulting Group,INV-0001-004367,2025-11-28,2025-12-28,PO-252001,INR,7467.31,1344.11,8811.42,30.0,False,V-0001,A,False,Email,2025-12-03 14:10:48.446,V-0001,tax_id,PO252001,V-0001,54592.71,INR,0,0,0,0,0,0,0,0,0,,0,,0,Auto-approve,Claude (LLM),0.33873259745567474,7467.31,3047.0,404.0
AP-0004909,llm,,TX-0104-57614,Oakmont Operations Group,INV-0104-004909,2025-12-03,2025-12-18,PO-250984,USD,512.33,,512.33,15.0,False,V-0104,C,False,Supplier portal,2025-12-03 14:12:39.694,V-0104,tax_id,PO250984,V-0104,7790.76,USD,0,0,0,0,0,0,0,0,0,,0,,0,Auto-approve,Claude (LLM),0.32604963031549217,512.3299999999999,2962.0,366.0
AP-0001465,llm,,TX-0112-59988,Crescent Systems Group,INV-0112-001465,2025-11-29,2025-12-29,PO-250159,USD,18314.99,,18314.99,30.0,False,V-0112,C,False,Supplier portal,2025-12-03 14:27:32.368,V-0112,tax_id,PO250159,V-0112,58896.96,USD,0,0,0,0,0,0,0,0,0,,0,,0,Auto-approve,Claude (LLM),0.2960813283830948,18314.99,2952.0,326.0
AP-0004729,llm,,TX-0130-24969,Harbor Technologies Ltd.,INV-0130-004729,2025-11-30,2026-01-29,PO-250780,EUR,9295.49,1952.05,11247.54,60.0,False,V-0130,D,False,Supplier portal,2025-12-03 16:23:11.588,V-0130,tax_id,PO250780,V-0130,32024.55,EUR,0,0,0,0,0,0,0,0,0,,0,,0,Auto-approve,Claude (LLM),0.34698308217693874,9295.49,3011.0,393.0
AP-0002861,llm,,TX-0083-82789,PIONEER SERVICES GROUP,INV-0083-002861,2025-12-02,2025-12-17,PO-251196,USD,16644.51,1373.17,18017.68,15.0,False,V-0083,B,False,Supplier portal,2025-12-03 16:44:27.787,V-0083,tax_id,PO251196,V-0083,153087.72,USD,0,0,0,0,0,0,0,0,0,,0,,0,Auto-approve,Claude (LLM),0.3205794294940643,16644.51,2977.0,338.0
AP-0004962,llm,,TX-0034-94278,BEACON SOLUTIONS INC.,INV-0034-004962,2025-12-02,2026-01-01,PO-252206,USD,42772.18,,42772.18,30.0,True,V-0034,B,False,Supplier portal,2025-12-03 18:39:54.541,V-0034,tax_id,PO252206,V-0034,184068.55,USD,0,0,0,0,0,0,0,0,0,,0,,0,Auto-approve,Claude (LLM),0.3255979340527449,42772.18,2970.0,318.0
AP-0002141,llm,,TX-0036-11692,JUNIPER OPERATIONS LTD.,INV-0036-002141,2025-12-03,2026-01-02,PO-251759,USD,2151.02,,2151.02,30.0,False,V-0036,B,False,Supplier portal,2025-12-03 18:46:28.989,V-0036,tax_id,PO251759,V-0036,51278.63,USD,0,0,0,0,0,0,0,0,0,,0,,0,Auto-approve,Claude (LLM),0.3048496059651496,2151.02,3003.0,379.0
AP-0003939,llm,,TX-0135-50499,STONEBRIDGE SYSTEMS LLC,INV-0135-003939,2025-11-29,2025-12-29,PO-251675,USD,1460.33,120.48,1580.81,30.0,False,V-0135,B,False,Supplier portal,2025-12-03 21:40:37.423,V-0135,tax_id,PO251675,V-0135,7016.71,USD,0,0,0,0,0,0,0,0,0,,0,,0,Auto-approve,Claude (LLM),0.32727958461071593,1460.33,3022.0,423.0
AP-0004621,llm,,TX-0046-43936,"Beacon Solutions, LLC",INV-0046-004621,2025-11-28,2026-01-27,PO-252155,USD,28507.16,,28507.16,60.0,False,V-0046,C,False,Supplier portal,2025-12-03 22:45:08.427,V-0046,tax_id,PO252155,V-0046,84071.6,USD,0,0,0,0,0,0,0,0,0,,0,,0,Auto-approve,Claude (LLM),0.34618514025181457,28507.16,2996.0,428.0
AP-0003067,edi,,TX-0062-17232,Juniper Resources Ltd.,INV-0062-003067,2025-12-01,2025-12-31,,USD,7586.89,0.0,7586.89,30.0,False,V-0062,B,False,EDI,2025-12-03 23:27:15.652,V-0062,tax_id,,,,,1,0,0,0,0,0,0,0,0,,0,Missing PO,1,Exception review,Claude (LLM),0.6500014602422034,,,
AP-0000080,llm,,TX-0135-50499,STONEBRIDGE SYSTEMS LLC,INV-0135-000080,2025-12-01,2025-12-31,PO-252090,USD,11550.08,952.88,12502.96,30.0,False,V-0135,B,False,Supplier portal,2025-12-03 23:45:43.817,V-0135,tax_id,PO252090,V-0135,40170.29,USD,0,0,0,0,0,0,0,0,0,,0,,0,Auto-approve,Claude (LLM),0.3219501984682332,11550.08,2982.0,339.0
AP-0001195,llm,,TX-0032-86220,Harbor Networks Group,INV-0032-001195,2025-11-30,2026-01-14,PO-250552,SGD,2622.9,236.06,2858.96,45.0,False,V-0032,A,True,Email,2025-12-04 00:07:55.836,V-0032,tax_id,PO250552,V-0032,14457.11,SGD,0,0,0,0,0,0,0,0,0,,0,,0,Auto-approve,Claude (LLM),0.34611750604357583,2622.9,2736.0,334.0
AP-0001218,llm,,TX-0032-86220,Harbor Networks Group,INV-0032-001218,2025-12-02,2026-01-16,PO-250552,SGD,978.61,88.07,1066.68,45.0,False,V-0032,A,False,Supplier portal,2025-12-04 01:25:38.277,V-0032,tax_id,PO250552,V-0032,14457.11,SGD,0,0,0,0,0,0,0,0,0,,0,,0,Auto-approve,Claude (LLM),0.34432732092643925,978.61,2979.0,331.0
AP-0002491,llm,,TX-0104-57614,Oakmont Operations Group,INV-0104-002491,2025-12-04,2025-12-19,PO-251712,USD,1789.19,,1789.19,15.0,False,V-0104,C,False,Supplier portal,2025-12-04 02:37:40.049,V-0104,tax_id,PO251712,V-0104,21326.48,USD,0,0,0,0,0,0,0,0,0,,0,,0,Auto-approve,Claude (LLM),0.32028440989557694,1789.19,2952.0,327.0
AP-0002333,llm,,TX-0029-56211,"Crescent Technologies, LLC",INV-0029-002333,2025-12-01,2025-12-16,PO-252327,USD,5192.68,428.4,5621.08,15.0,False,V-0029,C,False,Supplier portal,2025-12-04 03:42:50.705,V-0029,tax_id,PO252327,V-0029,18924.89,USD,0,0,0,0,0,0,0,0,0,,0,,0,Auto-approve,Claude (LLM),0.31573555354393795,5192.679999999999,3021.0,434.0
AP-0000555,llm,,TX-0004-83750,Harbor Networks Ltd.,INV-0004-000555,2025-12-03,2026-01-02,PO251746,USD,13984.41,1153.71,15138.12,30.0,False,V-0004,E,False,Supplier portal,2025-12-04 03:57:36.952,V-0004,tax_id,PO251746,V-0004,46934.62,USD,0,0,0,0,0,0,0,0,0,,0,,0,Auto-approve,Claude (LLM),0.31202281204676463,13984.41,2974.0,332.0
AP-0003445,llm,,VAT TX-0049-19644,Harbor Resources LLC,INV-0049-003445,2025-11-29,2025-12-29,PO-250431,EUR,2257.74,474.12,2731.86,30.0,False,V-0049,D,False,Supplier portal,2025-12-04 03:57:52.929,V-0049,tax_id,PO250431,V-0049,13950.89,EUR,0,0,0,0,0,0,0,0,0,,0,,0,Auto-approve,Claude (LLM),0.3296476266733628,2257.74,2958.0,333.0
AP-0002189,llm,,TX-0117-90487,"Atlas Consulting, LLC",INV-0117-002189,2025-11-30,2025-12-30,PO-250387,CAD,1017.87,50.89,1068.76,30.0,False,V-0117,C,False,Supplier portal,2025-12-04 05:55:26.072,V-0117,tax_id,PO250387,V-0117,3899.16,CAD,0,0,0,0,0,0,0,0,0,,0,,0,Auto-approve,Claude (LLM),0.3138313599198641,1017.87,3004.0,404.0
AP-0000773,llm,,TX-0100-21510,Summit Logistics Incorporated,INV-0100-000773,2025-12-03,2026-01-02,PO250061,USD,3236.64,,3236.64,30.0,False,V-0100,E,False,Supplier portal,2025-12-04 07:29:32.323,V-0100,tax_id,PO250061,V-0100,10819.25,USD,0,0,0,0,0,0,0,0,1,,0,Duplicate Invoice,1,Exception review,Claude (LLM),0.5675195148706087,3236.64,2966.0,315.0
AP-0002772,llm,,TX-0081-73770,Silverline Supply Group,INV-0081-002772,2025-11-29,2025-12-29,PO-251876,USD,4933.41,,4933.41,30.0,False,V-0081,C,False,Email,2025-12-04 07:47:34.148,V-0081,tax_id,PO251876,V-0081,13131.13,USD,0,0,0,0,0,0,0,0,0,,0,,0,Auto-approve,Claude (LLM),0.3373282264400476,4933.41,2974.0,352.0
AP-0001094,llm,,TX-0124-51957,Brightpath Systems Ltd.,INV-0124-001094,2025-12-04,2025-12-19,PO-250793,CAD,14440.01,722.0,15162.01,15.0,False,V-0124,A,False,Email,2025-12-04 07:59:48.103,V-0124,tax_id,PO250793,V-0124,45060.69,CAD,0,0,0,0,0,0,0,0,0,,0,,0,Auto-approve,Claude (LLM),0.3235940672724688,14440.01,3045.0,378.0
AP-0002086,llm,,TX-0030-52947,Crescent Networks Incorporated,INV-0030-002086,2025-12-01,2026-01-30,PO250957,USD,14864.38,1226.31,16090.69,60.0,False,V-0030,E,False,Supplier portal,2025-12-04 08:29:11.799,V-0030,tax_id,PO250957,V-0030,70079.49,USD,0,0,0,0,0,0,0,0,0,,0,,0,Auto-approve,Claude (LLM),0.33511044857289785,14864.38,3023.0,398.0
AP-0004165,llm,,TX-0036-11692,JUNIPER OPERATIONS LTD.,INV-0036-004165,2025-11-29,2026-01-13,PO-251108,USD,2407.1,,2407.1,45.0,False,V-0036,B,True,Email,2025-12-04 10:13:21.496,V-0036,tax_id,PO251108,V-0036,16436.17,USD,0,0,0,0,0,1,0,0,0,,0,Payment Terms Mismatch,1,Exception review,Claude (LLM),0.6046063613426178,2407.1,2736.0,358.0
AP-0002302,llm,,TX-0032-86220,Harbor Networks Group,INV-0032-002302,2025-12-02,2026-01-16,PO-250552,SGD,2444.59,220.01,2664.6,45.0,False,V-0032,A,False,Supplier portal,2025-12-04 10:17:14.739,V-0032,tax_id,PO250552,V-0032,14457.11,SGD,0,0,0,0,0,0,0,0,0,,0,,0,Auto-approve,Claude (LLM),0.3451844068094266,2444.59,3012.0,370.0
AP-0002059,llm,,TX-0078-49721,"Crescent Networks, Ltd.",INV-0078-002059,2025-12-03,2026-01-02,PO-252190,USD,3939.72,,3939.72,30.0,False,V-0078,C,False,Supplier portal,2025-12-04 10:24:27.555,V-0078,tax_id,PO252190,V-0078,26239.46,USD,0,0,0,0,0,0,0,0,0,,0,,0,Auto-approve,Claude (LLM),0.3048433247302593,3939.72,2978.0,356.0
AP-0000257,llm,,TX-0092-15472,Summit Resources Group,INV-0092-000257,2025-12-01,2025-12-16,PO-252031,USD,6454.17,,6454.17,15.0,False,V-0092,A,False,Supplier portal,2025-12-04 11:34:59.513,V-0092,tax_id,PO252031,V-0092,17275.65,USD,0,0,0,0,0,0,0,0,0,,0,,0,Auto-approve,Claude (LLM),0.2829521442525501,6454.17,2967.0,314.0
AP-0001684,edi,,TX-0026-46682,Oakmont Supply Ltd.,INV-0026-001684,2025-12-04,2025-12-19,PO-251405,EUR,9890.64,2077.03,11967.67,15.0,False,V-0026,D,False,EDI,2025-12-04 12:24:20.943,V-0026,tax_id,PO251405,V-0026,31807.51,EUR,0,0,0,0,0,0,0,0,0,,0,,0,Auto-approve,Claude (LLM),0.3282065028696679,,,
AP-0001413,llm,,TX-0050-69493,Ironwood Services Ltd.,INV-0050-001413,2025-11-30,2025-12-30,PO-250622,USD,5316.16,,5316.16,30.0,False,V-0050,A,False,Supplier portal,2025-12-04 13:06:32.570,V-0050,tax_id,PO250622,V-0050,31045.47,USD,0,0,0,0,0,0,0,0,1,,0,Duplicate Invoice,1,Exception review,Claude (LLM),0.5808848003169886,5316.16,2993.0,333.0
AP-0000293,llm,,TX-0093-95568,CLEARVIEW SYSTEMS INC.,INV-0093-000293,2025-11-29,2025-12-14,PO-250172,USD,2858.59,235.83,3094.42,15.0,False,V-0093,B,False,Supplier portal,2025-12-04 13:30:11.674,V-0093,tax_id,PO250172,V-0093,36846.05,USD,0,0,0,0,0,0,0,0,0,,0,,0,Auto-approve,Claude (LLM),0.32524032400438574,2858.59,3000.0,376.0
AP-0003030,llm,,TX-0094-30896,Copperfield Systems Group,INV-0094-003030,2025-12-02,2026-01-01,PO-251365,INR,439.81,79.17,518.98,30.0,False,V-0094,A,True,Email,2025-12-04 15:32:51.843,V-0094,tax_id,PO251365,V-0094,8596.74,INR,0,0,0,0,0,0,0,0,0,,0,,0,Auto-approve,Claude (LLM),0.3087734498157258,439.81,2736.0,396.0
AP-0004647,edi,,TX-0066-17224,Stonebridge Networks Ltd.,INV-0066-004647,2025-11-30,2025-12-30,PO-252158,USD,5484.97,0.0,5484.97,30.0,False,V-0066,A,False,EDI,2025-12-04 17:15:49.863,V-0066,tax_id,PO252158,V-0066,50099.64,USD,0,0,0,0,0,0,0,0,0,,0,,0,Auto-approve,Claude (LLM),0.3342506525948264,,,
AP-0000261,llm,,TX-0100-21510,Summit Logistics Incorporated,INV-0100-000261,2025-12-03,2026-01-02,PO250616,USD,,,25705.01,30.0,False,V-0100,E,True,Email,2025-12-04 17:20:43.361,V-0100,tax_id,PO250616,V-0100,97443.06,USD,0,0,0,0,0,0,0,0,0,,0,,0,Auto-approve,Claude (LLM),0.31872855850779724,25705.01,2780.0,276.0
AP-0000726,llm,,TX-0039-91527,Blue Ridge Networks Group,INV-0039-000726,2025-11-29,2026-01-13,PO-250453,USD,5909.48,,5909.48,45.0,False,V-0039,C,False,Supplier portal,2025-12-04 21:32:23.116,V-0039,tax_id,PO250453,V-0039,22011.66,USD,0,0,0,0,0,0,0,0,0,,0,,0,Auto-approve,Claude (LLM),0.3104625747971728,5909.48,2997.0,377.0
AP-0002266,llm,,TX-0089-88461,Atlas Supply LLC,INV-0089-002266,2025-12-02,2026-01-16,PO251333,CAD,2033.1,101.66,2134.76,45.0,False,V-0089,E,True,Email,2025-12-04 23:16:47.649,V-0089,tax_id,PO251333,V-0089,49630.4,CAD,0,0,0,0,0,0,0,0,0,,0,,0,Auto-approve,Claude (LLM),0.34408037765424776,2033.1,2780.0,366.0
AP-0002898,llm,,TX-0137-44191,Pioneer Consulting Ltd.,INV-0137-002898,2025-12-01,2025-12-31,PO-251114,USD,3017.41,,3017.41,30.0,False,V-0137,A,False,Supplier portal,2025-12-04 23:28:38.165,V-0137,tax_id,PO251114,V-0137,35484.79,USD,0,0,0,0,0,0,1,0,0,,0,Inactive Vendor,1,Exception review,Claude (LLM),0.6386803941657124,3017.41,2991.0,368.0
AP-0000343,llm,,TX-0001-43105,Evergreen Consulting Group,INV-0001-000343,2025-12-05,2026-01-04,PO-252366,INR,2784.62,501.23,3285.85,30.0,False,V-0001,A,False,Email,2025-12-05 00:18:08.025,V-0001,tax_id,PO252366,V-0001,11852.48,INR,0,0,0,0,0,0,0,0,0,,0,,0,Auto-approve,Claude (LLM),0.3422216304289707,2784.62,3039.0,403.0
AP-0002854,llm,,TX-0035-47483,Pioneer Networks Ltd.,INV-0035-002854,2025-12-02,2026-01-01,PO252228,USD,56767.32,,56767.32,30.0,False,V-0035,E,False,Email,2025-12-05 00:34:21.669,V-0035,tax_id,PO252228,V-0035,180102.54,USD,0,0,0,0,0,0,0,0,0,,0,,0,Auto-approve,Claude (LLM),0.3609099582993382,56767.32,2970.0,329.0
AP-0003055,llm,,TX-0140-96185,"Blue Ridge Operations, Inc.",INV-0140-003055,2025-12-01,2025-12-31,PO-251744,USD,24807.28,,24807.28,30.0,False,V-0140,C,True,Email,2025-12-05 02:40:37.908,V-0140,tax_id,PO251744,V-0140,94972.44,USD,0,0,0,0,0,0,0,0,0,,0,,0,Auto-approve,Claude (LLM),0.3093125778617685,24807.28,2736.0,376.0
AP-0004502,llm,,TX-0054-19609,Crescent Logistics LLC,INV-0054-004502,2025-12-02,2026-01-01,PO-250035,USD,19395.95,1600.17,20996.12,30.0,False,V-0054,A,False,Supplier portal,2025-12-05 04:13:33.056,V-0054,tax_id,PO250035,V-0054,112817.82,USD,0,0,0,0,0,0,0,0,0,,0,,0,Auto-approve,Claude (LLM),0.31493912398677176,19395.95,2986.0,337.0
AP-0004265,edi,,TX-0007-69764,Redwood Logistics Ltd.,INV-0007-004265,2025-12-01,2025-12-16,PO-X004265,INR,4304.47,774.81,5079.28,15.0,False,V-0007,A,False,EDI,2025-12-05 05:24:56.588,V-0007,tax_id,POX004265,,,,0,1,0,0,0,0,0,0,0,,0,Invalid PO,1,Exception review,Claude (LLM),0.6473843320980293,,,
AP-0000204,llm,,TX-0029-56211,"Crescent Technologies, LLC",INV-0029-000204,2025-12-02,2026-01-16,PO-251337,USD,9061.77,747.6,9809.37,45.0,False,V-0029,C,False,Supplier portal,2025-12-05 05:44:23.630,V-0029,tax_id,PO251337,V-0029,37046.1,USD,0,0,0,0,0,1,0,0,0,,0,Payment Terms Mismatch,1,Exception review,Claude (LLM),0.6173298889155017,9061.77,3020.0,435.0
AP-0003582,llm,,VAT TX-0113-54591,Stonebridge Logistics Inc.,INV-0113-003582,2025-12-02,2026-01-16,,EUR,20856.87,4379.94,25236.81,45.0,False,V-0113,D,False,Supplier portal,2025-12-05 06:12:23.991,V-0113,tax_id,,,,,1,0,0,0,0,0,0,0,0,,0,Missing PO,1,Exception review,Claude (LLM),0.6630902856146342,20856.870000000003,3001.0,396.0
AP-0001240,llm,,TX-0090-82710,COPPERFIELD ADVISORS LTD.,INV-0090-001240,2025-12-04,2026-01-18,PO-250348,USD,7812.12,,7812.12,45.0,False,V-0090,B,False,Supplier portal,2025-12-05 08:23:58.481,V-0090,tax_id,PO250348,V-0090,30585.72,USD,0,0,0,0,0,0,0,0,0,,0,,0,Auto-approve,Claude (LLM),0.34711061862499853,7812.120000000001,2992.0,355.0
AP-0000712,llm,,TX-0101-51229,Juniper Technologies LLC,INV-0101-000712,2025-12-03,2025-12-18,PO-252124,EUR,9638.98,2024.19,11663.17,15.0,False,V-0101,D,False,Supplier portal,2025-12-05 11:22:10.644,V-0101,tax_id,PO252124,V-0101,113168.63,EUR,0,0,0,0,0,0,0,0,0,,0,,0,Auto-approve,Claude (LLM),0.31141243161963655,9638.98,2998.0,398.0
AP-0001144,edi,,TX-0006-57912,Copperfield Digital Group,INV-0006-001144,2025-11-30,2026-01-29,PO-250067,CAD,3342.9,167.15,3510.05,60.0,False,V-0006,B,False,EDI,2025-12-05 11:53:57.532,V-0006,tax_id,PO250067,V-0006,12381.2,CAD,0,0,0,0,0,0,0,0,0,,0,,0,Auto-approve,Claude (LLM),0.329334486054581,,,
AP-0000615,llm,,TX-0015-69124,Clearview Digital Inc.,INV-0015-000615,2025-12-01,2025-12-31,PO-251739,USD,3515.64,,3515.64,30.0,False,V-0015,A,False,Supplier portal,2025-12-05 12:14:58.695,V-0015,tax_id,PO251739,V-0015,33694.73,USD,0,0,0,0,0,0,0,0,0,,0,,0,Auto-approve,Claude (LLM),0.2882795558869585,3515.6400000000003,2992.0,354.0
AP-0002928,llm,,TX-0131-83608,Copperfield Systems LLC,INV-0131-002928,2025-12-04,2026-01-03,PO-250735,USD,1532.43,,1532.43,30.0,False,V-0131,A,True,Email,2025-12-05 14:24:32.756,V-0131,tax_id,PO250735,V-0131,10656.36,USD,0,0,0,0,0,0,0,0,0,,0,,0,Auto-approve,Claude (LLM),0.3208204264409835,1532.43,2780.0,318.0
AP-0003243,edi,,TX-0054-19609,Crescent Logistics LLC,INV-0054-003243,2025-12-04,2025-12-19,PO-252181,USD,2538.79,209.45,2748.24,15.0,False,V-0054,A,False,EDI,2025-12-05 14:47:36.530,V-0054,tax_id,PO252181,V-0054,13682.76,USD,0,0,0,0,0,1,0,0,0,,0,Payment Terms Mismatch,1,Exception review,Claude (LLM),0.6168571502475584,,,
AP-0003889,llm,,TX-0064-39165,SUMMIT CONSULTING INC.,INV-0064-003889,2025-12-02,2026-01-01,PO-252071,CAD,6241.09,312.05,6553.14,30.0,False,V-0064,B,False,Supplier portal,2025-12-05 15:20:12.513,V-0064,tax_id,PO252071,V-0064,17560.43,CAD,0,0,0,0,0,0,0,0,0,,0,,0,Auto-approve,Claude (LLM),0.3179352214489254,6241.09,2985.0,339.0
AP-0004925,edi,,TX-0041-11074,Juniper Advisors Ltd.,INV-0041-004925,2025-12-02,2026-01-16,PO-252012,USD,6452.87,532.36,6985.23,45.0,False,V-0041,E,False,EDI,2025-12-05 15:27:56.067,V-0041,tax_id,PO252012,V-0041,21182.47,USD,0,0,0,0,0,0,0,0,0,,0,,0,Auto-approve,Claude (LLM),0.3407891007044296,,,
AP-0001067,llm,,TX-0064-39165,SUMMIT CONSULTING INC.,INV-0064-001067,2025-12-03,2026-02-01,PO-251681,CAD,5879.65,293.98,6173.63,60.0,False,V-0064,B,False,Supplier portal,2025-12-05 15:47:57.418,V-0064,tax_id,PO251681,V-0064,18464.29,CAD,0,0,0,0,0,1,0,0,0,,0,Payment Terms Mismatch,1,Exception review,Claude (LLM),0.6199060557404241,5879.65,3032.0,404.0
AP-0003657,llm,,TX-0017-46110,Cobalt Analytics Group,INV-0017-003657,2025-12-03,2026-01-02,PO-251912,GBP,11831.08,2366.21,14197.29,30.0,True,V-0017,C,False,Supplier portal,2025-12-05 16:54:01.204,V-0017,tax_id,PO251912,V-0017,41947.88,GBP,0,0,0,0,0,1,0,1,0,,0,Payment Terms Mismatch; High-Risk Vendor,2,Exception review,Claude (LLM),0.6972189811704391,11831.08,2973.0,350.0
AP-0000274,llm,,TX-0118-10046,"Stonebridge Logistics, Ltd.",INV-0118-000274,2025-12-01,2025-12-31,PO-250721,USD,3723.59,307.2,4030.79,30.0,False,V-0118,C,False,Supplier portal,2025-12-05 17:01:06.247,V-0118,tax_id,PO250721,V-0118,17404.81,USD,0,0,0,0,0,0,0,0,0,,0,,0,Auto-approve,Claude (LLM),0.28271794129816785,3723.59,3030.0,426.0
AP-0003914,llm,,TX-0136-10386,Clearview Services Inc.,INV-0136-003914,2025-12-02,2026-01-16,PO-252093,SGD,5219.28,469.74,5689.02,45.0,False,V-0136,A,False,Supplier portal,2025-12-05 18:43:20.198,V-0136,tax_id,PO252093,V-0136,48961.88,SGD,0,0,0,0,0,0,0,1,0,,0,High-Risk Vendor,1,Exception review,Claude (LLM),0.4689159892660553,5219.28,2988.0,334.0
AP-0000296,llm,,TX-0092-15472,Summit Resources Group,INV-0092-000296,2025-12-05,2025-12-20,PO-251894,USD,6316.07,,6316.07,15.0,False,V-0092,A,False,Supplier portal,2025-12-05 19:38:20.677,V-0092,tax_id,PO251894,V-0092,24007.85,USD,0,0,0,0,0,0,0,0,0,,0,,0,Auto-approve,Claude (LLM),0.3098977003857521,6316.07,2985.0,351.0
AP-0003362,llm,,VAT TX-0130-24969,Harbor Technologies Ltd.,INV-0130-003362,2025-12-01,2026-01-30,PO-250780,EUR,4422.36,928.69,5351.05,60.0,False,V-0130,D,False,Supplier portal,2025-12-05 21:23:39.405,V-0130,tax_id,PO250780,V-0130,32024.55,EUR,0,0,0,0,0,0,0,0,0,,0,,0,Auto-approve,Claude (LLM),0.35226385272619787,4422.36,2961.0,334.0
AP-0001635,llm,,TX-0015-69124,Clearview Digital Inc.,INV-0015-001635,2025-12-04,2026-01-03,PO-252223,USD,5952.21,,5952.21,30.0,False,V-0015,A,False,Email,2025-12-05 21:26:28.847,V-0015,tax_id,PO252223,V-0015,19996.0,USD,0,0,0,0,0,0,0,0,0,,0,,0,Auto-approve,Claude (LLM),0.31719737613308135,5952.21,2974.0,317.0
AP-0001198,llm,,TX-0019-24934,REDWOOD SYSTEMS LLC,INV-0019-001198,2025-12-03,2026-02-01,PO-252116,CAD,22270.3,1113.52,23383.82,60.0,False,V-0019,B,False,Supplier portal,2025-12-05 23:38:03.346,V-0019,tax_id,PO252116,V-0019,185623.25,CAD,0,0,0,0,0,0,0,0,0,,0,,0,Auto-approve,Claude (LLM),0.3351403583286439,22270.3,3007.0,375.0
AP-0004664,edi,,TX-0059-74622,Pioneer Solutions Group,INV-0059-004664,2025-12-03,2026-01-17,PO-251314,USD,26742.91,2206.29,28949.2,45.0,False,V-0059,A,False,EDI,2025-12-06 00:54:22.466,V-0059,tax_id,PO251314,V-0059,160525.92,USD,0,0,0,0,0,0,1,0,0,,0,Inactive Vendor,1,Exception review,Claude (LLM),0.6220044242763548,,,
AP-0002538,llm,,VAT TX-0049-19644,Harbor Resources LLC,INV-0049-002538,2025-12-06,2026-01-05,PO-251915,EUR,1433.6,301.05,1734.65,30.0,False,V-0049,D,False,Supplier portal,2025-12-06 01:15:38.372,V-0049,tax_id,PO251915,V-0049,17120.32,EUR,0,0,0,0,0,0,0,0,0,,0,,0,Auto-approve,Claude (LLM),0.3130008379134433,1433.6,2960.0,335.0
AP-0000059,llm,,TX-0066-17224,Stonebridge Networks Ltd.,INV-0066-000059,2025-12-02,2026-01-01,PO-251322,USD,4821.64,,4821.64,30.0,False,V-0066,A,False,Supplier portal,2025-12-06 01:25:40.826,V-0066,tax_id,PO251322,V-0066,20550.96,USD,0,0,0,0,0,0,0,0,0,,0,,0,Auto-approve,Claude (LLM),0.32021732621866483,4821.64,2973.0,318.0
AP-0003734,edi,,TX-0098-91882,Cobalt Partners Group,INV-0098-003734,2025-12-06,2026-01-20,PO-X003734,USD,11056.67,0.0,11056.67,45.0,False,V-0098,B,False,EDI,2025-12-06 02:52:48.333,V-0098,tax_id,POX003734,,,,0,1,0,0,0,0,0,1,0,,0,Invalid PO; High-Risk Vendor,2,Exception review,Claude (LLM),0.6915720173819033,,,
AP-0002632,llm,,TX-0039-91527,Blue Ridge Networks Group,INV-0039-002632,2025-12-06,2025-12-21,PO-250573,USD,8835.04,,8835.04,15.0,False,V-0039,C,False,Supplier portal,2025-12-06 03:20:20.555,V-0039,tax_id,PO250573,V-0039,27361.1,USD,0,0,0,0,0,1,0,0,0,,0,Payment Terms Mismatch,1,Exception review,Claude (LLM),0.6303051704717741,8835.039999999999,2994.0,407.0
AP-0003128,edi,,TX-0074-79332,Harbor Analytics Ltd.,INV-0074-003128,2025-12-04,2025-12-19,PO-252029,USD,16104.15,0.0,16104.15,15.0,False,V-0074,C,False,EDI,2025-12-06 03:32:53.733,V-0074,tax_id,PO252029,V-0074,51072.6,USD,0,0,0,0,0,1,0,1,0,,0,Payment Terms Mismatch; High-Risk Vendor,2,Exception review,Claude (LLM),0.672317706760529,,,
AP-0003068,llm,,TX-0095-51083,Crescent Supply Ltd.,INV-0095-003068,2025-12-05,2026-01-04,PO-251294,USD,2625.31,,2625.31,30.0,False,V-0095,A,False,Supplier portal,2025-12-06 03:43:33.542,V-0095,tax_id,PO251294,V-0095,44886.45,USD,0,0,0,0,0,0,0,0,0,,0,,0,Auto-approve,Claude (LLM),0.313519743760887,2625.31,3010.0,397.0
AP-0002171,llm,,TX-0094-30896,Copperfield Systems Group,INV-0094-002171,2025-12-05,2026-01-04,PO-251470,INR,705.0,126.9,831.9,30.0,False,V-0094,A,False,Supplier portal,2025-12-06 04:54:29.614,V-0094,tax_id,PO251470,V-0094,12494.89,INR,0,0,0,0,0,0,0,0,0,,0,,0,Auto-approve,Claude (LLM),0.30682718529565,705.0,2983.0,333.0
AP-0000518,llm,,TX-0042-54837,HARBOR SERVICES GROUP,INV-0042-000518,2025-12-02,2026-01-31,PO-250740,USD,12983.76,,12983.76,60.0,False,V-0042,B,False,Supplier portal,2025-12-06 06:00:48.413,V-0042,tax_id,PO250740,V-0042,80471.68,USD,0,0,0,0,0,0,0,0,0,,0,,0,Auto-approve,Claude (LLM),0.3534841543751145,12983.760000000002,3008.0,380.0
AP-0003627,llm,,TX-0013-11961,COBALT OPERATIONS LLC,INV-0013-003627,2025-12-02,2026-01-16,PO-251907,USD,7859.12,0.0,7859.12,45.0,False,V-0013,B,False,Supplier portal,2025-12-06 06:55:53.654,V-0013,tax_id,PO251907,V-0013,36855.99,USD,0,0,0,0,0,0,1,0,0,,0,Inactive Vendor,1,Exception review,Claude (LLM),0.646510852414315,7859.12,2965.0,334.0
AP-0003985,llm,,TX-0123-99977,Oakmont Analytics Ltd.,INV-0123-003985,2025-12-04,2026-01-03,PO251380,USD,15823.93,1305.47,17129.4,30.0,False,V-0123,E,False,Email,2025-12-06 07:10:53.604,V-0123,tax_id,PO251380,V-0123,309592.57,USD,0,0,0,0,0,0,1,0,0,,0,Inactive Vendor,1,Exception review,Claude (LLM),0.6233893970977943,15823.93,2981.0,337.0
AP-0001242,llm,,TX-0054-19609,Crescent Logistics LLC,INV-0054-001242,2025-12-05,2026-01-04,PO-252121,USD,7660.07,631.96,8292.03,30.0,False,V-0054,A,False,Email,2025-12-06 07:44:46.806,V-0054,tax_id,PO252121,V-0054,61968.86,USD,0,0,0,0,0,0,0,0,0,,0,,0,Auto-approve,Claude (LLM),0.3250867993206468,7660.07,3043.0,426.0
AP-0002055,llm,,TX-0003-12255,Cobalt Technologies Group,INV-0003-002055,2025-12-04,2026-01-03,PO-251867,EUR,6043.14,1269.06,7312.2,30.0,False,V-0003,D,False,Supplier portal,2025-12-06 09:03:40.090,V-0003,tax_id,PO251867,V-0003,38178.76,EUR,0,0,0,0,0,0,0,0,0,,0,,0,Auto-approve,Claude (LLM),0.3461502999829129,6043.14,2984.0,370.0
AP-0002641,llm,,TX-0061-83099,"Copperfield Services, Inc.",INV-0061-002641,2025-12-03,2026-01-02,PO-250334,USD,14321.52,0.0,14321.52,30.0,False,V-0061,C,False,Supplier portal,2025-12-06 11:29:37.266,V-0061,tax_id,PO250334,V-0061,65592.75,USD,0,0,0,0,0,0,0,0,0,,0,,0,Auto-approve,Claude (LLM),0.3139515652085579,14321.52,2985.0,374.0
AP-0003791,llm,,TX-0071-54213,"Summit Services, LLC",INV-0071-003791,2025-12-03,2026-01-02,PO-250666,USD,14689.43,,14689.43,30.0,False,V-0071,C,False,Email,2025-12-06 15:38:26.810,V-0071,tax_id,PO250666,V-0071,47259.78,USD,0,0,0,0,0,0,0,0,0,,0,,0,Auto-approve,Claude (LLM),0.3002740454670302,14689.43,2956.0,344.0
AP-0000961,edi,,TX-0131-83608,Copperfield Systems LLC,INV-0131-000961,2025-12-03,2026-01-02,PO-250042,USD,4000.0,0.0,4000.0,30.0,False,V-0131,A,False,EDI,2025-12-06 18:26:16.402,V-0131,tax_id,PO250042,V-0131,38013.89,USD,0,0,0,0,0,0,0,0,0,,0,,0,Auto-approve,Claude (LLM),0.31967193330393573,,,
AP-0000225,edi,,TX-0035-47483,Pioneer Networks Ltd.,INV-0035-000225,2025-12-02,2026-01-01,PO-251083,USD,21599.05,0.0,21599.05,30.0,False,V-0035,E,False,EDI,2025-12-06 20:00:51.791,V-0035,tax_id,PO251083,V-0035,76256.07,USD,0,0,0,0,0,0,0,0,0,,0,,0,Auto-approve,Claude (LLM),0.3453242419822832,,,
AP-0001626,llm,,TX-0040-49956,Evergreen Digital LLC,INV-0040-001626,2025-12-04,2026-01-03,PO-251782,EUR,4766.13,1000.89,5767.02,30.0,False,V-0040,D,False,Email,2025-12-06 20:17:55.865,V-0040,tax_id,PO251782,V-0040,37415.92,EUR,0,0,0,0,0,0,0,0,0,,0,,0,Auto-approve,Claude (LLM),0.30468533593791236,4766.13,2967.0,335.0
AP-0001335,edi,,TX-0071-54213,Summit Services LLC,INV-0071-001335,2025-12-06,2026-01-05,PO-252199,USD,1389.03,0.0,1389.03,30.0,False,V-0071,C,False,EDI,2025-12-06 21:21:11.048,V-0071,tax_id,PO252199,V-0071,19071.41,USD,0,0,0,0,0,0,0,0,0,,0,,0,Auto-approve,Claude (LLM),0.31588859996755053,,,
AP-0004422,llm,,TX-0069-10137,ATLAS LOGISTICS INC.,INV-0069-004422,2025-12-02,2026-01-01,PO-250138,USD,12859.04,,12859.04,30.0,False,V-0069,B,False,Supplier portal,2025-12-06 21:30:00.962,V-0069,tax_id,PO250138,V-0069,103906.27,USD,0,0,0,0,0,0,0,0,0,,0,,0,Auto-approve,Claude (LLM),0.32383142585163915,12859.04,2968.0,334.0
AP-0004573,llm,,TX-0120-96327,Oakmont Advisors Group,INV-0120-004573,2025-12-06,2026-01-05,PO-252030,CAD,18467.71,923.39,19391.1,30.0,False,V-0120,C,False,Supplier portal,2025-12-06 23:05:57.683,V-0120,tax_id,PO252030,V-0120,63279.58,CAD,0,0,0,0,0,0,0,0,0,,0,,0,Auto-approve,Claude (LLM),0.3112918155126515,18467.71,3016.0,401.0
AP-0001025,edi,,TX-0119-27534,Evergreen Systems Group,INV-0119-001025,2025-12-01,2025-12-31,PO-251588,USD,69197.26,5708.77,74906.03,30.0,False,V-0119,E,False,EDI,2025-12-06 23:16:21.474,V-0119,tax_id,PO251588,V-0119,52990.7,USD,0,0,0,0,1,0,0,0,0,,0,Invoice Over PO,1,Exception review,Claude (LLM),0.6336976155329597,,,
AP-0002640,edi,,TX-0133-30576,Cobalt Partners Group,INV-0133-002640,2025-12-05,2026-01-19,PO-251685,USD,2519.7,0.0,2519.7,45.0,False,V-0133,C,False,EDI,2025-12-06 23:40:56.639,V-0133,tax_id,PO251685,V-0133,7298.47,USD,0,0,0,0,0,0,0,0,0,,0,,0,Auto-approve,Claude (LLM),0.36010040759738204,,,
AP-0004796,edi,,TX-0078-49721,Crescent Networks Ltd.,INV-0078-004796,2025-12-04,2026-01-03,PO-252066,USD,27346.22,0.0,27346.22,30.0,False,V-0078,C,False,EDI,2025-12-06 23:45:31.659,V-0078,tax_id,PO252066,V-0078,80256.94,USD,0,0,0,0,0,0,0,0,0,,0,,0,Auto-approve,Claude (LLM),0.31692393764687976,,,
AP-0001266,llm,,TX-0132-11639,Atlas Supply Group,INV-0132-001266,2025-12-04,2026-02-02,,USD,3838.47,316.67,4155.14,60.0,False,V-0132,A,False,Supplier portal,2025-12-07 04:58:38.347,V-0132,tax_id,,,,,1,0,0,0,0,0,0,0,0,,0,Missing PO,1,Exception review,Claude (LLM),0.6206801893264398,3838.47,3036.0,393.0
AP-0000733,llm,,TX-0028-83716,Harbor Consulting Ltd.,INV-0028-000733,2025-12-03,2026-01-02,PO250612,GBP,19438.6,3887.72,23326.32,30.0,False,V-0028,E,False,Email,2025-12-07 05:15:27.663,V-0028,tax_id,PO250612,V-0028,20977.05,GBP,0,0,0,0,1,0,1,0,0,,0,Invoice Over PO; Inactive Vendor,2,Exception review,Claude (LLM),0.7479370317072493,19438.6,3024.0,400.0
AP-0003015,llm,,VAT TX-0125-42798,Brightpath Resources Ltd.,INV-0125-003015,2025-12-06,2026-01-05,PO-251651,EUR,11486.76,2412.22,13898.98,30.0,False,V-0125,D,True,Email,2025-12-07 07:24:47.171,V-0125,tax_id,PO251651,V-0125,52546.23,EUR,0,0,0,0,0,0,0,0,0,,0,,0,Auto-approve,Claude (LLM),0.3374109876493977,11486.76,2780.0,354.0
AP-0003262,llm,,TX-0070-80671,Beacon Services LLC,INV-0070-003262,2025-12-07,2025-12-22,PO-250407,USD,28401.12,,28401.12,15.0,False,V-0070,A,False,Supplier portal,2025-12-07 07:27:16.235,V-0070,tax_id,PO250407,V-0070,104678.91,USD,0,0,0,0,0,0,0,0,0,,0,,0,Auto-approve,Claude (LLM),0.287092539730907,28401.12,2968.0,316.0
AP-0001718,edi,,TX-0067-45894,Beacon Operations Ltd.,INV-0067-001718,2025-12-04,2026-01-03,PO-251203,USD,7346.61,0.0,7346.61,30.0,False,V-0067,B,False,EDI,2025-12-07 07:33:08.650,V-0067,tax_id,PO251203,V-0067,24583.37,USD,0,0,0,0,0,0,0,0,0,,0,,0,Auto-approve,Claude (LLM),0.3090886327637466,,,
AP-0003155,llm,,TX-0065-32403,"Stonebridge Networks, Inc.",INV-0065-003155,2025-12-05,2026-01-04,PO-251728,USD,5775.81,,5775.81,30.0,False,V-0065,C,False,Email,2025-12-07 08:42:01.999,V-0065,tax_id,PO251728,V-0065,27165.03,USD,0,0,0,0,0,0,0,0,0,,0,,0,Auto-approve,Claude (LLM),0.2981185968037159,5775.81,3005.0,400.0
AP-0000853,llm,,TX-0123-99977,Oakmont Analytics Ltd.,INV-0123-000853,2025-12-03,2026-01-02,PO251747,USD,4500.02,371.25,4871.27,30.0,False,V-0123,E,False,Supplier portal,2025-12-07 10:48:52.372,V-0123,tax_id,PO251747,V-0123,28462.92,USD,0,0,0,0,0,0,1,0,0,,0,Inactive Vendor,1,Exception review,Claude (LLM),0.562995919195314,4500.02,2999.0,355.0
AP-0001222,llm,,TX-0082-48109,"Cobalt Partners, Ltd.",INV-0082-001222,2025-12-02,2025-12-17,PO-251021,USD,713.42,58.86,772.28,15.0,False,V-0082,C,True,Email,2025-12-07 11:28:52.141,V-0082,tax_id,PO251021,V-0082,9307.94,USD,0,0,0,0,0,0,0,0,0,,0,,0,Auto-approve,Claude (LLM),0.3189221041796714,713.42,2780.0,341.0
AP-0001672,llm,,TX-0027-23409,HARBOR DIGITAL LLC,INV-0027-001672,2025-12-06,2026-01-05,,USD,5253.62,,5253.62,30.0,False,V-0027,B,False,Email,2025-12-07 12:10:19.804,V-0027,tax_id,,,,,1,0,0,0,0,0,1,0,0,,0,Missing PO; Inactive Vendor,2,Exception review,Claude (LLM),0.7104055700677869,5253.62,2979.0,346.0
AP-0000548,edi,,TX-0045-69725,Atlas Services LLC,INV-0045-000548,2025-12-05,2026-01-19,PO-251363,USD,53288.32,0.0,53288.32,45.0,False,V-0045,A,False,EDI,2025-12-07 12:42:19.505,V-0045,tax_id,PO251363,V-0045,205945.09,USD,0,0,0,0,0,0,0,0,0,,0,,0,Auto-approve,Claude (LLM),0.3315593282801395,,,
AP-0002950,edi,,TX-0064-39165,Summit Consulting Inc.,INV-0064-002950,2025-12-02,2026-01-01,PO-251903,CAD,1617.88,80.89,1698.77,30.0,False,V-0064,B,False,EDI,2025-12-07 13:20:29.558,V-0064,tax_id,PO251903,V-0064,35006.69,CAD,0,0,0,0,0,0,0,0,0,,0,,0,Auto-approve,Claude (LLM),0.32498998307863647,,,
AP-0000719,llm,,TX-0131-83608,Copperfield Systems LLC,INV-0131-000719,2025-12-06,2026-01-05,PO-250735,USD,15407.43,,15407.43,30.0,False,V-0131,A,True,Email,2025-12-07 16:09:57.651,V-0131,tax_id,PO250735,V-0131,10656.36,USD,0,0,0,0,1,0,0,0,0,,0,Invoice Over PO,1,Exception review,Claude (LLM),0.6152477858896944,15407.43,2780.0,335.0
AP-0001183,llm,,TX-0107-50949,"Silverline Advisors, Inc.",INV-0107-001183,2025-12-07,2026-02-05,PO-252050,USD,36007.66,2970.63,38978.29,60.0,False,V-0107,C,False,Email,2025-12-07 16:21:44.732,V-0107,tax_id,PO252050,V-0107,33145.87,USD,0,0,0,0,1,0,0,0,0,,0,Invoice Over PO,1,Exception review,Claude (LLM),0.6467147234798577,36007.66,2997.0,401.0
AP-0000422,llm,,TX-0052-68137,Evergreen Consulting LLC,INV-0052-000422,2025-12-07,2026-01-06,PO-252372,USD,21283.99,,21283.99,30.0,False,V-0052,A,False,Supplier portal,2025-12-07 16:50:23.099,V-0052,tax_id,PO252372,V-0052,80328.95,USD,0,0,0,0,0,0,0,0,0,,0,,0,Auto-approve,Claude (LLM),0.3351053224032953,21283.99,3012.0,381.0
AP-0003975,llm,,TX-0002-28786,"Cobalt Services, LLC",INV-0002-003975,2025-12-03,2025-12-18,PO-252334,INR,18200.56,3276.1,21476.66,15.0,False,V-0002,C,False,Supplier portal,2025-12-07 17:35:59.438,V-0002,tax_id,PO252334,V-0002,88928.07,INR,0,0,0,0,0,0,1,0,0,,0,Inactive Vendor,1,Exception review,Claude (LLM),0.6548985019009437,18200.56,2968.0,348.0
AP-0004524,llm,,TX-0128-19285,Harbor Systems LLC,INV-0128-004524,2025-12-03,2026-01-17,PO-251185,GBP,19378.08,3875.61,23253.69,45.0,False,V-0128,A,False,Email,2025-12-07 17:45:22.726,V-0128,tax_id,PO251185,V-0128,73602.24,USD,0,0,0,1,0,0,0,0,0,,0,Currency Mismatch,1,Exception review,Claude (LLM),0.6570843202244323,19378.08,3053.0,402.0
AP-0002312,llm,,VAT TX-0076-41538,Summit Systems LLC,INV-0076-002312,2025-12-02,2026-01-31,PO-250937,EUR,54641.12,11474.63,66115.75,60.0,False,V-0076,D,True,Email,2025-12-07 18:16:06.234,V-0076,tax_id,PO250937,V-0076,250290.23,EUR,0,0,0,0,0,0,0,0,0,,0,,0,Auto-approve,Claude (LLM),0.38010308211837274,54641.12,2780.0,370.0
AP-0000659,llm,,TX-0133-30576,Cobalt Partners Group,INV-0133-000659,2025-12-07,2026-01-21,PO-251685,USD,1697.38,,1697.38,45.0,False,V-0133,C,False,Supplier portal,2025-12-07 18:36:21.374,V-0133,tax_id,PO251685,V-0133,7298.47,USD,0,0,0,0,0,0,0,0,0,,0,,0,Auto-approve,Claude (LLM),0.3547495967046441,1697.38,2949.0,324.0
AP-0003517,llm,,TX-0064-39165,SUMMIT CONSULTING INC.,INV-0064-003517,2025-12-07,2026-01-06,PO-251903,CAD,8528.7,426.44,8955.14,30.0,False,V-0064,B,False,Supplier portal,2025-12-07 19:09:48.921,V-0064,tax_id,PO251903,V-0064,35006.69,CAD,0,0,0,0,0,0,0,0,0,,0,,0,Auto-approve,Claude (LLM),0.31918038724702963,8528.7,3032.0,404.0
AP-0002385,edi,,TX-0132-11639,Atlas Supply Group,INV-0132-002385,2025-12-06,2026-02-04,,USD,7606.68,627.55,8234.23,60.0,False,V-0132,A,False,EDI,2025-12-07 19:16:37.693,V-0132,tax_id,,,,,1,0,0,0,0,0,0,0,0,,0,Missing PO,1,Exception review,Claude (LLM),0.6257343574071154,,,
AP-0003444,llm,,TX-0035-47483,Pioneer Networks Ltd.,INV-0035-003444,2025-12-02,2026-01-01,PO250385,USD,3386.63,,3386.63,30.0,False,V-0035,E,False,Email,2025-12-07 19:42:03.860,V-0035,tax_id,PO250385,V-0035,36045.86,USD,0,0,0,0,0,0,0,0,0,,0,,0,Auto-approve,Claude (LLM),0.3551340185600298,3386.63,2991.0,346.0
AP-0002071,llm,,TX-0053-42836,Oakmont Supply Group,INV-0053-002071,2025-12-05,2026-01-04,PO-251065,SGD,15870.03,1428.3,17298.33,30.0,False,V-0053,C,False,Supplier portal,2025-12-07 20:00:11.218,V-0053,tax_id,PO251065,V-0053,95393.3,SGD,0,0,0,0,0,0,0,0,0,,0,,0,Auto-approve,Claude (LLM),0.33590569020588096,15870.030000000002,3032.0,424.0
AP-0001487,llm,,TX-0108-54358,"Summit Supply, Ltd.",INV-0108-001487,2025-05-12,2026-03-02,PO-250336,CAD,35730.56,1786.53,37517.09,60.0,False,V-0108,C,False,Supplier portal,2025-12-07 20:38:07.361,V-0108,tax_id,PO250336,V-0108,375870.08,CAD,0,0,0,0,0,0,0,0,1,Due date != date + terms,1,Duplicate Invoice,1,Data check,Claude (LLM),0.5890704633459205,35730.56,2994.0,372.0
AP-0004338,llm,,TX-0055-46775,Silverline Analytics Group,INV-0055-004338,2025-02-12,2026-01-01,PO-251359,SGD,2057.32,185.16,2242.48,30.0,False,V-0055,C,True,Email,2025-12-07 20:56:16.388,V-0055,tax_id,PO251359,V-0055,16617.75,SGD,0,0,0,0,0,0,0,0,0,Due date != date + terms,1,,0,Data check,Claude (LLM),0.3543859865092078,2057.32,2780.0,345.0
AP-0000504,llm,,TX-0073-32545,PIONEER PARTNERS LTD.,INV-0073-000504,2025-12-05,2026-01-04,PO-250617,USD,153097.46,,153097.46,30.0,False,V-0073,B,False,Supplier portal,2025-12-07 22:06:26.575,V-0073,tax_id,PO250617,V-0073,513414.94,USD,0,0,0,0,0,0,0,0,0,,0,,0,Auto-approve,Claude (LLM),0.4360404975861285,153097.46,2973.0,322.0
AP-0003883,llm,,TX-0135-50499,STONEBRIDGE SYSTEMS LLC,INV-0135-003883,2025-12-04,2026-01-03,PO-251675,USD,2141.58,176.68,2318.26,30.0,False,V-0135,B,False,Supplier portal,2025-12-07 22:34:45.227,V-0135,tax_id,PO251675,V-0135,7016.71,USD,0,0,0,0,0,0,0,0,0,,0,,0,Auto-approve,Claude (LLM),0.3271995494573098,2141.58,2980.0,338.0
AP-0004055,llm,,TX-0001-43105,Evergreen Consulting Group,INV-0001-004055,2025-12-03,2026-01-02,PO-252366,INR,1290.03,232.2,1522.23,30.0,False,V-0001,A,False,Email,2025-12-07 23:20:50.544,V-0001,tax_id,PO252366,V-0001,11852.48,INR,0,0,0,0,0,0,0,0,0,,0,,0,Auto-approve,Claude (LLM),0.33957682138816875,1290.03,2993.0,338.0
AP-0002121,llm,,TX-0124-51957,Brightpath Systems Ltd.,INV-0124-002121,2025-12-03,2025-12-18,PO-251888,CAD,4168.99,208.45,4377.44,15.0,False,V-0124,A,False,Email,2025-12-07 23:25:09.021,V-0124,tax_id,PO251888,V-0124,32943.33,CAD,0,0,0,0,0,0,0,0,0,,0,,0,Auto-approve,Claude (LLM),0.3314134171181198,4168.99,2996.0,336.0
AP-0000640,edi,,TX-0127-49996,Ironwood Solutions Inc.,INV-0127-000640,2025-12-04,2026-01-18,PO-250303,USD,5884.84,485.5,6370.34,45.0,False,V-0127,A,False,EDI,2025-12-08 00:11:02.537,V-0127,tax_id,PO250303,V-0127,21921.62,USD,0,0,0,0,0,0,0,0,0,,0,,0,Auto-approve,Claude (LLM),0.30462548257551225,,,
AP-0002435,llm,,TX-0079-81417,Brightpath Technologies LLC,INV-0079-002435,2025-12-07,2026-01-06,PO251422,USD,5528.26,0.0,5528.26,30.0,False,V-0079,E,False,Email,2025-12-08 00:44:28.072,V-0079,tax_id,PO251422,V-0079,18639.51,USD,0,0,0,0,0,0,0,0,0,,0,,0,Auto-approve,Claude (LLM),0.3108607517210227,5528.26,3013.0,397.0
AP-0001503,llm,,TX-0124-51957,Brightpath Systems Ltd.,INV-0124-001503,2025-12-04,2025-12-19,PO-251473,CAD,1646.79,82.34,1729.13,15.0,False,V-0124,A,False,Supplier portal,2025-12-08 00:50:19.326,V-0124,tax_id,PO251473,V-0124,10780.71,CAD,0,0,0,0,0,0,0,0,0,,0,,0,Auto-approve,Claude (LLM),0.32291135815233524,1646.79,2995.0,336.0
AP-0000912,edi,,TX-0084-70345,Redwood Supply LLC,INV-0084-000912,2025-12-05,2026-01-04,PO-250272,EUR,13005.25,2731.1,15736.35,30.0,False,V-0084,D,False,EDI,2025-12-08 01:38:26.868,V-0084,tax_id,PO250272,V-0084,62432.47,EUR,0,0,0,0,0,0,0,0,0,,0,,0,Auto-approve,Claude (LLM),0.32154157653097604,,,
AP-0004080,llm,,TX-0079-81417,Brightpath Technologies LLC,INV-0079-004080,2025-12-05,2026-01-04,PO250778,USD,14059.58,,14059.58,30.0,False,V-0079,E,False,Email,2025-12-08 02:12:24.011,V-0079,tax_id,PO250778,V-0079,124556.95,USD,0,0,0,0,0,0,0,0,0,,0,,0,Auto-approve,Claude (LLM),0.32019892034218334,14059.58,3013.0,339.0
AP-0001305,llm,,TX-0016-44050,Redwood Consulting LLC,INV-0016-001305,2025-12-08,2025-12-23,PO-250618,EUR,14115.55,2964.27,17079.82,15.0,False,V-0016,D,False,Email,2025-12-08 02:17:40.170,V-0016,tax_id,PO250618,V-0016,72721.98,EUR,0,0,0,0,0,0,0,0,0,,0,,0,Auto-approve,Claude (LLM),0.3349932576363143,14115.55,2988.0,375.0
AP-0002728,llm,,TX-0139-47222,EVERGREEN SYSTEMS GROUP,INV-0139-002728,2025-12-08,2026-01-07,PO-250869,USD,11079.24,,11079.24,30.0,False,V-0139,B,False,Email,2025-12-08 02:45:26.435,V-0139,tax_id,PO250869,V-0139,143086.95,USD,0,0,0,0,0,0,0,0,0,,0,,0,Auto-approve,Claude (LLM),0.29959791974687133,11079.24,2987.0,355.0
AP-0003909,llm,,TX-0059-74622,Pioneer Solutions Group,INV-0059-003909,2025-12-03,2026-01-17,PO-251314,USD,54605.29,4504.94,59110.23,45.0,False,V-0059,A,False,Supplier portal,2025-12-08 03:31:33.281,V-0059,tax_id,PO251314,V-0059,160525.92,USD,0,0,0,0,0,0,1,0,0,,0,Inactive Vendor,1,Exception review,Claude (LLM),0.622351876357319,54605.29,2976.0,333.0
AP-0002219,llm,,TX-0121-33255,Cobalt Systems Incorporated,INV-0121-002219,2025-12-05,2026-01-19,PO251623,USD,4180.82,,4180.82,45.0,False,V-0121,E,False,Email,2025-12-08 04:10:04.099,V-0121,tax_id,PO251623,V-0121,16648.35,USD,0,0,0,0,0,1,1,1,0,,0,Payment Terms Mismatch; Inactive Vendor; High-Risk Vendor,3,Exception review,Claude (LLM),0.7346153541647766,4180.82,3007.0,384.0
AP-0004406,llm,,TX-0111-16923,BRIGHTPATH SOLUTIONS INC.,INV-0111-004406,2025-12-06,2025-12-21,PO-250163,USD,2007.1,165.59,2172.69,15.0,False,V-0111,B,False,Supplier portal,2025-12-08 04:19:03.519,V-0111,tax_id,PO250163,V-0111,14091.61,USD,0,0,0,0,0,0,0,0,0,,0,,0,Auto-approve,Claude (LLM),0.29689227744543956,2007.1,2997.0,355.0
AP-0001915,llm,,TX-0043-75924,Crescent Analytics Grp,INV-0043-001915,2025-12-07,2026-02-05,,USD,26677.71,,26677.71,60.0,False,V-0043,E,False,Supplier portal,2025-12-08 04:24:53.295,V-0043,tax_id,,,,,1,0,0,0,0,0,0,0,0,,0,Missing PO,1,Exception review,Claude (LLM),0.665229133408769,26677.71,2993.0,350.0
AP-0003111,edi,,TX-0019-24934,Redwood Systems LLC,INV-0019-003111,2025-12-08,2026-02-06,PO-250436,GBP,2968.82,593.76,3562.58,60.0,False,V-0019,B,False,EDI,2025-12-08 05:48:24.217,V-0019,tax_id,PO250436,V-0019,10259.74,CAD,0,0,0,1,0,0,0,0,0,,0,Currency Mismatch,1,Exception review,Claude (LLM),0.6332878115090542,,,
AP-0000823,edi,,TX-0113-54591,Stonebridge Logistics Inc.,INV-0113-000823,2025-12-03,2026-01-17,PO-251406,EUR,15764.67,3310.58,19075.25,45.0,False,V-0113,D,False,EDI,2025-12-08 05:55:27.542,V-0113,tax_id,PO251406,V-0113,341370.8,EUR,0,0,0,0,0,0,0,0,0,,0,,0,Auto-approve,Claude (LLM),0.32918083908064727,,,
AP-0001858,llm,,TX-0140-96185,"Blue Ridge Operations, Inc.",INV-0140-001858,2025-12-06,2026-01-05,PO-251819,USD,25091.15,,25091.15,30.0,False,V-0140,C,False,Supplier portal,2025-12-08 07:07:59.735,V-0140,tax_id,PO251819,V-0140,72785.76,USD,0,0,0,0,0,0,0,0,1,,0,Duplicate Invoice,1,Exception review,Claude (LLM),0.5730863239866628,25091.15,3000.0,381.0
AP-0002980,llm,,TX-0068-22381,"Redwood Technologies, Inc.",INV-0068-002980,2025-06-12,2026-05-01,PO-252080,CAD,3304.28,165.21,3469.49,30.0,False,V-0068,C,False,Supplier portal,2025-12-08 08:50:45.148,V-0068,tax_id,PO252080,V-0068,14081.22,CAD,0,0,0,0,0,0,0,0,0,Due date != date + terms,1,,0,Data check,Claude (LLM),0.303915540948061,3304.28,2991.0,358.0
AP-0003530,llm,,TX-0088-45873,Atlas Systems Group,INV-0088-003530,2025-12-07,2026-01-06,PO-252352,USD,87723.96,,87723.96,30.0,False,V-0088,A,False,Email,2025-12-08 08:56:40.651,V-0088,tax_id,PO252352,V-0088,480117.84,USD,0,0,0,0,0,0,0,0,0,,0,,0,Auto-approve,Claude (LLM),0.3935290406097132,87723.95999999999,3005.0,376.0
AP-0002600,llm,,TX-0132-11639,Atlas Supply Group,INV-0132-002600,2025-12-04,2026-02-02,PO-X002600,USD,3739.9,308.54,4048.44,60.0,False,V-0132,A,False,Supplier portal,2025-12-08 09:15:47.672,V-0132,tax_id,POX002600,,,,0,1,0,0,0,0,0,0,0,,0,Invalid PO,1,Exception review,Claude (LLM),0.6262440259653328,3739.9,2981.0,335.0
AP-0002275,llm,,TX-0106-56495,Oakmont Analytics Inc.,INV-0106-002275,2025-12-06,2026-01-20,PO-251166,USD,4135.49,,4135.49,45.0,False,V-0106,A,False,Supplier portal,2025-12-08 09:18:38.725,V-0106,tax_id,PO251166,V-0106,102440.71,USD,0,0,0,0,0,0,0,0,0,,0,,0,Auto-approve,Claude (LLM),0.35763234008961114,4135.49,2965.0,315.0
AP-0003323,llm,,TX-0056-21648,Oakmont Services LLC,INV-0056-003323,2025-12-04,2026-01-18,PO251543,USD,3108.55,256.45,3365.0,45.0,False,V-0056,E,False,Supplier portal,2025-12-08 09:49:49.749,V-0056,tax_id,PO251543,V-0056,28103.19,USD,0,0,0,0,0,0,0,0,0,,0,,0,Auto-approve,Claude (LLM),0.3543627488011344,3108.55,3012.0,400.0
AP-0002402,llm,,TX-0079-81417,Brightpath Technologies LLC,INV-0079-002402,2025-12-03,2026-01-02,PO252105,USD,5778.71,0.0,5778.71,30.0,False,V-0079,E,False,Supplier portal,2025-12-08 11:00:15.167,V-0079,tax_id,PO252105,V-0079,123574.7,USD,0,0,0,0,0,0,0,0,0,,0,,0,Auto-approve,Claude (LLM),0.3155445103736215,5778.71,2969.0,333.0
AP-0000638,llm,,TX-0011-62098,OAKMONT SOLUTIONS LLC,INV-0011-000638,2025-12-03,2026-02-01,PO-250084,USD,1357.7,,1357.7,60.0,False,V-0011,B,False,Email,2025-12-08 11:48:06.150,V-0011,tax_id,PO250084,V-0011,24636.98,USD,0,0,0,0,0,1,0,0,0,,0,Payment Terms Mismatch,1,Exception review,Claude (LLM),0.5988753805133955,1357.7,2981.0,370.0
AP-0004430,llm,,TX-0083-82789,PIONEER SERVICES GROUP,INV-0083-004430,2025-12-04,2025-12-19,PO-250921,USD,19491.23,1608.03,21099.26,15.0,False,V-0083,B,False,Email,2025-12-08 12:14:29.603,V-0083,tax_id,PO250921,V-0083,68157.21,USD,0,0,0,0,0,0,0,0,0,,0,,0,Auto-approve,Claude (LLM),0.30732931218086273,19491.23,2999.0,374.0
AP-0002981,llm,,TX-0048-57091,"Oakmont Systems, Inc.",INV-0048-002981,2025-12-06,2025-12-21,PO-251925,USD,21579.98,1780.35,23360.33,15.0,False,V-0048,C,False,Supplier portal,2025-12-08 12:48:15.495,V-0048,tax_id,PO251925,V-0048,80003.82,USD,0,0,0,0,0,0,0,0,0,,0,,0,Auto-approve,Claude (LLM),0.2859559340693698,21579.98,2974.0,351.0
AP-0004958,llm,,TX-0002-28786,"Cobalt Services, LLC",INV-0002-004958,2025-05-12,2025-12-20,,INR,40468.36,7284.3,47752.66,15.0,False,V-0002,C,True,Email,2025-12-08 14:57:56.161,V-0002,tax_id,,,,,1,0,0,0,0,0,1,0,0,Due date != date + terms,1,Missing PO; Inactive Vendor,2,Data check,Claude (LLM),0.7344488145930704,40468.36,2780.0,378.0
AP-0004801,llm,,VAT TX-0024-91040,Evergreen Solutions Inc.,INV-0024-004801,2025-12-08,2025-12-23,PO-251585,EUR,7204.62,1512.97,8717.59,15.0,False,V-0024,D,False,Supplier portal,2025-12-08 15:42:09.022,V-0024,tax_id,PO251585,V-0024,79182.95,EUR,0,0,0,0,0,0,0,0,0,,0,,0,Auto-approve,Claude (LLM),0.32420878553316856,7204.62,2965.0,338.0
AP-0002773,llm,,TX-0061-83099,"Copperfield Services, Inc.",INV-0061-002773,2025-12-06,2026-01-05,PO-251480,USD,33513.73,,33513.73,30.0,False,V-0061,C,True,Email,2025-12-08 17:29:14.820,V-0061,tax_id,PO251480,V-0061,118328.65,USD,0,0,0,0,0,0,0,0,0,,0,,0,Auto-approve,Claude (LLM),0.3482951157310643,33513.73,2780.0,415.0
AP-0002168,llm,,TX-0095-51083,Crescent Supply Ltd.,INV-0095-002168,2025-12-03,2026-01-17,PO-250011,USD,6458.2,,6458.2,45.0,False,V-0095,A,False,Supplier portal,2025-12-08 20:15:12.802,V-0095,tax_id,PO250011,V-0095,18742.58,USD,0,0,0,0,0,1,0,0,0,,0,Payment Terms Mismatch,1,Exception review,Claude (LLM),0.5851941294690919,6458.2,3013.0,381.0
AP-0003758,llm,,TX-0116-23088,"Juniper Supply, LLC",INV-0116-003758,2025-12-07,2026-02-05,PO-250878,USD,26509.84,,26509.84,60.0,False,V-0116,C,False,Email,2025-12-08 20:20:29.559,V-0116,tax_id,PO250878,V-0116,71223.67,USD,0,0,0,0,0,0,0,0,0,,0,,0,Auto-approve,Claude (LLM),0.34107991143316746,26509.84,2998.0,411.0
AP-0000590,llm,,TX-0133-30576,Cobalt Partners Group,INV-0133-000590,2025-12-04,2026-01-18,PO-251320,USD,7104.47,,7104.47,45.0,False,V-0133,C,False,Email,2025-12-08 20:38:11.646,V-0133,tax_id,PO251320,V-0133,45575.92,USD,0,0,0,0,0,0,0,0,0,,0,,0,Auto-approve,Claude (LLM),0.36590785555262867,7104.469999999999,2971.0,374.0
AP-0000577,edi,,TX-0002-28786,Cobalt Services LLC,INV-0002-000577,2025-12-04,2025-12-19,PO-252270,INR,11848.64,2132.75,13981.39,15.0,False,V-0002,C,False,EDI,2025-12-08 22:49:18.317,V-0002,tax_id,PO252270,V-0002,50134.6,INR,0,0,0,0,0,0,1,0,0,,0,Inactive Vendor,1,Exception review,Claude (LLM),0.6948123611983847,,,
AP-0002311,llm,,TX-0005-88178,Atlas Resources Inc.,INV-0005-002311,2025-12-08,2026-01-07,PO-250053,USD,34940.01,,34940.01,30.0,False,V-0005,A,False,Supplier portal,2025-12-09 00:12:23.868,V-0005,tax_id,PO250053,V-0005,112102.34,USD,0,0,0,0,0,0,0,0,0,,0,,0,Auto-approve,Claude (LLM),0.3102088107715666,34940.01,2966.0,331.0
AP-0000807,llm,,TX-0093-95568,CLEARVIEW SYSTEMS INC.,INV-0093-000807,2025-12-07,2025-12-22,PO-252234,USD,4118.44,339.77,4458.21,15.0,False,V-0093,B,False,Supplier portal,2025-12-09 02:58:19.249,V-0093,tax_id,PO252234,V-0093,25139.08,USD,0,0,0,0,0,0,0,0,0,,0,,0,Auto-approve,Claude (LLM),0.31938658963289995,4118.44,2977.0,338.0
AP-0003904,llm,,TX-0013-11961,COBALT OPERATIONS LLC,INV-0013-003904,2025-12-07,2026-01-21,PO-252035,USD,6399.87,,6399.87,45.0,False,V-0013,B,False,Supplier portal,2025-12-09 04:51:14.966,V-0013,tax_id,PO252035,V-0013,65880.42,USD,0,0,0,0,0,0,1,0,0,,0,Inactive Vendor,1,Exception review,Claude (LLM),0.6088712451983723,6399.87,2964.0,317.0
AP-0001269,llm,,TX-0115-48708,Ironwood Services Group,INV-0115-001269,2025-12-08,2025-12-23,PO-251300,EUR,472.44,99.21,571.65,15.0,False,V-0115,D,False,Supplier portal,2025-12-09 09:51:45.217,V-0115,tax_id,PO251300,V-0115,4949.73,EUR,0,0,0,0,0,0,0,0,0,,0,,0,Auto-approve,Claude (LLM),0.3329764746371647,472.44,2960.0,330.0
AP-0002723,llm,,TX-0093-95568,CLEARVIEW SYSTEMS INC.,INV-0093-002723,2025-12-05,2026-01-04,PO-250623,USD,2873.3,237.05,3110.35,30.0,False,V-0093,B,False,Supplier portal,2025-12-09 10:02:54.583,V-0093,tax_id,PO250623,V-0093,22458.42,USD,0,0,0,0,0,1,0,0,0,,0,Payment Terms Mismatch,1,Exception review,Claude (LLM),0.5818947066648913,2873.3,2976.0,339.0
AP-0003298,llm,,TX-0029-56211,"Crescent Technologies, LLC",INV-0029-003298,2025-12-08,2025-12-23,PO-251752,USD,5118.72,422.29,5541.01,15.0,False,V-0029,C,False,Supplier portal,2025-12-09 13:39:17.194,V-0029,tax_id,PO251752,V-0029,17608.0,USD,0,0,0,0,0,0,0,0,0,,0,,0,Auto-approve,Claude (LLM),0.2787843836507835,5118.72,2974.0,345.0
AP-0003993,llm,,TX-0071-54213,"Summit Services, LLC",INV-0071-003993,2025-12-04,2026-01-03,PO-250666,USD,10059.21,,10059.21,30.0,False,V-0071,C,False,Email,2025-12-09 16:08:46.575,V-0071,tax_id,PO250666,V-0071,47259.78,USD,0,0,0,0,0,0,0,0,0,,0,,0,Auto-approve,Claude (LLM),0.2966361104758064,10059.21,2975.0,369.0
AP-0004761,llm,,TX-0053-42836,Oakmont Supply Group,INV-0053-004761,2025-05-12,2026-01-04,PO-250772,SGD,4260.28,383.42,4643.7,30.0,False,V-0053,C,False,Supplier portal,2025-12-09 17:12:56.388,V-0053,tax_id,PO250772,V-0053,27019.93,SGD,0,0,0,0,0,0,0,0,0,Due date != date + terms,1,,0,Data check,Claude (LLM),0.35247146039725075,4260.28,2963.0,345.0
AP-0004435,llm,,TX-0055-46775,Silverline Analytics Group,INV-0055-004435,2025-12-06,2026-01-05,PO-250001,SGD,733.37,66.0,799.37,30.0,False,V-0055,C,False,Supplier portal,2025-12-09 18:15:43.960,V-0055,tax_id,PO250001,V-0055,9286.64,SGD,0,0,0,0,0,0,0,0,0,,0,,0,Auto-approve,Claude (LLM),0.3332795493118004,733.37,2953.0,340.0
AP-0003429,llm,,TX-0061-83099,"Copperfield Services, Inc.",INV-0061-003429,2025-12-05,2026-01-04,PO-250805,USD,18537.06,,18537.06,30.0,False,V-0061,C,False,Supplier portal,2025-12-09 19:17:08.636,V-0061,tax_id,PO250805,V-0061,100910.76,USD,0,0,0,0,0,0,0,0,0,,0,,0,Auto-approve,Claude (LLM),0.3380734991754728,18537.06,2958.0,328.0
AP-0003265,edi,,TX-0073-32545,Pioneer Partners Ltd.,INV-0073-003265,2025-12-05,2026-01-04,PO-251221,USD,52329.99,0.0,52329.99,30.0,False,V-0073,B,False,EDI,2025-12-09 19:59:02.228,V-0073,tax_id,PO251221,V-0073,152907.45,USD,0,0,0,0,0,0,0,0,0,,0,,0,Auto-approve,Claude (LLM),0.3460329998638243,,,
AP-0003467,llm,,TX-0001-43105,Evergreen Consulting Group,INV-0001-003467,2025-12-05,2026-01-04,PO-252099,INR,1989.92,358.18,2348.1,30.0,False,V-0001,A,False,Supplier portal,2025-12-09 21:02:21.556,V-0001,tax_id,PO252099,V-0001,24537.9,INR,0,0,0,0,0,0,0,0,0,,0,,0,Auto-approve,Claude (LLM),0.3169875482416765,1989.92,3054.0,426.0
AP-0001847,llm,,TX-0124-51957,Brightpath Systems Ltd.,INV-0124-001847,2025-12-04,2025-12-19,PO-250188,CAD,16591.04,829.55,17420.59,15.0,False,V-0124,A,False,Email,2025-12-09 21:06:58.332,V-0124,tax_id,PO250188,V-0124,169143.43,CAD,0,0,0,0,0,0,0,0,0,,0,,0,Auto-approve,Claude (LLM),0.31901597226660655,16591.04,3020.0,373.0
AP-0000040,llm,,TX-0042-54837,HARBOR SERVICES GROUP,INV-0042-000040,2025-12-06,2026-02-04,PO-250763,USD,7099.41,,7099.41,60.0,False,V-0042,B,True,Email,2025-12-09 21:38:55.205,V-0042,tax_id,PO250763,V-0042,24958.38,USD,0,0,0,0,0,0,0,0,1,,0,Duplicate Invoice,1,Exception review,Claude (LLM),0.5785042336416946,7099.41,2780.0,315.0
AP-0000761,llm,,TX-0025-19498,OAKMONT SUPPLY GROUP,INV-0025-000761,2025-12-07,2026-02-05,PO-250162,USD,4054.22,334.47,4388.69,60.0,False,V-0025,B,False,Supplier portal,2025-12-09 22:25:53.757,V-0025,tax_id,PO250162,V-0025,14782.05,USD,0,0,0,0,0,0,0,0,0,,0,,0,Auto-approve,Claude (LLM),0.33004633387383564,4054.22,2996.0,376.0
AP-0004455,llm,,TX-0001-43105,Evergreen Consulting Group,INV-0001-004455,2025-12-09,2026-01-08,PO-250777,INR,90245.76,16244.24,106490.0,30.0,False,V-0001,A,False,Supplier portal,2025-12-09 22:38:14.860,V-0001,tax_id,PO250777,V-0001,85151.9,INR,0,0,0,0,1,0,0,0,0,,0,Invoice Over PO,1,Exception review,Claude (LLM),0.6234789802123559,90245.76,2997.0,338.0
AP-0004308,llm,,TX-0011-62098,OAKMONT SOLUTIONS LLC,INV-0011-004308,2025-12-07,2026-01-06,PO-252101,USD,5135.52,,5135.52,30.0,False,V-0011,B,True,Email,2025-12-09 23:42:59.100,V-0011,tax_id,PO252101,V-0011,70771.29,USD,0,0,0,0,0,0,0,0,0,,0,,0,Auto-approve,Claude (LLM),0.3324729669655186,5135.52,2780.0,318.0
AP-0002604,edi,,TX-0005-88178,Atlas Resources Inc.,INV-0005-002604,2025-12-08,2026-01-07,PO-250776,USD,817.95,0.0,817.95,30.0,False,V-0005,A,False,EDI,2025-12-10 00:09:03.794,V-0005,tax_id,PO250776,V-0005,3664.01,USD,0,0,0,0,0,0,0,0,0,,0,,0,Auto-approve,Claude (LLM),0.2900378671857419,,,
AP-0001042,llm,,TX-0052-68137,Evergreen Consulting LLC,INV-0052-001042,2025-12-09,2026-01-08,PO-252372,USD,16042.26,,16042.26,30.0,False,V-0052,A,False,Email,2025-12-10 00:34:57.182,V-0052,tax_id,PO252372,V-0052,80328.95,USD,0,0,0,0,0,0,0,0,0,,0,,0,Auto-approve,Claude (LLM),0.3380268579619567,16042.26,2971.0,318.0
AP-0000930,llm,,TX-0033-48829,Northstar Advisors LLC,INV-0033-000930,2025-12-05,2026-02-03,PO251987,USD,11736.76,,11736.76,60.0,False,V-0033,E,False,Supplier portal,2025-12-10 02:07:41.129,V-0033,tax_id,PO251987,V-0033,75454.23,USD,0,0,0,0,0,0,0,0,0,,0,,0,Auto-approve,Claude (LLM),0.32771582875370076,11736.759999999998,2995.0,335.0
AP-0002664,llm,,TX-0011-62098,OAKMONT SOLUTIONS LLC,INV-0011-002664,2025-12-09,2026-01-08,PO-250865,USD,19041.74,,19041.74,30.0,False,V-0011,B,False,Supplier portal,2025-12-10 03:01:50.778,V-0011,tax_id,PO250865,V-0011,110725.8,USD,0,0,0,0,0,0,0,0,0,,0,,0,Auto-approve,Claude (LLM),0.3271600525035,19041.74,3006.0,381.0
AP-0004461,llm,,TX-0118-10046,"Stonebridge Logistics, Ltd.",INV-0118-004461,2025-12-08,2026-01-07,PO-251084,USD,11024.98,909.56,11934.54,30.0,False,V-0118,C,False,Supplier portal,2025-12-10 05:21:44.036,V-0118,tax_id,PO251084,V-0118,42593.97,USD,0,0,0,0,0,0,0,0,0,,0,,0,Auto-approve,Claude (LLM),0.3146759583330162,11024.98,2970.0,350.0
AP-0003339,llm,,TX-0099-76362,Copperfield Networks Ltd.,INV-0099-003339,2025-12-05,2026-01-04,PO250122,USD,8014.87,,8014.87,30.0,True,V-0099,E,False,Supplier portal,2025-12-10 05:34:31.028,V-0099,tax_id,PO250122,V-0099,34229.53,USD,0,0,0,0,0,0,0,0,0,,0,,0,Auto-approve,Claude (LLM),0.310107654557014,8014.87,2973.0,319.0
AP-0001050,llm,,TX-0087-76038,Atlas Digital Ltd.,INV-0087-001050,2025-12-07,2026-02-05,PO-250190,EUR,4595.69,965.1,5560.79,60.0,False,V-0087,D,False,Email,2025-12-10 05:35:28.238,V-0087,tax_id,PO250190,V-0087,16356.69,EUR,0,0,0,0,0,0,0,0,0,,0,,0,Auto-approve,Claude (LLM),0.35724814779151687,4595.69,2978.0,370.0
AP-0000666,edi,,TX-0079-81417,Brightpath Technologies LLC,INV-0079-000666,2025-12-10,2026-01-09,PO-250904,USD,6106.09,0.0,6106.09,30.0,False,V-0079,E,False,EDI,2025-12-10 05:59:13.392,V-0079,tax_id,PO250904,V-0079,58359.88,USD,0,0,0,0,0,0,0,0,0,,0,,0,Auto-approve,Claude (LLM),0.2831706773405788,,,
AP-0004540,llm,,TX-0059-74622,Pioneer Solutions Group,INV-0059-004540,2025-12-08,2026-01-22,PO-251186,USD,9643.56,795.59,10439.15,45.0,False,V-0059,A,False,Email,2025-12-10 06:58:56.418,V-0059,tax_id,PO251186,V-0059,28161.33,USD,0,0,0,0,0,0,1,0,0,,0,Inactive Vendor,1,Exception review,Claude (LLM),0.5968430717300989,9643.56,2999.0,371.0
AP-0003380,llm,,TX-0057-94723,Lighthouse Supply Ltd.,INV-0057-003380,2025-12-06,2026-01-05,PO-250309,USD,39259.03,,39259.03,30.0,False,V-0057,A,False,Supplier portal,2025-12-10 10:07:01.765,V-0057,tax_id,PO250309,V-0057,138886.06,USD,0,0,0,0,0,0,0,0,0,,0,,0,Auto-approve,Claude (LLM),0.339946047848763,39259.03,3010.0,377.0
AP-0001908,llm,,TX-0021-37068,"Brightpath Operations, LLC",INV-0021-001908,2025-12-08,2026-01-22,PO-250954,USD,3980.98,328.43,4309.41,45.0,False,V-0021,C,False,Email,2025-12-10 11:38:47.943,V-0021,tax_id,PO250954,V-0021,36856.72,USD,0,0,0,0,0,0,0,0,0,,0,,0,Auto-approve,Claude (LLM),0.33546893605159156,3980.98,2969.0,348.0
AP-0003057,llm,,TX-0138-43552,Atlas Partners Group,INV-0138-003057,2025-12-05,2026-01-04,PO-250254,EUR,3761.26,789.86,4551.12,30.0,False,V-0138,D,False,Supplier portal,2025-12-10 11:48:03.885,V-0138,tax_id,PO250254,V-0138,21110.05,EUR,0,0,0,0,0,0,0,1,0,,0,High-Risk Vendor,1,Exception review,Claude (LLM),0.41143092780976415,3761.26,2978.0,348.0
AP-0003831,llm,,TX-0014-36758,Summit Logistics Grp,INV-0014-003831,2025-12-06,2026-01-05,PO250151,USD,6862.76,,6862.76,30.0,False,V-0014,E,False,Supplier portal,2025-12-10 15:47:11.714,V-0014,tax_id,PO250151,V-0014,27385.43,USD,0,0,0,0,0,0,0,0,0,,0,,0,Auto-approve,Claude (LLM),0.30514019337865717,6862.76,2969.0,317.0
AP-0003895,llm,,TX-0055-46775,Silverline Analytics Group,INV-0055-003895,2025-12-08,2026-01-07,PO-251234,SGD,13772.21,1239.5,15011.71,30.0,False,V-0055,C,False,Supplier portal,2025-12-10 16:31:46.272,V-0055,tax_id,PO251234,V-0055,235765.62,SGD,0,0,0,0,0,0,0,0,0,,0,,0,Auto-approve,Claude (LLM),0.34630897620702183,13772.21,2961.0,335.0
AP-0001115,llm,,TX-0105-55701,"Ironwood Analytics, Inc.",INV-0105-001115,2025-12-08,2026-01-22,PO-250689,USD,3801.86,,3801.86,45.0,False,V-0105,C,False,Supplier portal,2025-12-10 16:48:58.612,V-0105,tax_id,PO250689,V-0105,34672.44,USD,0,0,0,0,0,0,0,0,0,,0,,0,Auto-approve,Claude (LLM),0.33708777390072203,3801.86,2978.0,376.0
AP-0002645,llm,,TX-0107-50949,"Silverline Advisors, Inc.",INV-0107-002645,2025-12-07,2026-02-05,PO-251453,USD,18583.08,1533.1,20116.18,60.0,False,V-0107,C,False,Supplier portal,2025-12-10 21:17:55.873,V-0107,tax_id,PO251453,V-0107,400335.43,USD,0,0,0,0,0,0,0,0,0,,0,,0,Auto-approve,Claude (LLM),0.3186493031392693,18583.08,3021.0,438.0
AP-0003534,llm,,VAT TX-0125-42798,Brightpath Resources Ltd.,INV-0125-003534,2025-12-07,2026-01-06,PO-251651,EUR,2177.41,457.26,2634.67,30.0,False,V-0125,D,False,Supplier portal,2025-12-10 21:31:59.720,V-0125,tax_id,PO251651,V-0125,52546.23,EUR,0,0,0,0,0,0,0,0,0,,0,,0,Auto-approve,Claude (LLM),0.3359789116795234,2177.41,2984.0,371.0
AP-0002984,llm,,TX-0011-62098,OAKMONT SOLUTIONS LLC,INV-0011-002984,2025-12-08,2026-01-07,PO-250715,USD,30745.34,,30745.34,30.0,False,V-0011,B,True,Email,2025-12-10 21:54:20.639,V-0011,tax_id,PO250715,V-0011,88280.23,USD,0,0,0,0,0,0,0,0,0,,0,,0,Auto-approve,Claude (LLM),0.3382446691610771,30745.34,2780.0,318.0
AP-0001228,edi,,TX-0049-19644,Harbor Resources LLC,INV-0049-001228,2025-12-10,2026-01-09,PO-251578,EUR,3345.74,702.61,4048.35,30.0,False,V-0049,D,False,EDI,2025-12-10 22:17:43.957,V-0049,tax_id,PO251578,V-0049,33669.93,EUR,0,0,0,0,0,0,0,0,0,,0,,0,Auto-approve,Claude (LLM),0.3350371879182366,,,
AP-0001048,edi,,TX-0131-83608,Copperfield Systems LLC,INV-0131-001048,2025-12-05,2025-12-20,PO-250735,USD,2405.71,0.0,2405.71,15.0,False,V-0131,A,False,EDI,2025-12-10 23:19:09.110,V-0131,tax_id,PO250735,V-0131,10656.36,USD,0,0,0,0,0,1,0,0,0,,0,Payment Terms Mismatch,1,Exception review,Claude (LLM),0.6215303355150916,,,
AP-0003669,edi,,TX-0063-67062,Copperfield Systems Inc.,INV-0063-003669,2025-12-06,2026-01-05,PO-251448,USD,1254.01,103.46,1357.47,30.0,False,V-0063,E,False,EDI,2025-12-11 00:47:39.905,V-0063,tax_id,PO251448,V-0063,15766.81,USD,0,0,0,0,0,0,0,0,0,,0,,0,Auto-approve,Claude (LLM),0.3060424194702764,,,
AP-0002389,llm,,TX-0121-33255,Cobalt Systems Incorporated,INV-0121-002389,2025-12-06,,PO251271,USD,5162.92,,5162.92,60.0,False,V-0121,E,False,Email,2025-12-11 00:48:44.049,V-0121,tax_id,PO251271,V-0121,29300.28,USD,0,0,0,0,0,0,1,1,0,,0,Inactive Vendor; High-Risk Vendor,2,Exception review,Claude (LLM),0.6820660545400593,5162.92,2994.0,330.0
AP-0002354,llm,,TX-0053-42836,Oakmont Supply Group,INV-0053-002354,2025-11-12,2026-01-10,PO-252391,SGD,15182.28,1366.41,16548.69,30.0,False,V-0053,C,True,Email,2025-12-11 01:57:59.553,V-0053,tax_id,PO252391,V-0053,44735.33,SGD,0,0,0,0,0,0,0,0,0,Due date != date + terms,1,,0,Data check,Claude (LLM),0.3454404479506319,15182.28,2780.0,440.0
AP-0000356,llm,,TX-0012-74674,Oakmont Technologies LLC,INV-0012-000356,2025-12-09,2026-01-08,PO-250668,USD,6847.66,,6847.66,30.0,False,V-0012,A,False,Email,2025-12-11 02:02:49.370,V-0012,tax_id,PO250668,V-0012,34209.12,USD,0,0,0,0,0,0,0,0,0,,0,,0,Auto-approve,Claude (LLM),0.2845954987570715,6847.66,2972.0,317.0
AP-0003029,edi,,TX-0049-19644,Harbor Resources LLC,INV-0049-003029,2025-12-10,2026-01-09,PO-250519,EUR,114638.29,24074.04,138712.33,30.0,False,V-0049,D,False,EDI,2025-12-11 03:02:13.954,V-0049,tax_id,PO250519,V-0049,590637.06,EUR,0,0,0,0,0,0,0,0,0,,0,,0,Auto-approve,Claude (LLM),0.3816447341138384,,,
AP-0003748,llm,,TX-0117-90487,"Atlas Consulting, LLC",INV-0117-003748,2025-11-12,2026-01-10,PO-251466,CAD,76507.91,3825.4,80333.31,30.0,True,V-0117,C,True,Email,2025-12-11 04:42:13.391,V-0117,tax_id,PO251466,V-0117,291161.92,CAD,0,0,0,0,0,0,0,0,0,Due date != date + terms,1,,0,Data check,Claude (LLM),0.3495221901682515,76507.91,2736.0,344.0
AP-0004548,llm,,TX-0066-17224,Stonebridge Networks Ltd.,INV-0066-004548,2025-12-07,2026-01-06,PO-250266,USD,66613.63,,66613.63,30.0,False,V-0066,A,False,Supplier portal,2025-12-11 04:52:59.494,V-0066,tax_id,PO250266,V-0066,45953.87,USD,0,0,0,0,1,0,0,0,0,,0,Invoice Over PO,1,Exception review,Claude (LLM),0.6733697000710316,66613.63,2994.0,335.0
AP-0004036,llm,,TX-0018-72351,EVERGREEN RESOURCES INC.,INV-0018-004036,2025-12-11,2026-01-10,PO-251451,USD,38600.67,,38600.67,30.0,False,V-0018,B,False,Supplier portal,2025-12-11 07:59:19.313,V-0018,tax_id,PO251451,V-0018,32101.79,USD,0,0,0,0,1,0,0,0,0,,0,Invoice Over PO,1,Exception review,Claude (LLM),0.6277896989532342,38600.67,2994.0,357.0
AP-0001264,llm,,TX-0030-52947,Crescent Networks Incorporated,INV-0030-001264,2025-12-09,2026-02-07,PO250173,USD,35842.26,2956.99,38799.25,60.0,False,V-0030,E,False,Supplier portal,2025-12-11 08:19:44.359,V-0030,tax_id,PO250173,V-0030,25936.69,USD,0,0,0,0,1,0,0,0,0,,0,Invoice Over PO,1,Exception review,Claude (LLM),0.6396622768816188,35842.26,2981.0,336.0
AP-0001539,edi,,TX-0095-51083,Crescent Supply Ltd.,INV-0095-001539,2025-12-09,2026-01-08,PO-251294,USD,5188.59,0.0,5188.59,30.0,False,V-0095,A,False,EDI,2025-12-11 08:25:13.159,V-0095,tax_id,PO251294,V-0095,44886.45,USD,0,0,0,0,0,0,0,0,0,,0,,0,Auto-approve,Claude (LLM),0.3197657880233424,,,
AP-0003711,llm,,TX-0069-10137,ATLAS LOGISTICS INC.,INV-0069-003711,2025-12-10,2026-01-09,PO-250048,USD,12642.09,,12642.09,30.0,False,V-0069,B,False,Supplier portal,2025-12-11 09:23:11.097,V-0069,tax_id,PO250048,V-0069,255370.01,USD,0,0,0,0,0,0,0,0,0,,0,,0,Auto-approve,Claude (LLM),0.2902612330227269,12642.09,2968.0,317.0
AP-0000034,llm,,TX-0117-90487,"Atlas Consulting, LLC",INV-0117-000034,2025-07-12,2026-01-06,PO-251552,CAD,3448.09,172.4,3620.49,30.0,False,V-0117,C,False,Email,2025-12-11 09:42:31.392,V-0117,tax_id,PO251552,V-0117,19925.8,CAD,0,0,0,0,0,0,0,0,0,Due date != date + terms,1,,0,Data check,Claude (LLM),0.2941947060848403,3448.09,2969.0,348.0
AP-0003166,edi,,TX-0083-82789,Pioneer Services Group,INV-0083-003166,2025-12-09,2025-12-24,PO-251412,USD,7451.85,614.78,8066.63,15.0,False,V-0083,B,False,EDI,2025-12-11 10:49:02.925,V-0083,tax_id,PO251412,V-0083,46553.28,USD,0,0,0,0,0,0,0,0,0,,0,,0,Auto-approve,Claude (LLM),0.29206390724122844,,,
AP-0001359,llm,,TX-0028-83716,Harbor Consulting Ltd.,INV-0028-001359,2025-12-08,2026-01-07,PO252173,GBP,599.56,119.91,719.47,30.0,False,V-0028,E,False,Supplier portal,2025-12-11 10:50:07.259,V-0028,tax_id,PO252173,V-0028,3595.93,GBP,0,0,0,0,0,0,1,0,0,,0,Inactive Vendor,1,Exception review,Claude (LLM),0.6923592817792481,599.56,2988.0,349.0
AP-0002187,llm,,TX-0024-91040,Evergreen Solutions Inc.,INV-0024-002187,2025-12-08,2025-12-23,PO-250796,EUR,96687.35,20304.34,116991.69,15.0,False,V-0024,D,False,Supplier portal,2025-12-11 10:54:21.797,V-0024,tax_id,PO250796,V-0024,577102.0,EUR,0,0,0,0,0,0,0,0,0,,0,,0,Auto-approve,Claude (LLM),0.4074255681986223,96687.35,2996.0,397.0
AP-0001562,llm,,VAT TX-0084-70345,Redwood Supply LLC,INV-0084-001562,2025-12-10,2026-01-09,PO-250272,EUR,9461.89,1987.0,11448.89,30.0,True,V-0084,D,False,Email,2025-12-11 10:59:38.053,V-0084,tax_id,PO250272,V-0084,62432.47,EUR,0,0,0,0,0,0,0,0,0,,0,,0,Auto-approve,Claude (LLM),0.3214737647826054,9461.89,2969.0,339.0
AP-0002607,llm,,TX-0116-23088,"Juniper Supply, LLC",INV-0116-002607,2025-12-11,2026-02-09,PO-251796,USD,13789.15,,13789.15,60.0,False,V-0116,C,False,Supplier portal,2025-12-11 12:57:18.177,V-0116,tax_id,PO251796,V-0116,71829.2,USD,0,0,0,0,0,0,0,0,0,,0,,0,Auto-approve,Claude (LLM),0.32952348922419933,13789.15,2956.0,329.0
AP-0004978,llm,,TX-0107-50949,"Silverline Advisors, Inc.",INV-0107-004978,2025-12-11,2026-02-09,PO-250140,SGD,4631.46,416.83,5048.29,60.0,False,V-0107,C,False,Email,2025-12-11 13:32:54.597,V-0107,tax_id,PO250140,V-0107,20658.61,USD,0,0,0,1,0,0,0,0,0,,0,Currency Mismatch,1,Exception review,Claude (LLM),0.6412440067672145,4631.46,2973.0,341.0
AP-0001019,llm,,TX-0129-39742,"Blue Ridge Digital, Ltd.",INV-0129-001019,2025-12-06,2026-01-20,PO-251636,EUR,13172.65,2766.26,15938.91,45.0,False,V-0129,C,False,Email,2025-12-11 14:55:52.122,V-0129,tax_id,PO251636,V-0129,54557.42,USD,0,0,0,1,0,0,0,0,0,,0,Currency Mismatch,1,Exception review,Claude (LLM),0.601556547205372,13172.65,2963.0,346.0
AP-0000736,llm,,TX-0038-45747,"Beacon Analytics, Ltd.",INV-0038-000736,2025-12-11,2026-02-09,PO-251315,USD,4040.13,,4040.13,60.0,False,V-0038,C,False,Email,2025-12-11 15:02:52.020,V-0038,tax_id,PO251315,V-0038,29663.12,USD,0,0,0,0,0,1,0,0,0,,0,Payment Terms Mismatch,1,Exception review,Claude (LLM),0.6296130722807786,4040.13,2979.0,373.0
AP-0002805,llm,,TX-0069-10137,ATLAS LOGISTICS INC.,INV-0069-002805,2025-12-08,2026-01-07,PO-250138,USD,4627.08,,4627.08,30.0,False,V-0069,B,False,Supplier portal,2025-12-11 15:46:43.875,V-0069,tax_id,PO250138,V-0069,103906.27,USD,0,0,0,0,0,0,0,0,0,,0,,0,Auto-approve,Claude (LLM),0.32172262537987617,4627.08,2967.0,316.0
AP-0004005,llm,,TX-0014-36758,Summit Logistics Grp,INV-0014-004005,2025-12-11,2026-01-10,PO250680,USD,8360.59,,8360.59,30.0,False,V-0014,E,False,Supplier portal,2025-12-11 16:06:27.265,V-0014,tax_id,PO250680,V-0014,27686.41,USD,0,0,0,0,0,0,0,0,0,,0,,0,Auto-approve,Claude (LLM),0.3021709694295912,8360.59,2970.0,316.0
AP-0004701,edi,,TX-0090-82710,Copperfield Advisors Ltd.,INV-0090-004701,2025-12-07,2026-01-21,PO-251828,USD,12424.82,0.0,12424.82,45.0,False,V-0090,B,False,EDI,2025-12-11 16:16:05.330,V-0090,tax_id,PO251828,V-0090,264389.51,USD,0,0,0,0,0,0,0,0,0,,0,,0,Auto-approve,Claude (LLM),0.34461611723366875,,,
AP-0004633,llm,,TX-0117-90487,"Atlas Consulting, LLC",INV-0117-004633,2025-09-12,2026-08-01,PO-252193,CAD,26113.92,1305.7,27419.62,30.0,False,V-0117,C,False,Supplier portal,2025-12-11 18:12:00.117,V-0117,tax_id,PO252193,V-0117,123727.34,CAD,0,0,0,0,0,0,0,0,0,Due date != date + terms,1,,0,Data check,Claude (LLM),0.3163804400592263,26113.92,3043.0,475.0
AP-0003494,llm,,TX-0050-69493,Ironwood Services Ltd.,INV-0050-003494,2025-12-09,2026-01-08,PO-250070,USD,13479.38,,13479.38,30.0,False,V-0050,A,False,Supplier portal,2025-12-11 18:16:57.965,V-0050,tax_id,PO250070,V-0050,70447.52,USD,0,0,0,0,0,0,0,0,0,,0,,0,Auto-approve,Claude (LLM),0.33249008144657277,13479.38,2971.0,315.0
AP-0001812,llm,,TX-0114-88629,Beacon Logistics Group,INV-0114-001812,2025-12-06,2026-01-05,,USD,24965.83,2059.68,27025.51,30.0,False,V-0114,A,False,Supplier portal,2025-12-11 18:19:19.112,V-0114,tax_id,,,,,1,0,0,0,0,0,0,0,0,,0,Missing PO,1,Exception review,Claude (LLM),0.6316807052203453,24965.83,2984.0,334.0
AP-0000134,llm,,TX-0109-51449,Blue Ridge Analytics LLC,INV-0109-000134,2025-12-10,2026-01-09,PO-250657,USD,47597.55,,47597.55,30.0,False,V-0109,A,False,Supplier portal,2025-12-11 18:21:59.290,V-0109,tax_id,PO250657,V-0109,167530.48,USD,0,0,0,0,0,0,0,0,0,,0,,0,Auto-approve,Claude (LLM),0.33262549640731454,47597.55,2970.0,319.0
AP-0003098,llm,,TX-0086-70653,LIGHTHOUSE TECHNOLOGIES LLC,INV-0086-003098,2025-12-11,2026-01-25,PO-251477,USD,13322.68,1099.12,14421.8,45.0,False,V-0086,B,False,Supplier portal,2025-12-11 18:49:42.971,V-0086,tax_id,PO251477,V-0086,60325.23,USD,0,0,0,0,0,0,0,0,0,,0,,0,Auto-approve,Claude (LLM),0.32840909662641715,13322.68,3002.0,377.0
AP-0001246,llm,,TX-0063-67062,Copperfield Systems Incorporated,INV-0063-001246,2025-12-08,2026-01-07,PO251448,USD,2327.92,192.05,2519.97,30.0,True,V-0063,E,False,Email,2025-12-11 19:43:08.910,V-0063,tax_id,PO251448,V-0063,15766.81,USD,0,0,0,0,0,0,0,0,0,,0,,0,Auto-approve,Claude (LLM),0.3075189746767497,2327.92,2982.0,339.0
AP-0004242,llm,,TX-0021-37068,"Brightpath Operations, LLC",INV-0021-004242,2025-12-11,2026-01-25,PO-250168,USD,24125.3,1990.34,26115.64,45.0,False,V-0021,C,False,Supplier portal,2025-12-11 20:49:05.613,V-0021,tax_id,PO250168,V-0021,21106.51,USD,0,0,0,0,1,0,0,0,0,,0,Invoice Over PO,1,Exception review,Claude (LLM),0.621416817985893,24125.3,2997.0,398.0
AP-0000991,llm,,TX-0017-46110,Cobalt Analytics Group,INV-0017-000991,2025-06-12,2026-01-20,PO-251646,GBP,54967.09,10993.42,65960.51,45.0,False,V-0017,C,True,Email,2025-12-11 20:58:03.721,V-0017,tax_id,PO251646,V-0017,182474.85,GBP,0,0,0,0,0,0,0,1,0,Due date != date + terms,1,High-Risk Vendor,1,Data check,Claude (LLM),0.5339404254761789,54967.09,2780.0,337.0
AP-0000653,llm,,TX-0086-70653,LIGHTHOUSE TECHNOLOGIES LLC,INV-0086-000653,2025-12-06,2026-01-20,PO-251760,USD,4583.94,378.17,4962.11,45.0,False,V-0086,B,False,Supplier portal,2025-12-11 21:34:42.770,V-0086,tax_id,PO251760,V-0086,58267.68,USD,0,0,0,0,0,0,0,0,0,,0,,0,Auto-approve,Claude (LLM),0.3393430625161977,4583.94,2997.0,354.0
AP-0003689,edi,,TX-0045-69725,Atlas Services LLC,INV-0045-003689,2025-12-11,2026-01-25,PO-252369,USD,3347.35,0.0,3347.35,45.0,False,V-0045,A,False,EDI,2025-12-12 01:41:46.786,V-0045,tax_id,PO252369,V-0045,13854.1,USD,0,0,0,0,0,0,0,0,0,,0,,0,Auto-approve,Claude (LLM),0.326601970104032,,,
AP-0000231,llm,,TX-0014-36758,Summit Logistics Grp,INV-0014-000231,2025-12-09,2026-01-08,PO250151,USD,3865.69,,3865.69,30.0,False,V-0014,E,False,Supplier portal,2025-12-12 02:40:59.101,V-0014,tax_id,PO250151,V-0014,27385.43,USD,0,0,0,0,0,0,0,0,0,,0,,0,Auto-approve,Claude (LLM),0.304854547457687,3865.69,2990.0,351.0
AP-0003835,edi,,TX-0070-80671,Beacon Services LLC,INV-0070-003835,2025-12-10,2025-12-25,PO-250407,USD,35917.64,0.0,35917.64,15.0,False,V-0070,A,False,EDI,2025-12-12 06:10:04.702,V-0070,tax_id,PO250407,V-0070,104678.91,USD,0,0,0,0,0,0,0,0,0,,0,,0,Auto-approve,Claude (LLM),0.2964870242497721,,,
AP-0003375,llm,,TX-0081-73770,Silverline Supply Group,INV-0081-003375,2025-12-09,2026-01-08,PO-250433,USD,2771.4,,2771.4,30.0,False,V-0081,C,True,Email,2025-12-12 06:19:59.095,V-0081,tax_id,PO250433,V-0081,16767.87,USD,0,0,0,0,0,0,0,0,0,,0,,0,Auto-approve,Claude (LLM),0.34373247422551756,2771.4,2780.0,369.0
AP-0001768,llm,,TX-0083-82789,PIONEER SERVICES GROUP,INV-0083-001768,2025-12-12,2025-12-27,PO-251196,USD,38422.47,3169.85,41592.32,15.0,False,V-0083,B,True,Email,2025-12-12 07:27:05.507,V-0083,tax_id,PO251196,V-0083,153087.72,USD,0,0,0,0,0,0,0,0,0,,0,,0,Auto-approve,Claude (LLM),0.3314455710141119,38422.47,2780.0,338.0
AP-0001771,llm,,TX-0017-46110,Cobalt Analytics Group,INV-0017-001771,2025-12-07,2026-01-21,PO-252200,GBP,5454.86,1090.97,6545.83,45.0,False,V-0017,C,False,Supplier portal,2025-12-12 07:28:51.788,V-0017,tax_id,PO252200,V-0017,20430.05,GBP,0,0,0,0,0,0,0,1,0,,0,High-Risk Vendor,1,Exception review,Claude (LLM),0.5031469101994921,5454.86,2969.0,348.0
AP-0000482,llm,,TX-0062-17232,JUNIPER RESOURCES LTD.,INV-0062-000482,2025-12-11,2026-01-10,PO-252175,USD,23360.42,,23360.42,30.0,False,V-0062,B,False,Supplier portal,2025-12-12 10:17:34.653,V-0062,tax_id,PO252175,V-0062,130741.51,USD,0,0,0,0,0,0,0,0,0,,0,,0,Auto-approve,Claude (LLM),0.3221362905349099,23360.42,2987.0,335.0
AP-0002591,edi,,TX-0022-47741,Lighthouse Solutions LLC,INV-0022-002591,2025-12-12,2026-01-26,PO-251047,USD,22981.8,1896.0,24877.8,45.0,False,V-0022,E,False,EDI,2025-12-12 10:24:28.028,V-0022,tax_id,PO251047,V-0022,79514.97,USD,0,0,0,0,0,0,0,1,0,,0,High-Risk Vendor,1,Exception review,Claude (LLM),0.4127673752902565,,,
AP-0001143,llm,,TX-0055-46775,Silverline Analytics Group,INV-0055-001143,2025-12-11,2026-01-10,PO-252182,SGD,8372.77,753.55,9126.32,30.0,False,V-0055,C,True,Email,2025-12-12 10:58:42.300,V-0055,tax_id,PO252182,V-0055,85040.32,SGD,0,0,0,0,0,0,0,0,0,,0,,0,Auto-approve,Claude (LLM),0.34812345415845203,8372.77,2780.0,334.0
AP-0001742,llm,,TX-0080-26211,Juniper Resources Inc.,INV-0080-001742,2025-12-10,2026-01-09,PO-251458,EUR,97762.27,20530.08,118292.35,30.0,False,V-0080,D,False,Supplier portal,2025-12-12 11:09:34.991,V-0080,tax_id,PO251458,V-0080,101934.86,EUR,0,0,0,0,1,0,0,0,0,,0,Invoice Over PO,1,Exception review,Claude (LLM),0.6898546039663777,97762.27,2971.0,334.0
AP-0004923,llm,,TX-0038-45747,"Beacon Analytics, Ltd.",INV-0038-004923,2025-12-08,2026-01-07,PO-251862,USD,9295.14,,9295.14,30.0,False,V-0038,C,True,Email,2025-12-12 13:54:47.636,V-0038,tax_id,PO251862,V-0038,77256.0,USD,0,0,0,0,0,0,0,0,0,,0,,0,Auto-approve,Claude (LLM),0.32487089225588545,9295.14,2780.0,413.0
AP-0004778,llm,,TX-0117-90487,"Atlas Consulting, LLC",INV-0117-004778,2025-12-12,2026-01-11,PO-250327,CAD,31546.18,1577.31,33123.49,30.0,False,V-0117,C,False,Supplier portal,2025-12-12 14:22:45.487,V-0117,tax_id,PO250327,V-0117,108235.99,CAD,0,0,0,0,0,0,0,0,0,,0,,0,Auto-approve,Claude (LLM),0.3172936614886469,31546.18,2972.0,350.0
AP-0004848,llm,,TX-0048-57091,"Oakmont Systems, Inc.",INV-0048-004848,2025-12-11,2025-12-26,PO-250619,USD,9582.54,790.56,10373.1,15.0,False,V-0048,C,False,Email,2025-12-12 14:48:22.395,V-0048,tax_id,PO250619,V-0048,64194.21,USD,0,0,0,0,0,0,0,0,0,,0,,0,Auto-approve,Claude (LLM),0.3136908953689966,9582.54,2970.0,348.0
AP-0002501,llm,,TX-0087-76038,Atlas Digital Ltd.,INV-0087-002501,2025-12-07,2026-02-05,PO-252144,EUR,68812.11,14450.54,83262.65,60.0,False,V-0087,D,False,Email,2025-12-12 14:54:37.380,V-0087,tax_id,PO252144,V-0087,247775.26,EUR,0,0,0,0,0,0,0,0,0,,0,,0,Auto-approve,Claude (LLM),0.43285648202892274,68812.11,3018.0,429.0
AP-0000579,llm,,TX-0129-39742,"Blue Ridge Digital, Ltd.",INV-0129-000579,2025-12-10,2026-01-09,PO-252169,EUR,5849.71,1228.44,7078.15,30.0,False,V-0129,C,False,Supplier portal,2025-12-12 16:22:24.375,V-0129,tax_id,PO252169,V-0129,22497.13,USD,0,0,0,1,0,1,0,0,0,,0,Currency Mismatch; Payment Terms Mismatch,2,Exception review,Claude (LLM),0.6785371998305001,5849.71,2963.0,346.0
AP-0002716,llm,,TX-0105-55701,"Ironwood Analytics, Inc.",INV-0105-002716,2025-12-11,2026-01-25,PO-252302,USD,13395.8,,13395.8,45.0,False,V-0105,C,False,Supplier portal,2025-12-12 18:22:44.253,V-0105,tax_id,PO252302,V-0105,36256.05,USD,0,0,0,0,0,0,0,0,0,,0,,0,Auto-approve,Claude (LLM),0.30624096062996803,13395.8,2955.0,330.0
AP-0003432,llm,,TX-0036-11692,JUNIPER OPERATIONS LTD.,INV-0036-003432,2025-12-08,2026-01-07,PO-250566,USD,4790.89,,4790.89,30.0,False,V-0036,B,False,Email,2025-12-12 18:56:47.278,V-0036,tax_id,PO250566,V-0036,30365.37,USD,0,0,0,0,0,0,0,0,0,,0,,0,Auto-approve,Claude (LLM),0.2848423593753513,4790.889999999999,3004.0,381.0
AP-0003341,llm,,TX-0009-87210,BLUE RIDGE SUPPLY LLC,INV-0009-003341,2025-12-09,2026-01-23,PO-252126,USD,102321.59,,102321.59,45.0,False,V-0009,B,False,Supplier portal,2025-12-12 19:24:56.809,V-0009,tax_id,PO252126,V-0009,80788.83,USD,0,0,0,0,1,0,0,0,0,,0,Invoice Over PO,1,Exception review,Claude (LLM),0.7001034369214828,102321.59,2967.0,317.0
AP-0000672,llm,,TX-0029-56211,"Crescent Technologies, LLC",INV-0029-000672,2025-12-10,2025-12-25,PO-252327,USD,5504.52,454.12,5958.64,15.0,False,V-0029,C,False,Supplier portal,2025-12-12 20:45:24.302,V-0029,tax_id,PO252327,V-0029,18924.89,USD,0,0,0,0,0,0,0,0,0,,0,,0,Auto-approve,Claude (LLM),0.3172995877416284,5504.52,2974.0,348.0
AP-0001304,llm,,TX-0137-44191,Pioneer Consulting Ltd.,INV-0137-001304,2025-12-12,2026-01-26,PO-251114,USD,13174.31,,13174.31,45.0,False,V-0137,A,False,Supplier portal,2025-12-12 21:00:09.295,V-0137,tax_id,PO251114,V-0137,35484.79,USD,0,0,0,0,0,1,1,0,0,,0,Payment Terms Mismatch; Inactive Vendor,2,Exception review,Claude (LLM),0.7049600217281653,13174.31,3010.0,376.0
AP-0000753,llm,,TX-0082-48109,"Cobalt Partners, Ltd.",INV-0082-000753,2025-12-08,2025-12-23,PO-251737,USD,960.55,79.24,1039.79,15.0,False,V-0082,C,False,Supplier portal,2025-12-12 21:19:31.592,V-0082,tax_id,PO251737,V-0082,20477.05,USD,0,0,0,0,0,0,0,0,0,,0,,0,Auto-approve,Claude (LLM),0.31662596961873696,960.5500000000002,3018.0,421.0
AP-0000658,llm,,TX-0019-24934,REDWOOD SYSTEMS LLC,INV-0019-000658,2025-12-08,2026-02-06,PO-251194,CAD,9773.83,488.69,10262.52,60.0,False,V-0019,B,False,Email,2025-12-12 21:30:23.856,V-0019,tax_id,PO251194,V-0019,27979.93,CAD,0,0,0,0,0,0,0,0,0,,0,,0,Auto-approve,Claude (LLM),0.32990955296755586,9773.83,3025.0,401.0
AP-0003598,edi,,TX-0083-82789,Pioneer Services Group,INV-0083-003598,2025-12-07,2025-12-22,PO-250921,USD,9125.02,752.81,9877.83,15.0,False,V-0083,B,False,EDI,2025-12-12 21:42:40.784,V-0083,tax_id,PO250921,V-0083,68157.21,USD,0,0,0,0,0,0,0,0,0,,0,,0,Auto-approve,Claude (LLM),0.3005927517523807,,,
AP-0003815,llm,,TX-0058-42609,Brightpath Logistics Incorporated,INV-0058-003815,2025-12-09,2026-01-23,PO251740,GBP,14785.9,2957.18,17743.08,45.0,False,V-0058,E,False,Supplier portal,2025-12-12 22:18:11.304,V-0058,tax_id,PO251740,V-0058,47434.11,GBP,0,0,0,0,0,0,0,0,0,,0,,0,Auto-approve,Claude (LLM),0.37697957382245656,14785.9,2983.0,339.0
AP-0003458,llm,,TX-0010-16923,COPPERFIELD LOGISTICS LTD.,INV-0010-003458,2025-12-08,2026-01-07,PO-250059,CAD,21821.16,1091.06,22912.22,30.0,False,V-0010,B,False,Supplier portal,2025-12-12 22:58:33.759,V-0010,tax_id,PO250059,V-0010,270612.17,CAD,0,0,0,0,0,0,0,0,0,,0,,0,Auto-approve,Claude (LLM),0.3495724050797977,21821.16,2987.0,339.0
AP-0004857,llm,,TX-0041-11074,Juniper Advisors Ltd.,INV-0041-004857,2025-12-12,2026-01-26,PO252012,USD,29307.28,2417.85,31725.13,45.0,False,V-0041,E,True,Email,2025-12-12 23:49:45.934,V-0041,tax_id,PO252012,V-0041,21182.47,USD,0,0,0,0,1,0,0,0,0,,0,Invoice Over PO,1,Exception review,Claude (LLM),0.630675540370898,29307.28,2780.0,378.0
AP-0001655,llm,,TX-0076-41538,Summit Systems LLC,INV-0076-001655,2025-12-10,2026-02-08,,EUR,7370.62,1547.83,8918.45,60.0,False,V-0076,D,True,Email,2025-12-13 01:32:14.541,V-0076,tax_id,,,,,1,0,0,0,0,0,0,0,0,,0,Missing PO,1,Exception review,Claude (LLM),0.6292562862810865,7370.62,2736.0,366.0
AP-0000170,edi,,TX-0052-68137,Evergreen Consulting LLC,INV-0052-000170,2025-12-11,2026-01-10,PO-252372,USD,28635.34,0.0,28635.34,30.0,False,V-0052,A,False,EDI,2025-12-13 01:41:23.622,V-0052,tax_id,PO252372,V-0052,80328.95,USD,0,0,0,0,0,0,0,0,0,,0,,0,Auto-approve,Claude (LLM),0.3404254672524958,,,
AP-0002212,edi,,TX-0100-21510,Summit Logistics Inc.,INV-0100-002212,2025-12-09,2026-01-08,PO-250672,USD,32844.83,0.0,32844.83,30.0,False,V-0100,E,False,EDI,2025-12-13 01:45:37.587,V-0100,tax_id,PO250672,V-0100,100386.21,USD,0,0,0,0,0,0,0,0,0,,0,,0,Auto-approve,Claude (LLM),0.33132038725287355,,,
AP-0000413,llm,,TX-0010-16923,COPPERFIELD LOGISTICS LTD.,INV-0010-004413,2025-12-11,2026-02-09,PO-250985,CAD,53812.85,2690.64,56503.49,60.0,False,V-0010,B,True,Email,2025-12-13 03:26:51.062,V-0010,tax_id,PO250985,V-0010,227188.44,CAD,0,0,0,0,0,1,0,0,0,,0,Payment Terms Mismatch,1,Exception review,Claude (LLM),0.6426746713126087,53812.85,2780.0,339.0
AP-0001938,llm,,TX-0135-50499,STONEBRIDGE SYSTEMS LLC,INV-0135-001938,2025-12-10,2026-01-24,PO-250106,USD,19906.04,1642.25,21548.29,45.0,False,V-0135,B,True,Email,2025-12-13 03:36:39.755,V-0135,tax_id,PO250106,V-0135,100109.88,USD,0,0,0,0,0,1,0,0,0,,0,Payment Terms Mismatch,1,Exception review,Claude (LLM),0.6392752795431806,19906.04,2780.0,402.0
AP-0004996,llm,,TX-0115-48708,Ironwood Services Group,INV-0115-004996,2025-12-08,2025-12-23,PO-251686,EUR,21431.84,4500.69,25932.53,15.0,False,V-0115,D,False,Supplier portal,2025-12-13 03:57:00.443,V-0115,tax_id,PO251686,V-0115,164573.75,EUR,0,0,0,0,0,0,0,0,0,,0,,0,Auto-approve,Claude (LLM),0.33662006762621277,21431.84,2983.0,355.0
AP-0002209,edi,,TX-0104-57614,Oakmont Operations Group,INV-0104-002209,2025-12-09,2025-12-24,PO-250984,USD,399.04,0.0,399.04,15.0,False,V-0104,C,False,EDI,2025-12-13 04:29:03.954,V-0104,tax_id,PO250984,V-0104,7790.76,USD,0,0,0,0,0,0,0,0,0,,0,,0,Auto-approve,Claude (LLM),0.33664532216543724,,,
AP-0002322,llm,,VAT TX-0113-54591,Stonebridge Logistics Inc.,INV-0113-002322,2025-12-10,2026-01-24,PO-250356,EUR,2068.91,434.47,2503.38,45.0,False,V-0113,D,False,Supplier portal,2025-12-13 06:06:23.232,V-0113,tax_id,PO250356,V-0113,9193.2,EUR,0,0,0,0,0,0,0,0,0,,0,,0,Auto-approve,Claude (LLM),0.3606346878249398,2068.91,2986.0,373.0
AP-0004803,llm,,TX-0053-42836,Oakmont Supply Group,INV-0053-004803,2025-12-13,2026-01-12,PO-250248,SGD,27711.93,2494.07,30206.0,30.0,False,V-0053,C,False,Supplier portal,2025-12-13 06:31:58.509,V-0053,tax_id,PO250248,V-0053,121543.14,SGD,0,0,0,0,0,0,0,0,0,,0,,0,Auto-approve,Claude (LLM),0.31829600688015186,27711.93,2963.0,347.0
AP-0000990,llm,,TX-0058-42609,Brightpath Logistics Incorporated,INV-0058-000990,2025-12-08,2026-01-22,PO251740,GBP,54016.71,10803.34,64820.05,45.0,False,V-0058,E,False,Email,2025-12-13 07:41:27.088,V-0058,tax_id,PO251740,V-0058,47434.11,GBP,0,0,0,0,1,0,0,0,0,,0,Invoice Over PO,1,Exception review,Claude (LLM),0.6820495527988709,54016.71,3005.0,376.0
AP-0002495,edi,,TX-0004-83750,Harbor Networks Ltd.,INV-0004-002495,2025-12-09,2026-01-08,PO-251746,USD,8253.08,680.88,8933.96,30.0,False,V-0004,E,False,EDI,2025-12-13 10:15:42.425,V-0004,tax_id,PO251746,V-0004,46934.62,USD,0,0,0,0,0,0,0,0,0,,0,,0,Auto-approve,Claude (LLM),0.32337915902942554,,,
AP-0004298,llm,,TX-0081-73770,Silverline Supply Group,INV-0081-004298,2025-12-13,2026-01-12,PO-251876,USD,2797.48,,2797.48,30.0,False,V-0081,C,False,Supplier portal,2025-12-13 10:46:59.095,V-0081,tax_id,PO251876,V-0081,13131.13,USD,0,0,0,0,0,0,0,0,0,,0,,0,Auto-approve,Claude (LLM),0.3244292036150948,2797.48,2968.0,348.0
AP-0003108,llm,,TX-0052-68137,Evergreen Consulting LLC,INV-0052-003108,2025-12-13,2026-01-12,PO-250759,USD,887.43,,887.43,30.0,False,V-0052,A,False,Supplier portal,2025-12-13 11:05:18.900,V-0052,tax_id,PO250759,V-0052,3963.85,USD,0,0,0,0,0,0,0,0,0,,0,,0,Auto-approve,Claude (LLM),0.3338061856941936,887.43,2979.0,350.0
AP-0003187,llm,,TX-0043-75924,Crescent Analytics Grp,INV-0043-003187,2025-12-08,2026-02-06,PO250227,USD,2021.9,,2021.9,60.0,False,V-0043,E,False,Supplier portal,2025-12-13 12:06:34.155,V-0043,tax_id,PO250227,V-0043,6705.9,USD,0,0,0,0,0,0,0,0,0,,0,,0,Auto-approve,Claude (LLM),0.34638239630430984,2021.9,2992.0,354.0
AP-0000830,llm,,TX-0061-83099,"Copperfield Services, Inc.",INV-0061-000830,2025-12-08,2026-01-07,PO-251480,USD,13940.26,,13940.26,30.0,False,V-0061,C,False,Supplier portal,2025-12-13 12:14:26.662,V-0061,tax_id,PO251480,V-0061,118328.65,USD,0,0,0,0,0,0,0,0,1,,0,Duplicate Invoice,1,Exception review,Claude (LLM),0.5900946628819153,13940.260000000002,3006.0,382.0
AP-0004319,edi,,TX-0077-86128,Cobalt Operations LLC,INV-0077-004319,2025-12-12,2026-01-11,PO-250108,USD,42704.3,0.0,42704.3,30.0,False,V-0077,B,False,EDI,2025-12-13 12:48:53.994,V-0077,tax_id,PO250108,V-0077,255775.11,USD,0,0,0,0,0,0,0,0,0,,0,,0,Auto-approve,Claude (LLM),0.28041802121304227,,,
AP-0002066,llm,,TX-0054-19609,Crescent Logistics LLC,INV-0054-002066,2025-12-12,2026-01-11,PO-252181,USD,1773.23,146.29,1919.52,30.0,False,V-0054,A,False,Supplier portal,2025-12-13 13:19:01.145,V-0054,tax_id,PO252181,V-0054,13682.76,USD,0,0,0,0,0,0,0,0,0,,0,,0,Auto-approve,Claude (LLM),0.3072389705988646,1773.23,2998.0,358.0
AP-0004839,llm,,TX-0027-23409,HARBOR DIGITAL LLC,INV-0027-004839,2025-12-13,2026-01-12,PO-251884,USD,2964.21,,2964.21,30.0,False,V-0027,B,True,Email,2025-12-13 13:19:33.723,V-0027,tax_id,PO251884,V-0027,22242.15,USD,0,0,0,0,0,0,1,0,0,,0,Inactive Vendor,1,Exception review,Claude (LLM),0.6075024998273351,2964.21,2736.0,355.0
AP-0002401,llm,,TX-0005-88178,Atlas Resources Inc.,INV-0005-002401,2025-12-09,2026-01-08,PO-250053,USD,165819.11,,165819.11,30.0,False,V-0005,A,False,Supplier portal,2025-12-13 13:20:40.848,V-0005,tax_id,PO250053,V-0005,112102.34,USD,0,0,0,0,1,0,0,0,0,,0,Invoice Over PO,1,Exception review,Claude (LLM),0.6762217899186366,165819.11,2989.0,332.0
AP-0001425,edi,,TX-0115-48708,Ironwood Services Group,INV-0115-001425,2025-12-11,2025-12-26,PO-250093,EUR,25189.45,5289.79,30479.24,15.0,False,V-0115,D,False,EDI,2025-12-13 16:41:22.051,V-0115,tax_id,PO250093,V-0115,88867.24,EUR,0,0,0,0,0,0,0,0,0,,0,,0,Auto-approve,Claude (LLM),0.3299062593683069,,,
AP-0003337,edi,,TX-0064-39165,Summit Consulting Inc.,INV-0064-003337,2025-12-08,2026-01-07,PO-250926,CAD,15724.02,786.2,16510.22,30.0,False,V-0064,B,False,EDI,2025-12-13 17:40:03.633,V-0064,tax_id,PO250926,V-0064,65101.9,CAD,0,0,0,0,0,0,0,0,0,,0,,0,Auto-approve,Claude (LLM),0.327085522852123,,,
AP-0003634,edi,,TX-0115-48708,Ironwood Services Group,INV-0115-003634,2025-12-10,2026-01-09,PO-X003634,EUR,13832.44,2904.81,16737.25,30.0,False,V-0115,D,False,EDI,2025-12-13 17:44:51.288,V-0115,tax_id,POX003634,,,,0,1,0,0,0,1,0,0,0,,0,Invalid PO; Payment Terms Mismatch,2,Exception review,Claude (LLM),0.7263471828480809,,,
AP-0002151,llm,,TX-0027-23409,HARBOR DIGITAL LLC,INV-0027-002151,2025-12-11,2026-01-10,PO-251884,USD,6482.64,,6482.64,30.0,False,V-0027,B,False,Email,2025-12-13 18:49:46.256,V-0027,tax_id,PO251884,V-0027,22242.15,USD,0,0,0,0,0,0,1,0,0,,0,Inactive Vendor,1,Exception review,Claude (LLM),0.6081047258235397,6482.639999999999,3008.0,380.0
AP-0001484,llm,,TX-0081-73770,Silverline Supply Group,INV-0081-001484,2025-12-11,2026-01-10,PO-250880,USD,3135.6,,3135.6,30.0,False,V-0081,C,False,Supplier portal,2025-12-13 21:03:53.270,V-0081,tax_id,PO250880,V-0081,11735.76,USD,0,0,0,0,0,0,0,0,0,,0,,0,Auto-approve,Claude (LLM),0.3148819035376741,3135.6,2990.0,401.0
AP-0001842,llm,,TX-0127-49996,Ironwood Solutions Inc.,INV-0127-001842,2025-12-08,2026-01-22,PO-250211,USD,28711.66,2368.71,31080.37,45.0,False,V-0127,A,False,Supplier portal,2025-12-13 23:03:17.106,V-0127,tax_id,PO250211,V-0127,120919.47,USD,0,0,0,0,0,0,0,0,0,,0,,0,Auto-approve,Claude (LLM),0.3510041662443887,28711.66,3011.0,377.0
AP-0003353,llm,,TX-0140-96185,"Blue Ridge Operations, Inc.",INV-0140-003353,2025-12-08,2026-01-07,PO-251522,USD,8945.5,,8945.5,30.0,False,V-0140,C,False,Email,2025-12-13 23:40:08.705,V-0140,tax_id,PO251522,V-0140,44643.55,USD,0,0,0,0,0,0,0,0,0,,0,,0,Auto-approve,Claude (LLM),0.3094272347433606,8945.5,2998.0,431.0
AP-0001880,edi,,TX-0041-11074,Juniper Advisors Ltd.,INV-0041-001880,2025-12-12,2026-01-26,PO-252012,USD,1288.31,106.29,1394.6,45.0,False,V-0041,E,False,EDI,2025-12-14 02:00:00.033,V-0041,tax_id,PO252012,V-0041,21182.47,USD,0,0,0,0,0,0,0,0,0,,0,,0,Auto-approve,Claude (LLM),0.33882754745972615,,,
AP-0001683,llm,,TX-0118-10046,"Stonebridge Logistics, Ltd.",INV-0118-001683,2025-12-10,2026-01-09,PO-250721,USD,3918.44,323.27,4241.71,30.0,False,V-0118,C,False,Supplier portal,2025-12-14 02:40:14.991,V-0118,tax_id,PO250721,V-0118,17404.81,USD,0,0,0,0,0,0,0,0,0,,0,,0,Auto-approve,Claude (LLM),0.27906764542547485,3918.44,2991.0,375.0
AP-0004678,llm,,TX-0059-74622,Pioneer Solutions Group,INV-0059-004678,2025-12-12,2026-01-26,PO-251823,USD,58928.3,4861.59,63789.89,45.0,False,V-0059,A,False,Supplier portal,2025-12-14 03:02:36.757,V-0059,tax_id,PO251823,V-0059,54564.55,USD,0,0,0,0,1,0,1,0,0,,0,Invoice Over PO; Inactive Vendor,2,Exception review,Claude (LLM),0.7093078508329103,58928.3,3040.0,396.0
AP-0001383,llm,,TX-0088-45873,Atlas Systems Group,INV-0088-001383,2025-12-14,2026-01-13,PO-252045,USD,1895.08,,1895.08,30.0,False,V-0088,A,False,Supplier portal,2025-12-14 03:51:19.273,V-0088,tax_id,PO252045,V-0088,20338.8,USD,0,0,0,0,0,0,0,0,0,,0,,0,Auto-approve,Claude (LLM),0.3092645058805591,1895.08,2993.0,373.0
AP-0000131,edi,,TX-0011-62098,Oakmont Solutions LLC,INV-0011-000131,2025-12-10,2026-01-09,PO-250084,USD,4925.74,0.0,4925.74,30.0,False,V-0011,B,False,EDI,2025-12-14 04:23:40.290,V-0011,tax_id,PO250084,V-0011,24636.98,USD,0,0,0,0,0,0,0,0,0,,0,,0,Auto-approve,Claude (LLM),0.3032234449424234,,,
AP-0003246,llm,,TX-0050-69493,Ironwood Services Ltd.,INV-0050-003246,2025-12-14,2026-01-28,PO-250070,USD,12941.3,,12941.3,45.0,False,V-0050,A,False,Supplier portal,2025-12-14 05:09:03.823,V-0050,tax_id,PO250070,V-0050,70447.52,USD,0,0,0,0,0,1,0,0,0,,0,Payment Terms Mismatch,1,Exception review,Claude (LLM),0.6361907421387492,12941.3,2971.0,315.0
AP-0004810,llm,,TX-0078-49721,"Crescent Networks, Ltd.",INV-0078-004810,2025-12-10,2026-01-09,PO-252348,USD,9527.59,,9527.59,30.0,False,V-0078,C,False,Supplier portal,2025-12-14 05:58:07.745,V-0078,tax_id,PO252348,V-0078,51234.68,USD,0,0,0,0,0,0,0,0,0,,0,,0,Auto-approve,Claude (LLM),0.30880388235386325,9527.59,2957.0,330.0
AP-0004427,llm,,VAT TX-0003-12255,Cobalt Technologies Group,INV-0003-004427,2025-12-13,2026-01-12,PO-251087,EUR,39497.33,8294.44,47791.77,30.0,False,V-0003,D,False,Supplier portal,2025-12-14 05:58:12.489,V-0003,tax_id,PO251087,V-0003,578588.94,EUR,0,0,0,0,0,0,0,0,0,,0,,0,Auto-approve,Claude (LLM),0.3476287324357903,39497.33,2984.0,372.0
AP-0002442,llm,,TX-0127-49996,Ironwood Solutions Inc.,INV-0127-002442,2025-12-12,2026-01-26,PO-251566,USD,1958.51,161.58,2120.09,45.0,False,V-0127,A,False,Supplier portal,2025-12-14 07:46:52.563,V-0127,tax_id,PO251566,V-0127,23881.39,USD,0,0,0,0,0,0,0,0,0,,0,,0,Auto-approve,Claude (LLM),0.3403789821666066,1958.51,3016.0,400.0
AP-0000067,llm,,TX-0002-28786,"Cobalt Services, LLC",INV-0002-000067,2025-12-13,2025-12-28,PO-252098,INR,3692.19,664.59,4356.78,15.0,False,V-0002,C,True,Email,2025-12-14 08:00:45.127,V-0002,tax_id,PO252098,V-0002,21585.09,INR,0,0,0,0,0,0,1,0,0,,0,Inactive Vendor,1,Exception review,Claude (LLM),0.7016259049232382,3692.19,2780.0,346.0
AP-0000139,llm,,TX-0113-54591,Stonebridge Logistics Inc.,INV-0113-000139,2025-12-11,2025-12-26,PO-250700,EUR,6701.06,1407.22,8108.28,15.0,False,V-0113,D,False,Email,2025-12-14 08:47:20.845,V-0113,tax_id,PO250700,V-0113,25429.51,EUR,0,0,0,0,0,1,0,0,0,,0,Payment Terms Mismatch,1,Exception review,Claude (LLM),0.633827483723791,6701.06,2973.0,336.0
AP-0000936,llm,,TX-0081-73770,Silverline Supply Group,INV-0081-000936,2025-12-13,2026-01-12,PO-251876,USD,4697.77,,4697.77,30.0,False,V-0081,C,True,Email,2025-12-14 08:48:20.999,V-0081,tax_id,PO251876,V-0081,13131.13,USD,0,0,0,0,0,0,0,0,0,,0,,0,Auto-approve,Claude (LLM),0.330283420355935,4697.77,2780.0,352.0
AP-0003433,llm,,TX-0050-69493,Ironwood Services Ltd.,INV-0050-003433,2025-12-09,2026-01-08,PO-251499,USD,4908.73,,4908.73,30.0,False,V-0050,A,False,Supplier portal,2025-12-14 08:55:49.471,V-0050,tax_id,PO251499,V-0050,44048.62,USD,0,0,0,0,0,0,0,0,0,,0,,0,Auto-approve,Claude (LLM),0.30672756630315967,4908.73,2993.0,369.0
AP-0002567,llm,,VAT TX-0049-19644,Harbor Resources LLC,INV-0049-002567,2025-12-14,2026-01-13,PO-250431,EUR,2073.63,435.46,2509.09,30.0,False,V-0049,D,False,Supplier portal,2025-12-14 11:52:04.392,V-0049,tax_id,PO250431,V-0049,13950.89,EUR,0,0,0,0,0,0,0,0,0,,0,,0,Auto-approve,Claude (LLM),0.33043769137875156,2073.63,2999.0,390.0
AP-0000783,llm,,TX-0085-56800,SILVERLINE ANALYTICS INC.,INV-0085-000783,2025-12-12,2026-01-11,PO-250478,USD,2855.39,0.0,2855.39,30.0,False,V-0085,B,False,Supplier portal,2025-12-14 13:32:45.758,V-0085,tax_id,PO250478,V-0085,10623.3,USD,0,0,0,0,0,0,0,0,0,,0,,0,Auto-approve,Claude (LLM),0.3280352050607087,2855.39,2969.0,334.0
AP-0003752,llm,,TX-0086-70653,LIGHTHOUSE TECHNOLOGIES LLC,INV-0086-003752,2025-12-12,2026-01-26,PO-252025,USD,1696.99,140.0,1836.99,45.0,False,V-0086,B,True,Email,2025-12-14 15:59:25.307,V-0086,tax_id,PO252025,V-0086,5714.78,USD,0,0,0,0,0,0,0,0,0,,0,,0,Auto-approve,Claude (LLM),0.3404890695600545,1696.9900000000002,2780.0,372.0
AP-0003937,llm,,TX-0064-39165,SUMMIT CONSULTING INC.,INV-0064-003937,2025-12-10,2026-01-09,PO-252071,USD,1178.44,97.22,1275.66,30.0,False,V-0064,B,True,Email,2025-12-14 17:07:54.610,V-0064,tax_id,PO252071,V-0064,17560.43,CAD,0,0,0,1,0,0,0,0,0,,0,Currency Mismatch,1,Exception review,Claude (LLM),0.5767218949254613,1178.44,2780.0,373.0
AP-0002513,llm,,TX-0109-51449,Blue Ridge Analytics LLC,INV-0109-002513,2025-12-09,2026-01-08,PO-251004,USD,5123.87,,5123.87,30.0,False,V-0109,A,False,Supplier portal,2025-12-14 19:38:20.418,V-0109,tax_id,PO251004,V-0109,20008.18,USD,0,0,0,0,0,0,0,0,0,,0,,0,Auto-approve,Claude (LLM),0.33825594115639107,5123.87,2966.0,314.0
AP-0000270,llm,,TX-0090-82710,COPPERFIELD ADVISORS LTD.,INV-0090-000270,2025-12-10,2026-01-24,PO-252340,USD,982.22,,982.22,45.0,False,V-0090,B,False,Supplier portal,2025-12-14 20:55:12.888,V-0090,tax_id,PO252340,V-0090,8443.49,USD,0,0,0,0,0,0,0,0,0,,0,,0,Auto-approve,Claude (LLM),0.3507920598968973,982.22,2996.0,377.0
AP-0001788,llm,,TX-0052-68137,Evergreen Consulting LLC,INV-0052-001788,2025-12-13,2026-01-12,PO-252330,USD,1085.8,,1085.8,30.0,False,V-0052,A,True,Email,2025-12-14 22:28:27.811,V-0052,tax_id,PO252330,V-0052,21396.95,USD,0,0,0,0,0,0,0,0,0,,0,,0,Auto-approve,Claude (LLM),0.33921762607304545,1085.8,2780.0,395.0
AP-0001948,llm,,TX-0047-37316,Stonebridge Advisors Group,INV-0047-001948,2025-12-10,2026-01-09,PO-250201,EUR,6326.47,1328.56,7655.03,30.0,False,V-0047,D,False,Supplier portal,2025-12-14 22:31:10.416,V-0047,tax_id,PO250201,V-0047,48510.65,EUR,0,0,0,0,0,0,0,0,0,,0,,0,Auto-approve,Claude (LLM),0.3238837450206409,6326.469999999999,2985.0,373.0
AP-0001597,llm,,TX-0063-67062,Copperfield Systems Incorporated,INV-0063-001597,2025-12-09,2026-01-08,PO251793,USD,4742.38,391.25,5133.63,30.0,False,V-0063,E,False,Email,2025-12-14 22:40:03.713,V-0063,tax_id,PO251793,V-0063,17914.26,USD,0,0,0,0,0,0,0,0,0,,0,,0,Auto-approve,Claude (LLM),0.31297990828031635,4742.38,3038.0,427.0
AP-0000102,llm,,TX-0029-56211,"Crescent Technologies, LLC",INV-0029-000102,2025-12-12,2025-12-27,PO-252327,USD,1500.07,123.76,1623.83,15.0,False,V-0029,C,False,Supplier portal,2025-12-14 23:12:11.053,V-0029,tax_id,PO252327,V-0029,18924.89,USD,0,0,0,0,0,0,0,0,0,,0,,0,Auto-approve,Claude (LLM),0.3158149003899629,1500.07,2990.0,391.0
AP-0003169,llm,,TX-0014-36758,Summit Logistics Grp,INV-0014-003169,2025-12-12,2026-01-11,PO252061,USD,2354.97,,2354.97,30.0,False,V-0014,E,False,Supplier portal,2025-12-15 00:50:37.622,V-0014,tax_id,PO252061,V-0014,26506.62,USD,0,0,0,0,0,0,0,0,0,,0,,0,Auto-approve,Claude (LLM),0.29803066359999525,2354.9700000000003,2989.0,332.0
AP-0000612,llm,,TX-0118-10046,"Stonebridge Logistics, Ltd.",INV-0118-000612,2025-12-13,2026-01-12,PO-252179,USD,12960.18,1069.22,14029.4,30.0,False,V-0118,C,False,Supplier portal,2025-12-15 02:59:00.427,V-0118,tax_id,PO252179,V-0118,265403.09,USD,0,0,0,0,0,0,0,0,0,,0,,0,Auto-approve,Claude (LLM),0.3139354581560559,12960.18,2970.0,338.0
AP-0002038,llm,,TX-0097-36111,Clearview Analytics Ltd.,INV-0097-002038,2025-12-13,2026-01-27,PO-252078,GBP,2983.77,596.75,3580.52,45.0,False,V-0097,A,False,Supplier portal,2025-12-15 03:13:36.673,V-0097,tax_id,PO252078,V-0097,41408.57,GBP,0,0,0,0,0,0,0,0,0,,0,,0,Auto-approve,Claude (LLM),0.39801415398292134,2983.77,3001.0,338.0
AP-0004794,llm,,TX-0094-30896,Copperfield Systems Group,INV-0094-004794,2025-12-11,2025-12-26,PO-251227,INR,30710.22,5527.84,36238.06,15.0,False,V-0094,A,False,Supplier portal,2025-12-15 04:28:57.693,V-0094,tax_id,PO251227,V-0094,181964.91,INR,0,0,0,0,0,1,0,0,0,,0,Payment Terms Mismatch,1,Exception review,Claude (LLM),0.6219593131876017,30710.22,2995.0,339.0
AP-0001026,llm,,TX-0010-16923,COPPERFIELD LOGISTICS LTD.,INV-0010-001026,2025-12-11,2026-01-10,PO-250999,CAD,190974.3,9548.71,200523.01,30.0,False,V-0010,B,False,Supplier portal,2025-12-15 04:36:00.345,V-0010,tax_id,PO250999,V-0010,604164.43,CAD,0,0,0,0,0,0,0,0,0,,0,,0,Auto-approve,Claude (LLM),0.4183936599473037,190974.3,2987.0,339.0
AP-0004611,llm,,TX-0083-82789,PIONEER SERVICES GROUP,INV-0083-004611,2025-12-14,2025-12-29,PO-251158,USD,55924.65,4613.78,60538.43,15.0,False,V-0083,B,False,Supplier portal,2025-12-15 06:43:23.250,V-0083,tax_id,PO251158,V-0083,178543.95,USD,0,0,0,0,0,0,0,0,0,,0,,0,Auto-approve,Claude (LLM),0.36205759020875716,55924.65,2978.0,338.0
AP-0003070,llm,,TX-0114-88629,Beacon Logistics Group,INV-0114-003070,2025-12-14,2026-01-13,PO-251650,USD,21481.45,1772.22,23253.67,30.0,False,V-0114,A,False,Supplier portal,2025-12-15 07:11:19.283,V-0114,tax_id,PO251650,V-0114,82848.7,USD,0,0,0,0,0,0,0,0,0,,0,,0,Auto-approve,Claude (LLM),0.3040493024538615,21481.45,3049.0,401.0
AP-0001541,llm,,TX-0014-36758,Summit Logistics Grp,INV-0014-001541,2025-12-15,2026-01-14,PO252100,USD,,,1657.32,30.0,False,V-0014,E,True,Email,2025-12-15 09:01:58.629,V-0014,tax_id,PO252100,V-0014,20442.54,USD,0,0,0,0,0,0,0,0,0,,0,,0,Auto-approve,Claude (LLM),0.30196479699810347,1657.32,2780.0,274.0
AP-0002569,llm,,TX-0054-19609,Crescent Logistics LLC,INV-0054-002569,2025-12-11,2026-01-10,PO-250974,USD,2582.94,213.09,2796.03,30.0,False,V-0054,A,False,Supplier portal,2025-12-15 10:06:35.018,V-0054,tax_id,PO250974,V-0054,37636.46,USD,0,0,0,0,0,0,0,0,0,,0,,0,Auto-approve,Claude (LLM),0.3128314707946444,2582.94,2983.0,336.0
AP-0004471,llm,,TX-0053-42836,Oakmont Supply Group,INV-0053-004471,2025-12-10,2026-01-09,PO-250951,SGD,20222.12,1819.99,22042.11,30.0,False,V-0053,C,False,Supplier portal,2025-12-15 11:36:08.541,V-0053,tax_id,PO250951,V-0053,73648.91,SGD,0,0,0,0,0,0,0,0,0,,0,,0,Auto-approve,Claude (LLM),0.3408875484433713,20222.12,2988.0,372.0
AP-0002820,llm,,TX-0067-45894,BEACON OPERATIONS LTD.,INV-0067-002820,2025-12-13,2026-01-12,PO-250806,USD,16567.28,,16567.28,30.0,False,V-0067,B,False,Email,2025-12-15 11:45:07.974,V-0067,tax_id,PO250806,V-0067,56530.36,USD,0,0,0,0,0,0,0,0,0,,0,,0,Auto-approve,Claude (LLM),0.3064854435734024,16567.28,2967.0,318.0
AP-0000018,llm,,TX-0054-19609,Crescent Logistics LLC,INV-0054-000018,2025-12-11,2026-01-10,,USD,7052.73,581.85,7634.58,30.0,False,V-0054,A,True,Email,2025-12-15 12:39:19.750,V-0054,tax_id,,,,,1,0,0,0,0,0,0,0,0,,0,Missing PO,1,Exception review,Claude (LLM),0.6577384576699817,7052.73,2780.0,331.0
AP-0000746,llm,,TX-0102-39905,Blue Ridge Analytics Inc.,INV-0102-000746,2025-12-11,2025-12-26,,EUR,4478.8,940.55,5419.35,15.0,False,V-0102,D,False,Supplier portal,2025-12-15 15:26:16.183,V-0102,tax_id,,,,,1,0,0,0,0,0,0,0,0,,0,Missing PO,1,Exception review,Claude (LLM),0.6789678945408975,4478.8,2993.0,396.0
AP-0000328,llm,,TX-0034-94278,BEACON SOLUTIONS INC.,INV-0034-000328,2025-12-14,2026-01-13,PO-250491,USD,11930.52,,11930.52,30.0,False,V-0034,B,True,Email,2025-12-15 15:44:53.853,V-0034,tax_id,PO250491,V-0034,45979.21,USD,0,0,0,0,0,0,0,0,0,,0,,0,Auto-approve,Claude (LLM),0.29924986085204336,11930.52,2780.0,316.0
AP-0003614,llm,,TX-0124-51957,Brightpath Systems Ltd.,INV-0124-003614,2025-12-15,2025-12-30,PO-250945,CAD,5853.7,292.69,6146.39,15.0,False,V-0124,A,False,Email,2025-12-15 16:45:43.875,V-0124,tax_id,PO250945,V-0124,28765.9,CAD,0,0,0,0,0,0,0,0,0,,0,,0,Auto-approve,Claude (LLM),0.3110946224581016,5853.7,2996.0,336.0
AP-0001035,llm,,TX-0104-57614,Oakmont Operations Group,INV-0104-001035,2025-12-13,2025-12-28,PO-250984,USD,750.75,,750.75,15.0,False,V-0104,C,False,Supplier portal,2025-12-15 16:46:32.318,V-0104,tax_id,PO250984,V-0104,7790.76,USD,0,0,0,0,0,0,0,0,0,,0,,0,Auto-approve,Claude (LLM),0.33054775982704976,750.75,2979.0,372.0
AP-0003450,edi,,TX-0017-46110,Cobalt Analytics Group,INV-0017-003450,2025-12-15,2026-01-29,,GBP,8324.23,1664.85,9989.08,45.0,False,V-0017,C,False,EDI,2025-12-15 17:37:32.005,V-0017,tax_id,,,,,1,0,0,0,0,0,0,1,0,,0,Missing PO; High-Risk Vendor,2,Exception review,Claude (LLM),0.7256175196979617,,,
AP-0000630,llm,,TX-0065-32403,"Stonebridge Networks, Inc.",INV-0065-000630,2025-12-14,2026-01-13,PO-251071,USD,10916.96,,10916.96,30.0,False,V-0065,C,False,Supplier portal,2025-12-15 19:20:40.178,V-0065,tax_id,PO251071,V-0065,199717.99,USD,0,0,0,0,0,0,0,0,0,,0,,0,Auto-approve,Claude (LLM),0.3107883753112874,10916.96,2959.0,347.0
AP-0000947,llm,,TX-0100-21510,Summit Logistics Incorporated,INV-0100-000947,2025-12-14,2026-01-13,PO250616,USD,8008.23,,8008.23,30.0,False,V-0100,E,False,Email,2025-12-15 21:26:10.051,V-0100,tax_id,PO250616,V-0100,97443.06,USD,0,0,0,0,0,0,0,0,0,,0,,0,Auto-approve,Claude (LLM),0.3179044337548006,8008.23,3013.0,359.0
AP-0000706,edi,,TX-0121-33255,Cobalt Systems Inc.,INV-0121-000706,2025-12-11,2026-02-09,PO-251869,USD,4186.62,0.0,4186.62,60.0,False,V-0121,E,False,EDI,2025-12-15 21:31:02.300,V-0121,tax_id,PO251869,V-0121,33644.76,USD,0,0,0,0,0,0,1,1,1,,0,Inactive Vendor; Duplicate Invoice; High-Risk Vendor,3,Exception review,Claude (LLM),0.7028667672466962,,,
AP-0004105,llm,,TX-0133-30576,Cobalt Partners Group,INV-0133-004105,2025-12-15,2026-01-29,PO-251685,USD,1295.86,,1295.86,45.0,False,V-0133,C,True,Email,2025-12-16 01:31:27.828,V-0133,tax_id,PO251685,V-0133,7298.47,USD,0,0,0,0,0,0,0,0,0,,0,,0,Auto-approve,Claude (LLM),0.366707816008717,1295.86,2780.0,385.0
AP-0001773,llm,,VAT TX-0138-43552,Atlas Partners Group,INV-0138-001773,2025-12-13,2026-01-12,PO-250890,EUR,5836.51,1225.67,7062.18,30.0,False,V-0138,D,False,Supplier portal,2025-12-16 01:33:59.214,V-0138,tax_id,PO250890,V-0138,62344.11,EUR,0,0,0,0,0,0,0,1,0,,0,High-Risk Vendor,1,Exception review,Claude (LLM),0.41053264467277084,5836.51,2982.0,370.0
AP-0000455,llm,,TX-0061-83099,"Copperfield Services, Inc.",INV-0061-000455,2025-12-11,2026-01-10,PO-250195,USD,16783.17,,16783.17,30.0,False,V-0061,C,False,Supplier portal,2025-12-16 02:27:00.859,V-0061,tax_id,PO250195,V-0061,51169.12,USD,0,0,0,0,0,0,0,0,0,,0,,0,Auto-approve,Claude (LLM),0.3339723214409297,16783.170000000002,2983.0,358.0
AP-0002457,llm,,TX-0113-54591,Stonebridge Logistics Inc.,INV-0113-002457,2025-12-16,2026-01-30,PO-250787,EUR,7538.36,1583.05,9121.41,45.0,False,V-0113,D,False,Supplier portal,2025-12-16 03:02:31.463,V-0113,tax_id,PO250787,V-0113,27735.59,EUR,0,0,0,0,0,0,0,0,0,,0,,0,Auto-approve,Claude (LLM),0.3539060868202608,7538.36,3005.0,398.0
AP-0004834,llm,,TX-0052-68137,Evergreen Consulting LLC,INV-0052-004834,2025-12-12,2026-02-10,PO-250434,USD,10063.05,,10063.05,60.0,False,V-0052,A,False,Email,2025-12-16 06:29:57.207,V-0052,tax_id,PO250434,V-0052,30257.62,USD,0,0,0,0,0,1,0,0,0,,0,Payment Terms Mismatch,1,Exception review,Claude (LLM),0.644035313878363,10063.05,3011.0,381.0
AP-0001647,llm,,TX-0063-67062,Copperfield Systems Incorporated,INV-0063-001647,2025-12-12,2026-01-11,PO251448,USD,2953.24,243.64,3196.88,30.0,False,V-0063,E,False,Supplier portal,2025-12-16 07:32:45.761,V-0063,tax_id,PO251448,V-0063,15766.81,USD,0,0,0,0,0,0,0,0,1,,0,Duplicate Invoice,1,Exception review,Claude (LLM),0.5509831703314128,2953.24,2999.0,373.0
AP-0000168,llm,,TX-0067-45894,BEACON OPERATIONS LTD.,INV-0067-000168,2025-12-16,2026-01-15,PO-251285,USD,30389.27,,30389.27,30.0,False,V-0067,B,False,Supplier portal,2025-12-16 07:45:13.387,V-0067,tax_id,PO251285,V-0067,339513.2,USD,0,0,0,0,0,0,0,0,0,,0,,0,Auto-approve,Claude (LLM),0.27414495291142604,30389.27,3009.0,383.0
AP-0003773,llm,,VAT TX-0138-43552,Atlas Partners Group,INV-0138-003773,2025-12-16,2026-01-15,PO-251126,EUR,7938.07,1666.99,9605.06,30.0,False,V-0138,D,False,Supplier portal,2025-12-16 08:13:20.444,V-0138,tax_id,PO251126,V-0138,45621.88,EUR,0,0,0,0,0,0,0,1,0,,0,High-Risk Vendor,1,Exception review,Claude (LLM),0.40144220072029285,7938.07,2964.0,334.0
AP-0001805,llm,,TX-0091-39995,SUMMIT RESOURCES LTD.,INV-0091-001805,2025-12-13,2026-02-11,PO-251369,SGD,20460.39,1841.43,22301.82,60.0,False,V-0091,B,True,Email,2025-12-16 08:42:35.815,V-0091,tax_id,PO251369,V-0091,76564.58,SGD,0,0,0,0,0,0,0,0,0,,0,,0,Auto-approve,Claude (LLM),0.38391180942182423,20460.39,2780.0,372.0
AP-0004772,llm,,TX-0062-17232,JUNIPER RESOURCES LTD.,INV-0062-004772,2025-12-12,2026-01-11,PO-251533,USD,25521.92,,25521.92,30.0,False,V-0062,B,False,Supplier portal,2025-12-16 10:04:24.701,V-0062,tax_id,PO251533,V-0062,261916.06,USD,0,0,0,0,0,0,0,0,0,,0,,0,Auto-approve,Claude (LLM),0.2994746148031038,25521.92,3008.0,381.0
AP-0001922,llm,,TX-0086-70653,LIGHTHOUSE TECHNOLOGIES LLC,INV-0086-001922,2025-12-14,2026-01-28,,USD,1263.82,104.27,1368.09,45.0,False,V-0086,B,False,Supplier portal,2025-12-16 10:14:14.513,V-0086,tax_id,,,,,1,0,0,0,0,0,0,0,0,,0,Missing PO,1,Exception review,Claude (LLM),0.6312786016253877,1263.82,2974.0,334.0
AP-0003147,llm,,TX-0052-68137,Evergreen Consulting LLC,INV-0052-003147,2025-12-14,2026-01-13,PO-252330,USD,1171.79,,1171.79,30.0,False,V-0052,A,False,Supplier portal,2025-12-16 10:34:47.680,V-0052,tax_id,PO252330,V-0052,21396.95,USD,0,0,0,0,0,0,0,0,0,,0,,0,Auto-approve,Claude (LLM),0.331094591330608,1171.79,2999.0,357.0
AP-0002618,llm,,TX-0034-94278,BEACON SOLUTIONS INC.,INV-0034-002618,2025-12-13,2026-01-12,PO-X002618,USD,16667.71,,16667.71,30.0,False,V-0034,B,False,Supplier portal,2025-12-16 10:50:05.005,V-0034,tax_id,POX002618,,,,0,1,0,0,0,0,0,0,0,,0,Invalid PO,1,Exception review,Claude (LLM),0.6629515971069236,16667.71,2968.0,317.0
AP-0001790,llm,,TX-0067-45894,BEACON OPERATIONS LTD.,INV-0067-001790,2025-12-12,2026-01-11,PO-251669,USD,2752.8,,2752.8,30.0,False,V-0067,B,False,Supplier portal,2025-12-16 11:29:01.633,V-0067,tax_id,PO251669,V-0067,17453.5,USD,0,0,0,0,0,0,0,0,0,,0,,0,Auto-approve,Claude (LLM),0.3064506429250322,2752.8,3001.0,381.0
AP-0001299,edi,,TX-0091-39995,Summit Resources Ltd.,INV-0091-000596,2025-12-13,2026-02-11,PO-251778,SGD,4437.32,399.36,4836.68,60.0,False,V-0091,B,False,EDI,2025-12-16 12:21:04.310,V-0091,tax_id,PO251778,V-0091,116906.9,SGD,0,0,0,0,0,0,0,0,1,,0,Duplicate Invoice,1,Exception review,Claude (LLM),0.5698459569545303,,,
AP-0004531,llm,,TX-0039-91527,Blue Ridge Networks Group,INV-0039-004531,2025-12-11,2026-01-25,PO-251414,USD,17973.56,,17973.56,45.0,False,V-0039,C,False,Email,2025-12-16 16:30:46.509,V-0039,tax_id,PO251414,V-0039,131663.15,USD,0,0,0,0,0,0,0,0,0,,0,,0,Auto-approve,Claude (LLM),0.31187604604273245,17973.559999999998,2996.0,428.0
AP-0003165,llm,,TX-0052-68137,Evergreen Consulting LLC,INV-0052-003165,2025-12-15,2026-01-14,PO-252330,USD,5950.23,,5950.23,30.0,False,V-0052,A,False,Email,2025-12-16 17:47:58.884,V-0052,tax_id,PO252330,V-0052,21396.95,USD,0,0,0,0,0,0,0,0,0,,0,,0,Auto-approve,Claude (LLM),0.340126180460758,5950.2300000000005,3008.0,381.0
AP-0001016,llm,,TX-0078-49721,"Crescent Networks, Ltd.",INV-0078-001016,2025-12-12,2026-01-11,PO-251655,USD,1702.34,,1702.34,30.0,False,V-0078,C,True,Email,2025-12-16 17:56:41.989,V-0078,tax_id,PO251655,V-0078,16435.04,USD,0,0,0,0,0,0,0,0,0,,0,,0,Auto-approve,Claude (LLM),0.3147868107321299,1702.34,2780.0,328.0
AP-0000252,llm,,TX-0087-76038,Atlas Digital Ltd.,INV-0087-000252,2025-12-14,2025-12-29,PO-250906,EUR,4939.57,1037.31,5976.88,15.0,False,V-0087,D,False,Email,2025-12-16 19:24:15.680,V-0087,tax_id,PO250906,V-0087,17514.72,EUR,0,0,0,0,0,1,0,0,0,,0,Payment Terms Mismatch,1,Exception review,Claude (LLM),0.6346007075148109,4939.57,2997.0,398.0
AP-0001689,llm,,TX-0073-32545,PIONEER PARTNERS LTD.,INV-0073-001689,2025-12-13,2026-01-12,PO-250617,USD,603045.04,,603045.04,30.0,False,V-0073,B,False,Supplier portal,2025-12-16 19:33:32.096,V-0073,tax_id,PO250617,V-0073,513414.94,USD,0,0,0,0,1,0,0,0,0,,0,Invoice Over PO,1,Exception review,Claude (LLM),0.7036219995899202,603045.04,2968.0,317.0
AP-0001040,llm,,TX-0082-48109,"Cobalt Partners, Ltd.",INV-0082-001040,2025-12-13,2025-12-28,PO-251388,USD,5332.46,439.93,5772.39,15.0,False,V-0082,C,False,Supplier portal,2025-12-16 20:20:32.698,V-0082,tax_id,PO251388,V-0082,18456.49,USD,0,0,0,0,0,0,0,0,0,,0,,0,Auto-approve,Claude (LLM),0.3153408429525211,5332.459999999999,3013.0,378.0
AP-0000374,llm,,TX-0011-62098,OAKMONT SOLUTIONS LLC,INV-0011-000374,2025-12-16,2026-01-15,PO-250715,USD,10593.73,,10593.73,30.0,False,V-0011,B,True,Email,2025-12-16 20:46:01.145,V-0011,tax_id,PO250715,V-0011,88280.23,USD,0,0,0,0,0,0,0,0,0,,0,,0,Auto-approve,Claude (LLM),0.3282530944806642,10593.73,2780.0,354.0
AP-0000266,llm,,TX-0037-24439,Redwood Supply LLC,INV-0037-000266,2025-12-14,2026-01-13,PO-250507,EUR,209.33,43.96,253.29,30.0,False,V-0037,D,True,Email,2025-12-17 00:27:26.634,V-0037,tax_id,PO250507,V-0037,5309.69,EUR,0,0,0,0,0,0,0,0,0,,0,,0,Auto-approve,Claude (LLM),0.33984505469831056,209.33,2780.0,332.0
AP-0001627,llm,,TX-0010-16923,COPPERFIELD LOGISTICS LTD.,INV-0010-001627,2025-12-13,2026-01-27,PO-X001627,CAD,1831.55,91.58,1923.13,45.0,False,V-0010,B,False,Email,2025-12-17 01:40:56.138,V-0010,tax_id,POX001627,,,,0,1,0,0,0,1,0,0,0,,0,Invalid PO; Payment Terms Mismatch,2,Exception review,Claude (LLM),0.7168624834352825,1831.55,2986.0,339.0
AP-0002428,edi,,TX-0107-50949,Silverline Advisors Inc.,INV-0107-002428,2025-12-14,2026-02-12,PO-252050,USD,8417.64,694.45,9112.09,60.0,False,V-0107,C,False,EDI,2025-12-17 01:50:16.376,V-0107,tax_id,PO252050,V-0107,33145.87,USD,0,0,0,0,0,0,0,0,0,,0,,0,Auto-approve,Claude (LLM),0.35231998218325833,,,
AP-0004270,llm,,TX-0109-51449,Blue Ridge Analytics LLC,INV-0109-004270,2025-12-13,2026-01-12,PO-251472,USD,15570.2,,15570.2,30.0,False,V-0109,A,False,Supplier portal,2025-12-17 03:36:39.706,V-0109,tax_id,PO251472,V-0109,42517.45,USD,0,0,0,0,0,0,0,0,0,,0,,0,Auto-approve,Claude (LLM),0.3353594030983306,15570.2,2972.0,319.0
AP-0002753,llm,,TX-0104-57614,Oakmont Operations Group,INV-0104-002753,2025-12-17,2026-01-01,PO-251974,USD,7828.16,,7828.16,15.0,False,V-0104,C,False,Supplier portal,2025-12-17 03:38:27.073,V-0104,tax_id,PO251974,V-0104,60929.9,USD,0,0,0,0,0,0,0,0,0,,0,,0,Auto-approve,Claude (LLM),0.3204606380795218,7828.16,2952.0,327.0
AP-0001629,llm,,TX-0058-42609,Brightpath Logistics Incorporated,INV-0058-001629,2025-12-17,2026-01-31,,GBP,16069.36,3213.87,19283.23,45.0,False,V-0058,E,True,Email,2025-12-17 05:14:47.383,V-0058,tax_id,,,,,1,0,0,0,0,0,0,0,0,,0,Missing PO,1,Exception review,Claude (LLM),0.6733443207061749,16069.36,2780.0,338.0
AP-0000667,llm,,TX-0127-49996,Ironwood Solutions Inc.,INV-0127-000667,2025-12-13,2026-01-27,PO-250211,USD,36258.04,2991.29,39249.33,45.0,False,V-0127,A,False,Email,2025-12-17 05:47:22.102,V-0127,tax_id,PO250211,V-0127,120919.47,USD,0,0,0,0,0,0,0,0,0,,0,,0,Auto-approve,Claude (LLM),0.3492504046269575,36258.04,2984.0,337.0
AP-0003312,edi,,TX-0117-90487,Atlas Consulting LLC,INV-0117-003312,2025-12-13,2026-01-12,PO-252193,CAD,5888.22,294.41,6182.63,30.0,False,V-0117,C,False,EDI,2025-12-17 05:52:55.521,V-0117,tax_id,PO252193,V-0117,123727.34,CAD,0,0,0,0,0,0,0,0,0,,0,,0,Auto-approve,Claude (LLM),0.3157756411714028,,,
AP-0003497,llm,,TX-0038-45747,"Beacon Analytics, Ltd.",INV-0038-003497,2025-12-16,2026-01-15,PO-251862,USD,5901.61,,5901.61,30.0,False,V-0038,C,False,Supplier portal,2025-12-17 06:49:06.713,V-0038,tax_id,PO251862,V-0038,77256.0,USD,0,0,0,0,0,0,0,0,0,,0,,0,Auto-approve,Claude (LLM),0.31669293763724793,5901.610000000001,2980.0,376.0
AP-0003162,llm,,TX-0140-96185,"Blue Ridge Operations, Inc.",INV-0140-003162,2025-12-17,2026-01-16,PO-251416,USD,37470.34,,37470.34,30.0,False,V-0140,C,False,Supplier portal,2025-12-17 07:20:04.716,V-0140,tax_id,PO251416,V-0140,125497.37,USD,0,0,0,0,0,0,0,0,0,,0,,0,Auto-approve,Claude (LLM),0.3043952594053436,37470.34,3001.0,414.0
AP-0000576,llm,,TX-0063-67062,Copperfield Systems Incorporated,INV-0063-000576,2025-12-12,2026-01-11,PO251793,USD,1163.89,96.02,1259.91,30.0,False,V-0063,E,False,Email,2025-12-17 07:40:46.229,V-0063,tax_id,PO251793,V-0063,17914.26,USD,0,0,0,0,0,0,0,0,0,,0,,0,Auto-approve,Claude (LLM),0.31343254710709445,1163.89,3033.0,426.0
AP-0000488,llm,,TX-0100-21510,Summit Logistics Incorporated,INV-0100-000488,2025-12-17,2026-01-16,PO250631,USD,9091.22,,9091.22,30.0,False,V-0100,E,False,Supplier portal,2025-12-17 09:30:14.581,V-0100,tax_id,PO250631,V-0100,40216.59,USD,0,0,0,0,0,0,0,0,0,,0,,0,Auto-approve,Claude (LLM),0.30832372465879015,9091.22,2968.0,297.0
AP-0003199,edi,,TX-0136-10386,Clearview Services Inc.,INV-0136-003199,2025-12-13,2026-01-27,PO-251340,SGD,5592.03,503.28,6095.31,45.0,False,V-0136,A,False,EDI,2025-12-17 10:25:54.468,V-0136,tax_id,PO251340,V-0136,48312.87,SGD,0,0,0,0,0,0,0,1,0,,0,High-Risk Vendor,1,Exception review,Claude (LLM),0.47350338390483754,,,
AP-0004222,llm,,TX-0094-30896,Copperfield Systems Group,INV-0094-004222,2025-12-17,2026-01-16,PO-251281,INR,2890.19,520.23,3410.42,30.0,False,V-0094,A,False,Supplier portal,2025-12-17 10:59:02.396,V-0094,tax_id,PO251281,V-0094,20239.23,INR,0,0,0,0,0,0,0,0,0,,0,,0,Auto-approve,Claude (LLM),0.3198563808275968,2890.19,3012.0,374.0
AP-0004572,llm,,TX-0136-10386,Clearview Services Inc.,INV-0136-004572,2025-12-15,2026-01-29,PO-250502,SGD,4232.47,380.92,4613.39,45.0,False,V-0136,A,False,Supplier portal,2025-12-17 11:30:11.740,V-0136,tax_id,PO250502,V-0136,20889.55,SGD,0,0,0,0,0,0,0,1,0,,0,High-Risk Vendor,1,Exception review,Claude (LLM),0.45793709580744546,4232.47,2988.0,334.0
AP-0004979,llm,,TX-0012-74674,Oakmont Technologies LLC,INV-0012-004979,2025-12-17,2026-01-16,PO-251517,USD,8546.04,,8546.04,30.0,False,V-0012,A,False,Supplier portal,2025-12-17 13:27:30.242,V-0012,tax_id,PO251517,V-0012,27617.96,USD,0,0,0,0,0,0,0,0,0,,0,,0,Auto-approve,Claude (LLM),0.3215229194141316,8546.04,2991.0,371.0
AP-0003280,llm,,TX-0073-32545,PIONEER PARTNERS LTD.,INV-0073-003280,2025-12-12,2026-01-11,PO-250551,USD,36444.4,,36444.4,30.0,False,V-0073,B,True,Email,2025-12-17 13:50:42.312,V-0073,tax_id,PO250551,V-0073,155895.9,USD,0,0,0,0,0,0,0,0,0,,0,,0,Auto-approve,Claude (LLM),0.3470788508047327,36444.4,2780.0,369.0
AP-0003424,llm,,TX-0118-10046,"Stonebridge Logistics, Ltd.",INV-0118-003424,2025-12-12,2026-01-11,PO-251761,USD,4900.09,404.26,5304.35,30.0,False,V-0118,C,True,Email,2025-12-17 15:06:20.855,V-0118,tax_id,PO251761,V-0118,14757.45,USD,0,0,0,0,0,0,0,0,0,,0,,0,Auto-approve,Claude (LLM),0.3147837013506397,4900.09,2780.0,438.0
AP-0002325,llm,,TX-0086-70653,LIGHTHOUSE TECHNOLOGIES LLC,INV-0086-002307,2025-12-17,2026-01-31,PO-252178,USD,3487.39,287.71,3775.1,45.0,False,V-0086,B,False,Supplier portal,2025-12-17 16:29:58.433,V-0086,tax_id,PO252178,V-0086,24300.92,USD,0,0,0,0,0,0,0,0,1,,0,Duplicate Invoice,1,Exception review,Claude (LLM),0.5596563471575523,3487.39,2976.0,336.0
AP-0002741,llm,,TX-0033-48829,Northstar Advisors LLC,INV-0033-002741,2025-12-14,2026-02-12,PO250742,USD,,,5523.84,60.0,False,V-0033,E,True,Email,2025-12-17 18:26:38.784,V-0033,tax_id,PO250742,V-0033,17000.43,USD,0,0,0,0,0,0,0,0,0,,0,,0,Auto-approve,Claude (LLM),0.3410644924964945,5523.84,2780.0,296.0
AP-0003189,llm,,TX-0096-18776,Copperfield Systems Group,INV-0096-003189,2025-12-14,2026-01-13,PO-252312,CAD,123134.25,6156.71,129290.96,30.0,True,V-0096,A,False,Email,2025-12-17 18:36:47.092,V-0096,tax_id,PO252312,V-0096,492828.54,CAD,0,0,0,0,0,0,0,0,0,,0,,0,Auto-approve,Claude (LLM),0.36441314083170906,123134.25,3001.0,338.0
AP-0000556,edi,,TX-0034-94278,Beacon Solutions Inc.,INV-0034-000556,2025-12-13,2026-01-12,PO-250530,USD,9803.62,0.0,9803.62,30.0,False,V-0034,B,False,EDI,2025-12-17 21:13:19.321,V-0034,tax_id,PO250530,V-0034,83977.29,USD,0,0,0,0,0,0,0,0,0,,0,,0,Auto-approve,Claude (LLM),0.33649957121434004,,,
AP-0001446,llm,,TX-0088-45873,Atlas Systems Group,INV-0088-001446,2025-12-15,2026-01-14,PO-252185,USD,17844.25,,17844.25,30.0,False,V-0088,A,False,Email,2025-12-17 21:14:50.697,V-0088,tax_id,PO252185,V-0088,48797.63,USD,0,0,0,0,0,0,0,0,0,,0,,0,Auto-approve,Claude (LLM),0.3212338386819692,17844.25,2965.0,314.0
AP-0002214,llm,,TX-0002-28786,"Cobalt Services, LLC",INV-0002-002214,2025-12-12,2025-12-27,PO-252098,INR,1441.28,259.43,1700.71,15.0,False,V-0002,C,False,Supplier portal,2025-12-17 21:35:44.876,V-0002,tax_id,PO252098,V-0002,21585.09,INR,0,0,0,0,0,0,1,0,0,,0,Inactive Vendor,1,Exception review,Claude (LLM),0.6905221559185882,1441.28,2998.0,394.0
AP-0002526,edi,,TX-0006-57912,Copperfield Digital Group,INV-0006-002526,2025-12-14,2026-02-12,PO-250513,CAD,31030.94,1551.55,32582.49,60.0,False,V-0006,B,False,EDI,2025-12-18 00:44:57.573,V-0006,tax_id,PO250513,V-0006,23586.09,CAD,0,0,0,0,1,0,0,0,0,,0,Invoice Over PO,1,Exception review,Claude (LLM),0.6153810544839949,,,
AP-0001434,llm,,TX-0107-50949,"Silverline Advisors, Inc.",INV-0107-001434,2025-12-14,2026-02-12,PO-252050,USD,6423.6,529.95,6953.55,60.0,False,V-0107,C,False,Supplier portal,2025-12-18 00:46:56.220,V-0107,tax_id,PO252050,V-0107,33145.87,USD,0,0,0,0,0,0,0,0,0,,0,,0,Auto-approve,Claude (LLM),0.3503923004509645,6423.6,2972.0,350.0
AP-0004737,llm,,TX-0006-57912,COPPERFIELD DIGITAL GROUP,INV-0006-004737,2025-12-13,2026-02-11,PO-250131,CAD,36441.05,1822.05,38263.1,60.0,False,V-0006,B,False,Supplier portal,2025-12-18 01:58:47.282,V-0006,tax_id,PO250131,V-0006,103661.7,CAD,0,0,0,0,0,0,0,0,0,,0,,0,Auto-approve,Claude (LLM),0.3227829147397904,36441.05,2990.0,340.0
AP-0003100,llm,,TX-0089-88461,Atlas Supply LLC,INV-0089-003100,2025-12-17,2026-01-31,PO250863,CAD,72382.29,3619.11,76001.4,45.0,False,V-0089,E,False,Supplier portal,2025-12-18 03:34:05.099,V-0089,tax_id,PO250863,V-0089,205199.04,CAD,0,0,0,0,0,0,0,0,0,,0,,0,Auto-approve,Claude (LLM),0.332261549038276,72382.29000000001,3050.0,421.0
AP-0004359,llm,,TX-0015-69124,Clearview Digital Inc.,INV-0015-004359,2025-12-16,2026-01-15,PO-252244,USD,78915.1,,78915.1,30.0,False,V-0015,A,False,Supplier portal,2025-12-18 04:55:04.165,V-0015,tax_id,PO252244,V-0015,280986.83,USD,0,0,0,0,0,0,0,0,0,,0,,0,Auto-approve,Claude (LLM),0.37240341873555677,78915.1,2973.0,317.0
AP-0002099,llm,,TX-0008-41136,Lighthouse Supply Incorporated,INV-0008-002099,2025-12-13,,PO252339,USD,34777.85,,34777.85,45.0,False,V-0008,E,False,Supplier portal,2025-12-18 07:28:17.661,V-0008,tax_id,PO252339,V-0008,104135.65,USD,0,0,0,0,0,0,0,0,0,,0,,0,Auto-approve,Claude (LLM),0.3305930611579894,34777.85,2990.0,327.0
AP-0003499,edi,,TX-0038-45747,Beacon Analytics Ltd.,INV-0038-003499,2025-12-15,2026-01-14,PO-251315,USD,5519.44,0.0,5519.44,30.0,False,V-0038,C,False,EDI,2025-12-18 09:02:47.912,V-0038,tax_id,PO251315,V-0038,29663.12,USD,0,0,0,0,0,0,0,0,0,,0,,0,Auto-approve,Claude (LLM),0.31900949410600893,,,
AP-0003772,edi,,TX-0029-56211,Crescent Technologies LLC,INV-0029-003772,2025-12-15,2025-12-30,PO-252138,USD,15426.52,1272.69,16699.21,15.0,False,V-0029,C,False,EDI,2025-12-18 09:52:00.529,V-0029,tax_id,PO252138,V-0029,135876.64,USD,0,0,0,0,0,0,0,0,0,,0,,0,Auto-approve,Claude (LLM),0.3090491438143073,,,
AP-0002507,llm,,TX-0102-39905,Blue Ridge Analytics Inc.,INV-0102-002507,2025-12-13,2025-12-28,PO-251632,EUR,9321.31,1957.47,11278.78,15.0,False,V-0102,D,False,Supplier portal,2025-12-18 11:24:01.920,V-0102,tax_id,PO251632,V-0102,93241.12,EUR,0,0,0,0,0,0,0,0,0,,0,,0,Auto-approve,Claude (LLM),0.29644306141573656,9321.31,2963.0,335.0
AP-0000804,llm,,TX-0053-42836,Oakmont Supply Group,INV-0053-000804,2025-12-17,2026-01-16,PO-250772,SGD,7978.62,718.08,8696.7,30.0,False,V-0053,C,False,Supplier portal,2025-12-18 13:03:53.608,V-0053,tax_id,PO250772,V-0053,27019.93,SGD,0,0,0,0,0,0,0,0,0,,0,,0,Auto-approve,Claude (LLM),0.3532480630405314,7978.62,3004.0,408.0
AP-0001007,llm,,TX-0128-19285,Harbor Systems LLC,INV-0128-001007,2025-12-17,2026-01-31,PO-251159,USD,2893.04,238.68,3131.72,45.0,False,V-0128,A,False,Supplier portal,2025-12-18 13:22:58.456,V-0128,tax_id,PO251159,V-0128,12818.92,USD,0,0,0,0,0,0,0,0,0,,0,,0,Auto-approve,Claude (LLM),0.33630004615976483,2893.04,2999.0,372.0
AP-0001599,llm,,TX-0055-46775,Silverline Analytics Group,INV-0055-001599,2025-12-18,2026-01-17,PO-251663,SGD,1327.72,119.5,1447.22,30.0,False,V-0055,C,False,Supplier portal,2025-12-18 13:41:55.721,V-0055,tax_id,PO251663,V-0055,7172.21,SGD,0,0,0,0,0,0,0,0,0,,0,,0,Auto-approve,Claude (LLM),0.3551741125943441,1327.72,2959.0,340.0
AP-0003314,llm,,TX-0069-10137,ATLAS LOGISTICS INC.,INV-0069-003314,2025-12-15,2026-01-14,PO-250804,USD,2328.77,,2328.77,30.0,False,V-0069,B,False,Email,2025-12-18 13:45:38.186,V-0069,tax_id,PO250804,V-0069,9447.65,USD,0,0,0,0,0,0,0,0,0,,0,,0,Auto-approve,Claude (LLM),0.2989947910937925,2328.77,2982.0,333.0
AP-0002178,llm,,TX-0054-19609,Crescent Logistics LLC,INV-0054-002178,2025-12-16,2026-01-15,PO-250242,USD,10091.84,832.58,10924.42,30.0,False,V-0054,A,False,Email,2025-12-18 16:13:35.843,V-0054,tax_id,PO250242,V-0054,40102.05,USD,0,0,0,0,0,0,0,0,0,,0,,0,Auto-approve,Claude (LLM),0.32282911195302927,10091.84,3045.0,426.0
AP-0000013,llm,,TX-0038-45747,"Beacon Analytics, Ltd.",INV-0038-000013,2025-12-14,2026-01-13,PO-251181,USD,11288.59,,11288.59,30.0,False,V-0038,C,False,Email,2025-12-18 19:29:57.000,V-0038,tax_id,PO251181,V-0038,33796.61,USD,0,0,0,0,0,0,0,0,0,,0,,0,Auto-approve,Claude (LLM),0.3135099589742896,11288.59,3003.0,413.0
AP-0004723,edi,,TX-0043-75924,Crescent Analytics Group,INV-0043-004723,2025-12-18,2026-02-16,PO-251773,USD,9820.37,0.0,9820.37,60.0,False,V-0043,E,False,EDI,2025-12-18 20:04:09.777,V-0043,tax_id,PO251773,V-0043,34840.84,USD,0,0,0,0,0,0,0,0,0,,0,,0,Auto-approve,Claude (LLM),0.3355280549282726,,,
AP-0003301,llm,,TX-0101-51229,Juniper Technologies LLC,INV-0101-003301,2025-12-13,2025-12-28,PO-250002,EUR,21338.97,4481.18,25820.15,15.0,False,V-0101,D,False,Email,2025-12-18 22:45:32.059,V-0101,tax_id,PO250002,V-0101,22253.75,EUR,0,0,0,0,1,0,0,0,0,,0,Invoice Over PO,1,Exception review,Claude (LLM),0.6020089915439818,21338.97,2998.0,398.0
AP-0003571,llm,,TX-0122-68733,"Summit Operations, Ltd.",INV-0122-003571,2025-12-16,2026-01-30,PO-251229,USD,3549.86,,3549.86,45.0,False,V-0122,C,True,Email,2025-12-18 23:36:18.176,V-0122,tax_id,PO251229,V-0122,18135.81,USD,0,0,0,0,0,0,0,0,0,,0,,0,Auto-approve,Claude (LLM),0.3755602931366055,3549.86,2736.0,406.0
AP-0002900,llm,,TX-0120-96327,Oakmont Advisors Group,INV-0120-002900,2025-12-15,2026-01-14,PO-251660,CAD,3703.7,185.19,3888.89,30.0,False,V-0120,C,False,Supplier portal,2025-12-19 00:38:31.738,V-0120,tax_id,PO251660,V-0120,10377.33,CAD,0,0,0,0,0,0,0,0,0,,0,,0,Auto-approve,Claude (LLM),0.3284638856360386,3703.7,2989.0,371.0
AP-0004844,llm,,TX-0060-58175,"Clearview Solutions, LLC",INV-0060-004844,2025-12-19,2026-01-03,PO-250815,USD,4073.06,,4073.06,15.0,False,V-0060,C,False,Supplier portal,2025-12-19 04:54:23.813,V-0060,tax_id,PO250815,V-0060,11228.72,USD,0,0,0,0,0,0,0,0,0,,0,,0,Auto-approve,Claude (LLM),0.32767957608697484,4073.06,2976.0,356.0
AP-0004682,llm,,TX-0072-14104,Silverline Systems LLC,INV-0072-004682,2025-12-14,2026-01-13,PO-252076,SGD,5725.45,515.29,6240.74,30.0,False,V-0072,A,False,Email,2025-12-19 07:51:28.945,V-0072,tax_id,PO252076,V-0072,21596.29,SGD,0,0,0,0,0,0,0,0,0,,0,,0,Auto-approve,Claude (LLM),0.3517731992890273,5725.450000000001,3045.0,382.0
AP-0002104,llm,,TX-0003-12255,Cobalt Technologies Group,INV-0003-002104,2025-12-17,2026-01-16,PO-252014,EUR,1971.34,413.98,2385.32,30.0,False,V-0003,D,False,Supplier portal,2025-12-19 08:32:03.933,V-0003,tax_id,PO252014,V-0003,12033.01,EUR,0,0,0,0,0,0,0,0,0,,0,,0,Auto-approve,Claude (LLM),0.34573400567227675,1971.34,2980.0,368.0
AP-0001619,llm,,VAT TX-0037-24439,Redwood Supply LLC,INV-0037-001619,2025-12-18,2026-01-17,PO-250349,EUR,4443.61,933.16,5376.77,30.0,False,V-0037,D,False,Supplier portal,2025-12-19 11:36:40.926,V-0037,tax_id,PO250349,V-0037,21543.31,EUR,0,0,0,0,0,0,0,0,0,,0,,0,Auto-approve,Claude (LLM),0.3345392187407474,4443.610000000001,2979.0,374.0
AP-0002274,llm,,TX-0023-34364,Evergreen Systems LLC,INV-0023-002274,2025-12-18,2026-02-01,PO-250369,EUR,25984.51,5456.75,31441.26,45.0,False,V-0023,D,False,Supplier portal,2025-12-19 13:29:12.639,V-0023,tax_id,PO250369,V-0023,87684.44,EUR,0,0,0,0,0,0,0,0,0,,0,,0,Auto-approve,Claude (LLM),0.3588749580564813,25984.51,2994.0,399.0
AP-0000696,llm,,TX-0024-91040,Evergreen Solutions Inc.,INV-0024-000696,2025-12-18,2026-01-02,PO-251182,EUR,3288.68,690.62,3979.3,15.0,False,V-0024,D,False,Supplier portal,2025-12-19 15:55:38.541,V-0024,tax_id,PO251182,V-0024,13163.58,EUR,0,0,0,0,0,0,0,0,0,,0,,0,Auto-approve,Claude (LLM),0.29896387887468245,3288.68,2962.0,334.0
AP-0004112,edi,,TX-0100-21510,Summit Logistics Inc.,INV-0100-004112,2025-12-15,2026-02-13,PO-250672,USD,20608.44,0.0,20608.44,60.0,False,V-0100,E,False,EDI,2025-12-19 16:25:01.919,V-0100,tax_id,PO250672,V-0100,100386.21,USD,0,0,0,0,0,1,0,0,0,,0,Payment Terms Mismatch,1,Exception review,Claude (LLM),0.6364843317799405,,,
AP-0001636,llm,,TX-0055-46775,Silverline Analytics Group,INV-0055-001636,2025-12-15,2026-01-29,PO-252182,SGD,24307.71,2187.69,26495.4,45.0,False,V-0055,C,False,Supplier portal,2025-12-19 16:31:33.077,V-0055,tax_id,PO252182,V-0055,85040.32,SGD,0,0,0,0,0,1,0,0,0,,0,Payment Terms Mismatch,1,Exception review,Claude (LLM),0.6614322042687271,24307.71,2961.0,346.0
AP-0003620,llm,,TX-0090-82710,COPPERFIELD ADVISORS LTD.,INV-0090-003620,2025-12-19,2026-02-02,PO-250348,USD,5642.91,,5642.91,45.0,False,V-0090,B,False,Email,2025-12-19 20:37:55.722,V-0090,tax_id,PO250348,V-0090,30585.72,USD,0,0,0,0,0,0,0,0,0,,0,,0,Auto-approve,Claude (LLM),0.34890460851725835,5642.91,3009.0,382.0
AP-0004973,llm,,TX-0045-69725,Atlas Services LLC,INV-0045-004973,2025-12-14,2026-01-28,PO-252369,USD,1427.58,,1427.58,45.0,False,V-0045,A,True,Email,2025-12-19 20:55:00.954,V-0045,tax_id,PO252369,V-0045,13854.1,USD,0,0,0,0,0,0,0,0,0,,0,,0,Auto-approve,Claude (LLM),0.33825793279567706,1427.58,2780.0,352.0
AP-0001277,llm,,TX-0086-70653,LIGHTHOUSE TECHNOLOGIES LLC,INV-0086-001277,2025-12-17,2026-01-31,PO-252337,USD,3184.45,262.72,3447.17,45.0,False,V-0086,B,False,Supplier portal,2025-12-19 23:05:21.957,V-0086,tax_id,PO252337,V-0086,21503.05,USD,0,0,0,0,0,0,0,0,0,,0,,0,Auto-approve,Claude (LLM),0.33768627017165415,3184.4500000000003,3000.0,376.0
AP-0001989,llm,,TX-0140-96185,"Blue Ridge Operations, Inc.",INV-0140-001989,2025-12-14,2026-01-13,PO-251744,USD,21498.92,,21498.92,30.0,False,V-0140,C,False,Supplier portal,2025-12-19 23:16:41.960,V-0140,tax_id,PO251744,V-0140,94972.44,USD,0,0,0,0,0,0,0,0,0,,0,,0,Auto-approve,Claude (LLM),0.3080044838186034,21498.92,3000.0,431.0
AP-0001181,edi,,TX-0006-57912,Copperfield Digital Group,INV-0006-001181,2025-12-19,2026-01-18,PO-250067,CAD,1381.11,69.06,1450.17,30.0,False,V-0006,B,False,EDI,2025-12-20 01:46:56.597,V-0006,tax_id,PO250067,V-0006,12381.2,CAD,0,0,0,0,0,1,0,0,0,,0,Payment Terms Mismatch,1,Exception review,Claude (LLM),0.6221389625527768,,,
AP-0002094,llm,,TX-0100-21510,Summit Logistics Incorporated,INV-0100-002094,2025-12-18,2026-01-17,PO252038,USD,3482.21,,3482.21,30.0,False,V-0100,E,False,Supplier portal,2025-12-20 02:31:22.761,V-0100,tax_id,PO252038,V-0100,26740.38,USD,0,0,0,0,0,0,0,0,0,,0,,0,Auto-approve,Claude (LLM),0.3114375467689202,3482.21,2969.0,316.0
AP-0002874,edi,,TX-0093-95568,Clearview Systems Inc.,INV-0093-002874,2025-12-17,2026-01-01,PO-250741,USD,4627.14,381.74,5008.88,15.0,False,V-0093,B,False,EDI,2025-12-20 02:57:53.122,V-0093,tax_id,PO250741,V-0093,30588.63,USD,0,0,0,0,0,0,0,0,0,,0,,0,Auto-approve,Claude (LLM),0.3117122875310654,,,
AP-0004355,llm,,TX-0004-83750,Harbor Networks Ltd.,INV-0004-004355,2025-12-19,2026-01-18,PO252130,USD,4075.18,336.2,4411.38,30.0,False,V-0004,E,True,Email,2025-12-20 05:34:06.798,V-0004,tax_id,PO252130,V-0004,26536.94,USD,0,0,0,0,0,0,0,0,0,,0,,0,Auto-approve,Claude (LLM),0.3016188846168882,4075.18,2780.0,375.0
AP-0002248,llm,,VAT TX-0125-42798,Brightpath Resources Ltd.,INV-0125-002248,2025-12-15,2026-01-14,PO-251791,EUR,238999.55,50189.91,289189.46,30.0,False,V-0125,D,False,Supplier portal,2025-12-20 05:44:59.722,V-0125,tax_id,PO251791,V-0125,203432.09,EUR,0,0,0,0,1,0,0,0,0,,0,Invoice Over PO,1,Exception review,Claude (LLM),0.6827877266558346,238999.55,3000.0,398.0
AP-0001145,llm,,TX-0136-10386,Clearview Services Inc.,INV-0136-001145,2025-12-16,2026-01-30,PO-251500,SGD,5694.24,512.48,6206.72,45.0,False,V-0136,A,False,Supplier portal,2025-12-20 07:55:29.669,V-0136,tax_id,PO251500,V-0136,21917.99,SGD,0,0,0,0,0,0,0,1,0,,0,High-Risk Vendor,1,Exception review,Claude (LLM),0.4856419847348943,5694.24,2989.0,334.0
AP-0001271,llm,,TX-0081-73770,Silverline Supply Group,INV-0081-001271,2025-12-17,2026-01-16,PO-251876,USD,559.84,,559.84,30.0,False,V-0081,C,False,Supplier portal,2025-12-20 09:00:12.503,V-0081,tax_id,PO251876,V-0081,13131.13,USD,0,0,0,0,0,0,0,0,0,,0,,0,Auto-approve,Claude (LLM),0.33075756716096666,559.8399999999999,2981.0,378.0
AP-0002133,llm,,TX-0118-10046,"Stonebridge Logistics, Ltd.",INV-0118-002133,2025-12-17,2026-01-16,PO-252134,USD,357.12,29.46,386.58,30.0,False,V-0118,C,True,Email,2025-12-20 09:27:03.837,V-0118,tax_id,PO252134,V-0118,8593.84,USD,0,0,0,0,0,0,0,0,0,,0,,0,Auto-approve,Claude (LLM),0.32776034223740835,357.12,2780.0,397.0
AP-0003940,llm,,TX-0054-19609,Crescent Logistics LLC,INV-0054-003940,2025-12-18,2026-01-17,PO-250242,USD,7550.97,622.96,8173.93,30.0,False,V-0054,A,False,Email,2025-12-20 10:30:16.302,V-0054,tax_id,PO250242,V-0054,40102.05,USD,0,0,0,0,0,0,0,0,0,,0,,0,Auto-approve,Claude (LLM),0.33275434296179984,7550.969999999999,3041.0,425.0
AP-0000165,llm,,TX-0003-12255,Cobalt Technologies Group,INV-0003-000165,2025-12-20,2026-01-19,PO-252174,EUR,2881.49,605.11,3486.6,30.0,False,V-0003,D,False,Email,2025-12-20 10:50:49.513,V-0003,tax_id,PO252174,V-0003,24758.89,EUR,0,0,0,0,0,0,0,0,0,,0,,0,Auto-approve,Claude (LLM),0.33037965845835154,2881.49,2983.0,370.0
AP-0003740,llm,,TX-0104-57614,Oakmont Operations Group,INV-0104-003740,2025-12-19,2026-02-17,PO-250056,USD,122530.19,,122530.19,60.0,False,V-0104,C,False,Supplier portal,2025-12-20 10:53:04.343,V-0104,tax_id,PO250056,V-0104,89450.27,USD,0,0,0,0,1,1,0,0,0,,0,Invoice Over PO; Payment Terms Mismatch,2,Exception review,Claude (LLM),0.756510850793502,122530.19,2994.0,378.0
AP-0002169,edi,,TX-0137-44191,Pioneer Consulting Ltd.,INV-0137-002169,2025-12-15,2026-01-14,PO-251356,USD,6001.84,0.0,6001.84,30.0,False,V-0137,A,False,EDI,2025-12-20 11:15:12.399,V-0137,tax_id,PO251356,V-0137,47807.99,USD,0,0,0,0,0,0,1,0,0,,0,Inactive Vendor,1,Exception review,Claude (LLM),0.5876030867170169,,,
AP-0004959,llm,,TX-0090-82710,COPPERFIELD ADVISORS LTD.,INV-0090-004959,2025-12-17,2026-01-31,PO-251145,USD,2943.27,,2943.27,45.0,False,V-0090,B,False,Email,2025-12-20 13:27:37.832,V-0090,tax_id,PO251145,V-0090,8315.74,USD,0,0,0,0,0,0,0,0,0,,0,,0,Auto-approve,Claude (LLM),0.35935811493251796,2943.27,2990.0,355.0
AP-0002251,llm,,TX-0054-19609,Crescent Logistics LLC,INV-0054-002251,2025-12-20,2026-01-19,PO-251066,USD,4356.55,359.42,4715.97,30.0,False,V-0054,A,True,Email,2025-12-20 18:18:25.909,V-0054,tax_id,PO251066,V-0054,13087.98,USD,0,0,0,0,0,0,0,0,0,,0,,0,Auto-approve,Claude (LLM),0.3304237194394018,4356.55,2780.0,373.0
AP-0002866,llm,,TX-0005-88178,Atlas Resources Inc.,INV-0005-002866,2025-12-19,2026-01-18,PO-250438,USD,6750.41,,6750.41,30.0,False,V-0005,A,False,Supplier portal,2025-12-20 18:32:35.623,V-0005,tax_id,PO250438,V-0005,20690.47,USD,0,0,0,0,0,0,0,0,0,,0,,0,Auto-approve,Claude (LLM),0.31182901602295887,6750.41,2990.0,368.0
AP-0002111,llm,,TX-0005-88178,Atlas Resources Inc.,INV-0005-002111,2025-12-17,2026-01-16,PO-250053,USD,11497.05,,11497.05,30.0,False,V-0005,A,False,Supplier portal,2025-12-20 20:26:44.197,V-0005,tax_id,PO250053,V-0005,112102.34,USD,0,0,0,0,0,0,0,0,0,,0,,0,Auto-approve,Claude (LLM),0.3069830972464272,11497.05,2968.0,314.0
AP-0003469,llm,,TX-0031-87911,Lighthouse Systems Incorporated,INV-0031-003469,2025-12-19,2026-01-03,PO250409,USD,2992.4,,2992.4,15.0,False,V-0031,E,False,Supplier portal,2025-12-20 21:29:42.298,V-0031,tax_id,PO250409,V-0031,13074.97,USD,0,0,0,0,0,0,0,1,0,,0,High-Risk Vendor,1,Exception review,Claude (LLM),0.39708028634203457,2992.4,3004.0,375.0
AP-0003290,llm,,TX-0004-83750,Harbor Networks Ltd.,INV-0004-003290,2025-12-19,2026-01-18,PO251620,USD,1934.8,159.62,2094.42,30.0,False,V-0004,E,False,Supplier portal,2025-12-20 23:29:59.350,V-0004,tax_id,PO251620,V-0004,7296.9,USD,0,0,0,0,0,0,0,0,0,,0,,0,Auto-approve,Claude (LLM),0.32046745830923606,1934.8,2989.0,348.0
AP-0002852,llm,,TX-0126-41894,"Blue Ridge Digital, LLC",INV-0126-002852,2025-12-15,2026-01-14,PO-250496,USD,25595.79,2111.65,27707.44,30.0,False,V-0126,C,False,Email,2025-12-20 23:49:04.612,V-0126,tax_id,PO250496,V-0126,22707.16,USD,0,0,0,0,1,0,0,0,0,,0,Invoice Over PO,1,Exception review,Claude (LLM),0.6196306665367118,25595.79,2993.0,398.0
AP-0003168,edi,,TX-0055-46775,Silverline Analytics Group,INV-0055-003168,2025-12-16,2026-01-30,PO-250876,SGD,4286.04,385.74,4671.78,45.0,False,V-0055,C,False,EDI,2025-12-21 01:32:32.294,V-0055,tax_id,PO250876,V-0055,26009.35,SGD,0,0,0,0,0,1,0,0,0,,0,Payment Terms Mismatch,1,Exception review,Claude (LLM),0.6493729767511628,,,
AP-0000489,llm,,TX-0050-69493,Ironwood Services Ltd.,INV-0050-000489,2025-12-21,2026-01-20,PO-250622,SGD,8206.76,738.61,8945.37,30.0,False,V-0050,A,False,Supplier portal,2025-12-21 03:26:50.712,V-0050,tax_id,PO250622,V-0050,31045.47,USD,0,0,0,1,0,0,0,0,0,,0,Currency Mismatch,1,Exception review,Claude (LLM),0.6455668504472991,8206.759999999998,3040.0,397.0
AP-0001457,llm,,TX-0127-49996,Ironwood Solutions Inc.,INV-0127-001457,2025-12-18,2026-02-01,PO-250166,USD,14253.8,1175.94,15429.74,45.0,False,V-0127,A,False,Supplier portal,2025-12-21 04:37:03.991,V-0127,tax_id,PO250166,V-0127,44966.9,USD,0,0,0,0,0,0,0,0,0,,0,,0,Auto-approve,Claude (LLM),0.33614811111211684,14253.8,2985.0,337.0
AP-0003329,llm,,TX-0034-94278,BEACON SOLUTIONS INC.,INV-0034-003329,2025-12-17,2026-01-16,PO-X003329,USD,6808.37,,6808.37,30.0,False,V-0034,B,False,Supplier portal,2025-12-21 04:55:32.140,V-0034,tax_id,POX003329,,,,0,1,0,0,0,0,0,0,0,,0,Invalid PO,1,Exception review,Claude (LLM),0.6484343965901511,6808.37,2965.0,317.0
AP-0001763,llm,,TX-0011-62098,OAKMONT SOLUTIONS LLC,INV-0011-001763,2025-12-18,2026-01-17,PO-252265,USD,15962.91,,15962.91,30.0,False,V-0011,B,False,Supplier portal,2025-12-21 06:09:37.353,V-0011,tax_id,PO252265,V-0011,94914.43,USD,0,0,0,0,0,0,0,0,0,,0,,0,Auto-approve,Claude (LLM),0.30365964414023644,15962.91,2987.0,354.0
AP-0003526,edi,,TX-0006-57912,Copperfield Digital Group,INV-0006-003526,2025-12-20,2026-02-18,PO-250513,CAD,6142.38,307.12,6449.5,60.0,False,V-0006,B,False,EDI,2025-12-21 06:20:27.139,V-0006,tax_id,PO250513,V-0006,23586.09,CAD,0,0,0,0,0,0,0,0,0,,0,,0,Auto-approve,Claude (LLM),0.3223822713076865,,,
AP-0003123,edi,,TX-0044-84195,Blue Ridge Resources LLC,INV-0044-003123,2025-12-18,2026-01-02,PO-250193,USD,2154.06,0.0,2154.06,15.0,False,V-0044,B,False,EDI,2025-12-21 06:59:34.956,V-0044,tax_id,PO250193,V-0044,6387.24,USD,0,0,0,0,0,0,0,0,0,,0,,0,Auto-approve,Claude (LLM),0.32019363319764926,,,
AP-0001178,llm,,TX-0054-19609,Crescent Logistics LLC,INV-0054-001178,2025-12-17,2026-01-16,PO-251111,USD,572.29,47.21,619.5,30.0,False,V-0054,A,False,Supplier portal,2025-12-21 09:05:27.355,V-0054,tax_id,PO251111,V-0054,6045.35,USD,0,0,0,0,0,0,0,0,0,,0,,0,Auto-approve,Claude (LLM),0.3120705654538236,572.29,2977.0,335.0
AP-0004989,llm,,TX-0140-96185,"Blue Ridge Operations, Inc.",INV-0140-004989,2025-12-21,2026-01-20,PO-252198,USD,34088.39,,34088.39,30.0,False,V-0140,C,False,Supplier portal,2025-12-21 09:19:25.282,V-0140,tax_id,PO252198,V-0140,121668.78,USD,0,0,0,0,0,0,0,0,0,,0,,0,Auto-approve,Claude (LLM),0.3059374647257529,34088.39,2977.0,376.0
AP-0003235,llm,,TX-0078-49721,"Crescent Networks, Ltd.",INV-0078-001798,2025-12-19,2026-01-18,PO-250071,USD,3784.63,,3784.63,30.0,False,V-0078,C,False,Supplier portal,2025-12-21 11:50:48.059,V-0078,tax_id,PO250071,V-0078,207194.76,USD,0,0,0,0,0,0,0,0,1,,0,Duplicate Invoice,1,Exception review,Claude (LLM),0.5720961035789629,3784.63,2978.0,376.0
AP-0001732,llm,,TX-0008-41136,Lighthouse Supply Incorporated,INV-0008-001732,2025-12-18,2026-02-01,PO250528,USD,14798.1,,14798.1,45.0,False,V-0008,E,False,Email,2025-12-21 12:08:46.795,V-0008,tax_id,PO250528,V-0008,48597.35,USD,0,0,0,0,0,0,0,0,0,,0,,0,Auto-approve,Claude (LLM),0.3472963000456427,14798.1,2989.0,350.0
AP-0003691,llm,,TX-0123-99977,Oakmont Analytics Ltd.,INV-0123-003691,2025-12-20,2026-01-19,PO251317,USD,30505.49,2516.7,33022.19,30.0,False,V-0123,E,False,Email,2025-12-21 13:44:05.097,V-0123,tax_id,PO251317,V-0123,172389.31,USD,0,0,0,0,0,0,1,0,0,,0,Inactive Vendor,1,Exception review,Claude (LLM),0.6197792667118327,30505.49,3003.0,375.0
AP-0002517,llm,,TX-0002-28786,"Cobalt Services, LLC",INV-0002-002517,2025-12-17,2026-01-01,PO-252098,INR,6470.08,1164.61,7634.69,15.0,False,V-0002,C,False,Supplier portal,2025-12-21 13:56:46.901,V-0002,tax_id,PO252098,V-0002,21585.09,INR,0,0,0,0,0,0,1,0,0,,0,Inactive Vendor,1,Exception review,Claude (LLM),0.6980441042431476,6470.08,2968.0,347.0
AP-0002672,llm,,TX-0068-22381,"Redwood Technologies, Inc.",INV-0068-002672,2025-12-17,2026-02-15,PO-251260,CAD,8439.99,422.0,8861.99,60.0,False,V-0068,C,False,Supplier portal,2025-12-21 14:47:58.109,V-0068,tax_id,PO251260,V-0068,57118.34,CAD,0,0,0,0,0,1,0,0,0,,0,Payment Terms Mismatch,1,Exception review,Claude (LLM),0.5763668164840323,8439.99,3015.0,431.0
AP-0002658,llm,,TX-0092-15472,Summit Resources Group,INV-0092-002658,2025-12-16,2025-12-31,PO-251877,USD,5369.18,,5369.18,15.0,False,V-0092,A,False,Supplier portal,2025-12-21 15:02:08.704,V-0092,tax_id,PO251877,V-0092,75362.5,USD,0,0,0,0,0,0,0,0,0,,0,,0,Auto-approve,Claude (LLM),0.31535682990975894,5369.18,2999.0,375.0
AP-0003554,llm,,TX-0061-83099,"Copperfield Services, Inc.",INV-0061-003554,2025-12-16,2026-01-15,PO-251205,USD,96028.04,,96028.04,30.0,False,V-0061,C,True,Email,2025-12-21 16:05:53.696,V-0061,tax_id,PO251205,V-0061,74977.88,USD,0,0,0,0,1,0,0,0,0,,0,Invoice Over PO,1,Exception review,Claude (LLM),0.6867362585750854,96028.04,2780.0,328.0
AP-0000591,llm,,TX-0073-32545,PIONEER PARTNERS LTD.,INV-0073-000591,2025-12-17,2026-01-16,PO-251400,USD,8535.2,,8535.2,30.0,False,V-0073,B,False,Supplier portal,2025-12-21 16:35:33.455,V-0073,tax_id,PO251400,V-0073,38360.17,USD,0,0,0,0,0,0,0,0,0,,0,,0,Auto-approve,Claude (LLM),0.33686227583607065,8535.2,2968.0,317.0
AP-0001588,llm,,TX-0088-45873,Atlas Systems Group,INV-0088-001588,2025-12-20,2026-01-19,PO-252207,USD,23927.7,,23927.7,30.0,False,V-0088,A,False,Supplier portal,2025-12-21 16:39:57.058,V-0088,tax_id,PO252207,V-0088,70946.45,USD,0,0,0,0,0,0,0,0,0,,0,,0,Auto-approve,Claude (LLM),0.30314682848218855,23927.7,2966.0,313.0
AP-0000865,llm,,TX-0053-42836,Oakmont Supply Group,INV-0053-000865,2025-12-19,2026-01-18,PO-251056,SGD,3184.53,286.61,3471.14,30.0,False,V-0053,C,False,Supplier portal,2025-12-21 18:18:26.299,V-0053,tax_id,PO251056,V-0053,45216.68,SGD,0,0,0,0,0,0,0,0,0,,0,,0,Auto-approve,Claude (LLM),0.3466538627209637,3184.53,2965.0,336.0
AP-0000378,llm,,TX-0061-83099,"Copperfield Services, Inc.",INV-0061-000378,2025-12-17,2026-01-16,PO-252301,USD,14118.68,,14118.68,30.0,False,V-0061,C,True,Email,2025-12-21 18:46:10.855,V-0061,tax_id,PO252301,V-0061,38766.16,USD,0,0,0,0,0,0,0,0,0,,0,,0,Auto-approve,Claude (LLM),0.34416618850602665,14118.68,2780.0,379.0
AP-0002766,edi,,TX-0137-44191,Pioneer Consulting Ltd.,INV-0137-002766,2025-12-19,2026-01-18,PO-251426,SGD,9343.42,840.91,10184.33,30.0,False,V-0137,A,False,EDI,2025-12-21 20:44:23.805,V-0137,tax_id,PO251426,V-0137,144554.43,USD,0,0,0,1,0,0,1,0,0,,0,Currency Mismatch; Inactive Vendor,2,Exception review,Claude (LLM),0.6926995065428425,,,
AP-0002236,llm,,TX-0097-36111,Clearview Analytics Ltd.,INV-0097-000826,2025-12-19,2026-02-02,PO-252148,GBP,2155.66,431.13,2586.79,45.0,False,V-0097,A,False,Supplier portal,2025-12-21 20:46:44.970,V-0097,tax_id,PO252148,V-0097,61944.24,GBP,0,0,0,0,0,0,0,0,1,,0,Duplicate Invoice,1,Exception review,Claude (LLM),0.6073074970819404,2155.6600000000003,3063.0,395.0
AP-0003695,llm,,TX-0065-32403,"Stonebridge Networks, Inc.",INV-0065-003695,2025-12-17,2026-01-16,PO-251728,USD,6280.3,,6280.3,30.0,False,V-0065,C,False,Email,2025-12-21 21:35:31.373,V-0065,tax_id,PO251728,V-0065,27165.03,USD,0,0,0,0,0,0,0,0,0,,0,,0,Auto-approve,Claude (LLM),0.2952970893378248,6280.3,3003.0,414.0
AP-0004757,edi,,TX-0017-46110,Cobalt Analytics Group,INV-0017-004757,2025-12-21,2026-02-04,PO-251646,GBP,36859.78,7371.95,44231.73,45.0,False,V-0017,C,False,EDI,2025-12-21 23:54:11.753,V-0017,tax_id,PO251646,V-0017,182474.85,GBP,0,0,0,0,0,0,0,1,0,,0,High-Risk Vendor,1,Exception review,Claude (LLM),0.49108679668065636,,,
AP-0004095,llm,,TX-0118-10046,"Stonebridge Logistics, Ltd.",INV-0118-004095,2025-12-19,2026-01-18,PO-251761,USD,2967.45,244.81,3212.26,30.0,False,V-0118,C,False,Email,2025-12-22 01:13:38.614,V-0118,tax_id,PO251761,V-0118,14757.45,USD,0,0,0,0,0,0,0,0,0,,0,,0,Auto-approve,Claude (LLM),0.3159104223555177,2967.45,2968.0,348.0
AP-0002935,llm,,TX-0002-28786,"Cobalt Services, LLC",INV-0002-002935,2025-12-21,2026-01-05,PO-252098,INR,22935.95,4128.47,27064.42,15.0,False,V-0002,C,False,Email,2025-12-22 02:33:29.255,V-0002,tax_id,PO252098,V-0002,21585.09,INR,0,0,0,0,1,0,1,0,0,,0,Invoice Over PO; Inactive Vendor,2,Exception review,Claude (LLM),0.7463827903005006,22935.95,3012.0,431.0
AP-0000379,llm,,TX-0115-48708,Ironwood Services Group,INV-0115-000379,2025-12-19,2026-01-03,PO-251488,EUR,1925.15,404.28,2329.43,15.0,False,V-0115,D,False,Email,2025-12-22 02:37:36.436,V-0115,tax_id,PO251488,V-0115,14438.33,EUR,0,0,0,0,0,0,0,0,0,,0,,0,Auto-approve,Claude (LLM),0.3373489824110712,1925.15,2993.0,395.0
AP-0000140,llm,,TX-0013-11961,COBALT OPERATIONS LLC,INV-0013-000140,2025-12-17,2026-01-31,PO-252035,USD,8219.14,,8219.14,45.0,False,V-0013,B,False,Supplier portal,2025-12-22 02:51:23.922,V-0013,tax_id,PO252035,V-0013,65880.42,USD,0,0,0,0,0,0,1,0,0,,0,Inactive Vendor,1,Exception review,Claude (LLM),0.6095492303001326,8219.14,2985.0,352.0
AP-0000843,llm,,TX-0048-57091,"Oakmont Systems, Inc.",INV-0048-000843,2025-12-19,2026-01-03,PO-251290,USD,206.87,17.07,223.94,15.0,False,V-0048,C,False,Supplier portal,2025-12-22 03:01:35.770,V-0048,tax_id,PO251290,V-0048,4711.68,USD,0,0,0,0,0,0,0,0,1,,0,Duplicate Invoice,1,Exception review,Claude (LLM),0.5725168184959581,206.87,2984.0,372.0
AP-0004189,llm,,TX-0134-16068,Atlas Resources Ltd.,INV-0134-004189,2025-12-18,2026-01-17,PO251078,USD,,,9265.81,30.0,False,V-0134,E,True,Email,2025-12-22 03:59:19.000,V-0134,tax_id,PO251078,V-0134,7568.62,USD,0,0,0,0,1,0,0,0,0,,0,Invoice Over PO,1,Exception review,Claude (LLM),0.6436855876524641,9265.81,2780.0,332.0
AP-0000333,llm,,TX-0118-10046,"Stonebridge Logistics, Ltd.",INV-0118-000333,2025-12-22,2026-01-21,PO-251084,USD,4107.65,338.88,4446.53,30.0,False,V-0118,C,False,Supplier portal,2025-12-22 04:07:56.187,V-0118,tax_id,PO251084,V-0118,42593.97,USD,0,0,0,0,0,0,0,0,0,,0,,0,Auto-approve,Claude (LLM),0.3142762137623487,4107.650000000001,3025.0,464.0
AP-0003276,llm,,TX-0135-50499,STONEBRIDGE SYSTEMS LLC,INV-0135-003276,2025-12-20,2026-01-19,PO-252023,USD,4020.22,331.67,4351.89,30.0,False,V-0135,B,False,Supplier portal,2025-12-22 06:51:33.004,V-0135,tax_id,PO252023,V-0135,13522.72,USD,0,0,0,0,0,0,0,0,0,,0,,0,Auto-approve,Claude (LLM),0.3248966693074464,4020.22,3017.0,378.0
AP-0001180,llm,,TX-0107-50949,"Silverline Advisors, Inc.",INV-0107-001180,2025-12-21,2026-02-19,PO-250140,USD,6370.24,525.55,6895.79,60.0,False,V-0107,C,False,Supplier portal,2025-12-22 07:11:03.505,V-0107,tax_id,PO250140,V-0107,20658.61,USD,0,0,0,0,0,0,0,0,0,,0,,0,Auto-approve,Claude (LLM),0.3561210225376952,6370.24,3022.0,385.0
AP-0000395,llm,,TX-0115-48708,Ironwood Services Group,INV-0115-000395,2025-12-21,2026-01-05,PO-250010,EUR,2459.39,516.47,2975.86,15.0,False,V-0115,D,False,Supplier portal,2025-12-22 07:19:18.605,V-0115,tax_id,PO250010,V-0115,10682.93,EUR,0,0,0,0,0,0,0,0,0,,0,,0,Auto-approve,Claude (LLM),0.32493640964729753,2459.3900000000003,2984.0,372.0
AP-0003785,llm,,TX-0066-17224,Stonebridge Networks Ltd.,INV-0066-003785,2025-12-22,2026-01-21,PO-252158,USD,4788.65,,4788.65,30.0,False,V-0066,A,False,Supplier portal,2025-12-22 08:07:01.069,V-0066,tax_id,PO252158,V-0066,50099.64,USD,0,0,0,0,0,0,0,0,0,,0,,0,Auto-approve,Claude (LLM),0.33033897351440994,4788.65,2973.0,317.0
AP-0003267,llm,,TX-0074-79332,"Harbor Analytics, Ltd.",INV-0074-003267,2025-12-20,2026-01-19,PO-251683,USD,1777.86,,1777.86,30.0,False,V-0074,C,False,Email,2025-12-22 08:34:57.445,V-0074,tax_id,PO251683,V-0074,5320.08,USD,0,0,0,0,0,0,0,1,0,,0,High-Risk Vendor,1,Exception review,Claude (LLM),0.40168850516949944,1777.86,2957.0,319.0
AP-0002243,llm,,VAT TX-0049-19644,Harbor Resources LLC,INV-0049-002243,2025-12-20,2026-01-19,PO-250565,EUR,1625.5,341.35,1966.85,30.0,False,V-0049,D,False,Supplier portal,2025-12-22 08:36:39.731,V-0049,tax_id,PO250565,V-0049,22812.83,EUR,0,0,0,0,0,0,0,0,0,,0,,0,Auto-approve,Claude (LLM),0.32638593496407975,1625.5,2969.0,349.0
AP-0004193,edi,,TX-0002-28786,Cobalt Services LLC,INV-0002-004193,2025-12-22,2026-01-06,PO-252098,INR,1837.53,330.75,2168.28,15.0,False,V-0002,C,False,EDI,2025-12-22 11:15:59.913,V-0002,tax_id,PO252098,V-0002,21585.09,INR,0,0,0,0,0,0,1,0,0,,0,Inactive Vendor,1,Exception review,Claude (LLM),0.6903421397027513,,,
AP-0004697,llm,,TX-0085-56800,SILVERLINE ANALYTICS INC.,INV-0085-004697,2025-12-18,2026-01-17,PO-251401,USD,7805.03,,7805.03,30.0,False,V-0085,B,False,Supplier portal,2025-12-22 11:25:12.610,V-0085,tax_id,PO251401,V-0085,34917.04,USD,0,0,0,0,0,0,0,0,0,,0,,0,Auto-approve,Claude (LLM),0.33153106396819537,7805.03,2969.0,317.0
AP-0003249,llm,,TX-0123-99977,Oakmont Analytics Ltd.,INV-0123-003249,2025-12-18,2026-01-17,PO250268,USD,162900.01,13439.25,176339.26,30.0,False,V-0123,E,False,Supplier portal,2025-12-22 15:29:40.676,V-0123,tax_id,PO250268,V-0123,521778.26,USD,0,0,0,0,0,0,1,0,0,,0,Inactive Vendor,1,Exception review,Claude (LLM),0.6858197069097725,162900.01,3005.0,376.0
AP-0002718,edi,,TX-0071-54213,Summit Services LLC,INV-0071-002718,2025-12-20,2026-01-19,PO-251703,USD,8163.21,0.0,8163.21,30.0,False,V-0071,C,False,EDI,2025-12-22 15:53:06.566,V-0071,tax_id,PO251703,V-0071,56478.27,USD,0,0,0,0,0,0,0,0,0,,0,,0,Auto-approve,Claude (LLM),0.32038643767756214,,,
AP-0000474,llm,,VAT TX-0049-19644,Harbor Resources LLC,INV-0049-000474,2025-12-17,2026-01-16,PO-250477,EUR,3272.46,687.22,3959.68,30.0,False,V-0049,D,False,Email,2025-12-22 16:11:59.483,V-0049,tax_id,PO250477,V-0049,14553.34,EUR,0,0,0,0,0,0,0,0,0,,0,,0,Auto-approve,Claude (LLM),0.3413131649139418,3272.46,2959.0,334.0
AP-0004306,llm,,TX-0092-15472,Summit Resources Group,INV-0092-004306,2025-12-17,2026-01-01,PO-251877,USD,8387.16,,8387.16,15.0,False,V-0092,A,False,Supplier portal,2025-12-22 16:58:11.636,V-0092,tax_id,PO251877,V-0092,75362.5,USD,0,0,0,0,0,0,0,0,0,,0,,0,Auto-approve,Claude (LLM),0.315706632663021,8387.16,3024.0,402.0
AP-0003037,llm,,TX-0015-69124,Clearview Digital Inc.,INV-0015-003037,2025-12-19,2026-01-18,PO-X003037,USD,4085.49,,4085.49,30.0,False,V-0015,A,False,Email,2025-12-22 17:01:51.097,V-0015,tax_id,POX003037,,,,0,1,0,0,0,0,0,0,0,,0,Invalid PO,1,Exception review,Claude (LLM),0.6267511067132134,4085.49,3012.0,382.0
AP-0003320,llm,,TX-0084-70345,Redwood Supply LLC,INV-0084-003320,2025-12-18,2026-01-17,PO-250272,EUR,14576.45,3061.05,17637.5,30.0,False,V-0084,D,True,Email,2025-12-22 17:34:51.244,V-0084,tax_id,PO250272,V-0084,62432.47,EUR,0,0,0,0,0,0,0,0,0,,0,,0,Auto-approve,Claude (LLM),0.32267774942208943,14576.45,2780.0,371.0
AP-0004730,llm,,TX-0022-47741,Lighthouse Solutions LLC,INV-0022-004730,2025-12-21,2026-02-04,PO251047,USD,4134.79,341.12,4475.91,45.0,False,V-0022,E,False,Supplier portal,2025-12-22 18:35:56.161,V-0022,tax_id,PO251047,V-0022,79514.97,USD,0,0,0,0,0,0,0,1,0,,0,High-Risk Vendor,1,Exception review,Claude (LLM),0.41738134906374075,4134.79,2978.0,334.0
AP-0003811,llm,,TX-0106-56495,Oakmont Analytics Inc.,INV-0106-003811,2025-12-17,2026-01-31,PO-252026,USD,8878.17,,8878.17,45.0,False,V-0106,A,False,Email,2025-12-22 18:38:57.568,V-0106,tax_id,PO252026,V-0106,37696.16,USD,0,0,0,0,0,0,0,0,0,,0,,0,Auto-approve,Claude (LLM),0.3602520828296548,8878.17,2968.0,315.0
AP-0003345,edi,,TX-0063-67062,Copperfield Systems Inc.,INV-0063-003345,2025-12-19,2026-01-18,PO-251855,USD,2158.62,178.09,2336.71,30.0,False,V-0063,E,False,EDI,2025-12-22 20:31:33.568,V-0063,tax_id,PO251855,V-0063,32669.63,USD,0,0,0,0,0,0,0,0,0,,0,,0,Auto-approve,Claude (LLM),0.31253478048878236,,,
AP-0000188,llm,,TX-0106-56495,Oakmont Analytics Inc.,INV-0106-000188,2025-12-21,2026-02-04,PO-250953,USD,7693.09,,7693.09,45.0,False,V-0106,A,True,Email,2025-12-22 21:19:58.316,V-0106,tax_id,PO250953,V-0106,89359.72,USD,0,0,0,0,0,0,0,0,1,,0,Duplicate Invoice,1,Exception review,Claude (LLM),0.578727479026164,7693.09,2736.0,330.0
AP-0003672,llm,,TX-0018-72351,EVERGREEN RESOURCES INC.,INV-0018-003672,2025-12-21,2026-01-20,PO-251209,USD,30859.88,,30859.88,30.0,False,V-0018,B,False,Email,2025-12-22 23:09:59.795,V-0018,tax_id,PO251209,V-0018,470037.87,USD,0,0,0,0,0,0,0,0,0,,0,,0,Auto-approve,Claude (LLM),0.34565619213690024,30859.88,3014.0,382.0
AP-0004037,llm,,TX-0083-82789,PIONEER SERVICES GROUP,INV-0083-004037,2025-12-19,2026-01-03,PO-252323,USD,37602.73,3102.22,40704.95,15.0,False,V-0083,B,False,Email,2025-12-23 00:13:59.704,V-0083,tax_id,PO252323,V-0083,153291.1,USD,0,0,0,0,0,0,0,0,0,,0,,0,Auto-approve,Claude (LLM),0.31034646661509374,37602.73,3000.0,376.0
AP-0001491,llm,,TX-0067-45894,BEACON OPERATIONS LTD.,INV-0067-001491,2025-12-23,2026-01-22,PO-250833,USD,2653.38,,2653.38,30.0,False,V-0067,B,False,Email,2025-12-23 01:06:22.177,V-0067,tax_id,PO250833,V-0067,15722.38,USD,0,0,0,0,0,0,0,0,0,,0,,0,Auto-approve,Claude (LLM),0.31039346309531884,2653.38,2986.0,355.0
AP-0002233,edi,,TX-0107-50949,Silverline Advisors Inc.,INV-0107-002233,2025-12-18,2026-02-16,PO-252106,USD,7894.42,651.29,8545.71,60.0,False,V-0107,C,False,EDI,2025-12-23 01:08:57.785,V-0107,tax_id,PO252106,V-0107,43745.09,USD,0,0,0,0,0,0,0,0,0,,0,,0,Auto-approve,Claude (LLM),0.35210916863527625,,,
AP-0004643,llm,,TX-0121-33255,Cobalt Systems Incorporated,INV-0121-004643,2025-12-22,2026-02-20,PO251443,USD,2519.16,,2519.16,60.0,False,V-0121,E,True,Email,2025-12-23 03:32:01.406,V-0121,tax_id,PO251443,V-0121,17491.14,USD,0,0,0,0,0,0,1,1,0,,0,Inactive Vendor; High-Risk Vendor,2,Exception review,Claude (LLM),0.6828295044526062,2519.16,2780.0,334.0
AP-0001013,edi,,TX-0008-41136,Lighthouse Supply Inc.,INV-0008-001013,2025-12-21,2026-02-04,PO-251390,USD,1548.11,0.0,1548.11,45.0,False,V-0008,E,False,EDI,2025-12-23 06:28:01.224,V-0008,tax_id,PO251390,V-0008,8011.34,USD,0,0,0,0,0,0,0,0,0,,0,,0,Auto-approve,Claude (LLM),0.3113287704822703,,,
AP-0002250,llm,,TX-0033-48829,Northstar Advisors LLC,INV-0033-002250,2025-12-23,2026-02-21,PO251987,USD,13690.6,,13690.6,60.0,False,V-0033,E,False,Supplier portal,2025-12-23 06:38:12.091,V-0033,tax_id,PO251987,V-0033,75454.23,USD,0,0,0,0,0,0,0,0,0,,0,,0,Auto-approve,Claude (LLM),0.32509059480492963,13690.6,2994.0,356.0
AP-0000884,llm,,TX-0116-23088,"Juniper Supply, LLC",INV-0116-000884,2025-12-23,2026-02-21,PO-250591,USD,183805.11,,183805.11,60.0,False,V-0116,C,False,Supplier portal,2025-12-23 07:24:39.448,V-0116,tax_id,PO250591,V-0116,124770.61,USD,0,0,0,0,1,0,0,0,0,,0,Invoice Over PO,1,Exception review,Claude (LLM),0.6839627858477407,183805.11,2998.0,411.0
AP-0003610,llm,,TX-0011-62098,OAKMONT SOLUTIONS LLC,INV-0011-003610,2025-12-18,2026-02-16,PO-250084,USD,4004.06,,4004.06,60.0,False,V-0011,B,False,Supplier portal,2025-12-23 07:28:09.024,V-0011,tax_id,PO250084,V-0011,24636.98,USD,0,0,0,0,0,1,0,0,0,,0,Payment Terms Mismatch,1,Exception review,Claude (LLM),0.6078772431528902,4004.06,2989.0,355.0
AP-0001447,llm,,TX-0039-91527,Blue Ridge Networks Group,INV-0039-001447,2025-12-18,2026-02-01,PO-250573,USD,8529.36,,8529.36,45.0,False,V-0039,C,False,Supplier portal,2025-12-23 07:43:18.264,V-0039,tax_id,PO250573,V-0039,27361.1,USD,0,0,0,0,0,0,0,0,0,,0,,0,Auto-approve,Claude (LLM),0.3466896290311013,8529.36,2973.0,388.0
AP-0002642,llm,,TX-0017-46110,Cobalt Analytics Group,INV-0017-002642,2025-12-18,2026-02-01,PO-252200,GBP,3305.59,661.12,3966.71,45.0,False,V-0017,C,False,Supplier portal,2025-12-23 08:13:45.568,V-0017,tax_id,PO252200,V-0017,20430.05,GBP,0,0,0,0,0,0,0,1,0,,0,High-Risk Vendor,1,Exception review,Claude (LLM),0.5076703545842178,3305.59,2967.0,347.0
AP-0003255,llm,,TX-0015-69124,Clearview Digital Inc.,INV-0015-003255,2025-12-23,2026-01-22,PO-251102,USD,2124.69,,2124.69,30.0,False,V-0015,A,True,Email,2025-12-23 08:24:01.102,V-0015,tax_id,PO251102,V-0015,9456.63,USD,0,0,0,0,0,0,0,0,0,,0,,0,Auto-approve,Claude (LLM),0.3163470873876702,2124.69,2780.0,378.0
AP-0004779,llm,,TX-0063-67062,Copperfield Systems Incorporated,INV-0063-004779,2025-12-23,2026-01-22,PO251448,USD,3715.48,306.53,4022.01,30.0,False,V-0063,E,False,Supplier portal,2025-12-23 09:21:49.646,V-0063,tax_id,PO251448,V-0063,15766.81,USD,0,0,0,0,0,0,0,0,0,,0,,0,Auto-approve,Claude (LLM),0.30063640824826826,3715.48,3004.0,375.0
AP-0003084,llm,,TX-0092-15472,Summit Resources Group,INV-0092-003084,2025-12-19,2026-01-03,PO-251877,USD,10211.86,,10211.86,15.0,False,V-0092,A,False,Supplier portal,2025-12-23 10:11:16.158,V-0092,tax_id,PO251877,V-0092,75362.5,USD,0,0,0,0,0,0,0,0,0,,0,,0,Auto-approve,Claude (LLM),0.31739390181890215,10211.86,3006.0,376.0
AP-0000303,edi,,TX-0001-43105,Evergreen Consulting Group,INV-0001-000303,2025-12-19,2026-01-03,PO-252001,INR,14989.17,2698.05,17687.22,15.0,False,V-0001,A,False,EDI,2025-12-23 11:10:26.358,V-0001,tax_id,PO252001,V-0001,54592.71,INR,0,0,0,0,0,1,0,0,0,,0,Payment Terms Mismatch,1,Exception review,Claude (LLM),0.6352636453359551,,,
AP-0001621,llm,,TX-0087-76038,Atlas Digital Ltd.,INV-0087-001621,2025-12-18,2026-02-16,PO-252144,EUR,28028.77,5886.04,33914.81,60.0,False,V-0087,D,False,Email,2025-12-23 11:19:38.242,V-0087,tax_id,PO252144,V-0087,247775.26,EUR,0,0,0,0,0,0,0,0,0,,0,,0,Auto-approve,Claude (LLM),0.3634543858045201,28028.77,2963.0,334.0
AP-0001566,edi,,TX-0017-46110,Cobalt Analytics Group,INV-0017-001566,2025-12-23,2026-01-22,PO-251799,GBP,3297.69,659.54,3957.23,30.0,False,V-0017,C,False,EDI,2025-12-23 11:56:47.283,V-0017,tax_id,PO251799,V-0017,19995.6,GBP,0,0,0,0,0,1,0,1,0,,0,Payment Terms Mismatch; High-Risk Vendor,2,Exception review,Claude (LLM),0.7010527448292179,,,
AP-0004864,llm,,TX-0081-73770,Silverline Supply Group,INV-0081-004864,2025-12-18,2026-02-16,PO-250055,USD,5904.77,,5904.77,60.0,False,V-0081,C,False,Supplier portal,2025-12-23 11:57:05.120,V-0081,tax_id,PO250055,V-0081,17547.63,USD,0,0,0,0,0,1,0,0,0,,0,Payment Terms Mismatch,1,Exception review,Claude (LLM),0.6326418708290118,5904.77,2997.0,389.0
AP-0002180,llm,,TX-0038-45747,"Beacon Analytics, Ltd.",INV-0038-002180,2025-12-23,2026-01-22,PO-252037,USD,8069.12,,8069.12,30.0,False,V-0038,C,False,Supplier portal,2025-12-23 12:40:19.363,V-0038,tax_id,PO252037,V-0038,76058.9,USD,0,0,0,0,0,0,0,0,0,,0,,0,Auto-approve,Claude (LLM),0.30957262385780476,8069.12,2980.0,392.0
AP-0001138,llm,,TX-0055-46775,Silverline Analytics Group,INV-0055-001138,2025-12-23,2026-01-22,PO-252182,SGD,7476.88,672.92,8149.8,30.0,False,V-0055,C,False,Supplier portal,2025-12-23 16:18:27.667,V-0055,tax_id,PO252182,V-0055,85040.32,SGD,0,0,0,0,0,0,0,0,0,,0,,0,Auto-approve,Claude (LLM),0.35002310074735754,7476.88,2961.0,345.0
AP-0001671,llm,,TX-0108-54358,"Summit Supply, Ltd.",INV-0108-001671,2025-12-19,2026-02-17,PO-250355,CAD,13199.9,660.0,13859.9,60.0,False,V-0108,C,False,Email,2025-12-23 17:30:04.850,V-0108,tax_id,PO250355,V-0108,75110.39,CAD,0,0,0,0,0,0,0,0,0,,0,,0,Auto-approve,Claude (LLM),0.340899248624139,13199.9,2992.0,393.0
AP-0003508,edi,,TX-0118-10046,Stonebridge Logistics Ltd.,INV-0118-003508,2025-12-22,2026-01-21,PO-251084,USD,14262.23,1176.63,15438.86,30.0,False,V-0118,C,False,EDI,2025-12-23 19:06:43.575,V-0118,tax_id,PO251084,V-0118,42593.97,USD,0,0,0,0,0,0,0,0,0,,0,,0,Auto-approve,Claude (LLM),0.3190511868704396,,,
AP-0004508,llm,,TX-0121-33255,Cobalt Systems Incorporated,INV-0121-004508,2025-12-19,2026-02-17,PO251271,USD,,,4148.48,60.0,False,V-0121,E,True,Email,2025-12-23 20:28:31.937,V-0121,tax_id,PO251271,V-0121,29300.28,USD,0,0,0,0,0,0,1,1,0,,0,Inactive Vendor; High-Risk Vendor,2,Exception review,Claude (LLM),0.6844544422916007,4148.48,2780.0,296.0
AP-0000054,llm,,TX-0064-39165,SUMMIT CONSULTING INC.,INV-0064-000054,2025-12-20,2026-01-19,PO-251149,CAD,1045.93,52.3,1098.23,30.0,False,V-0064,B,False,Supplier portal,2025-12-23 21:39:04.406,V-0064,tax_id,PO251149,V-0064,9777.63,CAD,0,0,0,0,0,0,0,0,0,,0,,0,Auto-approve,Claude (LLM),0.31879238808330246,1045.93,2999.0,374.0
AP-0004349,edi,,TX-0053-42836,Oakmont Supply Group,INV-0053-004349,2025-12-23,2026-01-22,PO-251041,SGD,99208.01,8928.72,108136.73,30.0,False,V-0053,C,False,EDI,2025-12-23 22:16:40.652,V-0053,tax_id,PO251041,V-0053,305074.81,SGD,0,0,0,0,0,0,0,0,0,,0,,0,Auto-approve,Claude (LLM),0.4144673505372557,,,
AP-0004149,llm,,TX-0135-50499,STONEBRIDGE SYSTEMS LLC,INV-0135-004149,2025-12-21,2026-01-20,PO-251675,USD,1585.17,130.78,1715.95,30.0,False,V-0135,B,False,Email,2025-12-24 01:02:58.698,V-0135,tax_id,PO251675,V-0135,7016.71,USD,0,0,0,0,0,0,0,0,0,,0,,0,Auto-approve,Claude (LLM),0.33327860311608926,1585.17,2978.0,336.0
AP-0003869,llm,,TX-0106-56495,Oakmont Analytics Inc.,INV-0106-003869,2025-12-19,2026-02-02,PO-251166,USD,16349.43,,16349.43,45.0,False,V-0106,A,False,Supplier portal,2025-12-24 01:38:46.308,V-0106,tax_id,PO251166,V-0106,102440.71,USD,0,0,0,0,0,0,0,0,0,,0,,0,Auto-approve,Claude (LLM),0.361508054793332,16349.43,2967.0,332.0
AP-0002339,llm,,TX-0054-19609,Crescent Logistics LLC,INV-0054-002339,2025-12-22,2026-01-21,PO-251111,USD,1889.71,155.9,2045.61,30.0,False,V-0054,A,False,Supplier portal,2025-12-24 07:07:33.091,V-0054,tax_id,PO251111,V-0054,6045.35,USD,0,0,0,0,0,0,0,0,0,,0,,0,Auto-approve,Claude (LLM),0.3126043009155047,1889.71,2980.0,335.0
AP-0002390,llm,,TX-0023-34364,Evergreen Systems LLC,INV-0023-002390,2025-12-21,2026-02-04,PO-252102,EUR,40544.88,8514.42,49059.3,45.0,False,V-0023,D,False,Email,2025-12-24 07:24:21.473,V-0023,tax_id,PO252102,V-0023,277876.47,EUR,0,0,0,0,0,0,0,0,0,,0,,0,Auto-approve,Claude (LLM),0.3437272788635573,40544.88,2977.0,369.0
AP-0003768,edi,,TX-0019-24934,Redwood Systems LLC,INV-0019-003768,2025-12-21,2026-02-19,PO-250436,CAD,864.58,43.23,907.81,60.0,False,V-0019,B,False,EDI,2025-12-24 09:11:08.939,V-0019,tax_id,PO250436,V-0019,10259.74,CAD,0,0,0,0,0,0,0,0,0,,0,,0,Auto-approve,Claude (LLM),0.33152848107851673,,,
AP-0003241,llm,,TX-0126-41894,"Blue Ridge Digital, LLC",INV-0126-003241,2025-12-19,2026-01-18,PO-251735,USD,41989.41,3464.13,45453.54,30.0,False,V-0126,C,False,Supplier portal,2025-12-24 12:22:33.552,V-0126,tax_id,PO251735,V-0126,187235.76,USD,0,0,0,0,0,0,0,0,0,,0,,0,Auto-approve,Claude (LLM),0.3188648658039521,41989.41,3040.0,404.0
AP-0001505,edi,,TX-0044-84195,Blue Ridge Resources LLC,INV-0044-001505,2025-12-19,2026-01-03,PO-251682,USD,5180.03,0.0,5180.03,15.0,False,V-0044,B,False,EDI,2025-12-24 12:33:08.385,V-0044,tax_id,PO251682,V-0044,15352.83,USD,0,0,0,0,0,0,0,0,0,,0,,0,Auto-approve,Claude (LLM),0.32070289905175314,,,
AP-0003446,llm,,TX-0137-44191,Pioneer Consulting Ltd.,INV-0137-000906,2025-12-24,2026-01-23,PO-251426,USD,15102.51,,15102.51,30.0,False,V-0137,A,False,Email,2025-12-24 13:03:35.195,V-0137,tax_id,PO251426,V-0137,144554.43,USD,0,0,0,0,0,0,1,0,1,,0,Inactive Vendor; Duplicate Invoice,2,Exception review,Claude (LLM),0.6414982978436428,15102.51,2971.0,333.0
AP-0003430,llm,,TX-0004-83750,Harbor Networks Ltd.,INV-0004-003430,2025-12-20,2026-01-19,PO251461,USD,2744.3,226.41,2970.71,30.0,False,V-0004,E,False,Supplier portal,2025-12-24 13:05:27.787,V-0004,tax_id,PO251461,V-0004,11761.55,USD,0,0,0,0,0,0,0,0,0,,0,,0,Auto-approve,Claude (LLM),0.31288866703830387,2744.3,3013.0,374.0
AP-0000545,edi,,TX-0112-59988,Crescent Systems Group,INV-0112-000536,2025-12-20,2026-01-19,PO-250898,USD,148780.25,0.0,148780.25,30.0,False,V-0112,C,False,EDI,2025-12-24 14:20:52.341,V-0112,tax_id,PO250898,V-0112,221677.68,USD,0,0,0,0,0,0,0,0,1,,0,Duplicate Invoice,1,Exception review,Claude (LLM),0.5966649548907701,,,
AP-0003434,llm,,TX-0049-19644,Harbor Resources LLC,INV-0049-003434,2025-12-21,2026-01-20,PO-251915,EUR,2135.05,448.36,2583.41,30.0,True,V-0049,D,False,Email,2025-12-24 14:44:03.977,V-0049,tax_id,PO251915,V-0049,17120.32,EUR,0,0,0,0,0,0,0,0,0,,0,,0,Auto-approve,Claude (LLM),0.31570427893035086,2135.05,2978.0,351.0
AP-0003685,llm,,TX-0140-96185,"Blue Ridge Operations, Inc.",INV-0140-003685,2025-12-20,2026-01-19,PO-251464,USD,6074.11,,6074.11,30.0,False,V-0140,C,False,Supplier portal,2025-12-24 14:48:31.259,V-0140,tax_id,PO251464,V-0140,17397.74,USD,0,0,0,0,0,0,0,0,0,,0,,0,Auto-approve,Claude (LLM),0.2869024696426452,6074.110000000001,3000.0,414.0
AP-0000713,llm,,TX-0091-39995,SUMMIT RESOURCES LTD.,INV-0091-000713,2025-12-24,2026-02-22,PO-251369,SGD,12614.06,1135.27,13749.33,60.0,False,V-0091,B,True,Email,2025-12-24 15:39:48.718,V-0091,tax_id,PO251369,V-0091,76564.58,SGD,0,0,0,0,0,0,0,0,0,,0,,0,Auto-approve,Claude (LLM),0.3791222894675243,12614.06,2780.0,372.0
AP-0000581,llm,,TX-0081-73770,Silverline Supply Group,INV-0081-000581,2025-12-23,2026-01-22,PO-250055,USD,1238.48,,1238.48,30.0,True,V-0081,C,False,Supplier portal,2025-12-24 21:03:51.406,V-0081,tax_id,PO250055,V-0081,17547.63,USD,0,0,0,0,0,0,0,0,0,,0,,0,Auto-approve,Claude (LLM),0.3263717194927163,1238.48,2989.0,420.0
AP-0001544,llm,,TX-0125-42798,Brightpath Resources Ltd.,INV-0125-001544,2025-12-19,2026-01-18,PO-250378,EUR,1605.64,337.19,1942.83,30.0,False,V-0125,D,True,Email,2025-12-24 21:29:07.529,V-0125,tax_id,PO250378,V-0125,21008.87,EUR,0,0,0,0,0,0,0,0,0,,0,,0,Auto-approve,Claude (LLM),0.3400176022840447,1605.64,2780.0,392.0
AP-0004333,llm,,TX-0002-28786,"Cobalt Services, LLC",INV-0002-004333,2025-12-24,2026-01-08,PO-252002,INR,1744.56,314.02,2058.58,15.0,False,V-0002,C,False,Supplier portal,2025-12-24 22:17:15.221,V-0002,tax_id,PO252002,V-0002,39520.8,INR,0,0,0,0,0,0,1,0,0,,0,Inactive Vendor,1,Exception review,Claude (LLM),0.6859151418842115,1744.56,2998.0,400.0
AP-0000358,llm,,TX-0053-42836,Oakmont Supply Group,INV-0053-000358,2025-12-23,2026-01-22,PO-251722,SGD,1872.05,168.48,2040.53,30.0,False,V-0053,C,False,Supplier portal,2025-12-24 22:37:06.257,V-0053,tax_id,PO251722,V-0053,16767.81,SGD,0,0,0,0,0,0,0,0,0,,0,,0,Auto-approve,Claude (LLM),0.3464062598593641,1872.05,2962.0,335.0
AP-0002694,llm,,TX-0105-55701,"Ironwood Analytics, Inc.",INV-0105-002694,2025-12-25,2026-02-08,PO-250689,USD,12192.5,0.0,12192.5,45.0,False,V-0105,C,False,Supplier portal,2025-12-25 04:06:49.312,V-0105,tax_id,PO250689,V-0105,34672.44,USD,0,0,0,0,0,0,0,0,0,,0,,0,Auto-approve,Claude (LLM),0.331341655295458,12192.5,2956.0,335.0
AP-0003501,llm,,TX-0117-90487,"Atlas Consulting, LLC",INV-0117-003501,2025-12-24,2026-01-08,PO-250282,CAD,15841.38,792.07,16633.45,15.0,False,V-0117,C,False,Supplier portal,2025-12-25 04:52:54.910,V-0117,tax_id,PO250282,V-0117,58463.36,CAD,0,0,0,0,0,1,0,0,0,,0,Payment Terms Mismatch,1,Exception review,Claude (LLM),0.6136065746574891,15841.38,2970.0,348.0
AP-0001893,llm,,TX-0131-83608,Copperfield Systems LLC,INV-0131-001893,2025-12-20,2026-01-19,PO-250042,USD,4121.21,,4121.21,30.0,False,V-0131,A,False,Supplier portal,2025-12-25 04:55:49.800,V-0131,tax_id,PO250042,V-0131,38013.89,USD,0,0,0,0,0,0,0,0,0,,0,,0,Auto-approve,Claude (LLM),0.3125046629923383,4121.21,2971.0,318.0
AP-0002080,llm,,TX-0086-70653,LIGHTHOUSE TECHNOLOGIES LLC,INV-0086-002080,2025-12-25,2026-02-08,PO-251841,USD,18576.04,1532.52,20108.56,45.0,False,V-0086,B,False,Supplier portal,2025-12-25 05:00:05.543,V-0086,tax_id,PO251841,V-0086,55547.53,USD,0,0,0,0,0,0,0,0,0,,0,,0,Auto-approve,Claude (LLM),0.29954548323322644,18576.04,2978.0,338.0
AP-0002685,llm,,TX-0132-11639,Atlas Supply Group,INV-0132-002685,2025-12-23,2026-02-21,PO-252131,USD,35770.94,2951.1,38722.04,60.0,False,V-0132,A,True,Email,2025-12-25 06:22:01.983,V-0132,tax_id,PO252131,V-0132,105811.67,USD,0,0,0,0,0,0,0,0,0,,0,,0,Auto-approve,Claude (LLM),0.34011360760974113,35770.94,2780.0,373.0
AP-0004789,llm,,TX-0004-83750,Harbor Networks Ltd.,INV-0004-004789,2025-12-25,2026-01-24,PO251461,USD,1835.69,151.44,1987.13,30.0,False,V-0004,E,False,Supplier portal,2025-12-25 07:42:13.173,V-0004,tax_id,PO251461,V-0004,11761.55,USD,0,0,0,0,0,0,0,0,0,,0,,0,Auto-approve,Claude (LLM),0.3157494239006022,1835.69,2995.0,356.0
AP-0002309,llm,,TX-0051-19602,Summit Digital Ltd.,INV-0051-002309,2025-12-22,2026-02-05,PO250026,INR,12634.55,2274.22,14908.77,45.0,False,V-0051,E,False,Email,2025-12-25 08:47:08.649,V-0051,tax_id,PO250026,V-0051,42345.41,INR,0,0,0,0,0,0,0,0,0,,0,,0,Auto-approve,Claude (LLM),0.3402360824861958,12634.55,3006.0,371.0
AP-0004694,llm,,VAT TX-0049-19644,Harbor Resources LLC,INV-0049-004694,2025-12-22,2026-01-21,PO-251915,EUR,1798.0,377.58,2175.58,30.0,False,V-0049,D,False,Supplier portal,2025-12-25 09:07:45.273,V-0049,tax_id,PO251915,V-0049,17120.32,EUR,0,0,0,0,0,0,0,0,0,,0,,0,Auto-approve,Claude (LLM),0.3082420883173823,1798.0,2972.0,369.0
AP-0004014,llm,,TX-0063-67062,Copperfield Systems Incorporated,INV-0063-004014,2025-12-20,2026-01-19,PO250251,USD,50252.19,4145.81,54398.0,30.0,False,V-0063,E,True,Email,2025-12-25 09:15:11.159,V-0063,tax_id,PO250251,V-0063,183737.38,USD,0,0,0,0,0,0,0,0,0,,0,,0,Auto-approve,Claude (LLM),0.3191844648296412,50252.19,2780.0,319.0
AP-0001508,llm,,TX-0065-32403,"Stonebridge Networks, Inc.",INV-0065-001508,2025-12-22,2026-01-21,PO-251677,USD,16072.2,,16072.2,30.0,False,V-0065,C,False,Supplier portal,2025-12-25 09:36:18.999,V-0065,tax_id,PO251677,V-0065,65247.52,USD,0,0,0,0,0,0,0,0,0,,0,,0,Auto-approve,Claude (LLM),0.3084525992535276,16072.2,2982.0,378.0
AP-0003026,llm,,TX-0108-54358,"Summit Supply, Ltd.",INV-0108-003026,2025-12-25,2026-02-23,PO-250355,CAD,85277.5,4263.87,89541.37,60.0,False,V-0108,C,False,Supplier portal,2025-12-25 10:01:22.237,V-0108,tax_id,PO250355,V-0108,75110.39,CAD,0,0,0,0,1,0,0,0,0,,0,Invoice Over PO,1,Exception review,Claude (LLM),0.6643665508502573,85277.5,2968.0,346.0
AP-0004932,llm,,TX-0063-67062,Copperfield Systems Incorporated,INV-0063-004932,2025-12-21,2026-01-20,PO250081,USD,2543.86,209.87,2753.73,30.0,False,V-0063,E,True,Email,2025-12-25 12:07:27.389,V-0063,tax_id,PO250081,V-0063,9134.2,USD,0,0,0,0,0,0,0,0,0,,0,,0,Auto-approve,Claude (LLM),0.2750374972355769,2543.86,2780.0,336.0
AP-0003972,edi,,TX-0135-50499,Stonebridge Systems LLC,INV-0135-003972,2025-12-22,2026-01-21,PO-251077,USD,17119.6,1412.37,18531.97,30.0,False,V-0135,B,False,EDI,2025-12-25 13:40:51.960,V-0135,tax_id,PO251077,V-0135,71952.17,USD,0,0,0,0,0,0,0,0,0,,0,,0,Auto-approve,Claude (LLM),0.3214479986458336,,,
AP-0001184,llm,,TX-0140-96185,"Blue Ridge Operations, Inc.",INV-0140-001184,2025-12-20,2026-01-19,PO-251819,USD,6887.94,,6887.94,30.0,False,V-0140,C,False,Supplier portal,2025-12-25 15:15:58.934,V-0140,tax_id,PO251819,V-0140,72785.76,USD,0,0,0,0,0,0,0,0,0,,0,,0,Auto-approve,Claude (LLM),0.30874479780716746,6887.94,2954.0,328.0
AP-0000287,llm,,TX-0115-48708,Ironwood Services Group,INV-0115-000287,2025-12-20,2026-01-04,PO-251488,EUR,3205.85,673.23,3879.08,15.0,False,V-0115,D,False,Supplier portal,2025-12-25 15:56:57.591,V-0115,tax_id,PO251488,V-0115,14438.33,EUR,0,0,0,0,0,0,0,0,0,,0,,0,Auto-approve,Claude (LLM),0.3260512243927741,3205.85,2981.0,368.0
AP-0000755,llm,,TX-0031-87911,Lighthouse Systems Incorporated,INV-0031-000755,2025-12-23,2026-01-07,PO250418,USD,35221.7,,35221.7,15.0,False,V-0031,E,False,Email,2025-12-25 20:43:06.502,V-0031,tax_id,PO250418,V-0031,97315.18,USD,0,0,0,0,0,0,0,1,0,,0,High-Risk Vendor,1,Exception review,Claude (LLM),0.43150949842036557,35221.700000000004,3010.0,376.0
AP-0001729,edi,,TX-0135-50499,Stonebridge Systems LLC,INV-0135-001729,2025-12-22,2026-01-21,PO-250150,USD,1744.2,143.9,1888.1,30.0,False,V-0135,B,False,EDI,2025-12-25 21:38:26.986,V-0135,tax_id,PO250150,V-0135,39817.76,USD,0,0,0,0,0,0,0,0,0,,0,,0,Auto-approve,Claude (LLM),0.32871912864307135,,,
AP-0002749,edi,,TX-0127-49996,Ironwood Solutions Inc.,INV-0127-002749,2025-12-21,2026-02-04,PO-252019,USD,907.25,74.85,982.1,45.0,False,V-0127,A,False,EDI,2025-12-26 02:54:51.676,V-0127,tax_id,PO252019,V-0127,12538.82,USD,0,0,0,0,0,0,0,0,0,,0,,0,Auto-approve,Claude (LLM),0.34550274753948623,,,
AP-0003197,llm,,TX-0062-17232,JUNIPER RESOURCES LTD.,INV-0062-003197,2025-12-23,2026-01-22,PO-252062,USD,319.2,,319.2,30.0,False,V-0062,B,True,Email,2025-12-26 02:58:45.981,V-0062,tax_id,PO252062,V-0062,7700.38,USD,0,0,0,0,0,0,0,0,0,,0,,0,Auto-approve,Claude (LLM),0.3535329534221956,319.2,2780.0,375.0
AP-0003116,llm,,TX-0041-11074,Juniper Advisors Ltd.,INV-0041-003116,2025-12-21,2026-02-04,PO252364,USD,2444.18,201.64,2645.82,45.0,False,V-0041,E,False,Email,2025-12-26 05:23:47.485,V-0041,tax_id,PO252364,V-0041,8903.96,USD,0,0,0,0,0,0,0,0,0,,0,,0,Auto-approve,Claude (LLM),0.34758452258299694,2444.18,3003.0,376.0
AP-0003217,llm,,TX-0105-55701,"Ironwood Analytics, Inc.",INV-0105-003217,2025-12-25,2026-02-08,PO-251076,USD,14151.93,,14151.93,45.0,False,V-0105,C,False,Supplier portal,2025-12-26 06:04:42.500,V-0105,tax_id,PO251076,V-0105,10381.67,USD,0,0,0,0,1,0,0,0,0,,0,Invoice Over PO,1,Exception review,Claude (LLM),0.632853135025086,14151.93,3002.0,382.0
AP-0003553,edi,,TX-0016-44050,Redwood Consulting LLC,INV-0016-003553,2025-12-26,2026-01-10,PO-250864,EUR,29217.49,6135.67,35353.16,15.0,False,V-0016,D,False,EDI,2025-12-26 10:50:28.696,V-0016,tax_id,PO250864,V-0016,105873.66,EUR,0,0,0,0,0,0,0,0,0,,0,,0,Auto-approve,Claude (LLM),0.3429631178258141,,,
AP-0003782,llm,,TX-0028-83716,Harbor Consulting Ltd.,INV-0028-002619,2025-12-22,2026-01-21,PO250540,GBP,2147.98,429.6,2577.58,30.0,False,V-0028,E,True,Email,2025-12-26 12:50:55.116,V-0028,tax_id,PO250540,V-0028,50366.29,GBP,0,0,0,0,0,0,1,0,1,,0,Inactive Vendor; Duplicate Invoice,2,Exception review,Claude (LLM),0.7075645227985196,2147.98,2780.0,372.0
AP-0001669,llm,,TX-0032-86220,Harbor Networks Group,INV-0032-001669,2025-12-26,2026-02-09,PO-250964,SGD,42372.58,3813.53,46186.11,45.0,False,V-0032,A,False,Supplier portal,2025-12-26 13:26:27.712,V-0032,tax_id,PO250964,V-0032,31527.49,SGD,0,0,0,0,1,0,0,0,0,,0,Invoice Over PO,1,Exception review,Claude (LLM),0.6595564249218823,42372.58,2989.0,335.0
AP-0000983,llm,,TX-0037-24439,Redwood Supply LLC,INV-0037-000983,2025-12-22,2026-01-21,PO-251961,EUR,7737.54,1624.88,9362.42,30.0,True,V-0037,D,False,Supplier portal,2025-12-26 13:56:33.451,V-0037,tax_id,PO251961,V-0037,69606.21,EUR,0,0,0,0,0,0,0,0,0,,0,,0,Auto-approve,Claude (LLM),0.31972736642016236,7737.54,3001.0,380.0
AP-0001514,llm,,TX-0086-70653,LIGHTHOUSE TECHNOLOGIES LLC,INV-0086-001514,2025-12-21,2026-02-04,PO-251840,USD,21911.95,1807.74,23719.69,45.0,False,V-0086,B,False,Supplier portal,2025-12-26 14:10:56.224,V-0086,tax_id,PO251840,V-0086,115411.94,USD,0,0,0,0,0,0,0,0,0,,0,,0,Auto-approve,Claude (LLM),0.33617415513402854,21911.95,3041.0,402.0
AP-0003849,llm,,TX-0022-47741,Lighthouse Solutions LLC,INV-0022-003849,2025-12-25,2026-02-08,PO252041,INR,1658.42,298.51,1956.93,45.0,False,V-0022,E,False,Supplier portal,2025-12-26 14:22:37.352,V-0022,tax_id,PO252041,V-0022,15204.24,USD,0,0,0,1,0,0,0,1,0,,0,Currency Mismatch; High-Risk Vendor,2,Exception review,Claude (LLM),0.6735112317729073,1658.42,3040.0,426.0
AP-0001431,llm,,TX-0006-57912,COPPERFIELD DIGITAL GROUP,INV-0006-001431,2025-12-26,2026-02-24,PO-252230,CAD,19844.01,992.2,20836.21,60.0,False,V-0006,B,True,Email,2025-12-26 18:45:39.424,V-0006,tax_id,PO252230,V-0006,55001.59,CAD,0,0,0,0,0,0,0,0,0,,0,,0,Auto-approve,Claude (LLM),0.3322437978451111,19844.01,2780.0,338.0
AP-0004936,llm,,VAT TX-0113-54591,Stonebridge Logistics Inc.,INV-0113-004936,2025-12-25,2026-02-08,PO-250738,EUR,2076.26,436.02,2512.28,45.0,False,V-0113,D,False,Supplier portal,2025-12-26 19:54:13.938,V-0113,tax_id,PO250738,V-0113,10286.72,EUR,0,0,0,0,0,0,0,0,0,,0,,0,Auto-approve,Claude (LLM),0.3512528435106395,2076.26,2997.0,396.0
AP-0002417,llm,,VAT TX-0087-76038,Atlas Digital Ltd.,INV-0087-002417,2025-12-23,2026-01-07,PO-252144,EUR,39508.26,8296.74,47805.0,15.0,False,V-0087,D,True,Email,2025-12-26 20:15:44.948,V-0087,tax_id,PO252144,V-0087,247775.26,EUR,0,0,0,0,0,1,0,0,0,,0,Payment Terms Mismatch,1,Exception review,Claude (LLM),0.638408515064334,39508.26,2780.0,337.0
AP-0001675,edi,,TX-0090-82710,Copperfield Advisors Ltd.,INV-0090-001675,2025-12-22,2026-02-05,PO-252058,USD,9018.35,0.0,9018.35,45.0,False,V-0090,B,False,EDI,2025-12-26 20:34:52.902,V-0090,tax_id,PO252058,V-0090,32756.22,USD,0,0,0,0,0,0,0,0,0,,0,,0,Auto-approve,Claude (LLM),0.3511538733960508,,,
AP-0004862,edi,,TX-0002-28786,Cobalt Services LLC,INV-0002-004862,2025-12-21,2026-01-05,PO-252002,INR,6899.44,1241.9,8141.34,15.0,False,V-0002,C,False,EDI,2025-12-26 20:54:05.832,V-0002,tax_id,PO252002,V-0002,39520.8,INR,0,0,0,0,0,0,1,0,0,,0,Inactive Vendor,1,Exception review,Claude (LLM),0.6827034912878284,,,
AP-0002897,llm,,TX-0024-91040,Evergreen Solutions Inc.,INV-0024-002897,2025-12-21,2026-01-05,PO-250086,EUR,5676.1,1191.98,6868.08,15.0,False,V-0024,D,False,Supplier portal,2025-12-26 23:04:59.014,V-0024,tax_id,PO250086,V-0024,51934.65,EUR,0,0,0,0,0,0,0,0,0,,0,,0,Auto-approve,Claude (LLM),0.3256076925695271,5676.1,2979.0,372.0
AP-0003438,llm,,TX-0029-56211,"Crescent Technologies, LLC",INV-0029-003438,2025-12-21,2026-01-05,PO-252138,USD,43874.48,3619.64,47494.12,15.0,False,V-0029,C,True,Email,2025-12-26 23:55:30.007,V-0029,tax_id,PO252138,V-0029,135876.64,USD,0,0,0,0,0,0,0,0,0,,0,,0,Auto-approve,Claude (LLM),0.31499547813982676,43874.48,2780.0,348.0
AP-0004876,llm,,TX-0037-24439,Redwood Supply LLC,INV-0037-004876,2025-12-26,2026-01-10,PO-252161,EUR,5073.53,1065.44,6138.97,15.0,False,V-0037,D,False,Supplier portal,2025-12-26 23:59:31.260,V-0037,tax_id,PO252161,V-0037,144911.1,EUR,0,0,0,0,0,1,0,0,0,,0,Payment Terms Mismatch,1,Exception review,Claude (LLM),0.6310056543162835,5073.53,2997.0,399.0
AP-0001049,edi,,TX-0085-56800,Silverline Analytics Inc.,INV-0085-001049,2025-12-25,2026-01-24,PO-251401,USD,4106.62,0.0,4106.62,30.0,False,V-0085,B,False,EDI,2025-12-27 02:04:43.920,V-0085,tax_id,PO251401,V-0085,34917.04,USD,0,0,0,0,0,0,0,0,0,,0,,0,Auto-approve,Claude (LLM),0.3384775255323587,,,
AP-0002628,llm,,VAT TX-0115-48708,Ironwood Services Group,INV-0115-002628,2025-12-22,2026-01-06,PO-250010,EUR,2193.88,460.71,2654.59,15.0,False,V-0115,D,False,Supplier portal,2025-12-27 02:31:48.035,V-0115,tax_id,PO250010,V-0115,10682.93,EUR,0,0,0,0,0,0,0,0,0,,0,,0,Auto-approve,Claude (LLM),0.34155962236995524,2193.88,2982.0,374.0
AP-0002202,edi,,TX-0009-87210,Blue Ridge Supply LLC,INV-0009-002202,2025-12-25,2026-02-08,PO-252126,USD,11982.56,0.0,11982.56,45.0,False,V-0009,B,False,EDI,2025-12-27 03:32:43.327,V-0009,tax_id,PO252126,V-0009,80788.83,USD,0,0,0,0,0,0,0,0,0,,0,,0,Auto-approve,Claude (LLM),0.3345248292290728,,,
AP-0002235,llm,,TX-0001-43105,Evergreen Consulting Group,INV-0001-002235,2025-12-25,2026-01-24,PO-251434,INR,14593.86,2626.9,17220.76,30.0,False,V-0001,A,False,Supplier portal,2025-12-27 05:15:37.605,V-0001,tax_id,PO251434,V-0001,46557.32,INR,0,0,0,0,0,0,0,0,0,,0,,0,Auto-approve,Claude (LLM),0.3098036532824298,14593.86,3047.0,383.0
AP-0004180,llm,,TX-0035-47483,Pioneer Networks Ltd.,INV-0035-004180,2025-12-23,2026-01-22,PO251581,USD,2907.49,,2907.49,30.0,False,V-0035,E,False,Supplier portal,2025-12-27 05:40:20.079,V-0035,tax_id,PO251581,V-0035,46720.81,USD,0,0,0,0,0,0,0,0,0,,0,,0,Auto-approve,Claude (LLM),0.3523006737066412,2907.49,3008.0,352.0
AP-0000558,llm,,TX-0092-15472,Summit Resources Group,INV-0092-000558,2025-12-24,2026-01-08,PO-251236,USD,39968.69,,39968.69,15.0,False,V-0092,A,False,Supplier portal,2025-12-27 05:51:08.693,V-0092,tax_id,PO251236,V-0092,159450.5,USD,0,0,0,0,0,0,0,0,0,,0,,0,Auto-approve,Claude (LLM),0.3162397823311195,39968.69,3025.0,402.0
AP-0003963,llm,,TX-0045-69725,Atlas Services LLC,INV-0045-003963,2025-12-24,2026-02-07,PO-252369,USD,4709.31,,4709.31,45.0,False,V-0045,A,False,Supplier portal,2025-12-27 05:58:44.050,V-0045,tax_id,PO252369,V-0045,13854.1,USD,0,0,0,0,0,0,0,0,0,,0,,0,Auto-approve,Claude (LLM),0.3288858625413096,4709.31,2968.0,331.0
AP-0003973,llm,,TX-0107-50949,"Silverline Advisors, Inc.",INV-0107-003973,2025-12-25,2026-02-23,PO-250140,USD,2360.32,194.73,2555.05,60.0,False,V-0107,C,True,Email,2025-12-27 07:16:33.779,V-0107,tax_id,PO250140,V-0107,20658.61,USD,0,0,0,0,0,0,0,0,0,,0,,0,Auto-approve,Claude (LLM),0.3664523120446974,2360.32,2780.0,430.0
AP-0004983,edi,,TX-0050-69493,Ironwood Services Ltd.,INV-0050-004983,2025-12-22,2026-01-21,PO-250070,USD,18325.14,0.0,18325.14,30.0,False,V-0050,A,False,EDI,2025-12-27 07:43:11.585,V-0050,tax_id,PO250070,V-0050,70447.52,USD,0,0,0,0,0,0,0,0,0,,0,,0,Auto-approve,Claude (LLM),0.3356358203114219,,,
AP-0002185,edi,,TX-0064-39165,Summit Consulting Inc.,INV-0064-002185,2025-12-23,2026-01-22,PO-251972,CAD,28985.21,1449.26,30434.47,30.0,False,V-0064,B,False,EDI,2025-12-27 09:34:19.576,V-0064,tax_id,PO251972,V-0064,93928.8,CAD,0,0,0,0,0,0,0,0,0,,0,,0,Auto-approve,Claude (LLM),0.3274371841627536,,,
AP-0004751,llm,,TX-0047-37316,Stonebridge Advisors Group,INV-0047-004751,2025-12-27,2026-02-10,PO-252344,EUR,1197.39,251.45,1448.84,45.0,False,V-0047,D,False,Supplier portal,2025-12-27 10:07:33.351,V-0047,tax_id,PO252344,V-0047,9652.86,EUR,0,0,0,0,0,1,0,0,0,,0,Payment Terms Mismatch,1,Exception review,Claude (LLM),0.6253226844081868,1197.39,2981.0,372.0
AP-0004090,llm,,TX-0112-59988,Crescent Systems Group,INV-0112-004090,2025-12-23,2026-01-22,PO-250898,USD,28529.63,,28529.63,30.0,False,V-0112,C,False,Supplier portal,2025-12-27 10:19:48.410,V-0112,tax_id,PO250898,V-0112,221677.68,USD,0,0,0,0,0,0,0,0,0,,0,,0,Auto-approve,Claude (LLM),0.3059477000947553,28529.63,2953.0,326.0
AP-0003942,edi,,TX-0006-57912,Copperfield Digital Group,INV-0006-003942,2025-12-22,2026-02-20,PO-250510,CAD,62824.6,3141.23,65965.83,60.0,False,V-0006,B,False,EDI,2025-12-27 10:43:30.173,V-0006,tax_id,PO250510,V-0006,54927.98,CAD,0,0,0,0,1,0,0,0,0,,0,Invoice Over PO,1,Exception review,Claude (LLM),0.604088675666733,,,
AP-0002842,llm,,TX-0055-46775,Silverline Analytics Group,INV-0055-002842,2025-12-24,2026-01-23,PO-252182,SGD,20162.29,1814.61,21976.9,30.0,False,V-0055,C,False,Email,2025-12-27 12:42:01.490,V-0055,tax_id,PO252182,V-0055,85040.32,SGD,0,0,0,0,0,0,0,0,0,,0,,0,Auto-approve,Claude (LLM),0.35463277286988837,20162.29,2963.0,335.0
AP-0003390,llm,,TX-0042-54837,HARBOR SERVICES GROUP,INV-0042-003390,2025-12-26,2026-02-24,PO-250570,USD,1366.85,,1366.85,60.0,False,V-0042,B,False,Email,2025-12-27 14:47:31.656,V-0042,tax_id,PO250570,V-0042,20022.47,USD,0,0,0,0,0,0,0,0,0,,0,,0,Auto-approve,Claude (LLM),0.36356297299308776,1366.85,2980.0,353.0
AP-0000641,llm,,TX-0097-36111,Clearview Analytics Ltd.,INV-0097-000641,2025-12-23,2026-02-06,PO-251282,GBP,2306.03,461.21,2767.24,45.0,False,V-0097,A,False,Supplier portal,2025-12-27 17:37:29.595,V-0097,tax_id,PO251282,V-0097,8464.86,GBP,0,0,0,0,0,0,0,0,0,,0,,0,Auto-approve,Claude (LLM),0.3954625251617384,2306.03,3002.0,338.0
AP-0003833,llm,,TX-0014-36758,Summit Logistics Grp,INV-0014-001337,2025-12-22,2026-01-21,PO250151,USD,,,1877.05,30.0,False,V-0014,E,True,Email,2025-12-27 18:29:10.083,V-0014,tax_id,PO250151,V-0014,27385.43,USD,0,0,0,0,0,0,0,0,1,,0,Duplicate Invoice,1,Exception review,Claude (LLM),0.5437037505798149,1877.05,2780.0,313.0
AP-0004854,llm,,TX-0104-57614,Oakmont Operations Group,INV-0104-004854,2025-12-26,2026-01-10,PO-252091,USD,3817.87,,3817.87,15.0,False,V-0104,C,False,Supplier portal,2025-12-27 18:33:31.180,V-0104,tax_id,PO252091,V-0104,11682.06,USD,0,0,0,0,0,0,0,0,0,,0,,0,Auto-approve,Claude (LLM),0.3226340964854103,3817.87,2951.0,315.0
AP-0003097,edi,,TX-0096-18776,Copperfield Systems Group,INV-0096-003097,2025-12-23,2026-02-21,PO-251328,CAD,78794.35,3939.72,82734.07,60.0,False,V-0096,A,False,EDI,2025-12-27 18:34:41.571,V-0096,tax_id,PO251328,V-0096,70954.41,CAD,0,0,0,0,1,1,0,0,0,,0,Invoice Over PO; Payment Terms Mismatch,2,Exception review,Claude (LLM),0.7039335897404108,,,
AP-0003384,llm,,TX-0119-27534,Evergreen Systems Grp,INV-0119-003384,2025-12-22,2026-01-21,PO251419,USD,67310.83,5553.14,72863.97,30.0,False,V-0119,E,False,Supplier portal,2025-12-27 18:48:45.832,V-0119,tax_id,PO251419,V-0119,330449.68,USD,0,0,0,0,0,0,0,0,0,,0,,0,Auto-approve,Claude (LLM),0.3593024529137285,67310.83,2983.0,339.0
AP-0002649,edi,,TX-0083-82789,Pioneer Services Group,INV-0083-002649,2025-12-27,2026-01-26,PO-251412,USD,15411.24,1271.43,16682.67,30.0,False,V-0083,B,False,EDI,2025-12-27 18:50:59.975,V-0083,tax_id,PO251412,V-0083,46553.28,USD,0,0,0,0,0,1,0,0,0,,0,Payment Terms Mismatch,1,Exception review,Claude (LLM),0.6048952127123772,,,
AP-0002518,llm,,TX-0025-19498,OAKMONT SUPPLY GROUP,INV-0025-002518,2025-12-23,2026-02-21,PO-250162,USD,4750.92,391.95,5142.87,60.0,False,V-0025,B,False,Email,2025-12-27 19:07:24.420,V-0025,tax_id,PO250162,V-0025,14782.05,USD,0,0,0,0,0,0,0,0,0,,0,,0,Auto-approve,Claude (LLM),0.33618262946344835,4750.92,2976.0,339.0
AP-0003252,llm,,TX-0120-96327,Oakmont Advisors Group,INV-0120-003252,2025-12-23,2026-01-22,PO-250366,CAD,8512.76,425.64,8938.4,30.0,False,V-0120,C,False,Supplier portal,2025-12-27 19:33:35.800,V-0120,tax_id,PO250366,V-0120,32811.93,CAD,0,0,0,0,0,0,0,0,0,,0,,0,Auto-approve,Claude (LLM),0.3200086254090108,8512.76,2995.0,376.0
AP-0002689,edi,,TX-0077-86128,Cobalt Operations LLC,INV-0077-002689,2025-12-22,2026-02-20,PO-250108,USD,43395.62,0.0,43395.62,60.0,False,V-0077,B,False,EDI,2025-12-27 19:43:26.810,V-0077,tax_id,PO250108,V-0077,255775.11,USD,0,0,0,0,0,1,0,0,0,,0,Payment Terms Mismatch,1,Exception review,Claude (LLM),0.591517565131662,,,
AP-0000637,llm,,TX-0059-74622,Pioneer Solutions Group,INV-0059-000637,2025-12-25,2026-02-08,PO-251186,USD,6388.06,527.02,6915.08,45.0,False,V-0059,A,False,Supplier portal,2025-12-27 21:09:21.178,V-0059,tax_id,PO251186,V-0059,28161.33,USD,0,0,0,0,0,0,1,0,0,,0,Inactive Vendor,1,Exception review,Claude (LLM),0.592946701086936,6388.06,2996.0,370.0
AP-0004675,llm,,TX-0084-70345,Redwood Supply LLC,INV-0084-004675,2025-12-22,2026-01-21,PO-250272,EUR,8643.04,1815.04,10458.08,30.0,False,V-0084,D,False,Email,2025-12-27 21:44:56.743,V-0084,tax_id,PO250272,V-0084,62432.47,EUR,0,0,0,0,0,0,0,0,0,,0,,0,Auto-approve,Claude (LLM),0.32549545052779116,8643.04,2997.0,397.0
AP-0000051,llm,,VAT TX-0049-19644,Harbor Resources LLC,INV-0049-000051,2025-12-26,2026-01-25,PO-250477,EUR,3254.16,683.37,3937.53,30.0,False,V-0049,D,False,Supplier portal,2025-12-27 23:08:06.294,V-0049,tax_id,PO250477,V-0049,14553.34,EUR,0,0,0,0,0,0,0,0,0,,0,,0,Auto-approve,Claude (LLM),0.3314533706049417,3254.1600000000003,2973.0,369.0
AP-0002556,llm,,TX-0118-10046,"Stonebridge Logistics, Ltd.",INV-0118-002556,2025-12-27,2026-01-26,PO-251084,USD,9390.23,774.69,10164.92,30.0,False,V-0118,C,False,Email,2025-12-27 23:59:30.186,V-0118,tax_id,PO251084,V-0118,42593.97,USD,0,0,0,0,0,0,0,0,0,,0,,0,Auto-approve,Claude (LLM),0.32930311556026254,9390.23,3013.0,400.0
AP-0004157,edi,,TX-0102-39905,Blue Ridge Analytics Inc.,INV-0102-004157,2025-12-28,2026-01-12,PO-251392,EUR,2070.23,434.75,2504.98,15.0,False,V-0102,D,False,EDI,2025-12-28 00:02:08.427,V-0102,tax_id,PO251392,V-0102,54239.91,EUR,0,0,0,0,0,0,0,0,0,,0,,0,Auto-approve,Claude (LLM),0.313356045781226,,,
AP-0003266,llm,,TX-0061-83099,"Copperfield Services, Inc.",INV-0061-003266,2025-12-24,2026-01-23,PO-251480,USD,22962.05,,22962.05,30.0,False,V-0061,C,False,Supplier portal,2025-12-28 02:21:31.444,V-0061,tax_id,PO251480,V-0061,118328.65,USD,0,0,0,0,0,0,0,0,0,,0,,0,Auto-approve,Claude (LLM),0.33923714488163087,22962.05,3006.0,415.0
AP-0003873,llm,,TX-0007-69764,Redwood Logistics Ltd.,INV-0007-003873,2025-12-26,2026-01-10,PO-250437,INR,2424.07,436.33,2860.4,15.0,False,V-0007,A,False,Supplier portal,2025-12-28 03:07:41.010,V-0007,tax_id,PO250437,V-0007,12842.91,INR,0,0,0,0,0,0,0,0,0,,0,,0,Auto-approve,Claude (LLM),0.34462012979798307,2424.07,3031.0,396.0
AP-0003658,edi,,TX-0090-82710,Copperfield Advisors Ltd.,INV-0090-003658,2025-12-24,2026-02-07,PO-251828,USD,31953.48,0.0,31953.48,45.0,False,V-0090,B,False,EDI,2025-12-28 04:59:25.377,V-0090,tax_id,PO251828,V-0090,264389.51,USD,0,0,0,0,0,0,0,0,0,,0,,0,Auto-approve,Claude (LLM),0.347654157616911,,,
AP-0004469,llm,,TX-0089-88461,Atlas Supply LLC,INV-0089-004469,2025-12-25,2026-02-08,PO250031,CAD,2430.7,121.53,2552.23,45.0,False,V-0089,E,False,Supplier portal,2025-12-28 06:06:51.715,V-0089,tax_id,PO250031,V-0089,15788.09,CAD,0,0,0,0,0,0,0,0,0,,0,,0,Auto-approve,Claude (LLM),0.34374748504475466,2430.7,2982.0,332.0
AP-0000459,llm,,TX-0054-19609,Crescent Logistics LLC,INV-0054-000459,2025-12-25,2026-01-24,PO-250127,USD,1090.56,89.97,1180.53,30.0,False,V-0054,A,False,Supplier portal,2025-12-28 08:15:38.071,V-0054,tax_id,PO250127,V-0054,12164.06,USD,0,0,0,0,0,0,0,0,0,,0,,0,Auto-approve,Claude (LLM),0.3205729146593634,1090.56,2982.0,335.0
AP-0001615,llm,,TX-0131-83608,Copperfield Systems LLC,INV-0131-001615,2025-12-24,2026-01-23,PO-250735,USD,3519.9,,3519.9,30.0,False,V-0131,A,True,Email,2025-12-28 12:18:12.883,V-0131,tax_id,PO250735,V-0131,10656.36,USD,0,0,0,0,0,0,0,0,0,,0,,0,Auto-approve,Claude (LLM),0.3215401567616616,3519.9,2780.0,359.0
AP-0004720,llm,,TX-0102-39905,Blue Ridge Analytics Inc.,INV-0102-004720,2025-12-27,2026-01-11,PO-251195,EUR,11416.17,2397.39,13813.56,15.0,False,V-0102,D,False,Supplier portal,2025-12-28 12:35:24.997,V-0102,tax_id,PO251195,V-0102,105504.57,EUR,0,0,0,0,0,0,0,0,0,,0,,0,Auto-approve,Claude (LLM),0.3307118934463483,11416.17,2965.0,336.0
AP-0000064,llm,,TX-0120-96327,Oakmont Advisors Group,INV-0120-000064,2025-12-27,2026-01-26,PO-250803,CAD,3747.64,187.38,3935.02,30.0,False,V-0120,C,False,Supplier portal,2025-12-28 16:35:59.967,V-0120,tax_id,PO250803,V-0120,16202.83,CAD,0,0,0,0,0,0,0,0,0,,0,,0,Auto-approve,Claude (LLM),0.3064838554204381,3747.64,2990.0,371.0
AP-0000852,llm,,VAT TX-0113-54591,Stonebridge Logistics Inc.,INV-0113-000852,2025-12-26,2026-02-09,PO-251406,EUR,72707.4,15268.56,87975.96,45.0,False,V-0113,D,False,Supplier portal,2025-12-28 16:42:58.604,V-0113,tax_id,PO251406,V-0113,341370.8,EUR,0,0,0,0,0,0,0,0,0,,0,,0,Auto-approve,Claude (LLM),0.3770363857300334,72707.4,2990.0,375.0
AP-0000735,llm,,TX-0038-45747,"Beacon Analytics, Ltd.",INV-0038-000735,2025-12-28,2026-01-12,PO-251181,USD,5336.4,,5336.4,15.0,False,V-0038,C,False,Supplier portal,2025-12-28 17:44:03.156,V-0038,tax_id,PO251181,V-0038,33796.61,USD,0,0,0,0,0,1,0,0,0,,0,Payment Terms Mismatch,1,Exception review,Claude (LLM),0.627124909247636,5336.4,2999.0,409.0
AP-0002969,llm,,TX-0028-83716,Harbor Consulting Ltd.,INV-0028-002969,2025-12-28,2026-01-27,PO251100,GBP,32910.12,6582.03,39492.15,30.0,False,V-0028,E,False,Supplier portal,2025-12-28 19:26:35.000,V-0028,tax_id,PO251100,V-0028,32005.31,GBP,0,0,0,0,1,0,1,0,0,,0,Invoice Over PO; Inactive Vendor,2,Exception review,Claude (LLM),0.7504629720474943,32910.119999999995,3024.0,400.0
AP-0003580,llm,,TX-0093-95568,CLEARVIEW SYSTEMS INC.,INV-0093-003580,2025-12-28,2026-01-12,PO-251917,USD,15153.34,1250.15,16403.49,15.0,False,V-0093,B,False,Supplier portal,2025-12-28 20:05:27.570,V-0093,tax_id,PO251917,V-0093,50857.57,USD,0,0,0,0,0,0,0,0,0,,0,,0,Auto-approve,Claude (LLM),0.3188551218621002,15153.34,2980.0,341.0
AP-0003936,llm,,TX-0073-32545,PIONEER PARTNERS LTD.,INV-0073-003936,2025-12-26,2026-01-25,PO-251221,USD,,,38546.04,30.0,False,V-0073,B,True,Email,2025-12-28 21:35:12.299,V-0073,tax_id,PO251221,V-0073,152907.45,USD,0,0,0,0,0,0,0,0,0,,0,,0,Auto-approve,Claude (LLM),0.34769733195295127,38546.04,2780.0,276.0
AP-0001300,llm,,TX-0136-10386,Clearview Services Inc.,INV-0136-001300,2025-12-25,2026-02-08,PO-251298,SGD,5107.99,459.72,5567.71,45.0,False,V-0136,A,False,Supplier portal,2025-12-28 22:39:16.065,V-0136,tax_id,PO251298,V-0136,61777.61,SGD,0,0,0,0,0,0,0,1,0,,0,High-Risk Vendor,1,Exception review,Claude (LLM),0.4700010146162122,5107.99,2991.0,334.0
AP-0004332,llm,,VAT TX-0138-43552,Atlas Partners Group,INV-0138-004332,2025-12-26,2026-01-25,PO-250890,EUR,18292.83,3841.5,22134.33,30.0,False,V-0138,D,False,Supplier portal,2025-12-29 00:23:05.770,V-0138,tax_id,PO250890,V-0138,62344.11,EUR,0,0,0,0,0,0,0,1,0,,0,High-Risk Vendor,1,Exception review,Claude (LLM),0.4117806821263941,18292.83,2999.0,397.0
AP-0000873,llm,,TX-0133-30576,Cobalt Partners Group,INV-0133-000873,2025-12-24,2026-02-07,PO-250527,USD,27067.85,,27067.85,45.0,False,V-0133,C,False,Supplier portal,2025-12-29 01:09:30.469,V-0133,tax_id,PO250527,V-0133,192189.99,USD,0,0,0,0,0,0,0,0,0,,0,,0,Auto-approve,Claude (LLM),0.3582598959970944,27067.85,2995.0,410.0
AP-0003405,llm,,TX-0051-19602,Summit Digital Ltd.,INV-0051-003405,2025-12-29,2026-02-12,PO250026,INR,6941.53,1249.47,8191.0,45.0,False,V-0051,E,True,Email,2025-12-29 02:18:28.825,V-0051,tax_id,PO250026,V-0051,42345.41,INR,0,0,0,0,0,0,0,0,0,,0,,0,Auto-approve,Claude (LLM),0.33991426919607154,6941.53,2780.0,377.0
AP-0002760,edi,,TX-0011-62098,Oakmont Solutions LLC,INV-0011-002760,2025-12-24,2026-01-23,PO-250084,USD,3673.44,0.0,3673.44,30.0,False,V-0011,B,False,EDI,2025-12-29 06:01:59.445,V-0011,tax_id,PO250084,V-0011,24636.98,USD,0,0,0,0,0,0,0,0,0,,0,,0,Auto-approve,Claude (LLM),0.3125974185121981,,,
AP-0003090,llm,,TX-0137-44191,Pioneer Consulting Ltd.,INV-0137-003090,2025-12-25,2026-01-24,PO-252347,USD,1163.17,,1163.17,30.0,False,V-0137,A,False,Supplier portal,2025-12-29 06:08:26.162,V-0137,tax_id,PO252347,V-0137,3249.28,USD,0,0,0,0,0,0,1,0,0,,0,Inactive Vendor,1,Exception review,Claude (LLM),0.5975280097054008,1163.17,2979.0,347.0
AP-0002149,llm,,TX-0001-43105,Evergreen Consulting Group,INV-0001-002149,2025-12-24,2026-01-23,PO-252366,INR,989.69,178.14,1167.83,30.0,False,V-0001,A,False,Supplier portal,2025-12-29 06:18:49.899,V-0001,tax_id,PO252366,V-0001,11852.48,INR,0,0,0,0,0,0,0,0,0,,0,,0,Auto-approve,Claude (LLM),0.3303387710426785,989.69,3008.0,372.0
AP-0000093,llm,,TX-0115-48708,Ironwood Services Group,INV-0115-000093,2025-12-24,2026-01-08,PO-251686,EUR,41052.94,8621.12,49674.06,15.0,False,V-0115,D,False,Supplier portal,2025-12-29 07:00:37.222,V-0115,tax_id,PO251686,V-0115,164573.75,EUR,0,0,0,0,0,0,0,0,0,,0,,0,Auto-approve,Claude (LLM),0.3338569250221709,41052.94,2988.0,374.0
AP-0001686,llm,,TX-0073-32545,PIONEER PARTNERS LTD.,INV-0073-001686,2025-12-27,2026-01-26,PO-250551,USD,6511.24,,6511.24,30.0,False,V-0073,B,False,Supplier portal,2025-12-29 08:05:10.351,V-0073,tax_id,PO250551,V-0073,155895.9,USD,0,0,0,0,0,0,0,0,0,,0,,0,Auto-approve,Claude (LLM),0.33296936591218057,6511.24,3010.0,382.0
AP-0003024,llm,,TX-0011-62098,OAKMONT SOLUTIONS LLC,INV-0011-003024,2025-12-26,2026-01-10,PO-250715,USD,31236.5,,31236.5,15.0,False,V-0011,B,False,Supplier portal,2025-12-29 08:33:40.767,V-0011,tax_id,PO250715,V-0011,88280.23,USD,0,0,0,0,0,1,0,0,0,,0,Payment Terms Mismatch,1,Exception review,Claude (LLM),0.6484734055018196,31236.5,3008.0,381.0
AP-0003420,edi,,TX-0130-24969,Harbor Technologies Ltd.,INV-0130-003420,2025-12-29,2026-02-27,PO-252128,EUR,24330.05,5109.31,29439.36,60.0,False,V-0130,D,False,EDI,2025-12-29 08:51:30.298,V-0130,tax_id,PO252128,V-0130,79758.16,EUR,0,0,0,0,0,0,0,0,0,,0,,0,Auto-approve,Claude (LLM),0.33550680773295855,,,
AP-0004640,edi,,TX-0035-47483,Pioneer Networks Ltd.,INV-0035-004640,2025-12-25,2026-01-24,PO-251267,USD,14987.79,0.0,14987.79,30.0,False,V-0035,E,False,EDI,2025-12-29 08:52:16.695,V-0035,tax_id,PO251267,V-0035,40063.91,USD,0,0,0,0,0,0,0,0,0,,0,,0,Auto-approve,Claude (LLM),0.3420442034618955,,,
AP-0002609,llm,,TX-0020-45960,Copperfield Partners Group,INV-0020-002609,2025-12-26,2026-02-24,PO-250232,USD,24670.76,,24670.76,60.0,False,V-0020,C,False,Email,2025-12-29 09:33:08.956,V-0020,tax_id,PO250232,V-0020,79506.26,USD,0,0,0,0,0,0,0,1,0,,0,High-Risk Vendor,1,Exception review,Claude (LLM),0.43728268962746947,24670.76,2995.0,411.0
AP-0004942,llm,,TX-0133-30576,Cobalt Partners Group,INV-0133-004942,2025-12-27,2026-02-10,PO-250677,USD,12452.79,,12452.79,45.0,False,V-0133,C,False,Supplier portal,2025-12-29 10:54:56.727,V-0133,tax_id,PO250677,V-0133,99286.25,USD,0,0,0,0,0,0,0,0,0,,0,,0,Auto-approve,Claude (LLM),0.35667802495159917,12452.79,2995.0,410.0
AP-0000338,edi,,TX-0125-42798,Brightpath Resources Ltd.,INV-0125-000338,2025-12-29,2026-01-13,PO-250378,EUR,4989.53,1047.8,6037.33,15.0,False,V-0125,D,False,EDI,2025-12-29 10:59:55.506,V-0125,tax_id,PO250378,V-0125,21008.87,EUR,0,0,0,0,0,1,0,0,0,,0,Payment Terms Mismatch,1,Exception review,Claude (LLM),0.621216868844107,,,
AP-0002004,llm,,TX-0070-80671,Beacon Services LLC,INV-0070-002004,2025-12-26,2026-02-24,PO-251674,USD,6608.9,,6608.9,60.0,False,V-0070,A,False,Email,2025-12-29 12:32:45.472,V-0070,tax_id,PO251674,V-0070,38528.88,USD,0,0,0,0,0,1,0,0,0,,0,Payment Terms Mismatch,1,Exception review,Claude (LLM),0.6261543948377201,6608.9,3009.0,380.0
AP-0000594,edi,,TX-0137-44191,Pioneer Consulting Ltd.,INV-0137-000594,2025-12-25,2026-01-24,PO-252347,USD,225.85,0.0,225.85,30.0,False,V-0137,A,False,EDI,2025-12-29 12:41:21.384,V-0137,tax_id,PO252347,V-0137,3249.28,USD,0,0,0,0,0,0,1,0,0,,0,Inactive Vendor,1,Exception review,Claude (LLM),0.5953923145220397,,,
AP-0001325,llm,,TX-0100-21510,Summit Logistics Incorporated,INV-0100-001325,2025-12-28,2026-01-27,PO252133,USD,55353.31,,55353.31,30.0,False,V-0100,E,False,Supplier portal,2025-12-29 12:58:21.416,V-0100,tax_id,PO252133,V-0100,145882.53,USD,0,0,0,0,0,0,0,0,0,,0,,0,Auto-approve,Claude (LLM),0.299980652461919,55353.310000000005,2992.0,354.0
AP-0000098,edi,,TX-0073-32545,Pioneer Partners Ltd.,INV-0073-000098,2025-12-24,2026-01-23,PO-251221,USD,24897.24,0.0,24897.24,30.0,False,V-0073,B,False,EDI,2025-12-29 13:13:09.271,V-0073,tax_id,PO251221,V-0073,152907.45,USD,0,0,0,0,0,0,0,0,0,,0,,0,Auto-approve,Claude (LLM),0.33852674216096545,,,
AP-0001785,llm,,TX-0015-69124,Clearview Digital Inc.,INV-0015-001785,2025-12-29,2026-01-28,PO-251059,USD,46031.44,,46031.44,30.0,False,V-0015,A,False,Supplier portal,2025-12-29 13:59:09.765,V-0015,tax_id,PO251059,V-0015,129078.95,USD,0,0,0,0,0,0,0,0,0,,0,,0,Auto-approve,Claude (LLM),0.2971504873841139,46031.44,2994.0,354.0
AP-0000952,llm,,TX-0016-44050,Redwood Consulting LLC,INV-0016-000952,2025-12-28,2026-01-12,PO-250864,EUR,8817.11,1851.59,10668.7,15.0,False,V-0016,D,False,Supplier portal,2025-12-29 13:59:13.296,V-0016,tax_id,PO250864,V-0016,105873.66,EUR,0,0,0,0,0,0,0,0,0,,0,,0,Auto-approve,Claude (LLM),0.32658346449333625,8817.11,3003.0,400.0
AP-0003407,llm,,TX-0090-82710,COPPERFIELD ADVISORS LTD.,INV-0090-003407,2025-12-24,2026-02-07,PO-252058,USD,11842.92,,11842.92,45.0,False,V-0090,B,False,Supplier portal,2025-12-29 14:22:03.198,V-0090,tax_id,PO252058,V-0090,32756.22,USD,0,0,0,0,0,0,0,0,0,,0,,0,Auto-approve,Claude (LLM),0.34521244718907296,11842.92,2970.0,320.0
AP-0004254,llm,,TX-0054-19609,Crescent Logistics LLC,INV-0054-004254,2025-12-25,2026-01-24,PO-251052,USD,38799.29,3200.94,42000.23,30.0,False,V-0054,A,True,Email,2025-12-29 15:36:05.671,V-0054,tax_id,PO251052,V-0054,122922.31,USD,0,0,0,0,0,0,0,0,0,,0,,0,Auto-approve,Claude (LLM),0.32402853104048984,38799.29,2780.0,427.0
AP-0003862,llm,,TX-0107-50949,"Silverline Advisors, Inc.",INV-0107-003862,2025-12-27,2026-02-25,PO-252050,USD,2999.6,247.47,3247.07,60.0,False,V-0107,C,False,Supplier portal,2025-12-29 16:05:30.583,V-0107,tax_id,PO252050,V-0107,33145.87,USD,0,0,0,0,0,0,0,0,0,,0,,0,Auto-approve,Claude (LLM),0.3518157606259548,2999.6000000000004,3011.0,383.0
AP-0004086,llm,,VAT TX-0049-19644,Harbor Resources LLC,INV-0049-004086,2025-12-26,2026-01-25,PO-250565,EUR,6422.03,1348.63,7770.66,30.0,False,V-0049,D,False,Email,2025-12-29 16:43:39.685,V-0049,tax_id,PO250565,V-0049,22812.83,EUR,0,0,0,0,0,0,0,0,0,,0,,0,Auto-approve,Claude (LLM),0.34096226235286786,6422.030000000001,2993.0,397.0
AP-0001573,llm,,TX-0081-73770,Silverline Supply Group,INV-0081-001573,2025-12-28,2026-01-27,PO-250291,USD,149821.81,,149821.81,30.0,False,V-0081,C,False,Supplier portal,2025-12-29 17:51:48.023,V-0081,tax_id,PO250291,V-0081,462953.15,USD,0,0,0,0,0,0,0,0,0,,0,,0,Auto-approve,Claude (LLM),0.4152053268034966,149821.81,2976.0,352.0
AP-0003360,llm,,TX-0102-39905,Blue Ridge Analytics Inc.,INV-0102-003360,2025-12-26,2026-01-10,PO-251392,EUR,8576.07,1800.97,10377.04,15.0,False,V-0102,D,False,Email,2025-12-29 19:04:02.390,V-0102,tax_id,PO251392,V-0102,54239.91,EUR,0,0,0,0,0,0,0,0,0,,0,,0,Auto-approve,Claude (LLM),0.3053586009255154,8576.07,3001.0,381.0
AP-0002859,llm,,TX-0043-75924,Crescent Analytics Grp,INV-0043-002859,2025-12-25,2026-02-23,PO251773,USD,,,5183.84,60.0,False,V-0043,E,True,Email,2025-12-29 20:06:11.752,V-0043,tax_id,PO251773,V-0043,34840.84,USD,0,0,0,0,0,0,0,0,0,,0,,0,Auto-approve,Claude (LLM),0.34379079215417746,5183.84,2780.0,360.0
AP-0003594,llm,,TX-0114-88629,Beacon Logistics Group,INV-0114-003594,2025-12-25,2026-01-24,PO-251650,USD,28572.4,2357.22,30929.62,30.0,False,V-0114,A,False,Email,2025-12-29 20:13:34.193,V-0114,tax_id,PO251650,V-0114,82848.7,USD,0,0,0,0,0,0,0,0,0,,0,,0,Auto-approve,Claude (LLM),0.3127212281228292,28572.4,2986.0,338.0
AP-0003074,edi,,TX-0029-56211,Crescent Technologies LLC,INV-0029-003074,2025-12-26,2026-01-10,PO-252138,USD,35586.41,2935.88,38522.29,15.0,False,V-0029,C,False,EDI,2025-12-29 22:04:51.885,V-0029,tax_id,PO252138,V-0029,135876.64,USD,0,0,0,0,0,0,0,0,0,,0,,0,Auto-approve,Claude (LLM),0.31234021383686006,,,
AP-0000632,llm,,TX-0050-69493,Ironwood Services Ltd.,INV-0050-000632,2025-12-29,2026-01-28,PO-252341,USD,24054.91,,24054.91,30.0,False,V-0050,A,True,Email,2025-12-29 23:19:15.388,V-0050,tax_id,PO252341,V-0050,71988.14,USD,0,0,0,0,0,0,0,0,0,,0,,0,Auto-approve,Claude (LLM),0.33800480023516544,24054.91,2780.0,352.0
AP-0001706,llm,,TX-0131-83608,Copperfield Systems LLC,INV-0131-001706,2025-12-27,2026-01-26,PO-250735,USD,1792.14,,1792.14,30.0,False,V-0131,A,False,Supplier portal,2025-12-30 00:17:27.490,V-0131,tax_id,PO250735,V-0131,10656.36,USD,0,0,0,0,0,0,0,0,0,,0,,0,Auto-approve,Claude (LLM),0.31846425889592855,1792.14,2987.0,354.0
AP-0003121,llm,,TX-0138-43552,Atlas Partners Group,INV-0138-003121,2025-12-28,2026-02-11,PO-251068,EUR,4650.1,976.52,5626.62,45.0,False,V-0138,D,False,Supplier portal,2025-12-30 03:07:32.454,V-0138,tax_id,PO251068,V-0138,30511.99,EUR,0,0,0,0,0,1,0,1,0,,0,Payment Terms Mismatch; High-Risk Vendor,2,Exception review,Claude (LLM),0.6463563416068608,4650.1,2964.0,331.0
AP-0001899,llm,,TX-0065-32403,"Stonebridge Networks, Inc.",INV-0065-001899,2025-12-28,2026-01-27,PO-251728,USD,8024.27,,8024.27,30.0,False,V-0065,C,True,Email,2025-12-30 03:45:58.291,V-0065,tax_id,PO251728,V-0065,27165.03,USD,0,0,0,0,0,0,0,0,0,,0,,0,Auto-approve,Claude (LLM),0.29502760305048653,8024.27,2780.0,337.0
AP-0002653,llm,,TX-0083-82789,PIONEER SERVICES GROUP,INV-0083-002653,2025-12-30,2026-01-14,PO-250229,USD,3834.09,316.31,4150.4,15.0,False,V-0083,B,False,Supplier portal,2025-12-30 04:03:25.142,V-0083,tax_id,PO250229,V-0083,54402.16,USD,0,0,0,0,0,0,0,0,0,,0,,0,Auto-approve,Claude (LLM),0.29377367821070577,3834.09,3034.0,429.0
AP-0000875,llm,,TX-0053-42836,Oakmont Supply Group,INV-0053-000875,2025-12-28,2026-01-27,PO-250248,SGD,41247.68,3712.29,44959.97,30.0,False,V-0053,C,False,Email,2025-12-30 04:31:16.416,V-0053,tax_id,PO250248,V-0053,121543.14,SGD,0,0,0,0,0,0,0,0,0,,0,,0,Auto-approve,Claude (LLM),0.3188114752027159,41247.68,3032.0,396.0
AP-0004066,llm,,TX-0136-10386,Clearview Services Inc.,INV-0136-004066,2025-12-27,2026-02-10,PO-251805,SGD,8421.76,757.96,9179.72,45.0,False,V-0136,A,False,Supplier portal,2025-12-30 05:27:33.034,V-0136,tax_id,PO251805,V-0136,50527.52,SGD,0,0,0,0,0,0,0,1,0,,0,High-Risk Vendor,1,Exception review,Claude (LLM),0.46540765562236514,8421.76,2990.0,334.0
AP-0000832,llm,,TX-0022-47741,Lighthouse Solutions LLC,INV-0022-000832,2025-12-29,2026-02-12,PO252041,USD,2158.22,178.05,2336.27,45.0,False,V-0022,E,False,Supplier portal,2025-12-30 05:58:07.177,V-0022,tax_id,PO252041,V-0022,15204.24,USD,0,0,0,0,0,0,0,1,0,,0,High-Risk Vendor,1,Exception review,Claude (LLM),0.4175748537490798,2158.22,2996.0,347.0
AP-0002592,llm,,TX-0090-82710,COPPERFIELD ADVISORS LTD.,INV-0090-002592,2025-12-29,2026-02-12,PO-251733,USD,235820.15,,235820.15,45.0,False,V-0090,B,False,Supplier portal,2025-12-30 06:50:40.658,V-0090,tax_id,PO251733,V-0090,755592.91,USD,0,0,0,0,0,0,0,0,0,,0,,0,Auto-approve,Claude (LLM),0.4492430667321878,235820.15,2992.0,336.0
AP-0004894,llm,,TX-0042-54837,HARBOR SERVICES GROUP,INV-0042-004894,2025-12-27,2026-02-25,PO-250740,USD,5671.58,,5671.58,60.0,False,V-0042,B,False,Supplier portal,2025-12-30 09:00:51.784,V-0042,tax_id,PO250740,V-0042,80471.68,USD,0,0,0,0,0,0,0,0,0,,0,,0,Auto-approve,Claude (LLM),0.3555527685204423,5671.58,3008.0,380.0
AP-0000446,llm,,TX-0011-62098,OAKMONT SOLUTIONS LLC,INV-0011-000446,2025-12-28,2026-01-27,PO-252265,USD,4471.33,,4471.33,30.0,False,V-0011,B,False,Supplier portal,2025-12-30 10:36:20.946,V-0011,tax_id,PO252265,V-0011,94914.43,USD,0,0,0,0,0,0,0,0,0,,0,,0,Auto-approve,Claude (LLM),0.303400118409568,4471.33,3006.0,381.0
AP-0004340,edi,,TX-0019-24934,Redwood Systems LLC,INV-0019-000658,2025-12-27,2026-02-25,PO-250847,CAD,9773.83,488.69,10262.52,60.0,False,V-0019,B,False,EDI,2025-12-30 10:39:25.547,V-0019,tax_id,PO250847,V-0019,4414.6,CAD,0,0,0,0,1,0,0,0,1,,0,Invoice Over PO; Duplicate Invoice,2,Exception review,Claude (LLM),0.6317754014058444,,,
AP-0004583,llm,,TX-0073-32545,PIONEER PARTNERS LTD.,INV-0073-004583,2025-12-28,2026-01-27,PO-251221,USD,49976.1,,49976.1,30.0,False,V-0073,B,False,Supplier portal,2025-12-30 11:34:14.475,V-0073,tax_id,PO251221,V-0073,152907.45,USD,0,0,0,0,0,0,0,0,0,,0,,0,Auto-approve,Claude (LLM),0.3432122294680871,49976.100000000006,2985.0,352.0
AP-0000910,llm,,TX-0090-82710,COPPERFIELD ADVISORS LTD.,INV-0090-000910,2025-12-25,2026-02-08,PO-250970,USD,11717.53,,11717.53,45.0,False,V-0090,B,True,Email,2025-12-30 13:43:07.711,V-0090,tax_id,PO250970,V-0090,33636.72,USD,0,0,0,0,0,0,0,0,0,,0,,0,Auto-approve,Claude (LLM),0.3523073377246068,11717.53,2780.0,320.0
AP-0001604,llm,,TX-0013-11961,COBALT OPERATIONS LLC,INV-0013-001604,2025-12-30,2026-02-13,PO-250656,USD,194484.99,,194484.99,45.0,False,V-0013,B,False,Supplier portal,2025-12-30 15:42:13.053,V-0013,tax_id,PO250656,V-0013,145743.12,USD,0,0,0,0,1,0,1,0,1,,0,Invoice Over PO; Inactive Vendor; Duplicate Invoice,3,Exception review,Claude (LLM),0.7751117949629612,194484.99,2981.0,352.0
AP-0001861,llm,,TX-0106-56495,Oakmont Analytics Inc.,INV-0106-001861,2025-12-25,2026-02-08,PO-252026,USD,12256.74,,12256.74,45.0,False,V-0106,A,False,Supplier portal,2025-12-30 16:38:42.759,V-0106,tax_id,PO252026,V-0106,37696.16,USD,0,0,0,0,0,0,0,0,0,,0,,0,Auto-approve,Claude (LLM),0.35544659965712083,12256.74,3011.0,380.0
AP-0004255,edi,,TX-0080-26211,Juniper Resources Inc.,INV-0080-004255,2025-12-27,2026-01-26,PO-252132,EUR,16864.47,3541.54,20406.01,30.0,False,V-0080,D,False,EDI,2025-12-30 17:07:58.696,V-0080,tax_id,PO252132,V-0080,62219.56,EUR,0,0,0,0,0,0,0,0,0,,0,,0,Auto-approve,Claude (LLM),0.3336891446515898,,,
AP-0003829,edi,,TX-0074-79332,Harbor Analytics Ltd.,INV-0074-003829,2025-12-26,2026-01-25,PO-252029,USD,19031.28,0.0,19031.28,30.0,False,V-0074,C,False,EDI,2025-12-30 17:51:07.475,V-0074,tax_id,PO252029,V-0074,51072.6,USD,0,0,0,0,0,0,0,1,0,,0,High-Risk Vendor,1,Exception review,Claude (LLM),0.43201373073598387,,,
AP-0001962,llm,,TX-0132-11639,Atlas Supply Group,INV-0132-001962,2025-12-30,2026-02-13,PO-252311,USD,457.49,37.74,495.23,45.0,False,V-0132,A,False,Supplier portal,2025-12-30 18:19:01.271,V-0132,tax_id,PO252311,V-0132,8345.32,USD,0,0,0,0,0,1,0,0,0,,0,Payment Terms Mismatch,1,Exception review,Claude (LLM),0.6276750220079024,457.49,2973.0,331.0
AP-0001185,llm,,TX-0128-19285,Harbor Systems LLC,INV-0128-001185,2025-12-30,2026-02-13,PO-251159,USD,1429.25,117.91,1547.16,45.0,False,V-0128,A,False,Email,2025-12-30 18:28:08.815,V-0128,tax_id,PO251159,V-0128,12818.92,USD,0,0,0,0,0,0,0,0,0,,0,,0,Auto-approve,Claude (LLM),0.34118902368338366,1429.25,2981.0,335.0
AP-0003363,llm,,TX-0099-76362,Copperfield Networks Ltd.,INV-0099-003163,2025-12-28,2026-01-12,PO251089,USD,,,34795.82,15.0,False,V-0099,E,True,Email,2025-12-30 20:13:01.874,V-0099,tax_id,PO251089,V-0099,167461.38,USD,0,0,0,0,0,1,0,0,0,,0,Payment Terms Mismatch,1,Exception review,Claude (LLM),0.625867854834854,34795.82,2780.0,276.0
AP-0000423,llm,,TX-0041-11074,Juniper Advisors Ltd.,INV-0041-000423,2025-12-26,2026-02-09,PO251085,USD,33283.54,2745.89,36029.43,45.0,False,V-0041,E,False,Supplier portal,2025-12-30 21:50:46.290,V-0041,tax_id,PO251085,V-0041,177844.01,USD,0,0,0,0,0,0,0,0,0,,0,,0,Auto-approve,Claude (LLM),0.34060837297150964,33283.54,3031.0,384.0
AP-0002348,edi,,TX-0133-30576,Cobalt Partners Group,INV-0133-002348,2025-12-26,2026-02-09,PO-251407,USD,7967.2,0.0,7967.2,45.0,False,V-0133,C,False,EDI,2025-12-30 22:07:14.164,V-0133,tax_id,PO251407,V-0133,133493.97,USD,0,0,0,0,0,0,0,0,0,,0,,0,Auto-approve,Claude (LLM),0.35932076097797794,,,
AP-0002558,llm,,VAT TX-0076-41538,Summit Systems LLC,INV-0076-002558,2025-12-28,2026-02-26,PO-250937,EUR,61207.56,12853.59,74061.15,60.0,False,V-0076,D,False,Supplier portal,2025-12-31 00:25:29.620,V-0076,tax_id,PO250937,V-0076,250290.23,EUR,0,0,0,0,0,0,0,0,0,,0,,0,Auto-approve,Claude (LLM),0.3944848466368125,61207.56,2985.0,371.0
AP-0003118,llm,,TX-0140-96185,"Blue Ridge Operations, Inc.",INV-0140-003118,2025-12-27,2026-01-26,PO-251744,USD,4307.96,,4307.96,30.0,False,V-0140,C,True,Email,2025-12-31 00:35:43.462,V-0140,tax_id,PO251744,V-0140,94972.44,USD,0,0,0,0,0,0,0,0,0,,0,,0,Auto-approve,Claude (LLM),0.30747604276473434,4307.96,2780.0,373.0
AP-0000480,edi,,TX-0093-95568,Clearview Systems Inc.,INV-0093-000480,2025-12-26,2026-01-10,PO-251313,USD,66893.76,5518.74,72412.5,15.0,False,V-0093,B,False,EDI,2025-12-31 02:15:09.423,V-0093,tax_id,PO251313,V-0093,225924.06,USD,0,0,0,0,0,0,0,0,0,,0,,0,Auto-approve,Claude (LLM),0.38693322693702775,,,
AP-0004966,llm,,VAT TX-0102-39905,Blue Ridge Analytics Inc.,INV-0102-004966,2025-12-31,2026-01-15,PO-251857,EUR,3118.65,654.92,3773.57,15.0,False,V-0102,D,True,Email,2025-12-31 03:29:30.548,V-0102,tax_id,PO251857,V-0102,13226.94,EUR,0,0,0,0,0,0,0,0,0,,0,,0,Auto-approve,Claude (LLM),0.3407460510984833,3118.65,2736.0,374.0
AP-0000511,llm,,TX-0118-10046,"Stonebridge Logistics, Ltd.",INV-0118-000511,2025-12-27,2026-01-26,PO-251761,USD,1179.46,97.31,1276.77,30.0,False,V-0118,C,False,Supplier portal,2025-12-31 04:21:54.137,V-0118,tax_id,PO251761,V-0118,14757.45,USD,0,0,0,0,0,0,0,0,0,,0,,0,Auto-approve,Claude (LLM),0.3064715313770946,1179.46,2986.0,375.0
AP-0003470,llm,,TX-0039-91527,Blue Ridge Networks Group,INV-0039-003470,2025-12-27,2026-02-10,PO-251447,USD,445.9,,445.9,45.0,False,V-0039,C,False,Supplier portal,2025-12-31 04:37:42.541,V-0039,tax_id,PO251447,V-0039,10938.45,USD,0,0,0,0,0,0,0,0,0,,0,,0,Auto-approve,Claude (LLM),0.32039017262683556,445.9,2982.0,352.0
AP-0002387,llm,,VAT TX-0003-12255,Cobalt Technologies Group,INV-0003-002387,2025-12-26,2026-01-25,PO-251594,EUR,1684.55,353.76,2038.31,30.0,False,V-0003,D,False,Supplier portal,2025-12-31 05:31:36.221,V-0003,tax_id,PO251594,V-0003,11917.78,EUR,0,0,0,0,0,0,0,0,0,,0,,0,Auto-approve,Claude (LLM),0.34765244249623356,1684.55,2992.0,373.0
AP-0004699,llm,,TX-0011-62098,OAKMONT SOLUTIONS LLC,INV-0011-004106,2025-12-31,2026-01-30,PO-252101,USD,19450.51,,19450.51,30.0,False,V-0011,B,False,Supplier portal,2025-12-31 09:10:51.815,V-0011,tax_id,PO252101,V-0011,70771.29,USD,0,0,0,0,0,0,0,0,1,,0,Duplicate Invoice,1,Exception review,Claude (LLM),0.5903353806680162,19450.51,2988.0,355.0
AP-0002409,llm,,TX-0125-42798,Brightpath Resources Ltd.,INV-0125-002409,2025-12-28,2026-01-27,PO-251984,EUR,8820.61,1852.33,10672.94,30.0,False,V-0125,D,False,Supplier portal,2025-12-31 10:11:04.498,V-0125,tax_id,PO251984,V-0125,62187.46,EUR,0,0,0,0,0,0,0,0,0,,0,,0,Auto-approve,Claude (LLM),0.33736045017160904,8820.61,3002.0,396.0
AP-0001401,llm,,TX-0036-11692,JUNIPER OPERATIONS LTD.,INV-0036-001401,2025-12-27,2026-01-26,PO-250517,USD,5850.29,,5850.29,30.0,False,V-0036,B,True,Email,2025-12-31 13:16:29.905,V-0036,tax_id,PO250517,V-0036,18438.21,USD,0,0,0,0,0,0,0,0,0,,0,,0,Auto-approve,Claude (LLM),0.27181115906828346,5850.29,2780.0,372.0
AP-0001087,llm,,TX-0064-39165,SUMMIT CONSULTING INC.,INV-0064-001087,2025-12-28,2026-01-27,PO-250223,CAD,25384.84,1269.24,26654.08,30.0,False,V-0064,B,False,Supplier portal,2025-12-31 13:57:35.915,V-0064,tax_id,PO250223,V-0064,75705.48,CAD,0,0,0,0,0,0,0,0,0,,0,,0,Auto-approve,Claude (LLM),0.3206518530823356,25384.84,3012.0,378.0
AP-0001984,llm,,TX-0100-21510,Summit Logistics Incorporated,INV-0100-001984,2025-12-30,2026-01-14,PO250497,USD,346.97,,346.97,15.0,False,V-0100,E,False,Supplier portal,2025-12-31 15:22:38.325,V-0100,tax_id,PO250497,V-0100,4657.97,USD,0,0,0,0,0,1,0,0,0,,0,Payment Terms Mismatch,1,Exception review,Claude (LLM),0.5965212499657138,346.97,2997.0,354.0
AP-0000834,edi,,TX-0008-41136,Lighthouse Supply Inc.,INV-0008-000834,2025-12-30,2026-01-29,PO-252317,USD,5136.17,0.0,5136.17,30.0,False,V-0008,E,False,EDI,2025-12-31 17:19:00.014,V-0008,tax_id,PO252317,V-0008,21028.81,USD,0,0,0,0,0,1,0,0,0,,0,Payment Terms Mismatch,1,Exception review,Claude (LLM),0.6238796249168111,,,
AP-0002783,llm,,TX-0001-43105,Evergreen Consulting Group,INV-0001-002783,2025-12-30,2026-01-29,PO-252366,INR,1998.92,359.81,2358.73,30.0,False,V-0001,A,False,Supplier portal,2025-12-31 21:25:12.958,V-0001,tax_id,PO252366,V-0001,11852.48,INR,0,0,0,0,0,0,0,0,0,,0,,0,Auto-approve,Claude (LLM),0.33668252828023487,1998.92,2990.0,337.0
AP-0003322,llm,,TX-0014-36758,Summit Logistics Grp,INV-0014-003322,2025-12-26,2026-01-25,PO252100,USD,5769.65,0.0,5769.65,30.0,False,V-0014,E,True,Email,2025-12-31 22:30:36.752,V-0014,tax_id,PO252100,V-0014,20442.54,USD,0,0,0,0,0,0,0,0,0,,0,,0,Auto-approve,Claude (LLM),0.31086274057077556,5769.65,2780.0,332.0
AP-0001902,llm,,TX-0061-83099,"Copperfield Services, Inc.",INV-0061-001902,2025-12-26,2026-02-24,PO-252301,USD,10969.7,,10969.7,60.0,False,V-0061,C,False,Supplier portal,2025-12-31 23:43:27.417,V-0061,tax_id,PO252301,V-0061,38766.16,USD,0,0,0,0,0,1,0,0,0,,0,Payment Terms Mismatch,1,Exception review,Claude (LLM),0.6290360315589951,10969.7,2959.0,328.0
AP-0004145,llm,,TX-0015-69124,Clearview Digital Inc.,INV-0015-004145,2025-12-27,2026-01-26,PO-252244,USD,31195.37,,31195.37,30.0,False,V-0015,A,False,Email,2025-12-31 23:53:47.186,V-0015,tax_id,PO252244,V-0015,280986.83,USD,0,0,0,0,0,0,0,0,0,,0,,0,Auto-approve,Claude (LLM),0.3199718159086985,31195.369999999995,3015.0,381.0
AP-0004896,llm,,TX-0012-74674,Oakmont Technologies LLC,INV-0012-004896,2025-12-31,2026-01-30,PO-251012,USD,4109.34,,4109.34,30.0,False,V-0012,A,False,Email,2026-01-01 00:01:07.537,V-0012,tax_id,PO251012,V-0012,12200.51,USD,0,0,0,0,0,0,0,0,0,,0,,0,Auto-approve,Claude (LLM),0.3373868013098628,4109.34,2970.0,314.0
AP-0003136,llm,,TX-0009-87210,BLUE RIDGE SUPPLY LLC,INV-0009-003136,2025-12-28,2026-02-11,PO-250933,USD,23962.37,,23962.37,45.0,False,V-0009,B,False,Supplier portal,2026-01-01 00:18:55.385,V-0009,tax_id,PO250933,V-0009,72811.05,USD,0,0,0,0,0,0,0,0,0,,0,,0,Auto-approve,Claude (LLM),0.34423927429979667,23962.37,2969.0,319.0
AP-0000824,llm,,TX-0091-39995,SUMMIT RESOURCES LTD.,INV-0091-000824,2025-12-27,2026-02-25,PO-250582,SGD,975.85,87.83,1063.68,60.0,False,V-0091,B,False,Supplier portal,2026-01-01 01:55:14.780,V-0091,tax_id,PO250582,V-0091,16239.92,SGD,0,0,0,0,0,0,0,0,0,,0,,0,Auto-approve,Claude (LLM),0.3998468815003237,975.85,2989.0,368.0
AP-0004006,llm,,TX-0071-54213,"Summit Services, LLC",INV-0071-004006,2025-12-30,2026-01-29,PO-252074,USD,1390.59,,1390.59,30.0,False,V-0071,C,False,Email,2026-01-01 02:11:44.982,V-0071,tax_id,PO252074,V-0071,31276.39,USD,0,0,0,0,0,0,0,0,0,,0,,0,Auto-approve,Claude (LLM),0.3283765542270791,1390.59,2955.0,326.0
AP-0004376,llm,,TX-0040-49956,Evergreen Digital LLC,INV-0040-004376,2025-12-31,2026-01-30,PO-252064,EUR,14933.15,3135.96,18069.11,30.0,False,V-0040,D,False,Supplier portal,2026-01-01 02:25:00.004,V-0040,tax_id,PO252064,V-0040,193242.69,EUR,0,0,0,0,0,0,0,0,0,,0,,0,Auto-approve,Claude (LLM),0.332769432136972,14933.15,2999.0,397.0
AP-0004120,edi,,TX-0004-83750,Harbor Networks Ltd.,INV-0004-004120,2025-12-28,2026-01-27,PO-251461,USD,3055.11,252.05,3307.16,30.0,False,V-0004,E,False,EDI,2026-01-01 04:54:32.518,V-0004,tax_id,PO251461,V-0004,11761.55,USD,0,0,0,0,0,0,0,0,0,,0,,0,Auto-approve,Claude (LLM),0.345994586560629,,,
AP-0002701,llm,,VAT TX-0037-24439,Redwood Supply LLC,INV-0037-002701,2025-12-29,2026-01-28,PO-252161,EUR,25181.45,5288.11,30469.56,30.0,False,V-0037,D,False,Email,2026-01-01 06:00:57.499,V-0037,tax_id,PO252161,V-0037,144911.1,EUR,0,0,0,0,0,0,0,0,0,,0,,0,Auto-approve,Claude (LLM),0.36340998106918865,25181.45,2964.0,338.0
AP-0002363,llm,,TX-0055-46775,Silverline Analytics Group,INV-0055-002363,2025-12-30,2026-01-29,PO-251359,SGD,16938.13,1524.43,18462.56,30.0,False,V-0055,C,False,Supplier portal,2026-01-01 07:50:13.563,V-0055,tax_id,PO251359,V-0055,16617.75,SGD,0,0,0,0,1,0,0,0,0,,0,Invoice Over PO,1,Exception review,Claude (LLM),0.6547631721469239,16938.13,2963.0,346.0
AP-0002294,llm,,TX-0046-43936,"Beacon Solutions, LLC",INV-0046-002294,2025-12-30,2026-02-28,PO-251026,USD,5077.73,,5077.73,60.0,False,V-0046,C,True,Email,2026-01-01 09:09:01.652,V-0046,tax_id,PO251026,V-0046,15239.95,USD,0,0,0,0,0,0,0,0,1,,0,Duplicate Invoice,1,Exception review,Claude (LLM),0.5770231342524195,5077.73,2780.0,378.0
AP-0002186,llm,,TX-0005-88178,Atlas Resources Inc.,INV-0005-002186,2025-12-27,2026-01-26,PO-251060,USD,43124.91,,43124.91,30.0,False,V-0005,A,False,Supplier portal,2026-01-01 09:18:10.475,V-0005,tax_id,PO251060,V-0005,140803.44,USD,0,0,0,0,0,0,0,0,0,,0,,0,Auto-approve,Claude (LLM),0.33470102169368926,43124.91,2969.0,314.0
AP-0001507,llm,,TX-0073-32545,PIONEER PARTNERS LTD.,INV-0073-001507,2025-12-30,2026-01-29,PO-250617,USD,162521.12,,162521.12,30.0,False,V-0073,B,False,Email,2026-01-01 11:11:55.358,V-0073,tax_id,PO250617,V-0073,513414.94,USD,0,0,0,0,0,0,0,0,0,,0,,0,Auto-approve,Claude (LLM),0.45019426525659756,162521.12,2992.0,357.0
AP-0002818,llm,,TX-0116-23088,"Juniper Supply, LLC",INV-0116-002818,2025-12-28,2026-02-26,PO-251796,USD,4551.87,,4551.87,60.0,False,V-0116,C,False,Supplier portal,2026-01-01 12:55:10.730,V-0116,tax_id,PO251796,V-0116,71829.2,USD,0,0,0,0,0,0,0,0,0,,0,,0,Auto-approve,Claude (LLM),0.3497108408639888,4551.87,2954.0,327.0
AP-0001265,llm,,TX-0015-69124,Clearview Digital Inc.,INV-0015-001265,2025-12-27,2026-01-26,PO-251251,USD,5369.73,,5369.73,30.0,False,V-0015,A,False,Email,2026-01-01 13:46:14.399,V-0015,tax_id,PO251251,V-0015,33374.05,USD,0,0,0,0,0,0,0,0,0,,0,,0,Auto-approve,Claude (LLM),0.31995896751268943,5369.73,2973.0,334.0
AP-0003834,edi,,TX-0107-50949,Silverline Advisors Inc.,INV-0107-003834,2025-12-30,2026-02-28,PO-252050,USD,1505.94,124.24,1630.18,60.0,False,V-0107,C,False,EDI,2026-01-01 14:56:44.974,V-0107,tax_id,PO252050,V-0107,33145.87,USD,0,0,0,0,0,0,0,0,0,,0,,0,Auto-approve,Claude (LLM),0.37743745361245146,,,
AP-0003648,llm,,TX-0088-45873,Atlas Systems Group,INV-0088-003648,2025-12-29,2026-01-28,PO-251892,USD,4910.04,,4910.04,30.0,True,V-0088,A,False,Supplier portal,2026-01-01 15:36:26.548,V-0088,tax_id,PO251892,V-0088,32985.35,USD,0,0,0,0,0,0,0,0,0,,0,,0,Auto-approve,Claude (LLM),0.3276606543888128,4910.04,2969.0,316.0
AP-0002213,llm,,TX-0046-43936,"Beacon Solutions, LLC",INV-0046-002213,2025-12-30,2026-02-28,PO-250420,USD,3161.8,,3161.8,60.0,False,V-0046,C,False,Supplier portal,2026-01-01 17:06:54.799,V-0046,tax_id,PO250420,V-0046,16327.41,USD,0,0,0,0,0,0,0,0,0,,0,,0,Auto-approve,Claude (LLM),0.3407588419608798,3161.8,2951.0,326.0
AP-0001624,llm,,TX-0071-54213,"Summit Services, LLC",INV-0071-001624,2025-12-30,2026-01-29,PO-250979,USD,3937.53,,3937.53,30.0,False,V-0071,C,False,Supplier portal,2026-01-01 18:26:03.326,V-0071,tax_id,PO250979,V-0071,34721.5,USD,0,0,0,0,0,0,0,0,0,,0,,0,Auto-approve,Claude (LLM),0.3258565283410154,3937.53,2977.0,371.0
AP-0004478,llm,,TX-0117-90487,"Atlas Consulting, LLC",INV-0117-004478,2025-12-30,2026-01-29,PO-251423,CAD,7148.35,357.42,7505.77,30.0,False,V-0117,C,True,Email,2026-01-01 22:00:44.177,V-0117,tax_id,PO251423,V-0117,22329.81,CAD,0,0,0,0,0,0,0,0,0,,0,,0,Auto-approve,Claude (LLM),0.30823319325146104,7148.35,2736.0,344.0
AP-0000934,llm,,TX-0042-54837,HARBOR SERVICES GROUP,INV-0042-000934,2025-12-30,2026-01-14,PO-251305,USD,5204.63,,5204.63,15.0,False,V-0042,B,True,Email,2026-01-01 22:39:20.485,V-0042,tax_id,PO251305,V-0042,19067.95,USD,0,0,0,0,0,1,0,0,0,,0,Payment Terms Mismatch,1,Exception review,Claude (LLM),0.6288566873915966,5204.63,2780.0,355.0
AP-0004213,edi,,TX-0018-72351,Evergreen Resources Inc.,INV-0018-004213,2025-12-28,2026-02-26,PO-251209,USD,114556.55,0.0,114556.55,60.0,False,V-0018,B,False,EDI,2026-01-01 22:57:36.031,V-0018,tax_id,PO251209,V-0018,470037.87,USD,0,0,0,0,0,1,0,0,0,,0,Payment Terms Mismatch,1,Exception review,Claude (LLM),0.6883023982453147,,,
AP-0002597,edi,,TX-0099-76362,Copperfield Networks Ltd.,INV-0099-002597,2025-12-28,2026-01-12,PO-251730,USD,1066.85,0.0,1066.85,15.0,False,V-0099,E,False,EDI,2026-01-02 00:43:29.432,V-0099,tax_id,PO251730,V-0099,8839.53,USD,0,0,0,0,0,1,0,0,0,,0,Payment Terms Mismatch,1,Exception review,Claude (LLM),0.6198694436212707,,,
AP-0000938,llm,,TX-0048-57091,"Oakmont Systems, Inc.",INV-0048-000938,2025-12-29,2026-01-13,PO-251988,USD,10980.38,905.88,11886.26,15.0,False,V-0048,C,False,Email,2026-01-02 04:13:51.132,V-0048,tax_id,PO251988,V-0048,196021.28,USD,0,0,0,0,0,0,0,0,0,,0,,0,Auto-approve,Claude (LLM),0.3274412781168359,10980.38,2974.0,350.0
AP-0004353,llm,,TX-0060-58175,"Clearview Solutions, LLC",INV-0060-004353,2025-12-31,2026-01-15,PO-250693,USD,18863.1,,18863.1,15.0,False,V-0060,C,False,Supplier portal,2026-01-02 06:24:21.673,V-0060,tax_id,PO250693,V-0060,54234.9,USD,0,0,0,0,0,0,0,0,0,,0,,0,Auto-approve,Claude (LLM),0.3478494377332455,18863.1,2952.0,327.0
AP-0004370,llm,,TX-0025-19498,OAKMONT SUPPLY GROUP,INV-0025-004370,2025-12-29,2026-02-27,PO-250162,USD,3771.58,311.15,4082.73,60.0,True,V-0025,B,True,Email,2026-01-02 06:41:36.425,V-0025,tax_id,PO250162,V-0025,14782.05,USD,0,0,0,0,0,0,0,0,0,,0,,0,Auto-approve,Claude (LLM),0.34801913808076673,3771.58,2780.0,405.0
AP-0001326,llm,,TX-0015-69124,Clearview Digital Inc.,INV-0015-001326,2025-12-30,2026-01-29,PO-251102,USD,1024.07,,1024.07,30.0,False,V-0015,A,False,Supplier portal,2026-01-02 10:25:44.521,V-0015,tax_id,PO251102,V-0015,9456.63,USD,0,0,0,0,0,0,0,0,0,,0,,0,Auto-approve,Claude (LLM),0.3326987640925134,1024.0700000000002,3003.0,395.0
AP-0002667,llm,,TX-0104-57614,Oakmont Operations Group,INV-0104-002667,2025-12-30,2026-01-14,PO-250056,USD,4285.36,,4285.36,15.0,False,V-0104,C,False,Supplier portal,2026-01-02 11:04:01.433,V-0104,tax_id,PO250056,V-0104,89450.27,USD,0,0,0,0,0,0,0,0,0,,0,,0,Auto-approve,Claude (LLM),0.3380876062460285,4285.36,3010.0,458.0
AP-0004079,llm,,TX-0108-54358,"Summit Supply, Ltd.",INV-0108-004079,2025-12-28,2026-02-26,PO-251668,CAD,5574.45,278.72,5853.17,60.0,False,V-0108,C,False,Email,2026-01-02 12:19:06.962,V-0108,tax_id,PO251668,V-0108,100269.58,CAD,0,0,0,0,0,0,0,0,0,,0,,0,Auto-approve,Claude (LLM),0.3759132841509589,5574.45,2970.0,346.0
AP-0002034,llm,,TX-0009-87210,BLUE RIDGE SUPPLY LLC,INV-0009-002034,2025-12-30,2026-02-13,PO-252126,USD,9434.11,,9434.11,45.0,True,V-0009,B,False,Supplier portal,2026-01-02 13:40:06.150,V-0009,tax_id,PO252126,V-0009,80788.83,USD,0,0,0,0,0,0,0,0,0,,0,,0,Auto-approve,Claude (LLM),0.35322535241605085,9434.11,2992.0,356.0
AP-0001130,edi,,TX-0085-56800,Silverline Analytics Inc.,INV-0085-001130,2025-12-31,2026-01-30,PO-251164,USD,10532.79,0.0,10532.79,30.0,False,V-0085,B,False,EDI,2026-01-02 16:03:02.527,V-0085,tax_id,PO251164,V-0085,59743.53,USD,0,0,0,0,0,0,0,0,0,,0,,0,Auto-approve,Claude (LLM),0.34990807939029783,,,
AP-0004550,llm,,TX-0030-52947,Crescent Networks Incorporated,INV-0030-004550,2025-12-28,2026-02-26,PO251445,USD,19192.55,1583.38,20775.93,60.0,False,V-0030,E,False,Email,2026-01-02 18:43:41.714,V-0030,tax_id,PO251445,V-0030,100363.62,USD,0,0,0,0,0,0,0,0,0,,0,,0,Auto-approve,Claude (LLM),0.33178734360597745,19192.55,3003.0,373.0
AP-0001940,llm,,VAT TX-0003-12255,Cobalt Technologies Group,INV-0003-001940,2025-12-31,2026-01-30,PO-251242,EUR,4725.5,992.35,5717.85,30.0,False,V-0003,D,False,Supplier portal,2026-01-02 19:13:20.188,V-0003,tax_id,PO251242,V-0003,115177.05,EUR,0,0,0,0,0,0,0,0,0,,0,,0,Auto-approve,Claude (LLM),0.337167340826298,4725.5,2966.0,335.0
AP-0003371,llm,,TX-0027-23409,HARBOR DIGITAL LLC,INV-0027-003371,2025-12-28,2026-01-27,PO-251884,USD,3081.93,,3081.93,30.0,False,V-0027,B,False,Email,2026-01-02 19:22:48.141,V-0027,tax_id,PO251884,V-0027,22242.15,USD,0,0,0,0,0,0,1,0,0,,0,Inactive Vendor,1,Exception review,Claude (LLM),0.6342398302547336,3081.93,2989.0,355.0
AP-0004636,llm,,TX-0011-62098,OAKMONT SOLUTIONS LLC,INV-0011-004636,2025-12-30,2026-01-29,PO-252265,USD,25576.82,,25576.82,30.0,False,V-0011,B,False,Supplier portal,2026-01-02 20:04:15.318,V-0011,tax_id,PO252265,V-0011,94914.43,USD,0,0,0,0,0,0,0,0,0,,0,,0,Auto-approve,Claude (LLM),0.314376042718819,25576.82,2987.0,354.0
AP-0002237,llm,,TX-0054-19609,Crescent Logistics LLC,INV-0054-002237,2025-12-31,2026-01-30,PO-252121,USD,6848.15,564.97,7413.12,30.0,False,V-0054,A,False,Supplier portal,2026-01-03 01:22:50.450,V-0054,tax_id,PO252121,V-0054,61968.86,USD,0,0,0,0,0,0,0,0,0,,0,,0,Auto-approve,Claude (LLM),0.3354841162977605,6848.150000000001,3045.0,426.0
AP-0004326,llm,,TX-0140-96185,"Blue Ridge Operations, Inc.",INV-0140-004326,2025-12-31,2026-01-30,PO-251965,USD,22107.52,,22107.52,30.0,False,V-0140,C,False,Supplier portal,2026-01-03 06:32:49.777,V-0140,tax_id,PO251965,V-0140,231229.57,USD,0,0,0,0,0,0,0,0,0,,0,,0,Auto-approve,Claude (LLM),0.3188319807813563,22107.52,2977.0,393.0
AP-0004130,llm,,TX-0114-88629,Beacon Logistics Group,INV-0114-004130,2025-12-31,2026-01-30,PO-250176,USD,32116.59,2649.62,34766.21,30.0,False,V-0114,A,False,Supplier portal,2026-01-03 08:53:14.953,V-0114,tax_id,PO250176,V-0114,180880.39,USD,0,0,0,0,0,0,0,0,0,,0,,0,Auto-approve,Claude (LLM),0.3248073957327338,32116.59,3028.0,401.0
AP-0003639,llm,,TX-0100-21510,Summit Logistics Incorporated,INV-0100-003639,2025-12-31,2026-01-30,PO252133,USD,12385.98,,12385.98,30.0,False,V-0100,E,True,Email,2026-01-03 10:50:47.055,V-0100,tax_id,PO252133,V-0100,145882.53,USD,0,0,0,0,0,0,0,0,0,,0,,0,Auto-approve,Claude (LLM),0.32080338943274617,12385.98,2780.0,380.0
AP-0004415,llm,,TX-0092-15472,Summit Resources Group,INV-0092-004415,2025-12-30,2026-01-14,PO-251873,USD,9400.11,,9400.11,15.0,False,V-0092,A,False,Supplier portal,2026-01-03 10:54:46.979,V-0092,tax_id,PO251873,V-0092,39316.78,USD,0,0,0,0,0,0,0,0,0,,0,,0,Auto-approve,Claude (LLM),0.32572180242832455,9400.11,2986.0,351.0
AP-0003822,llm,,TX-0054-19609,Crescent Logistics LLC,INV-0054-003822,2025-12-29,2026-01-28,PO-250127,USD,1575.02,129.94,1704.96,30.0,False,V-0054,A,False,Supplier portal,2026-01-03 11:58:57.137,V-0054,tax_id,PO250127,V-0054,12164.06,USD,0,0,0,0,0,0,0,0,0,,0,,0,Auto-approve,Claude (LLM),0.34063685666081683,1575.02,3029.0,394.0
AP-0003211,llm,,TX-0054-19609,Crescent Logistics LLC,INV-0054-003211,2025-12-30,2026-01-29,PO-252121,USD,15298.36,1262.11,16560.47,30.0,False,V-0054,A,False,Email,2026-01-03 12:10:39.141,V-0054,tax_id,PO252121,V-0054,61968.86,USD,0,0,0,0,0,0,0,0,0,,0,,0,Auto-approve,Claude (LLM),0.346224508458443,15298.36,3027.0,401.0
AP-0004957,llm,,TX-0047-37316,Stonebridge Advisors Group,INV-0047-004957,2025-12-31,2026-01-30,PO-252344,EUR,11153.36,2342.2,13495.56,30.0,False,V-0047,D,False,Supplier portal,2026-01-03 14:54:37.263,V-0047,tax_id,PO252344,V-0047,9652.86,EUR,0,0,0,0,1,0,0,0,0,,0,Invoice Over PO,1,Exception review,Claude (LLM),0.6361556925166189,11153.36,3020.0,400.0
AP-0000608,llm,,VAT TX-0087-76038,Atlas Digital Ltd.,INV-0087-000608,2025-12-30,2026-02-28,PO-250525,EUR,16246.78,3411.82,19658.6,60.0,False,V-0087,D,True,Email,2026-01-03 16:14:24.155,V-0087,tax_id,PO250525,V-0087,56958.3,EUR,0,0,0,0,0,0,0,0,0,,0,,0,Auto-approve,Claude (LLM),0.37166761764956424,16246.78,2780.0,337.0
AP-0001682,llm,,TX-0095-51083,Crescent Supply Ltd.,INV-0095-001682,2025-12-30,2026-01-29,PO-251294,USD,9906.68,,9906.68,30.0,False,V-0095,A,False,Supplier portal,2026-01-03 20:14:52.880,V-0095,tax_id,PO251294,V-0095,44886.45,USD,0,0,0,0,0,0,0,0,0,,0,,0,Auto-approve,Claude (LLM),0.3445707073744014,9906.68,3016.0,381.0
AP-0004205,llm,,TX-0042-54837,HARBOR SERVICES GROUP,INV-0042-004205,2025-12-30,2026-02-28,PO-251206,USD,31844.15,,31844.15,60.0,False,V-0042,B,False,Supplier portal,2026-01-04 00:47:53.137,V-0042,tax_id,PO251206,V-0042,122546.83,USD,0,0,0,0,0,0,0,0,0,,0,,0,Auto-approve,Claude (LLM),0.3504930039627185,31844.15,2986.0,331.0
AP-0000538,llm,,TX-0053-42836,Oakmont Supply Group,INV-0053-000538,2025-12-31,2026-01-30,PO-251041,SGD,61112.27,5500.1,66612.37,30.0,False,V-0053,C,False,Email,2026-01-04 02:21:15.561,V-0053,tax_id,PO251041,V-0053,305074.81,SGD,0,0,0,0,0,0,0,0,0,,0,,0,Auto-approve,Claude (LLM),0.36836641594157,61112.27,3010.0,398.0
AP-0003023,llm,,TX-0071-54213,"Summit Services, LLC",INV-0071-003023,2025-12-31,2026-01-30,PO-250666,USD,2751.48,,2751.48,30.0,False,V-0071,C,True,Email,2026-01-04 02:35:09.147,V-0071,tax_id,PO250666,V-0071,47259.78,USD,0,0,0,0,0,0,0,0,0,,0,,0,Auto-approve,Claude (LLM),0.2967362773172803,2751.48,2780.0,407.0
AP-0004244,llm,,TX-0095-51083,Crescent Supply Ltd.,INV-0095-004244,2025-12-30,2026-01-29,PO-250011,USD,3295.25,,3295.25,30.0,False,V-0095,A,True,Email,2026-01-04 06:39:58.830,V-0095,tax_id,PO250011,V-0095,18742.58,USD,0,0,0,0,0,0,0,0,0,,0,,0,Auto-approve,Claude (LLM),0.310840582750098,3295.25,2780.0,317.0
AP-0002033,llm,,TX-0090-82710,COPPERFIELD ADVISORS LTD.,INV-0090-002033,2025-12-30,2026-02-28,PO-250348,USD,4953.17,,4953.17,60.0,False,V-0090,B,False,Supplier portal,2026-01-04 14:17:33.627,V-0090,tax_id,PO250348,V-0090,30585.72,USD,0,0,0,0,0,1,0,0,0,,0,Payment Terms Mismatch,1,Exception review,Claude (LLM),0.6428278282515691,4953.17,2994.0,357.0
AP-0003949,llm,,TX-0017-46110,Cobalt Analytics Group,INV-0017-003949,2025-12-31,2026-02-14,PO-251799,GBP,6005.26,1201.05,7206.31,45.0,False,V-0017,C,False,Email,2026-01-05 02:19:27.877,V-0017,tax_id,PO251799,V-0017,19995.6,GBP,0,0,0,0,0,0,0,1,0,,0,High-Risk Vendor,1,Exception review,Claude (LLM),0.47900713956208735,6005.26,2969.0,348.0
AP-0003881,llm,,TX-0121-33255,Cobalt Systems Incorporated,INV-0121-003881,2025-12-31,2026-03-01,PO251869,USD,7719.23,,7719.23,60.0,False,V-0121,E,False,Supplier portal,2026-01-05 09:22:58.468,V-0121,tax_id,PO251869,V-0121,33644.76,USD,0,0,0,0,0,0,1,1,0,,0,Inactive Vendor; High-Risk Vendor,2,Exception review,Claude (LLM),0.6792938018709826,7719.23,2994.0,371.0
AP-0004283,llm,,TX-0067-45894,BEACON OPERATIONS LTD.,INV-0067-004283,2025-12-31,2026-01-30,PO-251203,USD,4911.35,,4911.35,30.0,False,V-0067,B,False,Email,2026-01-05 11:02:09.863,V-0067,tax_id,PO251203,V-0067,24583.37,USD,0,0,0,0,0,0,0,0,0,,0,,0,Auto-approve,Claude (LLM),0.32321162363819583,4911.35,2990.0,355.0
